username,text,timestamp,url,keyword,scraped_at
didiariani,"Warga threads..Knp hari ini IHSG terjun bebas merah merona membara, ada kejadian apa ya?kira2 hold ANTM posisi -7% atau biarin aja ya?mohon pencerahannya",2026-04-30T05:18:55.000Z,https://www.threads.com/@didiariani/post/DXvmqeHFCf_,IHSG,2026-05-05T11:28:34.866435
wahyutaufik_,Ayolah IHSG segerakan 6900 nya,2026-04-29T02:06:15.000Z,https://www.threads.com/@wahyutaufik_/post/DXsr0fiGj-M,IHSG,2026-05-05T11:28:35.225482
nekerway,"Yang jadi pertanyaan. Ada apakah ini ?
Apakah Indonesia bener2 mau dibuang ke frontier market ?
Outflow asing sudah lebih dalem lagi dari outflow pas crash Covid dulu.",2026-04-23T06:58:53.000Z,https://www.threads.com/@nekerway/post/DXdwigtgcSg,IHSG,2026-05-05T11:28:35.393672
alyasorayaa,"kalau punya cash , bsk baiknya ambil PTRO apa HRTA?",2026-04-26T15:11:29.000Z,https://www.threads.com/@alyasorayaa/post/DXmXTGsj6v0,IHSG,2026-05-05T11:28:35.589473
agungwijaya.66,"JIKA kejadian IHSG turun dan nutup gap di 6000.
Saham apa yang akan kalian buy dan yakin bgt?
Kasih reasonnya ya…",2026-04-26T04:04:18.000Z,https://www.threads.com/@agungwijaya.66/post/DXlK8cpE2Jq,IHSG,2026-05-05T11:28:35.804270
susanasrihandayani,"Asing banyak exit
Karena rupiah melemah
Tapi percayalah mereka akan balik lagi karena trading di IHSG masih gurih😀
susanasrihandayani",2026-04-25T02:36:58.000Z,https://www.threads.com/@susanasrihandayani/post/DXicJ-bid3u,IHSG,2026-05-05T11:28:35.963905
liannichh,Fixx senin udah jelas nanti IHSG Hijauu.yang beli sektor oil sabar yaa besok kalau porto merahh wkwk,2026-04-18T06:20:10.000Z,https://www.threads.com/@liannichh/post/DXQ0Ip9GKG6,IHSG,2026-05-05T11:28:36.168697
seroksaham,"klo bsok lanjut merah jgn lupa tadangin pasang bid buva di 900 , bumi di 200 🤭",2026-04-25T10:52:30.000Z,https://www.threads.com/@seroksaham/post/DXjU3XqEouV,IHSG,2026-05-05T11:28:36.326940
flonoviadinda,"Rada menyesal karena di tahun 2022-2023 potensi gainnya hampir 100%, tapi karena tujuannya jangka panjang, yaudah kubiarin aja. Lah makin ke sini kok makin minus. Mana sentimen marketnya lagi jelek. Yaudah lah. Mending loss dikit daripada makin nyesek.
Keputusan besar in this economy adalah jual semua aset sahamku. Udah ga tahan liat minusnya yg sampe 30% dan ga ada harapan lagi buat kembali hijau dalam waktu dekat 🥲 Dollar aja udah nembus Rp 17.100.",2026-04-07T13:51:30.000Z,https://www.threads.com/@flonoviadinda/post/DW1TCrfgfbq,IHSG,2026-05-05T11:28:36.519333
susanasrihandayani,"Teryata setelah di amati IHSG itu ada siklusnya tiap tahun misalnya :
2022 komodity
2023 konsumer dan property
2024 Gold dan perbankan
2025 konglo
susanasrihandayani",2026-04-08T01:56:47.000Z,https://www.threads.com/@susanasrihandayani/post/DW2mCvJCahW,IHSG,2026-05-05T11:28:36.807210
putrynoviana,"Setelah istirahat jam makan siang, bagaimana prediksi IHSG?",2026-04-27T05:24:24.000Z,https://www.threads.com/@putrynoviana/post/DXn46A5k2E7,IHSG,2026-05-05T11:28:36.978856
shafeeyeah,Kenapa ya BEI ini ikutan libur pas kita libur? IHSG jd bursa yang paling banyak libur di dunia deh kayanya,2026-04-30T23:20:04.000Z,https://www.threads.com/@shafeeyeah/post/DXxiZHpE3Yg,IHSG,2026-05-05T11:28:37.394939
nadiaopin,Apakah sdh siap guys menghadapi IHSG Senin 6 April? Mau sedalam apalagi portoku 🙈🙈🙈,2026-04-04T03:06:53.000Z,https://www.threads.com/@nadiaopin/post/DWsa4uBj-Kk,IHSG,2026-05-05T11:28:37.634012
fdnzl24,Lebih serem IHSG tahun lalu apa tahun ini geys? wkwk,2026-02-02T07:57:35.000Z,https://www.threads.com/@fdnzl24/post/DUP3qcfkaNe,IHSG,2026-05-05T11:28:37.791690
suluah.id,"Pasar saham lagi nggak ramah: IHSG turun dari >9.000 ke bawah 7.000, rupiah melemah ke Rp17.300/USD. Banyak yang panik. Padahal, kondisi seperti ini bukan hal baru dalam siklus ekonomi.",2026-04-25T11:10:16.000Z,https://www.threads.com/@suluah.id/post/DXjW5gIkvks,IHSG,2026-05-05T11:28:38.022754
annisakss_,"KETINGGALAN INFO
Ini IHSG terguncang karena apa guysss ko merah semua?:))))",2026-04-24T03:49:44.000Z,https://www.threads.com/@annisakss_/post/DXf_sBZFDtR,IHSG,2026-05-05T11:28:38.272991
gugusharin,"Ada analis yg bilang kalau pertengahan bulan Mei bahkan IHSG bisa menyentuh 6.500, kalau saya lumayan percaya ya. Kalian gmna?",2026-04-24T08:04:38.000Z,https://www.threads.com/@gugusharin/post/DXgc2_MAb_c,IHSG,2026-05-05T11:28:38.424225
yo_sannn,"Sepuhh, Info besok Senin pagi market apakah semua masih akan hijau puh ?",2026-04-12T11:52:22.000Z,https://www.threads.com/@yo_sannn/post/DXB9Ye9AdzZ,IHSG,2026-05-05T11:28:38.606644
izzatikusumawardani,"IHSG = Ini Hari Sedang Gelap 😭😭😭😭😭ya Allah lindungi BBCA .. ya Allah lindungi BBRI
izzatikusumawardani",2026-04-27T08:54:36.000Z,https://www.threads.com/@izzatikusumawardani/post/DXoQ9miAQYX,IHSG,2026-05-05T11:28:38.769244
dhiahft,"Ihsg anjlok
Apakah investasi di konoha ini sudah ga worth it?",2026-04-30T03:08:25.000Z,https://www.threads.com/@dhiahft/post/DXvXutdmcwW,IHSG,2026-05-05T11:28:38.914489
putra_tamura,"Sentimen apa yg membuat demikiannya?
IHSG tiba2 meroket...",2026-04-08T04:14:20.000Z,https://www.threads.com/@putra_tamura/post/DW21yMHGl6I,IHSG,2026-05-05T11:28:39.109201
linda.clarisa255,"ihsg anjlok jgn pada cutloss knp, time to buy hrsnya
linda.clarisa255",2026-04-30T07:19:49.000Z,https://www.threads.com/@linda.clarisa255/post/DXv0f9fEXoD,IHSG,2026-05-05T11:28:39.270409
gabriellaclau_,manifesting IHSG 8000 di April ini🔥,2026-04-16T02:49:53.000Z,https://www.threads.com/@gabriellaclau_/post/DXLSevbCSSk,IHSG,2026-05-05T11:28:39.423644
alifahnst,Gilak IHSG ambruk dan rupiah menyentuh 17.300. Ada gila-gilanya gue liat presiden dan wapres gak ada keliatan panik ☺️,2026-04-24T09:16:55.000Z,https://www.threads.com/@alifahnst/post/DXglId6E6s5,IHSG,2026-05-05T11:28:39.648075
fahrurozidani,Kenapa ketika saham Pak PP realy IHSG langsung ijo Royo Royo apakah saham pak PP penopang IHSG ? 😆,2026-04-13T12:58:24.000Z,https://www.threads.com/@fahrurozidani/post/DXEpu8Jk4Q4,IHSG,2026-05-05T11:28:39.875315
atlitsaham,"IHSG merah lgi kah.
Pasar us merah.. brent merah..",2026-04-30T01:14:29.000Z,https://www.threads.com/@atlitsaham/post/DXvKsO5E1iS,IHSG,2026-05-05T11:28:40.029135
buildportosaham,"Kasih hiburan meme ihsg hari ini dong, biar kita ga gila sendirian..",2026-01-28T05:29:36.000Z,https://www.threads.com/@buildportosaham/post/DUCuwQNEWMB,IHSG,2026-05-05T11:28:40.187811
maavezi,Rupiah All time high 😮‍💨,2026-04-30T05:41:15.000Z,https://www.threads.com/@maavezi/post/DXvpOHbiWn0,IHSG,2026-05-05T11:28:40.333999
im.ddewa,"Kayaknya MSCI kezell
Udh di HSC bukanya rungkad biar bisa beli harga bawah/murah mereka
Malah IHSG rebound naik 🤣",2026-04-21T01:36:04.000Z,https://www.threads.com/@im.ddewa/post/DXYCAfEAcBo,IHSG,2026-05-05T11:28:40.534146
fuzz703,"Krisis2 sebelumnya gue yakin pada akhirnya IHSG akan naik lg krn waktu itu masalah inkompetensi pejabat cukup minor. Jd secara struktural masih bisa diperbaiki. Kalo skrg …
Kalian yg udh lama di dunia saham, masih yakin IHSG akan membaik ga? Kenapa?",2026-03-09T12:59:53.000Z,https://www.threads.com/@fuzz703/post/DVqiFL8mRO8,IHSG,2026-05-05T11:28:48.466169
happytrader.co,Kalau bukan karena BREN DSSA BBRI hari ini IHSG hijau pekat sih 🤣,2026-04-21T04:07:06.000Z,https://www.threads.com/@happytrader.co/post/DXYTSrUlIRy,IHSG,2026-05-05T11:28:48.638567
bayumingga,Ingat kejadian RCLO suspend ke 2 dimana IHSG anjlok Yap ini kejadian saat WBSA suspend ke 2 😆😆,2026-04-24T08:21:52.000Z,https://www.threads.com/@bayumingga/post/DXge1NkEmyf,IHSG,2026-05-05T11:28:48.795111
raymondiriantho,"Kok rasa-rasanya begitu ya 🫢
Menurut kalian, apakah April 2026 akan menjadi bottom IHSG?",2026-04-10T08:16:47.000Z,https://www.threads.com/@raymondiriantho/post/DW8bHuFE33R,IHSG,2026-05-05T11:28:48.932153
happytrader.co,"Apakah apakah apakah 😉
Apakah saham yang lain sudah bottom ?
Apakah ini saatnya ?
Kalau penurunan IHSG dikarenakan BBRI BREN DSSA",2026-04-21T03:16:38.000Z,https://www.threads.com/@happytrader.co/post/DXYNhDaGESM,IHSG,2026-05-05T11:28:49.099216
silviaquratul,"View aku yak, IHSG sebenernya dari kemarin cukup oke. Cuma keseret merah karna saham2 yang big cap turun banyak.",2026-04-22T01:57:16.000Z,https://www.threads.com/@silviaquratul/post/DXapOh3k9iN,IHSG,2026-05-05T11:28:49.221187
bayumingga,"GZCO gacor,,,, IHSG merah apantu, nyawit dong... Tradeplan nya udah kemarin ya. INAI ga dikasih masuk 190, langsung 196 td 🤣🤣",2026-04-21T03:23:24.000Z,https://www.threads.com/@bayumingga/post/DXYOShxEh3m,IHSG,2026-05-05T11:28:49.347717
happytrader.co,"Kalau sampai IHSG turun ke Frontier Market saya mau CL semua saham terus dagang cilok aja didepan SD,
Kalau kalian mau ngapain ?",2026-04-01T11:50:07.000Z,https://www.threads.com/@happytrader.co/post/DWloYT2lLsM,IHSG,2026-05-05T11:28:49.602392
tyasinaga20,"Dari hanasui ke makeover
Gais ceritain kondisi ekonomi kalian tanpa harus menjelaskan keadaan sebenarnya
Aku duluan ya.",2026-05-01T09:16:39.000Z,https://www.threads.com/@tyasinaga20/post/DXymqjDASAB,IHSG,2026-05-05T11:28:49.754082
helenaquinnzz,"Gila sih ini ekonomi parah banget, kurs dollar udh 17.300, IHSG turun ke 7rban.. harga semua naik dan ngerasa kok pemerintah spt diam aja... Apa gw doang yg merasa begini ya??",2026-04-24T05:28:19.000Z,https://www.threads.com/@helenaquinnzz/post/DXgK-C1E-F-,IHSG,2026-05-05T11:28:50.088188
happytrader.co,"HIDUP RITEEEEEEEL 🤣🤣
Walaupun merah tapi ritel pesta wkwk
IHSG merah karena DSSA & BREN,",2026-04-21T02:45:51.000Z,https://www.threads.com/@happytrader.co/post/DXYJ_eVmH-T,IHSG,2026-05-05T11:28:54.294260
hamzaini5604,Senyum merekah merona Holder saham BRMS.,2025-10-29T11:04:40.000Z,https://www.threads.com/@hamzaini5604/post/DQZAwxYj9iT,IHSG,2026-05-05T11:28:54.440770
bangabangabnah,Guyss ihsg kira2 bagaimana bisa ga balik ke 6900an lagi? Atau mentok2 di berapa sih?,2026-04-15T12:55:46.000Z,https://www.threads.com/@bangabangabnah/post/DXJzBbCmYLZ,IHSG,2026-05-05T11:28:54.574370
happytrader.co,"Semangat buat hari ini, stay strong 💪
Clue kemaren dipake semua ya,
Yang dipake dulu yang kedua, TP TP dulu .
habis itu baru yang pertama.
Pagi ritel IHSG,
Prediksi IHSG hari ini pagi gap down(merah),
Siang recovery (hijau pekat)",2026-04-19T22:55:06.000Z,https://www.threads.com/@happytrader.co/post/DXVKyjJE2D9,IHSG,2026-05-05T11:28:54.751452
danangdm_,senin besok menurut kalian IHSG akan ke arah mana ?,2026-04-26T07:37:29.000Z,https://www.threads.com/@danangdm_/post/DXljV5jD6q4,IHSG,2026-05-05T11:28:54.890039
firnandositanggang,"Pagi ini dapat rejeki nomplok 🤣
firnandositanggang",2026-04-21T02:08:13.000Z,https://www.threads.com/@firnandositanggang/post/DXYFr68CQrp,IHSG,2026-05-05T11:28:55.054235
happytrader.co,Langsung pada ngac*ng semua 🚀🚀🚀,2026-04-07T03:27:12.000Z,https://www.threads.com/@happytrader.co/post/DW0LmKUmEcU,IHSG,2026-05-05T11:28:55.237305
adiyatnaagung,Saham di IHSG hancur ginih waktunya pesta saham boy thohir dan dan hari tanoe,2026-04-05T09:34:15.000Z,https://www.threads.com/@adiyatnaagung/post/DWvsAznE8X7,IHSG,2026-05-05T11:28:55.448500
jurnaltrader.id,"Besok IHSG testing 7,188.
Kalau tembus langsung menuju 6,954.
Dicatat ya Bestie.
Senin ujian nasional.",2026-04-23T09:53:25.000Z,https://www.threads.com/@jurnaltrader.id/post/DXeEg76ksmH,IHSG,2026-05-05T11:28:55.655865
happytrader.co,"Apa yang akan terjadi dengan IHSG ? 🧐
Dag Dig Dug seeeer 🤯
Nanti malem Trump,
Besok pagi FTSE ...",2026-04-07T10:23:34.000Z,https://www.threads.com/@happytrader.co/post/DW07PtzFFhB,IHSG,2026-05-05T11:28:55.851151
handierawan,"Kalau IHSG bertahan di range 6900-7000 hingga mei, maka ini adalah last dance IHSG ke 9800-10.000",2026-04-08T13:12:30.000Z,https://www.threads.com/@handierawan/post/DW3zX3fE44b,IHSG,2026-05-05T11:28:56.129968
sarisaokta,"Ihsg anjlok jadi baiknya nabung dimana ini? 😭
Atau beralih ke saham AS aja ya? Tp blm pernah beli saham AS , please warga threads kasih paham dong saham AS apa yg bs hold untuk jangka panjang",2026-05-01T08:43:30.000Z,https://www.threads.com/@sarisaokta/post/DXyi3vvjyWL,IHSG,2026-05-05T11:28:56.352057
calon_milyarder97,"Apakah disini ada yang masuk bursa saham ihsg era covid 2019-2020? Kalau ada coba sharing dong sekarang masih bertahan apa sudah gugur.
calon_milyarder97",2026-04-27T14:14:57.000Z,https://www.threads.com/@calon_milyarder97/post/DXo1n9WEtiW,IHSG,2026-05-05T11:28:56.516926
bapakpunyacerita,"Besok IHSG mau dibawa ke mana?
H2C alias HARAP-HARAP CEMAS.
bapakpunyacerita",2026-04-26T11:21:47.000Z,https://www.threads.com/@bapakpunyacerita/post/DXl9AwiH9PO,IHSG,2026-05-05T11:28:56.653366
bqmira19,"Kalo konten saham udah mulai rame lagi d thread, artinya ihsg mulai rebound🤣🤣🤣",2026-04-14T05:53:36.000Z,https://www.threads.com/@bqmira19/post/DXGd6lMEYNa,IHSG,2026-05-05T11:28:56.783885
indahade,"Kali ini gk kecele, menunggu 2jam lg market dibuka. Morning semua, ☕️ yukkk
Gmn IHSG hari ini? Apa lanjut naik? Kmrn sempat TP yg bisa di jual, jd ada pegangan cash utk jaga2 kl dibawa turun lagi. Lumayan FL sudah berkurang jd 5,66%. Yg masih prihatin bbri 👀. Gpplah menunggu uang duka buat nambah lot & avg down",2026-04-09T01:11:32.000Z,https://www.threads.com/@indahade/post/DW5FqSbkx-p,IHSG,2026-05-05T11:28:56.960949
unrenhub,"Isue IHSG jebol lagi besok senin karena iran dan US tidak sepakat? Nah itulah kenapa kemarin saya bilang cutloss 1/4 atau 1/2 dulu kalau nyangkut. Kalau ada cash, mau jebol lebih dalam, ya ga masalah karena kamu pegang uang cash.",2026-04-12T11:26:39.000Z,https://www.threads.com/@unrenhub/post/DXB6cIFkbj0,IHSG,2026-05-05T11:28:57.134086
happytrader.co,"Sebenernya hari ini sudah keliatan...
YTTA 😜
Besok ada review FTSE...
Klo review nya positif, IHSG meroket 🚀
Klo review nya negatif, IHSG ancur 🤯",2026-04-06T05:36:57.000Z,https://www.threads.com/@happytrader.co/post/DWx1ph_FH4Z,IHSG,2026-05-05T11:28:57.290610
_smoment,Pliss besok jangan rusak IHSG sama news aneh😡😡,2026-04-14T10:51:58.000Z,https://www.threads.com/@_smoment/post/DXHAD41k3A2,IHSG,2026-05-05T11:28:57.435198
mr.gincall,"List saham bukan investing tapi swing atau day trade saja. IHSG masi kurang oke untuk swing mid term
List Saham minggu depan
- ICON
- KAQI
- PSKT
- ASHA
- COAL",2026-05-01T03:52:44.000Z,https://www.threads.com/@mr.gincall/post/DXyBmGVEc9m,IHSG,2026-05-05T11:28:57.564313
happytrader.co,"Buru meninggoy aja deh botuna sialan pfft
Baru kali ini ada satu orang sakit,
Satu dunia seneng wkwk",2026-04-05T14:31:20.000Z,https://www.threads.com/@happytrader.co/post/DWwOAsJlED_,IHSG,2026-05-05T11:29:01.381657
bang.mentari,"IHSG lagi seger banget naik sampe 4 persenan gara-gara sentimen global. Lumayanlah buat yang punya portofolio saham, bisa senyum dikit hari ini. Ekonomi pelan-pelan stabil semoga dampaknya berasa sampe ke kita yang rakyat biasa.",2026-04-09T02:42:13.000Z,https://www.threads.com/@bang.mentari/post/DW5QA0ZE-v0,IHSG,2026-05-05T11:29:01.514173
farahanans,hari ini crash lagi yak IHSG + rupiah juga makin nyungsep😭,2026-04-24T03:54:05.000Z,https://www.threads.com/@farahanans/post/DXgAL8Pkph_,IHSG,2026-05-05T11:29:01.656089
mang.amsi,IHSG TURUN SEJAK AWAL TAHUN… TAPI YANG PALING TURUN SEBENARNYA BUKAN ANGKANYA,2026-04-02T11:06:40.000Z,https://www.threads.com/@mang.amsi/post/DWoINCskZqt,IHSG,2026-05-05T11:29:01.796179
sphireeee,kangen era market bullish. cape bgt IHSG merah terus😭,2026-04-07T04:23:57.000Z,https://www.threads.com/@sphireeee/post/DW0SF1dj5LN,IHSG,2026-05-05T11:29:02.104220
dankristopher_,"IHSG +0.5% cmn 5 menit doang, langsung berbalik arah",2026-04-28T02:12:53.000Z,https://www.threads.com/@dankristopher_/post/DXqHyJgn11Z,IHSG,2026-05-05T11:29:02.249139
susandjie,"Ya Tuhan, doaku simple, plis IHSG naik dan sahamku hijau semua🍀🙏🏻",2026-04-08T05:07:01.000Z,https://www.threads.com/@susandjie/post/DW270JDGtvO,IHSG,2026-05-05T11:29:02.591528
seroksaham,gelo ihsg bisa jebol 7200 ini gap brikutnya 7000,2026-04-24T03:22:56.000Z,https://www.threads.com/@seroksaham/post/DXf8nzIky-5,IHSG,2026-05-05T11:29:02.708974
salim_dinata,"Nasib WNI
Tapi kata pemimpin kita ""Indonesia Terang"" yg bilang Indonesia Gelap disuru kabur dulu aja
Rupiah melemah sampai hampir 17.400
IHSG jeblok di bawah 7.000",2026-04-30T04:16:53.000Z,https://www.threads.com/@salim_dinata/post/DXvfkLDkfVo,IHSG,2026-05-05T11:29:02.868023
mang.amsi,IHSG NAIK HARI INI… TAPI YANG SUDAH TERLANJUR JUAL BAGAIMANA?,2026-04-08T11:08:27.000Z,https://www.threads.com/@mang.amsi/post/DW3lLR9ESLv,IHSG,2026-05-05T11:29:03.000069
gabriellaclau_,IHSG comeback stronger yuk🙏🏻,2026-04-14T02:00:25.000Z,https://www.threads.com/@gabriellaclau_/post/DXGDOlvibDD,IHSG,2026-05-05T11:29:03.123924
crisliung,"Kalo IHSG benar di downgrade ke frontier market, siapa yang paling marah? Jelas Pak Prabowo.",2026-04-03T04:38:22.000Z,https://www.threads.com/@crisliung/post/DWqAj2lEdIh,IHSG,2026-05-05T11:29:03.275192
esmeraldaa_a,"Jujur udah di fase lelah lihat IHSG. Di obok2 mulu gess. Hari ini hijau besok merah, repeat.
Udah kayak saham gorengan aja 😭",2026-04-07T09:27:47.000Z,https://www.threads.com/@esmeraldaa_a/post/DW003IEGnOO,IHSG,2026-05-05T11:29:03.413726
arirarii,"Dan satu hal yang pasti indonesia ga bakal masuk ke frontier dan tetap di emerging market. Optimis IHSG 10.000 🚀
Hal ini juga menandakan bahwa posisi ihsg sudah bottom dan sedang mencari titik rebound.
Banyak yang mengira ihsg bakal trading halt. Ternyata tidak seburuk itu.",2026-04-06T05:04:08.000Z,https://www.threads.com/@arirarii/post/DWxx5QYEyVU,IHSG,2026-05-05T11:29:03.581806
andriandavinta_,"Jadi apa sih Volume Profile?
Baca sampai habis biar kamu ngerti dan ga ketinggalan rally seperti BNBR lagi ⬇️
Jawabannya ada di Volume Profile dan ini salah satu tool paling powerful yang jarang dipakai investor ritel IHSG 😄.
BNBR sempat sideways lama di range 100-120, terus tiba-tiba tembus dan langsung naik ke 200 dalam beberapa hari.",2026-04-20T01:00:29.000Z,https://www.threads.com/@andriandavinta_/post/DXVZI8HjWW_,IHSG,2026-05-05T11:29:03.785380
meng_kim12,"Tidak tahulah ya apa yg akan terjd nanti. Semoga semua baik2 saja...yg jelas IHSG makin nyungsep 👎👎
Kemungkinan besar tgl 4 Mei 2026 dollar jadi 17.400 - 17.500
Solarpun mulai antri panjang.",2026-04-30T06:20:25.000Z,https://www.threads.com/@meng_kim12/post/DXvts-ZEqU9,IHSG,2026-05-05T11:29:03.930499
isminhaf,"IHSG break 7.300, menuju 7.000 sih ini🙂🤙🏻",2026-04-24T04:37:10.000Z,https://www.threads.com/@isminhaf/post/DXgFHgzE0_5,IHSG,2026-05-05T11:29:04.094549
jonathanewaldo,Menunggu investor or ahli saham baru yang akan muncul ketika ihsg lagi ijo gini💆🏻‍♂️,2026-04-15T02:08:44.000Z,https://www.threads.com/@jonathanewaldo/post/DXIo-YEkrDe,IHSG,2026-05-05T11:29:04.219158
kurniawan_anas,"Kalau lu ngalamin fase ini,
apa pelajaran paling mahal yang lu dapet?
Waktu IHSG di 9000 semua orang pede
Pas turun ke 6900, baru keliatan siapa yang kuat",2026-04-11T12:56:20.000Z,https://www.threads.com/@kurniawan_anas/post/DW_f6Crkx7E,IHSG,2026-05-05T11:29:04.380690
dtpratiw,"Abis mimpi buruk, IHSG anjlok sampe 2000",2026-04-30T20:55:21.000Z,https://www.threads.com/@dtpratiw/post/DXxR1JZggWC,IHSG,2026-05-05T11:29:08.172324
mutiaralistyabudi,"Sakit pala woy liat IHSG 😭😭😭😭
mutiaralistyabudi",2026-04-25T00:24:42.000Z,https://www.threads.com/@mutiaralistyabudi/post/DXiNBRpk_3x,IHSG,2026-05-05T11:29:08.315971
si_penggembira,"Ada yang mau nambahin?
Top 4 film terhoror minggu ini :
1. BBCA 5850
1. BBRI 2990
3. IHSG < 7000
4. Rupiah 17.350.",2026-04-30T11:08:43.000Z,https://www.threads.com/@si_penggembira/post/DXwOskyiWHA,IHSG,2026-05-05T11:29:08.481756
booktopia_id,"Kalo IHSG turun lagi, kalian mau nyerok emiten apa?",2026-02-15T01:11:58.000Z,https://www.threads.com/@booktopia_id/post/DUwnlFcAfp0,IHSG,2026-05-05T11:29:08.626598
tania.yunitaa,"IHSG bakal ke 6.800 an dan mungkin bakal mulai rebound di bulan mei
Semoga saya salah😭",2026-03-12T10:27:06.000Z,https://www.threads.com/@tania.yunitaa/post/DVx--zZkwRK,IHSG,2026-05-05T11:29:08.753237
nabhi.marhaen,"Udah gak paham lagi....
Sementara itu,
BGN beli 25.000 sepeda listrik senilai 49 juta per motor, atau 1,22 T in total.
- kurs rupiah: 17.070 per dollar
- IHSG minus 24% selama Q1
- harga barang udah mulai pada naik
- investor pada cabut
- Tabungan pemerintah di BI tersisa 120T",2026-04-07T15:34:10.000Z,https://www.threads.com/@nabhi.marhaen/post/DW1eypNEd8u,IHSG,2026-05-05T11:29:08.930340
jurnaltrader.id,"Besok jangan trading dulu.
Jangan buka aplikasi...!",2026-04-02T14:09:23.000Z,https://www.threads.com/@jurnaltrader.id/post/DWodHP8Eg89,IHSG,2026-05-05T11:29:09.148920
umma.mima2,"Masuk pasar saham sejak juni 2024, tanpa terasa hampir 2 tahun aja. Kadang cuan kadang belum cuan. Kuncinya sabar dan disiplin trading plan. Apa kabar temen2 lainnya masih bertahan dengan ihsg kah?",2026-04-13T06:23:22.000Z,https://www.threads.com/@umma.mima2/post/DXD8hqUCZAm,IHSG,2026-05-05T11:29:09.300588
alphavestor.id,"ADA BEBERAPA EMITEN DI IHSG YANG BAKAL LANGSUNG KENA SENTIMEN POSITIFNYA.
SPILL DI AKHIR 👇
AKHIRNYA PEMERINTAH TURUNKAN BEA MASUK LPG DARI 5% KE 0%.",2026-04-29T13:14:47.000Z,https://www.threads.com/@alphavestor.id/post/DXt4VAhD_Tu,IHSG,2026-05-05T11:29:09.448827
indonesia_info__,"Sementara itu,
BGN beli 25.000 sepeda listrik senilai 49 juta per motor, atau total 1,22 T
- Rupiah melemah di 17.063 per 1 USD
- IHSG anjlok di 6.971
- Tabungan pemerintah di BI tersisa 120T
Update negara kecintaan kita hari ini:
indonesia_info__",2026-04-07T18:06:21.000Z,https://www.threads.com/@indonesia_info__/post/DW1wNMrgTI9,IHSG,2026-05-05T11:29:10.128887
pututrisna27,"Kokk pada pusing IHSG turun, kan ini momen untuk serok dan ini bukan kali pertama terjadi scr historis teknikal selalu rebound. Ini pentingnya perkuat sektor rill agar tidak berdampak signifikan ke ekonomi sendiri.",2026-04-25T09:48:31.000Z,https://www.threads.com/@pututrisna27/post/DXjNitxlAln,IHSG,2026-05-05T11:29:10.308426
aryan_danil,"Tapi hampir semua orang selalu bocor lewat pola.
Karena tidak semua orang akan menunjukkan dirinya lewat kata-kata.
Salah satu skill paling mahal dalam hidup adalah pandai MEMBACA orang.",2026-04-07T16:02:16.000Z,https://www.threads.com/@aryan_danil/post/DW1iAZ4D3n8,IHSG,2026-05-05T11:29:10.754717
susanasrihandayani,"Membaca orang sudah biasa
Membaca IHSG itu masih challanging
susanasrihandayani",2026-04-08T02:46:18.000Z,https://www.threads.com/@susanasrihandayani/post/DW2rtaGCfkH,IHSG,2026-05-05T11:29:10.882324
hanif_zuu,"IHSG (indeks saham indo) hari ini anjlok parah karena MSCI (lembaga asing) menganggap pasar saham indo tidak kredibel, banyak manipulasi.
So lengkap sudah prestasi kita :
• IHSG anjlok
• Rupiah melemah sepanjang masa
• APBN defisit
• Utang meroket
• Bencana dimana2",2026-01-28T08:12:33.000Z,https://www.threads.com/@hanif_zuu/post/DUDBZwkgW9N,IHSG,2026-05-05T11:29:11.036227
melynsitorus,"Ada yang bisa bantu jelaskan kenapa IHSG kemarin ijo dan hari ini merah ? Monmaap orang awam , mungkin para suhu bisa bantu memberikan pencerahan informasi",2026-04-09T03:19:14.000Z,https://www.threads.com/@melynsitorus/post/DW5URkdkesY,IHSG,2026-05-05T11:29:11.190833
mang.amsi,IHSG TURUN TERUS… DAN BANYAK YANG BARU SADAR SAAT SUDAH DI BAWAH,2026-04-06T02:58:58.000Z,https://www.threads.com/@mang.amsi/post/DWxjkhQEdbm,IHSG,2026-05-05T11:29:11.345071
bewithayu,"fantasy liar lo saat ini?
IHSG 10.000
BBCA 9.800
BBNI 8.000",2026-04-06T14:40:21.000Z,https://www.threads.com/@bewithayu/post/DWyz1ickqhO,IHSG,2026-05-05T11:29:11.491354
adamubaid,"Maka BOOOM….IHSG akan terbang.
Yg kita tunggu adalah Real Negative Interest Rate.",2026-04-04T09:00:00.000Z,https://www.threads.com/@adamubaid/post/DWtDTAsARoE,IHSG,2026-05-05T11:29:11.651185
vpatrickd,Explain to me like I’m 5 yrs old. Kenapa IHSG sampe di suspend? MSCI itu apa.,2026-01-28T11:48:53.000Z,https://www.threads.com/@vpatrickd/post/DUDaKO7ATmY,IHSG,2026-05-05T11:29:15.639214
happytrader.co,"Itulah pentingnya analisa dan mental 😎
Kok berani serok dan yakin IHSG tidak turun lagi ?
Terus udah mulai HOLD,",2026-04-10T06:05:09.000Z,https://www.threads.com/@happytrader.co/post/DW8MDnBFE58,IHSG,2026-05-05T11:29:15.831825
buk4_mata,"Purbaya tolak pinjaman IMF, and now... IHSG outflow. Dikerjain kah??",2026-04-25T07:02:49.000Z,https://www.threads.com/@buk4_mata/post/DXi6lE9Ez7C,IHSG,2026-05-05T11:29:16.177589
pandhuadjisurya,"Kalo menurut kalian bottom IHSG di area mana? Udah deket nih, tipis-tipis menuju bisa bikin reversal atau jatuh lebih dalam.",2026-04-28T03:53:57.000Z,https://www.threads.com/@pandhuadjisurya/post/DXqTWbokaog,IHSG,2026-05-05T11:29:16.304236
happytrader.co,"Semoga besok IHSG 🚀
Yang serok saham sore tadi artinya yakin besok market positif, saya pun juga yakin 🔥
Tapiiiiii....... Jangan lupa doa biar itu botuna satu ga aneh aneh wkwk",2026-04-06T14:59:04.000Z,https://www.threads.com/@happytrader.co/post/DWy1-omlOmO,IHSG,2026-05-05T11:29:16.437467
pullbek,IHSG mantul,2026-04-27T02:13:23.000Z,https://www.threads.com/@pullbek/post/DXnjC7zEiGW,IHSG,2026-05-05T11:29:16.559306
kikikumisss,"Ihsg dr kmrn & hari ini retest 7.700 gagal lagi hahaha
BIPI lg coba break 304??????????????? kl ga berhasil ya turun dulu deh.
Enak ternyata cuma mantengin 1 saham😂",2026-04-16T04:13:39.000Z,https://www.threads.com/@kikikumisss/post/DXLcESDj7i8,IHSG,2026-05-05T11:29:16.676938
happytrader.co,"Ternyata benar,
Ritel cuma tau luarnya doang.
Real smart money sudah paham sampai ke akar masalah, respect koh
@_michaelyeoh
Mulai make sense apa yang dikatakan Koh MY bahwa bottom IHSG 6000 🥲
2x 3x ARB bisa sih emiten di daftar HSC 🙈",2026-04-03T01:53:28.000Z,https://www.threads.com/@happytrader.co/post/DWptsGkFG-k,IHSG,2026-05-05T11:29:16.823584
riyoirfans,"Beberapa sudah ada yg hampir menuju peak, tp msh ada upside naik lagi, sebelum koreksi lagi buat konsol.
Jujur, kalau market gini, merem aja beli yang tahun lalu hype juga bakal untung. Cm yg haka pucuk, ya jangan ngarep ara gitu aja.
IHSG msh konsol menuju ath lagi, setelah target 7600 tembus, next resist ada di 7900-8000, habis itu koreksi lagi, baru full rally ke ath.",2026-04-14T09:46:48.000Z,https://www.threads.com/@riyoirfans/post/DXG4mlykyAo,IHSG,2026-05-05T11:29:16.989746
laluwahyurp,IHSG bener2 di hantam,2026-04-24T03:03:31.000Z,https://www.threads.com/@laluwahyurp/post/DXf6ZlaEWEz,IHSG,2026-05-05T11:29:17.129804
bismibf,saya dengan sadar tetap memutuskan membeli 2 lot saham BBCA ditengah minusnya IHSG :(,2026-04-10T03:58:19.000Z,https://www.threads.com/@bismibf/post/DW79iqhEnX0,IHSG,2026-05-05T11:29:17.280899
adistialuksida,"mau jadi apa ini dunia investasi 😂😂😂
rupiah melemah, emas turun , saham bigbank anjlok, ihsg ya pastinya mengikuti",2026-04-24T05:51:28.000Z,https://www.threads.com/@adistialuksida/post/DXgNnsgkxr8,IHSG,2026-05-05T11:29:17.425579
happytrader.co,"Saya setujuu 1000% 👌
Ci Tjoeay dengan tegas dan lugas mengatakan IHSG tidak mungkin turun ke frontier 🔥
Keren ci
@tjoeay",2026-04-06T13:45:38.000Z,https://www.threads.com/@happytrader.co/post/DWytkwxlDqa,IHSG,2026-05-05T11:29:17.583033
dikkaantons,"Watchlist: ADRO ENRG EMTK SCMA RAJA RATU
Flow (jangka pendek) akan kembali ke beberapa emiten “war related”, sebelum kembali lagi ke konglo stocks yg bisa bikin IHSG kembali naik dan hit target di 7.500 - 7.800 dulu.",2026-04-12T17:48:59.000Z,https://www.threads.com/@dikkaantons/post/DXCmMdhAYBt,IHSG,2026-05-05T11:29:17.729715
jakbal_thrift,Asing sudah pindah ke Vietnam🥹,2026-04-25T03:40:43.000Z,https://www.threads.com/@jakbal_thrift/post/DXijc64E_wZ,IHSG,2026-05-05T11:29:17.859906
afif_abu_ibrohim_latin,"Memang seperti itu uang berputar. Vietnam lagi bullis, IHSG lagi otw bottom, nanti saat IHSG rebound, 100% asing masuk lagi.
afif_abu_ibrohim_latin",2026-04-25T03:58:07.000Z,https://www.threads.com/@afif_abu_ibrohim_latin/post/DXilcU_ETmG,IHSG,2026-05-05T11:29:17.988507
greenstocktrader,"Yuk kita simak ⤵️⤵️⤵️
Sebagai seorang trader, kita harus gimana saat IHSG ""merah""?
greenstocktrader",2025-09-09T09:19:52.000Z,https://www.threads.com/@greenstocktrader/post/DOYFBaDk57W,IHSG,2026-05-05T11:29:18.160222
stocks_ninja.id,"IHSG closing dibawah 7000, otw 6000 kah ini gess 😭",2026-04-06T09:37:37.000Z,https://www.threads.com/@stocks_ninja.id/post/DWyRMQhD8gM,IHSG,2026-05-05T11:29:18.310747
titis_putri,MashaAllah IHSG nya naik trs🔥,2026-04-10T02:43:06.000Z,https://www.threads.com/@titis_putri/post/DW707wREe7D,IHSG,2026-05-05T11:29:18.438983
handierawan,"ini jelek atau ngga? menurut gua, kalau pointnya adalah agar marketnya rebound, ada dua pilihan, saham-saham banking yang dinaikan, atau saham pak pp dkk.
IHSG dicarry sama pak PP lagi.",2026-04-13T03:08:18.000Z,https://www.threads.com/@handierawan/post/DXDmM-Kk9Uf,IHSG,2026-05-05T11:29:23.095303
richamir_ar,"#itrade #trading #saham
Alhamdulillah sesi satu 4 trade 💹, meskipun IHSG 🔥",2026-04-09T05:48:37.000Z,https://www.threads.com/@richamir_ar/post/DW5lXnWEtlT,IHSG,2026-05-05T11:29:23.248540
ombentrader,"Penurunan IHSG 2 hari secara masif adl bukti berlakunya gaya gravitasi bumi
Itulah sebabnya kalo naik butuh proses lama, turun nya cepet
Sebagai ritel cerdas kita hindari jargon ""SAYA AKAN LAWAN !!!""",2026-04-24T09:59:40.000Z,https://www.threads.com/@ombentrader/post/DXgqBjZE3oX,IHSG,2026-05-05T11:29:23.450747
happytrader.co,IHSG ijo lagi hari ini alhamdulillah 🥳,2026-04-09T09:03:01.000Z,https://www.threads.com/@happytrader.co/post/DW57neJlKWt,IHSG,2026-05-05T11:29:23.687244
adelonnataa,"Serangan terjadi pukul 23:50 waktu Kuwait, 5 April.
Market belum buka… tapi sentimen sudah hancur duluan.
Besok IHSG siap-siap longsor.",2026-04-05T21:11:11.000Z,https://www.threads.com/@adelonnataa/post/DWw7xO0jJQP,IHSG,2026-05-05T11:29:23.901201
prdhna_,"Kalau ditarik pelan, ini nyambung ke problem yg lebih gede, IHSG sesi pertama naik 0,65% ke 7.175,62. Yang menarik, bank jumbo rame transaksinya, tapi justru saham tambang yg jadi penarik utama indeks hari ini.",2026-04-30T04:00:14.000Z,https://www.threads.com/@prdhna_/post/DXvdpPfmBcY,IHSG,2026-05-05T11:29:24.075316
happytrader.co,"Saya jadi tambah yakin 1000% MSCI ACC & IHSG stay di Emerging Market 🔥
Thanks untuk BEI & OJK yang mengusut permasalahan ini serta mengatasi secara serius 🫡
HSC ini juga pernah dilakukan di bursa hongkong guys, dan karena itu MSCI ACC.",2026-04-02T13:29:32.000Z,https://www.threads.com/@happytrader.co/post/DWoYjZSlFrG,IHSG,2026-05-05T11:29:24.339130
serokbawah.saham,"Awas, IHSG potensi -2% s.d -4%
serokbawah.saham",2026-04-12T22:16:59.000Z,https://www.threads.com/@serokbawah.saham/post/DXDE3T4k_v-,IHSG,2026-05-05T11:29:24.614163
idn.successo,"Beginilah kondisi market penuh dengan ketidakpastian.
Manfaatkan lah kondisi IHSG sekarang ini, walaupun saya yakin belum aman 100%.",2026-04-14T09:24:27.000Z,https://www.threads.com/@idn.successo/post/DXG2Cz4k1bo,IHSG,2026-05-05T11:29:24.787403
happytrader.co,"IHSG kapan ke 12.000 nya iniiii hadehhh 🙈
Habis botuna terbitlah isriwil b*ngsaaaaaat,
Stop dulu anj 🤯",2026-04-08T16:06:11.000Z,https://www.threads.com/@happytrader.co/post/DW4HQBAlBD1,IHSG,2026-05-05T11:29:24.946639
fahrurozidani,Ada apa dengan IHSG ? 😬,2026-04-23T03:41:34.000Z,https://www.threads.com/@fahrurozidani/post/DXdZ9bNk-QX,IHSG,2026-05-05T11:29:25.088873
anggarasadana,Enak bgt beli saham AS. iHSG merah saham AS ga ikut merah. IHSG ijo saham AS malah makin ijo. Mana ijonya kenceng2 pula,2026-04-16T15:11:24.000Z,https://www.threads.com/@anggarasadana/post/DXMnVxUEoBO,IHSG,2026-05-05T11:29:25.728896
widipardiyawan,"Saham yang berpotensi terdepak dari LQ45 karena aturan baru. BREN, free float 12,30%, market cap Rp722 triliun, return YTD minus 44%. DSSA, free float 20,46%, market cap Rp483 triliun, return YTD minus 36%. PGEO, free float 11,08%. ADMR, free float 11,55%. SCMA, free float paling kecil di 5,64%, paling rentan terdepak.",2026-04-24T00:23:10.000Z,https://www.threads.com/@widipardiyawan/post/DXfoDEzE1LR,IHSG,2026-05-05T11:29:25.948730
panji.malik,IHSG lagi merah tapi perusahaan bakrie dan HH hijau,2026-04-06T02:43:01.000Z,https://www.threads.com/@panji.malik/post/DWxhvpikv19,IHSG,2026-05-05T11:29:26.577478
portonyacia,Apakah ihsg sudah valid revesal?,2026-04-10T02:36:03.000Z,https://www.threads.com/@portonyacia/post/DW70IGHEwnj,IHSG,2026-05-05T11:29:26.711082
sin_dau,"Target KAQI : 140
Target PJHB : 410
Target MINA : 384
Target COAL : 103
🔥🔥🔥🔥🔥🔥",2026-04-30T02:30:20.000Z,https://www.threads.com/@sin_dau/post/DXvTXsvk0JQ,IHSG,2026-05-05T11:29:26.858320
aldwinnv,"Sejak market IHSG merah, frekuensi saya menulis di Threads jadi meningkat karena gabut",2026-04-30T05:16:16.000Z,https://www.threads.com/@aldwinnv/post/DXvmXJjj_j-,IHSG,2026-05-05T11:29:26.994969
widipardiyawan,"Konteks lebih luas kenapa IHSG terus tertekan. Fitch sudah turunkan outlook sovereign Indonesia ke negatif sejak Maret 2026 karena ketidakpastian kebijakan dan kekhawatiran fiskal. Moody's bahkan lebih dulu melakukan hal serupa di Februari 2026. Sekarang Fitch lanjut turunkan outlook empat bank besar. Kalau sovereign rating benar-benar di-downgrade, keempat bank otomatis ikut turun.",2026-04-24T09:52:20.000Z,https://www.threads.com/@widipardiyawan/post/DXgpL1QlADZ,IHSG,2026-05-05T11:29:27.130241
diki.mulijanto,"IHSG digendong Papi PP lagi 🚀
Selamat untuk holder Papi PP
Salam cuan 🤑",2026-04-13T05:19:08.000Z,https://www.threads.com/@diki.mulijanto/post/DXD1LOHkius,IHSG,2026-05-05T11:29:30.252054
stockwise.id,"Nasib IHSG hari senin gimana guys? 🫣
#saham #beritasaham #sahamindonesia",2026-04-02T16:24:53.000Z,https://www.threads.com/@stockwise.id/post/DWosnq6GB-l,IHSG,2026-05-05T11:29:30.384659
happytrader.co,"Sucor Sekuritas says: ""IHSG 14.000 🚀""
Botuna botuna,
semoga segera bertemua sang pencipta...
Tenang di neraka 🥲
Jujur niii, udah berasa liat postingan cewek galau bjir..
Ngancem ngancem di sosmed 😅
Setelah ngancem 48 jam....
sekarang sisa 24 jam kah ?",2026-04-04T23:54:41.000Z,https://www.threads.com/@happytrader.co/post/DWupr7BE1Si,IHSG,2026-05-05T11:29:30.564148
growingtrade.saham,"Ini belum ketambahan panic selling lainnya.
Kita para trader masih fullcash, siap buat sikat mancing dibawah 💪🏻
DSSA BREN Bobot hampir 10%
Apabila open market langsung ARB, maka IHSG akan dibuka minimal -2%.
IHSG besok senin open minimal -2%???
growingtrade.saham",2026-04-05T05:52:29.000Z,https://www.threads.com/@growingtrade.saham/post/DWvSoiZkkma,IHSG,2026-05-05T11:29:30.723728
happytrader.co,"Semoga IHSG hijau pekat
US dan IRAN setuju genjatan senjata selama 2 minggu
Harga Oil turun signifikan",2026-04-07T23:57:52.000Z,https://www.threads.com/@happytrader.co/post/DW2YbyTk5dC,IHSG,2026-05-05T11:29:31.275052
marulychristovel,"IHSG hari : yg naik minyak dunia yg masuk top gainer minyak kelapa 😭😂
marulychristovel",2026-03-02T06:17:15.000Z,https://www.threads.com/@marulychristovel/post/DVXycHykn1W,IHSG,2026-05-05T11:29:31.419688
rifa.ahmd,"10 votes · Poll ended
So pasti tidak bisa berharap ke big banks, krn ada potensi kita dibawa ke frontier market dan pasti big banks jadi bulan bulanan kalo itu jadi😁.
Gaes, kalo bener target Menkeu IHSG 10rb akhir tahun, 2030 IHSG 28rb, kira2 konglo mana yg bakal jadi “backbone” IHSG menemani BREN TPIA nya pak PP + DSSA nya Sinarmas? Karena kmrn IHSG ke 9000an digendong mereka😁.",2026-05-01T13:13:52.000Z,https://www.threads.com/@rifa.ahmd/post/DXzB0CKk6Rg,IHSG,2026-05-05T11:29:31.636160
happytrader.co,"Jujur aja saya juga dapet fearnya,
sampai mau jualan cilok didepan SD 😭
Banyak ritel yang hapus sekuritas dan panik sell 😅
Buat ritel pada umunya apa ga panik tuhh buka sosmed isinya influencer saham mengatakan demikian🙈
Inget banget dihari hari itu banyak banget kang fear yang memprediksi IHSG bakal ke 6500, 6000 bahkan ada yang 5000 ....
Kalau IHSG beneran reversal,
Artinya bottom/palung IHSG di 6920 ....",2026-04-10T12:55:03.000Z,https://www.threads.com/@happytrader.co/post/DW8690iFAL9,IHSG,2026-05-05T11:29:31.829398
muhbadruzaman,"Sabar ya tel
Telah terjadi pembegalan tragis kemarin.
Alhamdulillah gua bisa lolos karna tidak greedy.
dan sudah pasti ada yang menjadi Avatar The Legend of IHSG ""the last WMUU buyer"" 🥲",2026-04-17T23:43:17.000Z,https://www.threads.com/@muhbadruzaman/post/DXQGtzCkz_o,IHSG,2026-05-05T11:29:32.196116
sfa.saa,"Rupiah melemah di 17.063 per 1 USD
IHSG anjlok di 6.971
Tabungan pemerintah di BI tersisa 120T",2026-04-08T00:22:59.000Z,https://www.threads.com/@sfa.saa/post/DW2bTx0Eqmh,IHSG,2026-05-05T11:29:32.336746
stockbit,Data 39 klasifikasi investor sudah bisa dicek di bagian profile ya! Jangan lupa untuk update Stockbit ke versi paling baru😁,2026-04-30T03:45:42.000Z,https://www.threads.com/@stockbit/post/DXvb_zTD-Me,IHSG,2026-05-05T11:29:32.620822
yourfavv0dka,Aku kira ihsg paling menyala ternyata STOCKBIT LEBIH MENYALA😍🔥💃🏻,2026-04-30T03:48:46.000Z,https://www.threads.com/@yourfavv0dka/post/DXvcWK5Ee-U,IHSG,2026-05-05T11:29:32.742500
gmnigirlssss,liat IHSG makin longsor takut bgt negara ini bangkrut :(,2026-04-24T08:41:46.000Z,https://www.threads.com/@gmnigirlssss/post/DXghG-PEWrp,IHSG,2026-05-05T11:29:32.863691
raahady_,"2 Bullish dan 1 Bearish.
Ada 3 skenario untuk IHSG:",2026-04-27T07:48:44.000Z,https://www.threads.com/@raahady_/post/DXoJbMgIE3B,IHSG,2026-05-05T11:29:33.009336
di_alur_rasa,"Siapa yang simpan uang di bibit?
Ngerasa ga, performa reksadana pasar uang lagi ga bagus? Padahal ihsg mau nyentuh 9000.
Modal lumayan banyak masa returnnya cuma 100ribuan.
Apa yang salah ya? Bantu insight dong suhu.",2026-01-09T14:46:32.000Z,https://www.threads.com/@di_alur_rasa/post/DTSzYs5khmG,IHSG,2026-05-05T11:29:33.179037
dzdn12,"Mumet juga yah baca berita soal negara dongeng hari ini, rupiah anjlok ke 17300, IHSG turun hampir 2%, BBM naik, kebutuhan pokok naik, dll. Semoga kita smua kuat yah WNI 🗿🤣",2026-04-23T08:03:58.000Z,https://www.threads.com/@dzdn12/post/DXd3_PqCUYe,IHSG,2026-05-05T11:29:33.338214
_awrsans,"Dalam waktu dekat ini.
BBM naik, Gas melon langka, semua bahan makanan dan harga barang bakal naik, IDR melemah, APBN Jebol sehingga banyak program berhenti/mangkrak, IHSG merosot tajam, metals dan Logam Mulia turun (sementara), banyak sektor pekerjaan wajib WFH, Sekolah daring, pengangguran naik, program konversi listrik. Persiapkan diri kalian :)",2026-03-21T06:54:51.000Z,https://www.threads.com/@_awrsans/post/DWIx2I3iS5O,IHSG,2026-05-05T11:29:33.476686
priceaction.id,"Alasan gw blm mau entry saham Indonesia, kondisi IHSG masih kek gini.
Dibawah ma 20❌
Macd merah merona❌",2026-04-30T02:18:44.000Z,https://www.threads.com/@priceaction.id/post/DXvSC1zDwR_,IHSG,2026-05-05T11:29:33.619912
isnainialrusdy,Berarti nunggu ihsg breakout ma20 baru menarik ya bg?,2026-04-30T04:30:25.000Z,https://www.threads.com/@isnainialrusdy/post/DXvhHVqgMJ_,IHSG,2026-05-05T11:29:33.747592
nullprofile99,Dengan kondisi ekonomi Indonesia sekarang (rupiah all time weak di 17.300 dan IHSG di 6.900) should we go in or wait?,2026-04-30T13:05:50.000Z,https://www.threads.com/@nullprofile99/post/DXwcGW-k9C9,IHSG,2026-05-05T11:29:33.874002
happytrader.co,"Kang fear STFU jangan brisik & nakutin ritel 😜
Ingeet tel,
Kalau besok IHSG ijo pekat lagi artinya IHSG sudah REVERSAL,
Sudah botttttoooommm, Bikini bottom tom tom",2026-04-08T13:47:36.000Z,https://www.threads.com/@happytrader.co/post/DW33Y7EFBJd,IHSG,2026-05-05T11:29:37.598335
algoresearch,"IHSG: What Comes Next? Tactical. Algo Research Alpha Plays
algoresearch.id/conte…
Our tactical call for IHSG since last week has been fruitful with alpha stocks such as AMMN, BNBR, ARKO, ESSA and PTRO outperforming relative to the index.",2026-04-22T08:04:21.000Z,https://www.threads.com/@algoresearch/post/DXbTPOsEyD9,IHSG,2026-05-05T11:29:37.795458
ibnuarifrisyat_,KOK BISA?! IHSG SEKARANG TIBA2 7500!,2026-03-06T04:28:04.000Z,https://www.threads.com/@ibnuarifrisyat_/post/DVh5H4VEnt1,IHSG,2026-05-05T11:29:37.965525
shdbike,"Alhamdulillah hari ini IHSG koreksi ..
bisa BOW 👍",2026-04-15T11:54:13.000Z,https://www.threads.com/@shdbike/post/DXJr-mTEeoY,IHSG,2026-05-05T11:29:38.120717
priceaction.id,"Market kek gini tuh mendingan stay away dari saham.
Belajar lagi, perbaiki plan, perbaiki emosi biar next gak gampang fomo atau cuma ikut beli karena ada yang posting.
Belajar market luar negeri juga, peluang tu gak cuma di IHSG.
Gw sendiri trader, bukan spekulan.
Gw entry penuh perhitungan, analisa makro - sektoral - teknikal.
Gak asal entry krn sinyal grup..",2026-04-30T04:55:56.000Z,https://www.threads.com/@priceaction.id/post/DXvkCOaDhwF,IHSG,2026-05-05T11:29:38.274951
andix_mistik,"Selalu memainkan narasi
""2030 IHSG tembus 28.000""
Kok bisa?
Dalam investasi kalau tebak2an itu judi
Fundamentalnya dari mana Pak?",2026-04-28T04:10:35.000Z,https://www.threads.com/@andix_mistik/post/DXqVQMSkUsQ,IHSG,2026-05-05T11:29:38.404550
anjani.am,ini ihsg apesih 😭 saatnya beralih scalping gorengan pemicu detak jantung kah 😌,2026-04-30T02:17:59.000Z,https://www.threads.com/@anjani.am/post/DXvR9SYHWwd,IHSG,2026-05-05T11:29:38.535330
bayumingga,"Watchlist 29 April 2026
- PADA
- DOOH
- INDO
- MAHA
- NPGF
*DYOR
*bukan ajakan jual/beli
🚨Tetap hari hati IHSG belum pulih dan kemarin belum tutup GAP",2026-04-29T00:47:42.000Z,https://www.threads.com/@bayumingga/post/DXsi1Njkg_I,IHSG,2026-05-05T11:29:38.671575
aurasho,"Woy bangun woy, IHSG tembus 9000.
Gokil pak Purbaya!",2026-01-14T04:15:24.000Z,https://www.threads.com/@aurasho/post/DTejIlIkrkf,IHSG,2026-05-05T11:29:38.819175
naamanwewin,"RITEL:
“😱😱😱Pak Purbayaa, tolooooonngggg !!!!”
INFLUENCER SAHAM:
Bye,tutup porto, jalan2 dulu ✈️🚗🗽🚊🌄🌉.
Kala IHSG merah:",2026-03-16T04:07:11.000Z,https://www.threads.com/@naamanwewin/post/DV7mrtvDMMm,IHSG,2026-05-05T11:29:39.196536
galleryinov,"Level kesabaran gue meningkat di tahun ini .
Ihsg trading halt 2x .
Kebanyakan CL dripada TP .
Tapi setiap CL gue gak marah2 , paling puyeng dikit 😂🤣",2026-04-25T11:35:10.000Z,https://www.threads.com/@galleryinov/post/DXjZv4PE5oW,IHSG,2026-05-05T11:29:39.330167
isllahdiri,"#Saham #MSCI #Emergingmarket #Fronttier #trading #investing
skenario bearish long term fill gap area lebih dulu 6500an lalu bullish momentum yg kuat.
skenario bullish untuk tf terdekat ada chance untuk retest ke area 7000-7250 lalu rally ke harga 8300an
berikut outlook saya terhadap IHSG secara teknikal.
IHSG ada potensi koreksi/retest?",2026-04-23T03:57:48.000Z,https://www.threads.com/@isllahdiri/post/DXdb0OAgZnb,IHSG,2026-05-05T11:29:39.792454
maufiqur,"Udah rugi setengah ember,
Lebaran kali ini gabisa beli baju baru dulu",2026-03-09T03:22:39.000Z,https://www.threads.com/@maufiqur/post/DVpgBecAVIK,IHSG,2026-05-05T11:29:39.951129
hendrahenz22,"Review index market Indonesia (IHSG) oleh FTSE Russell untuk bulan Maret 2026 DITUNDA. Alasan utama penundaan ini karena ada kesulitan teknis dalam menentukan free float (saham yang benar benar beredar di publik). Oleh karena itu, status Indonesia…",2026-04-07T03:43:31.000Z,https://www.threads.com/@hendrahenz22/post/DW0NdpRgcaU,IHSG,2026-05-05T11:29:40.103751
kokoteknikal,"Ngobrol yuk, apa tujuan kalian trading saham?
IHSG masih slow pagi ini.",2026-04-17T02:11:39.000Z,https://www.threads.com/@kokoteknikal/post/DXNy5hAiZXo,IHSG,2026-05-05T11:29:40.304249
diki.mulijanto,"Makin sore makin junam aja ini IHSG 😅
Top net foreign sell sesi 1 hari ini juaranya dipegang oleh 2 bank BUMN kesayangan kita semua BBRI & BMRI ✌️",2026-04-23T07:21:28.000Z,https://www.threads.com/@diki.mulijanto/post/DXdzH8yEuZl,IHSG,2026-05-05T11:29:40.451929
prengky09,analisis nya kak.... IHSG apakah besok akan junam lagi,2026-04-23T07:34:15.000Z,https://www.threads.com/@prengky09/post/DXd0lk8E1Cq,IHSG,2026-05-05T11:29:40.586308
aryaarifin48,"3 Kriteria ini cocok buat IHSG besok 🤣
Selat hormus baru di buka, udah di tutup lagi
Harga bensin solar non subsidi naik signifikan
MU semalem menang",2026-04-19T07:29:31.000Z,https://www.threads.com/@aryaarifin48/post/DXTg3cFkkBd,IHSG,2026-05-05T11:29:40.755983
happytrader.co,"Mana udah CL CL 🥲
Ini IHSG jadi 6000 ga sih ?
Sumpah ini gatel banget tangan pengen all in wkwkk",2026-04-06T02:45:25.000Z,https://www.threads.com/@happytrader.co/post/DWxiBR3mPkh,IHSG,2026-05-05T11:29:44.328177
happytrader.co,"Tanggal 7 FTSE RUSSELL review indeks kita lagi,
Yang setuju IHSG stay di Emerging Market like 👍",2026-04-01T11:46:59.000Z,https://www.threads.com/@happytrader.co/post/DWloBYtFNt3,IHSG,2026-05-05T11:29:44.613213
aprisnando,Downgrade frontier aja 🏃 🏃 🏃 🏃,2026-04-01T11:57:22.000Z,https://www.threads.com/@aprisnando/post/DWlpNbxAX0h,IHSG,2026-05-05T11:29:44.761343
victoriaebrina,ini makin kacau bgt loh….. ihsg merah terus… dollar naik terus… apa iyah kita baik-baik saja🙂👍🏻,2026-04-24T07:03:08.000Z,https://www.threads.com/@victoriaebrina/post/DXgV0l6kVPf,IHSG,2026-05-05T11:29:45.209538
ssamuel_rp,"Saham Pom Pom BAPA
*Saham volatil kelas bulu (bisa Ara-Arb) potensi msh perform :
SIMP, DATA, TRUE, FILM, BAPA, COCO, GZCO, DFAM, PSDN, BEER. CITY, TRUK. DPUM, KOBX, ATAP
*Saham volatil dng volume besar kemarin : PTRO, BRPT, ENRG, BNBR, CDIA, FORE
*Saham2 yg dapat di perhatikan hr ini:
BBCA, BMRI, BBRI
Perkiraan IHSG akan bergerak pada Selasa (14/4) antara 7200-7600",2026-04-14T00:35:39.000Z,https://www.threads.com/@ssamuel_rp/post/DXF5hzLgdp7,IHSG,2026-05-05T11:29:45.606192
julianacynthiaa,"rupiah melemah
oil 108
besok libur
IHSG merah sudah🤣
dahlah tutup aja🤣🤣",2026-04-30T03:09:38.000Z,https://www.threads.com/@julianacynthiaa/post/DXvX3kkEhwr,IHSG,2026-05-05T11:29:45.749828
theferdians,"Jujur gue malah lebih kuatir kalo IHSG gas terus, koreksinya bisa makin dalem 🥲",2026-01-08T12:40:52.000Z,https://www.threads.com/@theferdians/post/DTQANdFEhyn,IHSG,2026-05-05T11:29:45.924891
kurniawan_anas,"Pertanyaannya:
kalau nanti IHSG menuju ATH,
bakal ‘digotong’ lagi sama konglo? atau ada anomali baru yang bakal naikin IHSG?
IHSG kemarin naik, yang dorong emiten konglo.
Turun? yang ngejatuhin juga emiten konglo.
Sekarang 3 hari terakhir rebound, yang narik lagi… konglo lagi.",2026-04-11T13:08:31.000Z,https://www.threads.com/@kurniawan_anas/post/DW_hTSOEwqo,IHSG,2026-05-05T11:29:46.098046
rurs.thelapislazuli,"Pak Prabowo ini kangen kondisi 1998 kah? Sampai semua dibuat acak adul bgini? Utang jatuh tempo, Nilai rupiah hancur, IHSG anjlok...
rurs.thelapislazuli",2026-04-24T00:16:39.000Z,https://www.threads.com/@rurs.thelapislazuli/post/DXfnTU4kxuq,IHSG,2026-05-05T11:29:46.241645
dheafsr,"Baru memberanikan diri download stockbit, eh buka buka IHSG 7600an. Langsung uninstall lagi😭👋🏻",2026-03-04T03:05:20.000Z,https://www.threads.com/@dheafsr/post/DVcmEQpkt5A,IHSG,2026-05-05T11:29:46.673472
sin_dau,Closing IHSG di angka 7.005,2026-04-30T08:39:10.000Z,https://www.threads.com/@sin_dau/post/DXv9lJTE2_D,IHSG,2026-05-05T11:29:46.813103
ilsarinuy,"Sumpah lama2 kok serem njir
Ada nggak sih org indo yg belom masuk ke IHSG?",2026-01-19T19:06:15.000Z,https://www.threads.com/@ilsarinuy/post/DTtBDvmkrup,IHSG,2026-05-05T11:29:46.988225
leeyo.nk,"List Penyebab IHSG koreksi
1. MSCI Index
2. Moodys Rating
2. Perang AS-Iran
3. Rupiah melemah
4. Next...?",2026-04-23T08:01:23.000Z,https://www.threads.com/@leeyo.nk/post/DXd3sXZEdqU,IHSG,2026-05-05T11:29:47.171680
widipardiyawan,"prediksi ihsg dan menu besok akan di update nanti malam ya, semoga ga keturon 😆",2026-04-29T08:53:28.000Z,https://www.threads.com/@widipardiyawan/post/DXtabA1FHlt,IHSG,2026-05-05T11:29:47.319348
bayuwij_,The best decision I ever made: mindahin aset dari IDX ke saham US. Kalau IHSG lagi turun terus ada yang tanya porto aman? Gue senyum aja 🤭,2026-04-24T10:22:40.000Z,https://www.threads.com/@bayuwij_/post/DXgsp__Gu9p,IHSG,2026-05-05T11:29:47.464992
happytrader.co,"Ritel udah pada kebelet IHSG ke 12.000 ✌️
Semoga ada deal dari kedua belah pihak 😎
IRAN dan USA mau ada pertemuan lagi untuk membahas negoisasi lebih lanjut,
Dengan adanya pertemuan sudah bertanda baik dengan turunnya harga minyak.",2026-04-21T00:21:50.000Z,https://www.threads.com/@happytrader.co/post/DXX5gqmk7Qu,IHSG,2026-05-05T11:29:47.771600
happytrader.co,"Ada tambahan?
Simple, tapi tidak semudah itu ✌️
1. Cari saham yang lagi trending
2. Pelajari perusahaan dari saham tersebut, ga harus yang detail dari A sampai Z... Minimal tau LapKeu, PE, PBV.
3. Pelajari analisa teknikal, minimal tau saham tersebut dalam kondisi uptrend/downtrend.
4. Pelajari analisa transaksi, minimal tau .....
5. Pelajari bid offer, minimal tau ...
6. Pelajari sentimen makro dan mikro.
7. Pelajari mentalitas trader, minimal tau fear and greed.
Tips trading saham di IHSG :",2026-04-04T09:41:33.000Z,https://www.threads.com/@happytrader.co/post/DWtIDT7FDrC,IHSG,2026-05-05T11:29:51.564059
dinaradelia,"Siapa yang IHSG sempet anjlok dan panik?
Saya🤣😭🙏🏻
Cutloss 18% terus ternyata naik lagi nangis ga? Engga dong🤣🤣🤣🤣
Nyesek? Iyaaaa wkwkkwwk",2026-01-12T09:31:29.000Z,https://www.threads.com/@dinaradelia/post/DTZ9t2mkR7q,IHSG,2026-05-05T11:29:51.808692
widipardiyawan,"Bapak Ibu, prediksi IHSG 27 April dan menu saham akan diupdate malam ini",2026-04-26T11:03:51.000Z,https://www.threads.com/@widipardiyawan/post/DXl69WZFGwa,IHSG,2026-05-05T11:29:51.954350
happytrader.co,"Hari ini udah cuan luber, Jangan lupa sedekah tel ✌️
Semoga botuna ga aneh aneh,
IHSG 12.000 didepan mata🚀
IHSG Positif Reversal 🔥",2026-04-10T04:51:28.000Z,https://www.threads.com/@happytrader.co/post/DW8Dn6eFCAO,IHSG,2026-05-05T11:29:52.126138
dyocta_ngopi,"Di balik IHSG yang koreksi, ada asing yang lagi asik koleksi 🤫
FYI, net buy asing hari ini tembus 1,1T. Bukan angka yang kecil untuk transaksi 1 hari",2026-03-09T12:41:10.000Z,https://www.threads.com/@dyocta_ngopi/post/DVqf8MHEVin,IHSG,2026-05-05T11:29:52.268813
wennyanggono,Ternyata bahagia itu sederhana: IHSG ijo terus 💚,2026-04-14T09:47:49.000Z,https://www.threads.com/@wennyanggono/post/DXG4uC3kjnX,IHSG,2026-05-05T11:29:52.419006
syariahsaham,Aman ya 1 May dikasih panggung biar joget2 ajah. IHSG senin aman nih,2026-05-01T05:44:39.000Z,https://www.threads.com/@syariahsaham/post/DXyOZ4fAQa1,IHSG,2026-05-05T11:29:52.704054
thepitchbull,"Atau ngobrolin bola kuyy, gw hobi juga.
Ask me anything about stocks / market.
Siapa gw?
• Trader saham sejak 2013, mayoritas saham Indo dan sedikit US
• Finance background. 8 tahun lebih berkarir di pasar modal sebagai analyst
Akun ini gw bikin buat sharing ilmu dan info seputar saham.",2026-04-12T13:40:37.000Z,https://www.threads.com/@thepitchbull/post/DXCJxVrmuW8,IHSG,2026-05-05T11:29:53.027552
shdqckl,Ada satu permohonan MSCI ke BEI yang ga di rilis ke publik:,2026-03-06T04:15:29.000Z,https://www.threads.com/@shdqckl/post/DVh3rwUk4oZ,IHSG,2026-05-05T11:29:53.170226
daniel.tjeong,"Low to medium Probability
EMAS, ANTM
High probability inclusion MSCI in May 2026
INKP, MDKA, BUMI",2026-03-29T07:40:21.000Z,https://www.threads.com/@daniel.tjeong/post/DWddaWBkdXk,IHSG,2026-05-05T11:29:53.325416
ulinta_girsang,"Kemudian datang berbagai macam badai, trading halt lah, perang lah, msci lah, porto minus 50%,
Akhirnya saya sadar, saya hanyalah retail fomo 🤣
Sekitar bulan oktober 2025, ihsg bullish, profit gila gilaan, saya suka pamer profit, berasa oke banget, kayaknya bisa nih buka kelas , 😂",2026-04-16T11:44:18.000Z,https://www.threads.com/@ulinta_girsang/post/DXMPo2HExPX,IHSG,2026-05-05T11:29:53.912903
nixmare2026,Perundingan Iran - AS gagal. Malam ini BTC turun. Gold turun. Artinya besok IHSG pasti turun. Good,2026-04-12T15:07:19.000Z,https://www.threads.com/@nixmare2026/post/DXCTsVdD1Hn,IHSG,2026-05-05T11:29:54.036161
widipardiyawan,"IHSG hari ini (23/4/2026) ditutup melemah -2,16% di level 7.378. Dari 820 saham, 505 turun, 192 naik, 123 stagnan. Transaksi harian Rp20,5 triliun. Secara teknikal, IHSG sekarang di bawah semua garis EMA utama. Artinya kalau naik pun kemungkinan cuma mantul sementara, bukan balik arah.",2026-04-23T14:48:05.000Z,https://www.threads.com/@widipardiyawan/post/DXemPF3lPry,IHSG,2026-05-05T11:29:54.170835
pandhuadjisurya,"DYOR.
Tinggal tunggu demand benar-benar muncul. Let’s fuckin go!
Satu hal, jangan sampai close dibawah 6934. Itu saja, selebihnya secara teori kita boleh optimis.
Close dekat zona sekarang juga bagus secara struktur, masuk demand zone.
Kalau mau patuh dan percaya teknikal, jika IHSG hari ini sentuh 6934 akan bentuk double bottom. Ini layak dipantau hari ini.",2026-04-30T03:25:53.000Z,https://www.threads.com/@pandhuadjisurya/post/DXvZuoEkURJ,IHSG,2026-05-05T11:29:54.358029
theferdians,"Ya 5000 pun belum tentu kejadian, ujung-ujungnya market kok yang bener, chill aja ya gaes 😆
Inget ga after market open setelah lebaran, pada euforia IHSG +2.75%?
Abis itu, kumulatif hampir -5% sampai kemarin.
kocak amat sih pada marah-marah sampai berkata kasar dibilangin IHSG ((BISA)) ke 5000 🤣",2026-04-08T15:19:42.000Z,https://www.threads.com/@theferdians/post/DW4B7jjFAV-,IHSG,2026-05-05T11:29:54.779730
fajarbudiarto_,IHSG anjlok 📉,2026-04-30T07:32:30.000Z,https://www.threads.com/@fajarbudiarto_/post/DXv1866kkbA,IHSG,2026-05-05T11:29:54.904918
herfanrf,"saham
RIP IHSG",2026-04-30T03:15:48.000Z,https://www.threads.com/@herfanrf/post/DXvYku8EsCX,IHSG,2026-05-05T11:29:57.954226
diki.mulijanto,"Harga minyak dunia pagi ini terpantau masih sama seperti kemarin di kisaran $96-97 / barrel
Tapi liat bursa Asia pembukaan pagi ini merah semua 🔥
Ditambah berita2 selat Hormuz mau ditutup Iran lagi gara2 Israel nyerang Lebanon dan Teheran
kayaknya hari ini IHSG bakal junam lagi,
Semoga ga dalem aja sih cuma koreksi sehat krn kmrn sempet naek 4%",2026-04-09T01:58:35.000Z,https://www.threads.com/@diki.mulijanto/post/DW5LC5Nkk9-,IHSG,2026-05-05T11:29:58.128104
wawan_aris,"Dollar hampir menyentuh 17.500, euro 20.000, IHSG Anjlok, Investor asing cabut, PHK dimana-mana, BBM naik, Bahan Baku Makanan Pokok Naik, Bijaklah dalam mengatur keuanganmu kedepan gaes….",2026-04-27T22:37:56.000Z,https://www.threads.com/@wawan_aris/post/DXpvL25Epb3,IHSG,2026-05-05T11:29:58.573102
cakinvestmentclub,"#saham #sahamindonesia #ihsg #investasi #CAKinvestmentclub  Translate
Kolaborasi Salim dan Bakrie di sektor EV mulai kelihatan arahnya. Masuk lewat VKTR ke ekosistem Indomobil, ini bisa jadi awal narrative besar di market. Tapi seperti biasa, bukan cuma soal story—eksekusi ke depan yang bakal nentuin.
cakinvestmentclub",2026-04-17T08:40:18.000Z,https://www.threads.com/@cakinvestmentclub/post/DXOfYGxE80X,IHSG,2026-05-05T11:29:58.745184
ssamuel_rp,"Saham Pom Pom BAPA  Translate
*Saham volatil kelas bulu (bisa Ara-Arb) potensi msh perform :
PADA, BAPA, DEFI, MDIA, INDX
*Saham volatil dng volume besar kemarin : CUAN. KETR, DOOH
*Saham2 yg dapat di perhatikan hr ini:
ANTM, AADI
Perkiraan IHSG akan bergerak pada Senin (19/4) antara 7400-7750",2026-04-20T01:40:01.000Z,https://www.threads.com/@ssamuel_rp/post/DXVdqdcgXqq,IHSG,2026-05-05T11:29:58.983467
galuhyudha,"untuk sementara, saham-saham bank layak untuk dihindari. makanya gua udah gak tertarik lagi bagi dividend dari beberapa saham bank. kemarin IHSG anjlok cukup parah dipengaruhi oleh saham-saham konglo dan big banks yang mayoritas merah 🙈  Translate",2026-04-25T00:22:06.000Z,https://www.threads.com/@galuhyudha/post/DXiMuK2k4fn,IHSG,2026-05-05T11:29:59.134348
neliminja,"Klo liat Index luar pada menghijau. Tp ntahlah dgn IHSG nanti.
Karna minggu lalu baru ada pengumuman HSC list, agak ga yakin market kita ikutan menghijau.. 😔😔",2026-04-05T23:09:34.000Z,https://www.threads.com/@neliminja/post/DWxJUVIkmvK,IHSG,2026-05-05T11:29:59.274993
cakinvestmentclub,"#dewa #ipo #sahamindonesia #ihsg #CAKinvestmentclub
Menurut lo, ini peluang atau masih terlalu early?
Tapi tetap, timeline & eksekusi jadi kunci 👀
Kalau berhasil, ini bisa ubah positioning DEWA dari sekadar kontraktor jadi pemain resource yang lebih besar.
DEWA makin agresif ekspansi 🔥
IPO GMR jadi langkah penting buat unlock value dari aset mineral mereka.
cakinvestmentclub",2026-04-14T08:59:46.000Z,https://www.threads.com/@cakinvestmentclub/post/DXGzOFqE9RD,IHSG,2026-05-05T11:29:59.533985
alvinantoniow,Akhirnya IHSG naik 😭 dari berita perang timur tengah udah reda ya? Butuh temen diskusi,2026-04-08T06:13:01.000Z,https://www.threads.com/@alvinantoniow/post/DW3DXg7Ce4n,IHSG,2026-05-05T11:29:59.672516
imamyogaaa,"Tanpa penguatan perbankan besar, porto ritel yang tidak siap akan ikut terbakar.
Beban indeks sangat berat karena BREN & DSSA masuk list HSC. IHSG hanya bisa selamat jika BBCA, BBRI, BMRI, BBNI, dan
TLKM kompak naik minimal 5% sekaligus.
IHSG BISA MERAH TOTAL SENIN 6 APRIL, APAKAH PORTO KAMU SIAP?",2026-04-03T12:32:56.000Z,https://www.threads.com/@imamyogaaa/post/DWq23srEcOu,IHSG,2026-05-05T11:29:59.858560
bunga11_11,"Tanya pak.. apa maksud kalimat "" IHSG hanya bisa selamat jika BBCA,BBRI,BMRI,BBNI dan TELKOM kompak naik minimal 5% sekaligus?
Apa itu artinya harga saham 5 emitten tsb bakal naik?",2026-04-03T14:33:00.000Z,https://www.threads.com/@bunga11_11/post/DWrEnElGfhv,IHSG,2026-05-05T11:29:59.992792
abiyudirgantaraa,"*tambahan dan kamu masih jomblo
GWS ya kita
1. Rupiah tembus ATL 17.300/$
2. IHSG drop sampe 7129
3. Utang jatuh tempo Rp 833T
4. Bunga utang Rp 599T
5. BBM Non Subsidi naik 40-60%
6. Gas LPG non subsidi naik kurleb 18%
7. Harga plastik naik >50%
INDONESIA SEKARANG
abiyudirgantaraa",2026-04-24T22:28:06.000Z,https://www.threads.com/@abiyudirgantaraa/post/DXh_rMKk6JL,IHSG,2026-05-05T11:30:00.155993
priceaction.id,"Belum ada tanda reversal di IHSG.
Aku bukan spekulan, jadi lebih milih full cash, wait and see, menunggu makro membaik dan juga kabar FTSE & MSCI.",2026-04-06T13:57:40.000Z,https://www.threads.com/@priceaction.id/post/DWyu8_mDywB,IHSG,2026-05-05T11:30:00.292234
diki.mulijanto,"IHSG hari ini ditutup hijau di 7.307,59 naik 0,39% dari hari kemarin
Tapi asing masih mencatatkan net sell sebesar 1,74 T
Sebagian besar saham bank dan konglo merah menyala
Kenaikan IHSG ditopang oleh emiten2 Papi PP, HT, & DSSA yang mengalami kenaikan yang cukup lumayan, walaupun sebenarnya asing tetap banyak distribusi di emiten2 tsb, hanya CUAN dan TPIA yg tercatat diakumulasi asing",2026-04-09T13:17:57.000Z,https://www.threads.com/@diki.mulijanto/post/DW6YynakhXD,IHSG,2026-05-05T11:30:00.444862
happytrader.co,"Disclaimer on
MSCI seperti make it sure untuk tidak ""dikadalin"" lagi,
MSCI: Dont play me again or ill destroy IHSG.
Ada sebuah indikasi/sinyal positif dengan adanya ""penundaan"", yang saya artikan seperti tambahan waktu untuk Indonesia berbenah.
BEI & OJK fight habis habisan untuk benerin case ini,
Untuk tetep bisa keep up.
In my opinion terkait berita MSCI yang barusan keluar,",2026-04-21T00:56:11.000Z,https://www.threads.com/@happytrader.co/post/DXX9cRgkzlm,IHSG,2026-05-05T11:30:00.662274
gunawandy,"Selat Hormuz Dibuka Penuh Selama Gencatan Senjata, Apa Efeknya Untuk IHSG Senin? 😏",2026-04-17T13:44:54.000Z,https://www.threads.com/@gunawandy/post/DXPCPAPlNkV,IHSG,2026-05-05T11:30:00.832370
ssamuel_rp,"Saham Pom² KOBX
*Saham volatil kelas bulu (bisa Ara-Arb) potensi msh perform :
LAND, ATLA, PADA, REAL, CTTH, BABY, HOPE. BAIK. GULA, AYLS, ESTA
*Saham volatil dng volume besar kemarin : KOTA, MDIA, BULL, SSIA, BDMN, KETR, COAL
*Saham2 yg dapat di perhatikan hr ini:
BMRI
Perkiraan IHSG akan bergerak pada Kemis (23/4) antara 7400-7750",2026-04-23T01:20:58.000Z,https://www.threads.com/@ssamuel_rp/post/DXdJ3mHAS4k,IHSG,2026-05-05T11:30:01.036940
imamyogaaa,"Gimana IHSG dan portomu? Yang pegang saham di bawah siap besok ya
MBMA 🚀
DEWA 🚀
VKTR 🚀
BUVA 🚀
RAJA 🚀
MINA 🚀
BUMI 🚀
BRPT 🚀
Semoga ihsg besok tetap 📈",2026-04-08T10:30:48.000Z,https://www.threads.com/@imamyogaaa/post/DW3g3jBgomz,IHSG,2026-05-05T11:30:01.204209
stockholic.idn,"Fenomena ini sering terjadi sebelum pergerakan besar di saham-saham tertentu. Apakah ini awal dari akumulasi besar, atau hanya strategi sementara?
Namun, di balik arus keluar itu, ada pola yang tidak biasa saham bank besar seperti BBCA dan BBRI justru diam-diam diborong oleh asing.
Cuanholic, pergerakan aneh terjadi di bursa kita. Di tengah IHSG yang menguat 6,14% dalam sepekan, investor asing justru masih tercatat net sell di pasar secara keseluruhan.",2026-04-15T06:09:19.000Z,https://www.threads.com/@stockholic.idn/post/DXJEgecjzy9,IHSG,2026-05-05T11:30:01.370843
ininana735,IHSG merah tapi running trade kok rame yg itu2 lagi,2026-04-26T07:28:25.000Z,https://www.threads.com/@ininana735/post/DXliTbTE3Zs,IHSG,2026-05-05T11:30:01.500636
vivikusuman,Apakah IHSG sudah bottom ?,2026-04-24T04:37:24.000Z,https://www.threads.com/@vivikusuman/post/DXgFJN9GTEB,IHSG,2026-05-05T11:30:04.317248
aziss321,Apakah Sudah Bottom dan menuju new ATH?,2026-04-14T04:12:23.000Z,https://www.threads.com/@aziss321/post/DXGSVMWgY8z,IHSG,2026-05-05T11:30:04.493530
fitpost.id,"Pergerakan IHSG kembali menunjukkan tekanan kuat setelah gagal bertahan di level psikologis 7.000. Sempat dibuka menguat di 7.103, indeks langsung berbalik arah dan turun hingga ke area 6.990, menandakan tekanan jual yang cukup dominan di pasar. Aktivitas transaksi memang tinggi dengan nilai mencapai Rp1,53 triliun, namun mayoritas didorong oleh aksi jual, terutama dari investor asing yang masih mencatatkan net sell.
Masih Aman atau Siap Lanjut Turun?",2026-04-30T05:01:54.000Z,https://www.threads.com/@fitpost.id/post/DXvkt1JiYpa,IHSG,2026-05-05T11:30:04.646815
baypiero_,"Banyak saham yang menarik tapi IHSG lagi tidak menarik, untuk aliran swing seperti saya saat kondisi market seperti sekarang hanya bisa bersabar menunggu momentum 🫠🤧😵‍💫",2026-04-28T16:09:06.000Z,https://www.threads.com/@baypiero_/post/DXrneyUFG1T,IHSG,2026-05-05T11:30:04.773426
tsaqibputra,Menurut abang IHSG akan merah sampai kapan?,2026-04-28T16:13:59.000Z,https://www.threads.com/@tsaqibputra/post/DXroCkfk1ed,IHSG,2026-05-05T11:30:05.079943
susanasrihandayani,"Happy week end
Liburan dulu kita
Di tutup dengan penahan IHSG hr ini nggak sampe roboh dalam
BUMI
ADRO
AADI
ITMG
PGAS
INCO
MINA
ANTM
ARCI
Untung pemegang2 saham2 ini bukan yang panikan cutloss .
susanasrihandayani",2026-04-30T10:01:27.000Z,https://www.threads.com/@susanasrihandayani/post/DXwG_2SCZaL,IHSG,2026-05-05T11:30:05.325679
hikhman,"Semoga sejahtera bersama
Saya pun meyakini ini, siapkan cash dan tambah posisi di saham yang berfundamental kuat, memiliki pertumbuhan yang potensial dan undervalue.
Ada indikasi yang kuat selama 2 tahun ke belakang. Saat IDR paling lemah terhadap USD maka disitu lah letak titik bottom IHSG.",2026-04-24T04:08:02.000Z,https://www.threads.com/@hikhman/post/DXgByGPmkCD,IHSG,2026-05-05T11:30:05.705151
daniel.elliottician,"Kalau pun mau ke arah sana, pasti ihsg bikin tanda dulu.. sama kaya ada mendung sebelum hujan.. tetaplah berpikir rasional dikala orang-orang berpikir irasional
Dari trading jaman 2010 sampai sekarang, behaviour retail ternyata ga pernah berubah.. over fear dan over greedynya selalu tetap eksis.. ada yang bilang ihsg 6000, ihsg 5000, ihsg 12000 tanpa dasar analisa yang jelas..
daniel.elliottician",2026-04-06T03:27:57.000Z,https://www.threads.com/@daniel.elliottician/post/DWxm4x8khS1,IHSG,2026-05-05T11:30:05.882830
rellparkerr,"$MINA akan ekspansi cold storage baru di bitung. kapasitas tambah 5.000 ton
ARA KAN NDAR🚀
pantes ihsg junam dia kuat ya HAHAAHA
tinggal ngopi aja tunggu ke 600
liat broksum ES top buyer gengs",2026-04-30T13:15:51.000Z,https://www.threads.com/@rellparkerr/post/DXwdPnNkjGP,IHSG,2026-05-05T11:30:06.062662
priceaction.id,"IHSG kembali drop, tembus kebawah EMA 20.
Outflow hari ini lumayan gede.
gue pilih out juga & TP semua yang ada💰.",2026-04-23T03:38:37.000Z,https://www.threads.com/@priceaction.id/post/DXdZnzWD_m-,IHSG,2026-05-05T11:30:06.237900
amaliaasnan,"Red day buat hari ini. CORETAX MERAH, IHSG MERAH, RUPIAH MERAH, EMAS MERAH, GUE MARAH.",2026-04-30T07:21:40.000Z,https://www.threads.com/@amaliaasnan/post/DXv0thGjlcZ,IHSG,2026-05-05T11:30:06.400137
rumatela05,"​Menurut gua, skenario kedua yang paling mungkin terjadi, penurunanan bobot IHSG ke angka 0,5% atau 0,6%.
​Skenario 3: MSCI turunin IHSG ke Frontier Market.
​Skenario 2: MSCI pangkas bobot IHSG di bawah 1%.
​Skenario 1: MSCI menurunkan bobot IHSG dari 1,2% ke 1%.
Terkait MSCI, ada tiga menurut gua skenario yang akan terjadi:
​IHSG hijau pekat dalam seminggu terakhir, tapi gk ada inflow asing sama sekali. Asing kayaknya masih menunggu pengumuman MSCI tanggal12 Mei.",2026-04-19T03:40:40.000Z,https://www.threads.com/@rumatela05/post/DXTGrVCkic_,IHSG,2026-05-05T11:30:06.620536
trilyunanpahala,Kira2 apa yang akan terjadi om? Kalau yg skenario ke 2 terjadi? IHSG to the moon atau malah nyungsep?,2026-04-19T03:50:50.000Z,https://www.threads.com/@trilyunanpahala/post/DXTH1w7kp09,IHSG,2026-05-05T11:30:06.750169
theferdians,"Siapin mental kalau IHSG bakal koreksi ke 7800 atau 7050.
Unpopular opinion :",2026-01-08T12:39:52.000Z,https://www.threads.com/@theferdians/post/DTQAGH_kszP,IHSG,2026-05-05T11:30:06.904415
bayumingga,"Watchlist pagi ini Selasa 28 April 2026, biarpun tahu IHSG hari ini akan merah, tapi cukup pantau.
PTMP
NPGF
JAST
BABY (HR)
MPIX (HR)
DIVA (HR)
dyor
*analisa kembali
*bukan ajakan jual/beli
*Pasang SL, TP secukupnya",2026-04-28T00:00:01.000Z,https://www.threads.com/@bayumingga/post/DXp4lAEEtHQ,IHSG,2026-05-05T11:30:07.229857
diki.mulijanto,"Kenapa ya di saat IHSG naek 4,42%, asing tetap distribusi BBRI & BMRI dan masuk top 3 net foreign sell?
Sedangkan BBNI dan BBCA malah masuk top 5 net foreign buy...",2026-04-08T14:17:03.000Z,https://www.threads.com/@diki.mulijanto/post/DW36wqVEgW3,IHSG,2026-05-05T11:30:07.395508
tenjanlika,REBOUND YUKK IHSG,2026-04-30T07:09:30.000Z,https://www.threads.com/@tenjanlika/post/DXvzUbvEdor,IHSG,2026-05-05T11:30:07.673575
1ce_jo,"Semenjak IHSG lagi nggak karuan dan asyik ngajak nyilem, gw mulai putar otak. Daripada maksa trading di market yang lagi nggak kondusif, gw milih mulai lirik US Stock sambil sabar nunggu IHSG nemu bottom-nya.",2026-04-26T15:32:27.000Z,https://www.threads.com/@1ce_jo/post/DXmZstyE0jT,IHSG,2026-05-05T11:30:07.833717
aerilucu,IHSG bobrok bgt astagaaaa. MINA gue kapan rebound nya😭 makin dalem aja😭,2026-02-06T03:05:54.000Z,https://www.threads.com/@aerilucu/post/DUZpdmCERuy,IHSG,2026-05-05T11:30:10.986909
thetrifood,"Ihsg merah, rupiah hancur tembus 17.300. bahan pokok sembako, bbm semua naik. Jakarta mati listrik 2,5 jam hari ini tgl 23 april 2026. Ini kali kedua, setelah sebelumnya tgl 31 maret 2026 jg prnah mati lampu 1jam. Hadehhhh, gini amat ya woy. Makin relate aja nih dr yg pernah kubaca di teori2 konspirasi tntang agenda elit global. Ya Allah lindungilah bangsa ini",2026-04-23T06:45:58.000Z,https://www.threads.com/@thetrifood/post/DXdvD7PkgiP,IHSG,2026-05-05T11:30:11.133828
susanasrihandayani,"Gold , copper , silver US ada kenaikan
Apakah IHSG mengikuti ?
ANTM
ARCI
PSAB
BRMS
susanasrihandayani",2026-04-17T01:04:29.000Z,https://www.threads.com/@susanasrihandayani/post/DXNrNpSiX8p,IHSG,2026-05-05T11:30:11.483116
vidiwidianto12,"index global anjlok, beruntung IHSG ketolong libur lebaran",2026-03-20T17:43:16.000Z,https://www.threads.com/@vidiwidianto12/post/DWHXQXOj_1Y,IHSG,2026-05-05T11:30:11.647409
petercantropoes,"Trauma main saham
Kemudian ihsg menyentuh 6.900
Waktu ihsg rally sampai ke 9.000
Semua pada euphoria
Banyak yang ga pakai stoploss & trailing stop
Akhirnya bertebaran porto yang minus sampai 50%
Ada 2 phrase ketika bull
1. Everyone is genious in a bull market
2. Even monkey can make money in bull",2026-04-15T08:08:18.000Z,https://www.threads.com/@petercantropoes/post/DXJSIAPCc1r,IHSG,2026-05-05T11:30:11.906245
vania_berliana,Trauma main saham,2026-04-14T15:56:01.000Z,https://www.threads.com/@vania_berliana/post/DXHi20iDwrK,IHSG,2026-05-05T11:30:12.040516
widipardiyawan,"BEI resmi merombak kriteria indeks LQ45, IDX30, dan IDX80 per 21 April 2026, berlaku efektif hari bursa pertama Mei 2026. Ini respons langsung terhadap keputusan MSCI yang mempertahankan pembatasan terhadap saham Indonesia. Langkah BEI sangat cepat, hanya sehari setelah pengumuman MSCI.",2026-04-24T00:21:25.000Z,https://www.threads.com/@widipardiyawan/post/DXfn2Q2k8rN,IHSG,2026-05-05T11:30:12.193196
gabycellin,"alhamdulillah masya allah di tengah2 IHSG junam, masih ada satu emiten penopang IHSG berikut🤗",2026-04-24T10:29:12.000Z,https://www.threads.com/@gabycellin/post/DXgtZyJDyKy,IHSG,2026-05-05T11:30:12.354399
zhuanmologi,"#KIJA
Sudah membentuk 'dasar' setelah sideway kurang lebih 1bulan (dari bulan Maret). Berpotensi untuk rally, dengan target resistance terdekat di MA100&MA200
Buy 181
Stoploss 167
Take Profit @210
#IHSG
#saham
#tradingidea",2026-04-10T04:49:01.000Z,https://www.threads.com/@zhuanmologi/post/DW8DWDCgZ-c,IHSG,2026-05-05T11:30:12.521286
widipardiyawan,"IHSG Jumat 24 April 2026 anjlok 3,30% ke level 7.134. Dari total saham yang diperdagangkan, 625 saham melemah, hanya 94 yang menguat, dan 95 stagnan. Seluruh sektor saham memerah tanpa terkecuali. Saham-saham big caps berguguran, AMMN turun 6,6%, BBCA turun 5,8%, BREN turun 4,3%, TLKM turun 3,5%. Tiga sektor jadi beban terbesar yaitu energi, finansial, dan basic material.",2026-04-24T09:50:31.000Z,https://www.threads.com/@widipardiyawan/post/DXgo-iKlHHc,IHSG,2026-05-05T11:30:12.662479
yenni_84,Klu keadaan global udah adem ihsg rebound 3 saham itu cpt kekereknya,2026-04-30T09:15:12.000Z,https://www.threads.com/@yenni_84/post/DXwBtFzkbQf,IHSG,2026-05-05T11:30:12.813703
ekjlifestory,"Kuncinya hanya sabar. IHSG dr 9k ke 7k, tunggu saat IHSG meleduar. Di sana kita sujud sukur. 🔥",2026-04-30T10:14:25.000Z,https://www.threads.com/@ekjlifestory/post/DXwIey7mXpX,IHSG,2026-05-05T11:30:12.946337
stephenlewi,"Ada beberapa selentingan yang masuk, katanya outflow IHSG beberapa waktu terakhir ini berkaitan dengan pemaparan tentang bank himbara yang ""menalangi"" 2 program ""unggulan"" presiden, kalau yang program wapres sudah wassallam soalnya ☹️",2026-05-01T13:29:35.000Z,https://www.threads.com/@stephenlewi/post/DXzDnHCiTB7,IHSG,2026-05-05T11:30:13.409996
vinapatrice,"OMG berasa lagi naik roller coaster, tp kita lagi di pucuknya, mau menuju turun 😱😱
24 jam terkahir yang sliweran
- Tawaran Bisnis Takeover
- aset di jual murah
- Toko2 pada hengkang dari marketplace
- Market crash : rupiah melemah, IHSG anjlog, Gold juga sale",2026-05-01T00:56:32.000Z,https://www.threads.com/@vinapatrice/post/DXxtbmPkgxR,IHSG,2026-05-05T11:30:13.590262
susanasrihandayani,"IHSG menuju 6000
Siap2 bangsal rawat inap di buka💆‍♀️
Nungguin
ANTM
UNTR
ELSA
ASII
PGAS
TINS
ARCI
apalagi ?
susanasrihandayani",2026-03-16T02:05:42.000Z,https://www.threads.com/@susanasrihandayani/post/DV7YyAAiccT,IHSG,2026-05-05T11:30:13.959860
1ce_jo,"Saham $KOTA dan $MDIA masih ada narasi. Saham $BNBR right issue, $MINA ada narasi, dan $BUMI juga akuisisi tambang emas. So, mana saham pilihanmu?
Gw percaya tiap ada hari buruk pastilah nanti akan ada hari baik pula. So, IHSG sekarang masih junam GAIS. Gimana portomu saat ini? Masih hold apa?
SAHAM KOTA, MDIA, BUMI, BNBR, MINA",2026-05-01T07:12:17.000Z,https://www.threads.com/@1ce_jo/post/DXyYbtjk-hF,IHSG,2026-05-05T11:30:14.273307
fangdessy,"Happy Good Friday everyone! 😃🥰
View hari senin, yes kemungkinan besar IHSG akan terkontraksi, saham2 lain juga akan ikut koreksi, namun juga akan jd opportunity utk saham2 yg masih masuk kriteria MSCI dan yg memiliki fundamental yg baik. Jadi IHSG drop dulu di sesi 1, sesi 2 kita liat apakah ada inflow untuk saham2 tertentu di sesi 2? Hehe
Mau reminder, kurang lebih ada 700-800 emiten di BEI, dan itu semua bukan punya group PP dan DSSA aja isinya.",2026-04-03T06:51:32.000Z,https://www.threads.com/@fangdessy/post/DWqPzMcE4Fn,IHSG,2026-05-05T11:30:14.706972
syawal_saf,"ribuan anak keracunan MBG
dollar hampir 17ribu
keponakan presiden jadi gubernur BI
IHSG menurun
presiden patungan 17T buat antek asing
tapi heran aja, kalo di kritik masih banyak aja yang belain 🙃",2026-02-01T04:36:22.000Z,https://www.threads.com/@syawal_saf/post/DUM710fESwQ,IHSG,2026-05-05T11:30:14.874095
sahamstockidn,"Tapi jika jebol di bawah 6,917…
Nanti lihat lagi di area 6,700-an dan 6,600.
Thesis gw hari ini IHSG akan close di area 6,900-7000an dan membentuk double bottom, memantul hari Senin.",2026-04-30T05:42:50.000Z,https://www.threads.com/@sahamstockidn/post/DXvpZtlk9-A,IHSG,2026-05-05T11:30:18.052507
serli_sara2200,"IHSG kenapa sih 🥹, buka portofolio bikin mental down 😭",2026-04-24T04:10:16.000Z,https://www.threads.com/@serli_sara2200/post/DXgCCb3iZvg,IHSG,2026-05-05T11:30:18.243536
pangeran_gareng,"Kalau kalian gimana, suka saham tipe gini juga 😬
Bekicot disini maksud ane, kalau temen temen perhatiin chart hariannya beuh cuma sisiran doang, trading halt juga minus tipis ada gonjang ganjing news IHSG ya anteng pokoknya bekicot 😆✌🏻 <== atau biasanya disebut saham anti badai
Jujur ane sebagai penganut aliran dividen investing seneng banget kalau nemu saham yang kalau ditarik 3 atau 5 tahun kebelakang harganya itu ndak sideways di range harga itu saja ✌🏻😆
Saham Bekicot Penghasil Dividen 🐌💸",2026-04-20T05:30:32.000Z,https://www.threads.com/@pangeran_gareng/post/DXV4C32kyH7,IHSG,2026-05-05T11:30:18.478719
happytrader.co,"Apakah IHSG besok senin terjadi ? 🙈
ingin berkata kasar sumpah 🤯",2026-04-02T14:02:50.000Z,https://www.threads.com/@happytrader.co/post/DWocXV3FNS5,IHSG,2026-05-05T11:30:19.003436
neliminja,"Yuk rebound yuk 🥹
Gap udah tertutup, tp buangan msh deres.
Losdol IHSG ga ada yg nahan.. Big banks merah, Konglo pun sama 🤦‍♀️",2026-04-30T03:48:30.000Z,https://www.threads.com/@neliminja/post/DXvcUTAGaBW,IHSG,2026-05-05T11:30:19.153300
irapuspita_n,"Dengan kesadaran penuh aku ijin ke paksu pengen belajar dan mengelola uang bulanan yang dia kasih , nah sebagian aku pake jual beli di pasar jawabanya
👨🏻 : boleh sayang itu kan udah jadi uang kamu mau di pake buat apa juga boleh ajah asalkan kamu seneng ga jadi beban ke kamu nya
👩🏻 : Allahumabarik meskipun di siksa sama ihsg mencoba bertahan dengan ilmu yang di ajarin papi dan kelas kelas yang aku ikutin Alhamdulillah bangga bgt aku gais 🙏🏻✨",2026-04-26T04:05:54.000Z,https://www.threads.com/@irapuspita_n/post/DXlLIQskkBB,IHSG,2026-05-05T11:30:19.299858
diki.mulijanto,"IHSG hari ini diprediksi akan hijau karena ada berita terbaru tentang MSCI dan dari geopolitik timur tengah yang sudah tidak terlalu berpengaruh ke bursa Asia, bisa dilihat bursa Asia lainnya banyak yang hijau.
Biarpun pagi ini IHSG dibuka merah tapi lebih karena imbas BBRI yang ex date hari ini turun 5%
Ditambah kemarin juga asing sudah mencatatkan net buy sebesar 124 M
Semoga ya... ✌️",2026-04-21T02:19:28.000Z,https://www.threads.com/@diki.mulijanto/post/DXYG-VwkgUs,IHSG,2026-05-05T11:30:19.437915
meizerofficial,"IHSG udah bottom bgt ini, tunggu nutup gap setelah itu 🚀",2026-04-23T05:00:31.000Z,https://www.threads.com/@meizerofficial/post/DXdi_keGfVA,IHSG,2026-05-05T11:30:19.573378
saudagar_globaluno_,"Selamat pagi
Yg sudah subuhan ..
Siapkan mental anda jam 09.00
Senin IHSG dug dug weiii...🫣
saudagar_globaluno_",2026-04-26T21:50:39.000Z,https://www.threads.com/@saudagar_globaluno_/post/DXnE-pQkqXc,IHSG,2026-05-05T11:30:19.699944
virgo.invest,"Senin bakalan berdarah parah, Total dana asing paling minim keluar dari indonesia jika mengikut kurs saat ini sekitar 42,7 Triliun rupiah 😢
#ihsg #saham #market #",2026-04-26T13:59:15.000Z,https://www.threads.com/@virgo.invest/post/DXmPBq5E_5J,IHSG,2026-05-05T11:30:19.833099
hizkiakim,"Hari ini IHSG serem banget ya, BBCA bakal dibawah 6k kyknya 🤭",2026-04-24T04:35:21.000Z,https://www.threads.com/@hizkiakim/post/DXgE6NED51X,IHSG,2026-05-05T11:30:19.941734
lutfi_andriyanto,"Aku pasang SL di 1400, harga langsung drop dari 1500 ke 1300. Ga kejual dong ternyata wkwkwk
Saat IHSG drop kemaren, baru sadar ternyata stop loss itu bisa kelewat.
lutfi_andriyanto",2026-02-01T11:59:09.000Z,https://www.threads.com/@lutfi_andriyanto/post/DUNug7PEm7A,IHSG,2026-05-05T11:30:20.249220
indahade,"Yuklaah IHSG udahan donk dropnya 🙄 & td nambah bbca di 5825, dan skrg mulai naik 😌
Adro kuat euy 👏👏, habis cumdate drop dikit & lanjut naik sesi ke 2",2026-04-30T07:35:55.000Z,https://www.threads.com/@indahade/post/DXv2V4RlO9p,IHSG,2026-05-05T11:30:20.756819
lianmaulian,"IHSG setelah menutup gap terakhir lalu sideways, ada kabar apa kira-kira yg ditunggu?",2026-04-22T08:54:02.000Z,https://www.threads.com/@lianmaulian/post/DXbY7GrFBi8,IHSG,2026-05-05T11:30:20.896986
ssamuel_rp,"Saham Pom² BAPA
*Saham volatil kelas bulu (bisa Ara-Arb) potensi msh perform :
OPMS, MDIA, PIPA, PADA, DIVA, BPTR, TRUK, BAPA
*Saham volatil dng volume besar kemarin : BNBR, PADI, TPIA, MINA
*Saham2 yg dapat di perhatikan hr ini:
BBCA, BMRI, BBRI
Perkiraan IHSG akan bergerak pada Senin (13/4) antara 7200-7500",2026-04-13T01:44:05.000Z,https://www.threads.com/@ssamuel_rp/post/DXDckFsAQZF,IHSG,2026-05-05T11:30:21.378364
friskapuccaharun,"Malah ini yang terbaik yg terpilih untuk masa saat ini menurut saya...
friskapuccaharun",2026-04-28T23:04:42.000Z,https://www.threads.com/@friskapuccaharun/post/DXsXCwmEpLL,IHSG,2026-05-05T11:30:24.826962
wendyikr,"Apanya terbaik, rupiah meroket, IHSG ancur.",2026-04-28T23:21:36.000Z,https://www.threads.com/@wendyikr/post/DXsY-hPE41r,IHSG,2026-05-05T11:30:24.959498
alditama,"Anjlok bgt ini saham BCA, average gw di 10,169 🥲 banyak investor asing pada jual krn pindah ke emiten emas. Bank lain juga kena imbasnya. Ada yang senasib ga nih?",2025-09-08T15:28:51.000Z,https://www.threads.com/@alditama/post/DOWKdABkwqq,IHSG,2026-05-05T11:30:25.138142
ferwij,"Mohon advice suhu2. Hehe
Waktunya entry beli saham ga nih? Mumpung IHSG lg jeblok. Atau masih bakal jeblok lg?",2026-01-30T00:48:55.000Z,https://www.threads.com/@ferwij/post/DUHYOMikxsk,IHSG,2026-05-05T11:30:25.300763
putra_tamura,"Even today is thursday, not Friday
😮‍💨😮‍💨😮‍💨😮‍💨
Why in the end of weekday always red....",2026-04-30T03:42:10.000Z,https://www.threads.com/@putra_tamura/post/DXvbl1SmuUT,IHSG,2026-05-05T11:30:25.479962
ekjlifestory,Wkwkwkwkwkwk disetop IHSG,2026-04-23T03:41:53.000Z,https://www.threads.com/@ekjlifestory/post/DXdZ_pemSUF,IHSG,2026-05-05T11:30:25.903919
prengky09,IHSG drop knp bang?,2026-04-23T03:52:47.000Z,https://www.threads.com/@prengky09/post/DXdbPjNE6s6,IHSG,2026-05-05T11:30:26.035157
ssamuel_rp,"Saham Pom² AGRO
*Saham volatil kelas bulu (bisa Ara-Arb) potensi msh perform :
KAQI, AGRO, IMJS, KRYA, NRCA, LABA, PJHB, LEAD, EMDE, AYLS, DEFI, CSMI
*Saham2 yg dapat di perhatikan hr ini:
ANTM
*Saham volatil dng volume besar kemarin : BNBR, BFIN
Perkiraan IHSG akan bergerak pada Jumat (17/4) antara 7400-7750",2026-04-17T01:25:37.000Z,https://www.threads.com/@ssamuel_rp/post/DXNtoXLAVbT,IHSG,2026-05-05T11:30:26.528290
alditama,"Yang hold BBCA, masih semangat serok atau dah lah auk amat?",2026-04-27T10:50:43.000Z,https://www.threads.com/@alditama/post/DXoeQBcmjuC,IHSG,2026-05-05T11:30:26.673527
utettobing,Gimana ya perasaan pemilik saham BBRI yang AVG masih 4000an +++ keatas 🤔,2026-04-24T06:25:12.000Z,https://www.threads.com/@utettobing/post/DXgRevGGVBD,IHSG,2026-05-05T11:30:26.854805
raahady_,IHSG udah sentuh 9000 tapi saham diportomu Banking semua,2026-01-08T03:34:18.000Z,https://www.threads.com/@raahady_/post/DTPBqUOkhr2,IHSG,2026-05-05T11:30:26.995372
irwandiferry,IHSG senin apa kabar? portonya apa kabar? 🥀😭,2026-02-28T16:47:12.000Z,https://www.threads.com/@irwandiferry/post/DVTw8PTkhr_,IHSG,2026-05-05T11:30:27.132276
seroksaham,ihsg jebol 7500 ada potensi tutup gap lagi 7300an ?,2026-04-23T03:05:27.000Z,https://www.threads.com/@seroksaham/post/DXdV02pE_yO,IHSG,2026-05-05T11:30:27.254879
archivenikko,Kok bisa pas ya WBSA suspended pas IHSG seanjlok ini wkwkwk,2026-04-24T04:44:21.000Z,https://www.threads.com/@archivenikko/post/DXgF8I7kbq2,IHSG,2026-05-05T11:30:27.395514
spacehsna,IHSG ada kemungkinan rebound ke 9k apa ga,2026-04-04T18:18:31.000Z,https://www.threads.com/@spacehsna/post/DWuDNvKk0xS,IHSG,2026-05-05T11:30:27.873334
eko_dok9,"bingung mau nyerok yg mana.
rekomendasinya dong ges.
mumpung IHSG lagi demam.",2026-04-20T06:44:56.000Z,https://www.threads.com/@eko_dok9/post/DXWAjwngWv6,IHSG,2026-05-05T11:30:27.995934
nadyakave,wkwk mengsedih liat IHSG merah merona.. menyala IHSG ku 🥲 serok yg mana yaaa mohon pencerahannya suhu 🙏🙏,2026-01-28T07:02:27.000Z,https://www.threads.com/@nadyakave/post/DUC5YQMEgEl,IHSG,2026-05-05T11:30:28.117252
suta.wuragil,"*Pengingat kita sebagai yang terjun di PerSahaman
Dan, akhirnya mulai nyampai angka 7,500 lebih. Euforia orang-orang mulai muncul kembali.
IHSG kemarin - kemarin naik tinggi, kemudian turun tertekan sampai 6rban.",2026-04-29T21:16:18.000Z,https://www.threads.com/@suta.wuragil/post/DXuvbvZk0Mx,IHSG,2026-05-05T11:30:31.881821
ismujurso,"Tiap IHSG koreksi/candle merah beranda selalu sepi orang flexing profit..
Apa cuma beranda Ike aja ya..
Bingun 😃😃
#ihsg #flexing #trading",2026-04-28T19:12:19.000Z,https://www.threads.com/@ismujurso/post/DXr8cuGE8pU,IHSG,2026-05-05T11:30:32.057491
sopiewdyn,"Dengan hormat,
Dimohon untuk anteng ya sampe IHSG tembus 12.000🙏🏻🙏🏻🙏🏻 mohon kerjasamanya ini mah🙏🏻🙏🏻🙏🏻
Kepada
Yth. Bapak Trump
Ditempat.",2026-04-08T14:16:35.000Z,https://www.threads.com/@sopiewdyn/post/DW36tQQEwrv,IHSG,2026-05-05T11:30:32.424405
lfitrianaa,ihsg otw 7000 :(,2026-05-01T01:58:44.000Z,https://www.threads.com/@lfitrianaa/post/DXx0jOWkrid,IHSG,2026-05-05T11:30:32.630830
mas_hani_ahmad,"Screener untuk ihsg yang sedang rungkad ""buy-pump-dump""
Tetep harus dianalisa ya
DYOR",2026-02-07T11:47:38.000Z,https://www.threads.com/@mas_hani_ahmad/post/DUdJ9vdkvmQ,IHSG,2026-05-05T11:30:32.793022
aditia.permana_,akankah minggu depan IHSG akan golden cross ke area 7800-8000?,2026-04-11T17:46:46.000Z,https://www.threads.com/@aditia.permana_/post/DXABJPZDwrC,IHSG,2026-05-05T11:30:32.938245
cecilliasantoso_,"IHSG Positif.
Positif anjlok 🫠🫠🫠
Satu²nya yang oke hari ini, dapat uang duka dari BBNI, tapi buat avgd BBNI 😂
Gitu aja terus sampai Trump jadi budeg atau ketimpuk rudal 🤧
cecilliasantoso_",2026-04-07T02:18:59.000Z,https://www.threads.com/@cecilliasantoso_/post/DW0DydFAeUp,IHSG,2026-05-05T11:30:33.212992
aashrrafff,"apakah sudah nutup gap down IHSG di bulan Mei akan rally naik? mohon pencerahannya ahli nujum,pakar ekonomi hehe",2026-04-30T10:26:05.000Z,https://www.threads.com/@aashrrafff/post/DXwJ0O-kahG,IHSG,2026-05-05T11:30:33.533158
fangdessy,"Ternyata level 7200 masih terlalu sakral bagi IHSG untuk dilewati 🥴🤧
1. Pidato Trump
2. Data HSC yang akan di rilis oleh BEI
Dua faktor yang menyebabkan pelemahan IHSG hari ini.",2026-04-02T09:30:18.000Z,https://www.threads.com/@fangdessy/post/DWn9LJPk4m6,IHSG,2026-05-05T11:30:33.709786
leeyo.nk,"Kayanya kalau dilakukan survey di IHSG, 70% Scalper, 20% Swing/ Day trade, 10% nya lagi memang benar” Investing.",2026-04-23T14:42:54.000Z,https://www.threads.com/@leeyo.nk/post/DXelpGnjyL8,IHSG,2026-05-05T11:30:33.891795
motheroftwosholihboy,"Market IHSG lagi gak baik2 aja. Bersyukur sblm libur long weekend udah tutup posisi. Mending CL sblm makin anjlok. Gatau deh senin kaya gimana #IHSG
motheroftwosholihboy",2026-04-03T03:22:32.000Z,https://www.threads.com/@motheroftwosholihboy/post/DWp34e-mpdF,IHSG,2026-05-05T11:30:34.026442
vlook_up99,Pak Pur bilang IHSG bakal ke 28ribu di 2030,2026-04-27T13:31:53.000Z,https://www.threads.com/@vlook_up99/post/DXowsg2iU-Z,IHSG,2026-05-05T11:30:34.448944
ssamuel_rp,"Saham Pom² BAPA (FCA)
*Saham volatil kelas bulu (bisa Ara-Arb) potensi msh perform :
TOOL, ASPR, OASA, GDST, ICON, INOV
*Saham volatil dng volume besar kemarin : ESIP, BNBR, APLN, BDMN, BAPA, KOTA
*Saham2 yg dapat di perhatikan hr ini:
TLKM
Perkiraan IHSG akan bergerak pada Kemis (30/4) antara 7000-7250",2026-04-30T01:52:44.000Z,https://www.threads.com/@ssamuel_rp/post/DXvPEZbAU4K,IHSG,2026-05-05T11:30:34.603709
rinn.diani25,"perkiraan IHSG stabil kapan ya guys?
mau masuk takut kejebak :)) skrg terlalu gorengan bgt IHSG wkwk",2026-02-09T04:07:23.000Z,https://www.threads.com/@rinn.diani25/post/DUhe4j-ki_w,IHSG,2026-05-05T11:30:34.725354
candra_jayadii,"Siapa lagi yg akan downgrade ya ?
Catatan 2026 IHSG crash dari 9000
Dimulai end January 28
1. MSCI mology per VOC dah Hancur.
2. Moody downgrade
3. S&P downgrade
4. Perang Iran, blokade Selat Hormuz
5. Fitch downgrade
6. ???",2026-03-04T05:31:20.000Z,https://www.threads.com/@candra_jayadii/post/DVc2xkIEt_h,IHSG,2026-05-05T11:30:34.882548
hengky.lim.9,"salah satu pemberat IHSG, yg menekan cukup dalam hingga menutup area gap yg ada, support 1 di 6.375 jebol, selanjutnya menuju area support 2 di 6000 , jika lanjut jebol kembali, maka BBCA akan menguji area support 5.425 , semakin menarikk yaaa 😍
Update 24 April 26",2026-04-24T06:24:30.000Z,https://www.threads.com/@hengky.lim.9/post/DXgRZl-Aaxw,IHSG,2026-05-05T11:30:35.062304
fahmidarmawan7,"Ini tanda market lagi “ditekan”. Dan yang bikin bahaya… banyak yang masih berharap: “Senin pasti hijau.” Padahal kalau lihat data: IHSG sudah turun sejak 20 April (7.594) Lanjut turun ke 7.541 Jatuh lagi ke 7.378
Bukan cuma 1 hari.
👉 4 hari berturut-turut turun
👉 Dari 7.600-an → ke 7.300-an
👉 Bahkan sempat kena tekanan jual besar di akhir pekan Ini bukan koreksi biasa.
IHSG baru aja jatuh tajam.",2026-04-24T05:38:38.000Z,https://www.threads.com/@fahmidarmawan7/post/DXgMJnOiSu5,IHSG,2026-05-05T11:30:35.214908
sotoaayaam,"Dulu gue mikir simpel, kalau rupiah melemah ya tinggal beli USD, SGD atau yg laen.
Investor Indo (termasuk gue):
“ini gue harus ngapain ya?”
Rupiah lagi melemah, IHSG loyo, tapi US stock malah ATH.",2026-04-26T09:10:13.000Z,https://www.threads.com/@sotoaayaam/post/DXlt9CUGQId,IHSG,2026-05-05T11:30:35.390111
sae_full.88,"Saat IHSG bullish, semua group bilang itu hasil analisanya, mereka langsung cuap2 suruh ikut group privat dan berbayar, coba waktu IHSG merah group2 langsung sepi 😇",2026-04-14T05:26:35.000Z,https://www.threads.com/@sae_full.88/post/DXGa0tZE1Gd,IHSG,2026-05-05T11:30:38.208034
galuhyudha,update tengah malam! harga minyak brent kembali naik dan harga emas pun kembali turun. nasib IHSG hari ini gimana nih setelah 2 hari merah merona? ☺️,2026-04-16T17:57:29.000Z,https://www.threads.com/@galuhyudha/post/DXM6WLvEzRD,IHSG,2026-05-05T11:30:38.352791
skystocks_,"Mumpung IHSG lagi merah waktunya nyerok nih 🥰
Siapa yang gajian bulan ini pengen masukin semua ke saham? 😂
Haloo warga threads, porto kalian aman?",2026-04-30T10:31:58.000Z,https://www.threads.com/@skystocks_/post/DXwKfZsieFT,IHSG,2026-05-05T11:30:38.528514
halalflow.id,Keadaan trader (dan holder BUMI) di IHSG seminggu kebelakang,2026-02-02T02:36:04.000Z,https://www.threads.com/@halalflow.id/post/DUPS3p3kfRO,IHSG,2026-05-05T11:30:38.683093
danniardha,"Mau kemana ini IHSG, jebol atau rebound??",2026-04-30T07:24:53.000Z,https://www.threads.com/@danniardha/post/DXv1FFvAV_4,IHSG,2026-05-05T11:30:38.843118
itsrimaas,"WnS Akankah mampu melawan IHSG yg lg merah? Ini hanya coba-coba scalping, please jangan dibully ""duit imut gitu aja sok-sok.an beli saham"" 🙏🏻 Soalnya siapa tahu dari imut gini tiap hari bisa buat beli kopi supaya ga ngantuk dikantor😁",2026-04-21T06:17:31.000Z,https://www.threads.com/@itsrimaas/post/DXYiN04lFcA,IHSG,2026-05-05T11:30:39.008648
miuka_gallery,"Buset, ini brent to the moon
Apakabar ihsg besok",2026-04-29T13:43:52.000Z,https://www.threads.com/@miuka_gallery/post/DXt7p_nkT09,IHSG,2026-05-05T11:30:39.145225
stockwise.id,"Akhirnyaaaaaa🥹✨
#ihsg #saham",2026-04-08T09:03:35.000Z,https://www.threads.com/@stockwise.id/post/DW3W4v5mIO3,IHSG,2026-05-05T11:30:39.283756
abiwidasmara,"Awas lu Trump, jangan berulah minggu depan 🤬
IHSG perlu menembus WEMA 8 untuk melanjutkan kenaikan, kalo bisa tembus semua WEMA biar bull market lagi wkwk 😂
IHSG HIJAU LAGI 🤩 APAKAH SUDAH BOTTOM?",2026-04-10T03:43:46.000Z,https://www.threads.com/@abiwidasmara/post/DW774Ickxy7,IHSG,2026-05-05T11:30:39.507379
annstwr,"Para suhu IHSG, financial experts, dan teman-temannya...mau tanya kemana kah arah IHSG saat ini?",2026-04-30T08:15:59.000Z,https://www.threads.com/@annstwr/post/DXv67V7E6Xl,IHSG,2026-05-05T11:30:39.949084
mr_prutect,"Ini penyebabnya merut asumsi gw.
Faktanya :
Asing udh outflow dari tahun lalu.. Liat noh ihsg turun beberapa banyak...
Kadang gw lucu liatnya. Hanya karena Bursa saham turun dalam. Dikit-dikit di bilang antek Asing. Dikit-dikit di bilang di kerjain..
Tolak IMF.. NEGARA KONOHA DI KERJAINN...",2026-04-27T00:22:03.000Z,https://www.threads.com/@mr_prutect/post/DXnWTk7k0wW,IHSG,2026-05-05T11:30:40.146335
zhuanmologi,"#INET
Masih berpeluang melanjutkan uptrend dengan tertahan di MA200. Buy on Weakness
Buy @294
Stoploss @262
Take Profit 406-438
#IHSG
#saham
#tradingidea
#stockpick",2026-04-13T08:01:13.000Z,https://www.threads.com/@zhuanmologi/post/DXEHuZ4gbyd,IHSG,2026-05-05T11:30:40.296866
mahasiswaelliotwave,"IHSG saat ini sedang dalam proses membentuk struktur koreksi, bukan sudah selesai sepenuhnya. Tinggal menunggu rejection aja nih di area2 penting. Selama gk break invalid area ya, jadi tetap hati-hati jgn 1 shoot yaa kalo entry 👌
mahasiswaelliotwave",2026-04-24T03:17:03.000Z,https://www.threads.com/@mahasiswaelliotwave/post/DXf78q-mVJ6,IHSG,2026-05-05T11:30:40.431415
divideninvesting.id,"Dan tdk ngapa2ain
Melihat saham2 lain terbang
Diam diri di pojokan
Apa yg dilakukan?
IHSG utamanya Indeks DIVI30 dalam pekan ini relatif hijau
divideninvesting.id",2026-04-10T04:15:55.000Z,https://www.threads.com/@divideninvesting.id/post/DW7_jk1EmHu,IHSG,2026-05-05T11:30:40.639378
khemalmalik,"Rupiah makin lemah (17000an)
Asing outflow besar besaran
IHSG balik ke 7000an
Isu MSCI & Fitch rating negatif
Tekanan geopolitik luar
Lo sadar gak ekonomi di indonesia beneran lagi gak baik-baik aja?",2026-04-28T10:17:32.000Z,https://www.threads.com/@khemalmalik/post/DXq_P7flEhS,IHSG,2026-05-05T11:30:40.811427
hengky.lim.9,"BIG BANK tulang punggung IHSG yg kian renta ketika masuk ke area 5000an , kalau kita lihat penurunan saat ini masih belum akan selesai sampai muncul area konsolidasi kuat, jadi area support kuat BBCA selanjutnya ada di 5.400 - 5.425 yg merupakan support di akhir September 2020 artinya BBCA sampai ke harga terendah 6th lalu , jadi buat yg mau masuk BBCA bisa tunggu dlu yaa, jgn habis2kan peluru dlu 😁
Update 01 Mei 26",2026-05-01T00:57:07.000Z,https://www.threads.com/@hengky.lim.9/post/DXxtf3kAXm-,IHSG,2026-05-05T11:30:41.213632
rahma.nadk1,IHSG berdarah 📉 dollar naik 📈 pertanda apa ini ? 🫣,2026-04-23T03:54:54.000Z,https://www.threads.com/@rahma.nadk1/post/DXdbe-ik99Z,IHSG,2026-05-05T11:30:41.386702
mang.amsi,"AWAL TAHUN OPTIMIS… SEKARANG PORTOFOLIO MALAH BIKIN ""NANGIS""?",2026-04-07T09:51:40.000Z,https://www.threads.com/@mang.amsi/post/DW03mFFkZPX,IHSG,2026-05-05T11:30:41.534188
mang.amsi,"Sampai akhirnya sekarang di bawah 7.000. Dan di titik ini, banyak yang baru sadar: ini bukan sekadar koreksi biasa.
Dari awal tahun 2026, IHSG tidak langsung jatuh. Dia turun pelan. Dari 9.000-an, sempat dianggap “koreksi sehat."" Lalu turun lagi, dibilang “kesempatan buy.""",2026-04-07T09:51:40.000Z,https://www.threads.com/@mang.amsi/post/DW03mHTkSbB,IHSG,2026-05-05T11:30:41.694469
suwastika_03,Aku hari ini dah nadzar klo MDIA ARA . Alhamdulillah ara 😍 saatnya menunaikan nadzar .,2026-04-20T09:08:17.000Z,https://www.threads.com/@suwastika_03/post/DXWQ9pIj-Q6,IHSG,2026-05-05T11:30:44.673860
ekjlifestory,Mantap!!! Panutan sy ini! IHSG merah tetap dijambak jg 🤣🤣🤣,2026-04-20T09:11:41.000Z,https://www.threads.com/@ekjlifestory/post/DXWRWnOGeO8,IHSG,2026-05-05T11:30:44.838427
alpabelle,"Gue heran kenapa beritanya jelek kok bisa IHSG ijo kuat ya ?
Padahal pagi tadi udah ga mood scalping
Mungkin ada yang mau bantu tambahin penjelasannya ? 🙏🏻",2026-04-14T06:31:14.000Z,https://www.threads.com/@alpabelle/post/DXGiOLGlIZc,IHSG,2026-05-05T11:30:44.980240
ineeeed_,Wah amin dah mina,2026-04-22T06:07:13.000Z,https://www.threads.com/@ineeeed_/post/DXbF1UZlPIr,IHSG,2026-05-05T11:30:45.116495
growingtrade.saham,"ES udah mulai muncul nahan harga, bid udah keisi bigplayer 🚀
Syarat IHSG tidak breakdown 7500
growingtrade.saham",2026-04-22T06:19:58.000Z,https://www.threads.com/@growingtrade.saham/post/DXbHSo4Ellw,IHSG,2026-05-05T11:30:45.248545
verona.valencia99,"IHSG lagi merah, saat nya belanja?
verona.valencia99",2026-04-24T10:07:14.000Z,https://www.threads.com/@verona.valencia99/post/DXgq46LCYCa,IHSG,2026-05-05T11:30:45.506139
rich_riyan,"sakit cuuk IHSG, abis smua saham kena SL wkwk. tersisa naga WBSA yang masih dikandang",2026-04-30T03:45:18.000Z,https://www.threads.com/@rich_riyan/post/DXvb84xEa7h,IHSG,2026-05-05T11:30:45.625701
jagosahamindonesia,"Ini bukan sekadar berita, ini soal trust global.
MSCI masih “nahan” Indonesia di review Mei 2026… tapi BEI bilang ada progres 👀
IHSG pernah jatuh 7% dalam sehari gara-gara satu isu.
Sekarang, ceritanya belum selesai.
jagosahamindonesia",2026-04-21T04:55:18.000Z,https://www.threads.com/@jagosahamindonesia/post/DXYYzqViQ8t,IHSG,2026-05-05T11:30:45.820629
henipurwasih,"Tiap hari liat IHSG bawaannya koq deg2an yaa naik deg2an, turun lebih deg2 seeerrr..",2026-04-30T07:56:21.000Z,https://www.threads.com/@henipurwasih/post/DXv4rkGmQgq,IHSG,2026-05-05T11:30:45.976440
rizkyrichkaka,"Semua metode benar, yang salah itu yang gak hafal Pancasila
Kalo posisi IHSG turun gini, scalper senyum2 yang sudah TP pagi, Daytrader harap-harap cemas, Swinger : Wait and See, Investor : Bodo Amat",2026-04-23T05:13:37.000Z,https://www.threads.com/@rizkyrichkaka/post/DXdkfhuEyxK,IHSG,2026-05-05T11:30:46.131487
nataliegraciaa,Guys kalian tim CL atau serok atau wait n see nih dikala ihsg melorot gini?,2026-03-06T12:25:35.000Z,https://www.threads.com/@nataliegraciaa/post/DVivxWGCfXN,IHSG,2026-05-05T11:30:46.255167
momshappyspace,"Ceritanya jadi IRT yang mau mulai belajar Trading saham di akhir2 Januari 2026
Eh bbrp hari kemudian anjlok 😅. floating lost lgsung panik. jual rugi. Wlo cm tus2 ribu sih. feb mulai lg.. eh turun lg. cutloss lg.
Trus maret.. tau2 perang.. nyungsep lg. Baru jg mulai pas pula kondisi ihsg tak menentu. sambil belajar2 sendiri. Lihat2 broker flow. Lihat chart.dll
Pgen pintar analisa
April naik turun saham, bisa dpt segini (modal 8 jt). Lumayan😍. Pgn nambah modal, kira2 IHSG udah bottom blm ya?",2026-05-01T03:30:19.000Z,https://www.threads.com/@momshappyspace/post/DXx_B-BkaoL,IHSG,2026-05-05T11:30:46.995410
kaptensaham707,IHSG ada gap di 6100 & 6500.,2026-04-24T03:15:32.000Z,https://www.threads.com/@kaptensaham707/post/DXf7xi7EXI4,IHSG,2026-05-05T11:30:47.157986
ssamuel_rp,"Saham Pom Pom BAPA
*Saham volatil kelas bulu (bisa Ara-Arb) potensi msh perform :
KRYA, DEFI, MEDS, HALO, LCKM, BIPP, INDX, RODA, CSMI, ENZO. BAIK, KICI
*Saham volatil dng volume besar kemarin : MDIA, KOTA, BAPA
*Saham2 yg dapat di perhatikan hr ini:
BBRI. BBCA
Perkiraan IHSG akan bergerak pada Selasa (21/4) antara 7400-7750",2026-04-21T00:42:19.000Z,https://www.threads.com/@ssamuel_rp/post/DXX72xcAaht,IHSG,2026-05-05T11:30:47.344519
stocks_ninja.id,"#ihsg
Kalau dari news yang beredar, harusnya hari ini news nya positif, semoga ijo tebel 🚀",2026-04-06T23:45:47.000Z,https://www.threads.com/@stocks_ninja.id/post/DWzyQXrkiKk,IHSG,2026-05-05T11:30:47.489451
bewithayu,"- 22 Mei 2026 (FTSE Semi-Annual Review)
Penentuan perubahan komposisi saham Indonesia dalam indeks global untuk implementasi Juni.
- 12 Mei 2026 (MSCI Review)
Momentum paling dinanti karena keputusan MSCI sebelumnya sempat menekan IHSG.
- 7 April 2026 (FTSE Russell Review)
Penentuan klasifikasi Indonesia, apakah tetap di kategori Emerging Market atau berisiko turun ke Frontier Market.
*3 Tanggal Penting yang Perlu Kamu Perhatikan*",2026-04-01T14:22:55.000Z,https://www.threads.com/@bewithayu/post/DWl53edEskY,IHSG,2026-05-05T11:30:47.677453
ssamuel_rp,"Saham Pom² BAPA
*Saham volatil kelas bulu (bisa Ara-Arb) potensi msh perform :
PADA, NAIK, PTMP, ASPR, KOCI, LAPD, DOOH, PSKT, LUCK, NTBK, BOBA, KJEN, NETV, LMPI, CITY
*Saham volatil dng volume besar kemarin : PTRO, ESIP, PPRE
*Saham2 yg dapat di perhatikan hr ini:
MDKA, BBNI, INCO
Perkiraan IHSG akan bergerak pada Rebu (29/4) antara 7000-7250",2026-04-29T01:49:37.000Z,https://www.threads.com/@ssamuel_rp/post/DXsp6rbEXQc,IHSG,2026-05-05T11:30:47.858030
usamah_27,"setelah sekian lama akhirnya ihsg kembali menghijau dan sampe 3%an, katanya gara” gencatan senjata as-iran, dan itu berdampak positif bagi saham kita, nah skrg gua bingung apakah ihsg udah mulai turnaround atau ini cuma sementara aja?, dan saham gua itu blom kejemput setelah kenaikan hari ini, so better gua cutloss aja atau hold dulu aja ya?🥲🙏",2026-04-08T06:43:45.000Z,https://www.threads.com/@usamah_27/post/DW3G4ncE5B0,IHSG,2026-05-05T11:30:48.012556
kuntoajiw,"Sedang menimbang, cash ngendap di RDN ihsg buat siap-siap balik arah, atau beralih ke aset lain.",2026-03-27T07:35:39.000Z,https://www.threads.com/@kuntoajiw/post/DWYTSPLkbCV,IHSG,2026-05-05T11:30:50.783833
irwandiferry,alih aja udah,2026-03-27T08:38:47.000Z,https://www.threads.com/@irwandiferry/post/DWYagnykmuV,IHSG,2026-05-05T11:30:50.944361
minakautsarr,"Ihsg lagi turun, kalian buy apa gais?",2026-04-24T13:41:42.000Z,https://www.threads.com/@minakautsarr/post/DXhDbtDFFpq,IHSG,2026-05-05T11:30:51.213627
wins.dixy,Hapcuu mdia kota emas admg masih malu malu mba ..😍,2026-04-20T08:53:21.000Z,https://www.threads.com/@wins.dixy/post/DXWPQQCEiyM,IHSG,2026-05-05T11:30:51.348670
andaraarie,"Barakallah ❤ Aku hari ini ambil bipp sama admg dulu mbak, tatuuut IHSG merah lagi 🤭😁",2026-04-20T09:18:00.000Z,https://www.threads.com/@andaraarie/post/DXWSE3FkjOD,IHSG,2026-05-05T11:30:51.492202
pandhuadjisurya,"Mari kita lihat dari chart saja.
Pertanyaannya:
Ini awal bullish?
Atau cuma dead cat bounce / bull trap?
IHSG kemarin ditutup +4.42% ke 7.279.Kenaikan besar. Naik hampir seharian. Close di dekat high.
Kemana arah IHSG hari ini?",2026-04-08T23:39:38.000Z,https://www.threads.com/@pandhuadjisurya/post/DW47JJiE6VV,IHSG,2026-05-05T11:30:51.699844
wiekoko,"Saya duluan yah, average 8.700, floating loss 30% 😁
'Raksasa' IHSG pun sahamnya menurun terus. Penasaran nih, kira2 teman2 Average nya si angka berapa?",2026-04-24T04:33:39.000Z,https://www.threads.com/@wiekoko/post/DXgEtw4kiKu,IHSG,2026-05-05T11:30:51.860903
kokotrader.id,"Aku buat platform ini untuk bisa belajar bareng, kalo kalian serius mau belajar bisa komen aja ya
IHSG drop begini pada bingung harus apa?
Biasanya pada bingung:
- Cutloss atau hold
- Serok saham apa",2026-03-06T06:32:27.000Z,https://www.threads.com/@kokotrader.id/post/DViHW7lEhon,IHSG,2026-05-05T11:30:52.040442
meiza.aditya,"2. 💰 Aksi Asing (Foreign Flow)
• Asing cenderung net sell tipis
• Biasanya ini bikin saham big caps kayak:
1. 🌏 Sentimen Global Masih Nahan
• Pasar lagi nunggu arah suku bunga dari Federal Reserve
• Yield obligasi US masih relatif tinggi → bikin dana asing agak hati-hati masuk ke emerging market kayak Indonesia
Kenapa? Ini faktor utamanya:
IHSG hari ini cenderung bergerak campuran (sideways) dengan kecenderungan agak melemah tipis di sesi akhir.
📊 Kondisi IHSG Hari Ini sangat menarik🔥",2026-04-14T11:24:50.000Z,https://www.threads.com/@meiza.aditya/post/DXHD0mRmoqD,IHSG,2026-05-05T11:30:52.235032
seroksaham,"High risk High return ,saya baru msuk saham ini kmaren,suhu teknikal tidak akan berani masuk apalagi klo buka tf monthly 😁 tpi aku bukan suhu teknikal ,aku suhu penghayal 🚀 #dyor",2026-05-01T16:02:52.000Z,https://www.threads.com/@seroksaham/post/DXzVJy8k9A4,IHSG,2026-05-05T11:30:52.625758
rich.ritel,"Kondisi seperti ini bukan ajakan panik, juga bukan ajakan sok berani bottom fishing.
Siapa yang terlalu penuh saham.
Siapa yang pakai leverage tanpa ruang napas.
Siapa yang beli karena ikut ramai.
Siapa yang punya cash, rencana, dan mental buat nunggu.
Yang kelihatan adalah posisi.
Waktu IHSG turun, rupiah tembus level psikologis, minyak naik, dan asing keluar besar-besaran, yang kelihatan bukan cuma angka di portofolio.",2026-04-30T14:29:50.000Z,https://www.threads.com/@rich.ritel/post/DXwltjnkYvU,IHSG,2026-05-05T11:30:53.091566
raahady_,Mau keluarin berita apalagi nih IHSG kelihatan udah strong pertanda bottom sudah didepan mata,2026-04-06T04:10:08.000Z,https://www.threads.com/@raahady_/post/DWxrtrUoP1S,IHSG,2026-05-05T11:30:53.214092
bestiesaham.id,"Menurut kalian, besok bakal kebakaran atau lanjut rally??",2026-04-12T17:24:06.000Z,https://www.threads.com/@bestiesaham.id/post/DXCjWNNkre7,IHSG,2026-05-05T11:30:53.348632
imamyogaaa,"Saya sudah rangkumin poin-poin krusialnya di sini.""
Catatan penting dari sesi Live Koh MY: Ada satu pola Price Action.
Ketakutan terbesar muncul dari isu geopolitik dan kebijakan energi global yang mencekik.
Banyak yang mengira ini akhir dari market Indonesia karena penurunan mencapai -23%.
IHSG SEDANG BERDARAH DAN SEMUA ORANG PANIK JUAL RUGI.",2026-03-29T05:13:38.000Z,https://www.threads.com/@imamyogaaa/post/DWdMnyfEU9k,IHSG,2026-05-05T11:30:53.542213
ssamuel_rp,"Saham Pom² KUAS
IPO WBSP
*Saham volatil kelas bulu (bisa Ara-Arb) potensi msh perform :
MSIN, ESIP, MSKY, SWID, LAPD, CTTH, SDMU, , PEGE, PMUI, HDFA
*Saham volatil dng volume besar kemarin : DSSA, KUAS, BREN, TPIA, OASA
*Saham2 yg dapat di perhatikan hr ini:
TLKM
Perkiraan IHSG akan bergerak pada Jumat (10/4) antara 7100-7400",2026-04-10T01:54:41.000Z,https://www.threads.com/@ssamuel_rp/post/DW7vZJVEZdj,IHSG,2026-05-05T11:30:54.054190
jurnaltrader.id,"Coba terjemahkan dengan bahasa teknikal kerenmu... ☺
Ini chart IHSG pagi ini.
Katanya sebuah gambar lebih berarti dari sejuta kata.",2026-04-23T03:43:17.000Z,https://www.threads.com/@jurnaltrader.id/post/DXdaJ7HEqjn,IHSG,2026-05-05T11:30:54.209235
theferdians,"(bukan rekomendasi jual beli ya)
BREN : 6000
BRPT : 2700
CDIA : 1450
CUAN : 1500
PTRO : 7000
TPIA : 6000
BREN badan segede gitu naik 12.5% tp IHSG naik ""cuma"" 0.25%, berarti lagi ada yang nyungsep banget ini 🙄
BREN CUAN otw euy.",2026-04-09T08:44:49.000Z,https://www.threads.com/@theferdians/post/DW55iIYlNIl,IHSG,2026-05-05T11:30:54.627785
theferdians,"(bukan rekomendasi jual beli ya)
BREN : 6000
BRPT : 2700
CDIA : 1450
CUAN : 1500
PTRO : 7000
TPIA : 6000",2026-04-07T03:32:35.000Z,https://www.threads.com/@theferdians/post/DW0MNm3Ehrh,IHSG,2026-05-05T11:30:54.819651
frans_iko,"Kata Bpk Prabowo, “Ada yang mau kabur? Kabur aja ke Yaman”
BBRI turun 2.990
BBCA jeblok ke 5.850
1 USD setara Rp 17.321
IHSG drop di bawah 7.000 menjadi 6.956
Dapur MBG tutup dapat insentif Rp 6 juta/hari
Bunga utang 2026 hampir Rp 600 triliun",2026-04-30T10:31:29.000Z,https://www.threads.com/@frans_iko/post/DXwKb13j4-n,IHSG,2026-05-05T11:30:57.947814
verona.valencia99,"Lets face IHSG today 🤣
verona.valencia99",2026-04-27T23:33:54.000Z,https://www.threads.com/@verona.valencia99/post/DXp1l0dk-N5,IHSG,2026-05-05T11:30:58.672328
bayuardiyan,Ada apa nih dengan market? Seumur-umur baru ngerasain IHSG sehancur ini,2026-01-28T05:02:25.000Z,https://www.threads.com/@bayuardiyan/post/DUCrpKfAYFv,IHSG,2026-05-05T11:30:58.803851
pandhuadjisurya,"Kalau IHSG Merah, second liner bisa jadi pilihan.
Sebagian besar yang bentuk double bottom udah di neckline, tunggu konfirmasi.
Kenapa? Karena akan banyak ditemukan pattern double bottom. Pattern yang kebentuk karena :
- Rally IHSG di area 8000-9000ish (+)
- Sentimen MSCI, FTSE akhir Januari (-)
- Recovery di Februari (+)
- Konflik US Iran di Maret (-)
- Recovery lagi di April (+)
Secara teknikal emang sebenernya mayoritas saham di IHSG sekarang dalam “trend / confirmed to bullish”.",2026-04-21T08:31:40.000Z,https://www.threads.com/@pandhuadjisurya/post/DXYxkWUEbbf,IHSG,2026-05-05T11:30:59.143332
viviverlisya,"Anggaran MBG gak boleh di cut tetep yak 😋
Rupiah terlemah sepanjang sejarah, IHSG breakdown, APBN defisit",2026-04-24T03:28:00.000Z,https://www.threads.com/@viviverlisya/post/DXf9M1Rkpv5,IHSG,2026-05-05T11:30:59.669173
ekjlifestory,"DYOR!!!! 😆
Intinya:
Index AS sudah ATH. Perang ini secara hasil AS di atas angin. Terlepas ada impactnya atau tidak ke negara kita, semoga kondisi2 begini cpt hilang. Jadi faktor2 yg bisa memengaruhi IHSG berkurang dulu. HAHAHAHA.
- Alasan: buang2 waktu & kerja WKWK.
- Iran dinilai terpecah scr internal.
- Tidak jelas siapa pemimpinnya.
- AS merasa pegang kendali.
- Kalau butuh, mereka yg undang AS.
UPDATE!: Trump tunda diskusi ke Islamabad. 😅",2026-04-26T05:00:49.000Z,https://www.threads.com/@ekjlifestory/post/DXlRafGAQjM,IHSG,2026-05-05T11:30:59.862116
dm7saham,"Mau ihsg merah atau ijo, InsyaAllah selalu ada jalan untuk tp 😆📸🔥",2026-04-09T06:41:37.000Z,https://www.threads.com/@dm7saham/post/DW5rb5SFKnb,IHSG,2026-05-05T11:31:00.478718
aji_setiawan9224,"Alhamdulillah sudah terjun di saham saat ATH IHSG di 9000 & mengalami beberapa kali koreksi besar, shg mendapat banyak pelajaran & pengalaman.
Mulai cara entry itu bertahap, jangan all-in di satu harga, sabar masuk, sabar keluar, belajar compounding, belajar enggak greedy, hingga belajar trading plan.
Semoga di minggu terakhir April bisa nambah2 yg bisa di TP.
aji_setiawan9224",2026-04-25T10:26:59.000Z,https://www.threads.com/@aji_setiawan9224/post/DXjR8b_Enpq,IHSG,2026-05-05T11:31:00.604414
susanasrihandayani,"Lagi meeting nengok IHSG seger bener
Hijau2
Apalagi
MINA
INCO
GTSI
HUMI
LSIP
ARCI
ANTM
PTRO
INDF
Dll
susanasrihandayani",2026-04-14T02:25:13.000Z,https://www.threads.com/@susanasrihandayani/post/DXGGETvCaoV,IHSG,2026-05-05T11:31:00.757496
shangrilamahda,"mental udah cukup tebal atau masih panikkk? wkwkwkwk
ada alumni investor IHSG zaman pandemi covid? 🤣🙋🏻‍♀️💅😇",2026-02-02T15:58:58.000Z,https://www.threads.com/@shangrilamahda/post/DUQuwQtD7Ud,IHSG,2026-05-05T11:31:00.943077
itsyulis,Lucu bgt hari hari liat IHSG terjun trs wk dah bodo amat,2026-04-07T10:35:21.000Z,https://www.threads.com/@itsyulis/post/DW08mA4iavz,IHSG,2026-05-05T11:31:01.179899
angelica.jonatan,"ada yang udah mulai BEP dari sangkut kemarin? atau malah udah cuan?
WOWWW IHSG 2,2%
strong yaa
angelica.jonatan",2026-04-14T03:50:10.000Z,https://www.threads.com/@angelica.jonatan/post/DXGPyfEEa3o,IHSG,2026-05-05T11:31:04.522868
hermantosardan,"Intinya ngga ada deal ya gaess, bsok pagi pegangan lagii
Sementara POV Iran, mereka menolak pola keserakahan US dan permintaan berlebihan dari US seperti kontrol bersama selat Hormuz dan pemusnahan program nuklir Iran
UPDATE ! No deal. No breakthrough. Wapres US JD Vance mengkonfirmasi perundingan 21 jam dengan Iran, berakhir tanpa kesepakatan apapun. Iran menolak ""Red Lines"" dari US dan tdk menerima term apapun dari US",2026-04-12T03:48:50.000Z,https://www.threads.com/@hermantosardan/post/DXBFXLbEQ8q,IHSG,2026-05-05T11:31:04.695081
agungpharm,"Malamnya Indeks S&P 500 turun, sektor IT dan perbankan di US ikutan turun dan selasa IHSG dapat efek merah dari market US di senin malam.
Besok pagi sektor komoditas rally lagi, sektor perbankan dan konglo koreksi, dan IHSG merah.",2026-04-12T04:14:21.000Z,https://www.threads.com/@agungpharm/post/DXBI95rAZQP,IHSG,2026-05-05T11:31:04.838623
nuranzka,"Rupiah 17.034, ihsg 6900 mungkin prabowo juga belum tau. Soalnya CEO Mbg taunya indonesia negara yang besar, rakyatnya terbahagia di dunia.
Kalo mulai banyak yg protes tinggal adain pesta rakyat, sembako gratis yg anggarannya “pokoknya ada”.",2026-04-06T08:38:48.000Z,https://www.threads.com/@nuranzka/post/DWyKddQEktk,IHSG,2026-05-05T11:31:04.982833
happytrader.co,"Happy cuan semua hari ini mantep yaa,
Semoga besok ada good news 🔥
IHSG 12.000 didepan mata 🚀",2026-04-06T09:16:27.000Z,https://www.threads.com/@happytrader.co/post/DWyOxT7lL-k,IHSG,2026-05-05T11:31:05.113871
imamyogaaa,"SIAP UNTUK SESI 2 IHSG 📈
SESI 1 CUAN DI SAHAM:
LCKM +34% ARA 🚀
LAND +29% ✅
BIPP +23% ✅
RODA +21% ✅
KOTA +20% ✅
ENZO +14% ✅
By Modul Screener Ultimate - Ara Hunter. 📦",2026-04-21T05:17:31.000Z,https://www.threads.com/@imamyogaaa/post/DXYbWUokXa9,IHSG,2026-05-05T11:31:05.277562
diki.mulijanto,"Tau2 uda minus 2% aja ini IHSG,
Tenang man teman jangan panik ini cuma ""KOREKSI SEHAT""
Kalau GA SEHAT panggilkan dokter 😅",2026-04-23T08:08:33.000Z,https://www.threads.com/@diki.mulijanto/post/DXd4gxjEupa,IHSG,2026-05-05T11:31:05.394826
gymnastiarrem,"Tenang aja IHSG ttp Strong soalnya asing lagi BSJP jga 😂
Market mulai memberikan ketidakpastian ya, padahal baru aja gencatan senjata. Israel dah nyerang lagi aja.🗿",2026-04-09T00:07:28.000Z,https://www.threads.com/@gymnastiarrem/post/DW4-VCQkoNN,IHSG,2026-05-05T11:31:05.532416
rumatela05,"Senin rebound ???
⚠️Breaking, BREN & DSSA resmi didepak.",2026-04-24T11:11:24.000Z,https://www.threads.com/@rumatela05/post/DXgyO40kjsF,IHSG,2026-05-05T11:31:05.994181
thaanya__,"dua minggu ini setelah LK rilis, gua putusin buat bedah pake bantuan Claude Pro dan Gemini Pro, gua bedah bener2 dari QoQ, YoY, dsb, dan ternyata laporan keuangan bener2 salah satu cerminan pergerakan harga saham kenapa bisa terbang
waktu itu market gampang banget, tapi dari 2025, IHSG ngalamin 2x crash besar😂, mungkin ada yang masih floating loss meskipun ihsg udah rally beberapa hari ini,
Dari 2021 gua start belajar sampai sekarang, gua sadar satu hal, LAPORAN KEUANGAN itu ga pernah bohong",2026-04-14T12:14:00.000Z,https://www.threads.com/@thaanya__/post/DXHJcofj8CL,IHSG,2026-05-05T11:31:06.172628
adiyatnaagung,"IHSG Merah
Besok saham yg akan turun dalam saham pak PP, DSSA, yg free floatnya dibawah 10% pada turun dalam. Mungkin ada efeknya ke yg lain, karena BREN dan DSSA market capnya besar.",2026-04-05T12:43:20.000Z,https://www.threads.com/@adiyatnaagung/post/DWwBpmoE2qc,IHSG,2026-05-05T11:31:06.463964
nisa_elvia.wintami,"Senin besok bagaimana menurut kalian ?
Evaluasi apa kita hari ini ?
Hi Threaders IHSG
nisa_elvia.wintami",2026-04-12T13:02:08.000Z,https://www.threads.com/@nisa_elvia.wintami/post/DXCFXcpD0zc,IHSG,2026-05-05T11:31:06.635212
shobry11,"📉 IHSG Tumbang Dalam, Market Lagi Nggak Ramah…
Hari ini bukan soal cuan… tapi soal bertahan IHSG ditutup di 7,129 (-3.37%), tekanan jual brutal, merahnya nggak nanggung.
🔴 1.080 saham turun 🟢 Cuma 138 yang naik 💸 Value 24T, tapi dominan distribusi Chart-nya?
Turun pelan tapi pasti… kayak kepercayaan investor yang mulai goyah.
📌 Artinya apa? Ini bukan sekadar koreksi biasa — ini tanda market lagi risk-off mode. Big money keluar, retail cuma bisa nonton… atau ikut panik.",2026-04-24T13:40:04.000Z,https://www.threads.com/@shobry11/post/DXhDP14iXKh,IHSG,2026-05-05T11:31:07.035109
_michaelyeoh,"Dan ini membuat GAP yg lebar..baik dari return saham, maupun return investor..
Tapi faktanya, kebanyakan saham berada dalam zona merah, dan yg hijau berada di angka yg jauh 3 digit..
IHSG mencatatkan kenaikan YTD +22,12%..
Secara teori, seharusnya semua saham mengalami kenaikan yg dekat dengan angka 22%..",2025-12-23T04:51:08.000Z,https://www.threads.com/@_michaelyeoh/post/DSl9u-LEQ1h,IHSG,2026-05-05T11:31:07.205675
happytrader.co,"Market luar ijo pekat,
Besok IHSG gimana simpulkan sendiri 😎",2026-04-08T14:33:44.000Z,https://www.threads.com/@happytrader.co/post/DW38q1rlC4x,IHSG,2026-05-05T11:31:07.354215
ssamuel_rp,"Saham Pom² BAPA
*Saham volatil kelas bulu (bisa Ara-Arb) potensi msh perform :
ZATA, LAND, DEFI, BIPP, KUAS, INCF, RODA, ENZO, POLA, LCKM. CTTH, GRPH, KICI, BABY
*Saham volatil dng volume besar kemarin : BNBR, BRPT, BULL, KOTA, SSIA
*Saham2 yg dapat di perhatikan hr ini:
BMRI. BBCA
Perkiraan IHSG akan bergerak pada Rebu (22/4) antara 7400-7750",2026-04-22T01:26:49.000Z,https://www.threads.com/@ssamuel_rp/post/DXalvivgT9B,IHSG,2026-05-05T11:31:07.538787
hafidzoaya,mencoba melupakan ihsg hari ini malah diingetin layar segede gaban 😔😔😔,2026-03-13T11:10:56.000Z,https://www.threads.com/@hafidzoaya/post/DV0oyzuD-LR,IHSG,2026-05-05T11:31:07.704500
suwastika_03,Apalgi terkahir. Dibawa terbang MG bnbr eh merosot tp aman aja sih ga nyentuh avg . Cuma gatau kerasa capek,2026-04-15T12:36:14.000Z,https://www.threads.com/@suwastika_03/post/DXJwyYqj0Tg,IHSG,2026-05-05T11:31:10.449368
ekjlifestory,"Tp ga tau jg konglo lihai2. HAHAHAHA kita yg hrs atur posisi. 😭😭😭
Semangat kak. Tondo2nya dah ada ini kemarin IHSG pertama x netSell asing 48B sejak 8April. Today keluar 400B kalo ga salah. Udh dekat resist itu BNBR.",2026-04-15T12:53:23.000Z,https://www.threads.com/@ekjlifestory/post/DXJywAfmZDA,IHSG,2026-05-05T11:31:10.614272
joe.nanto,Apakah ihsg kita masuk frontier market,2026-04-06T04:52:04.000Z,https://www.threads.com/@joe.nanto/post/DWxwgy8gC9h,IHSG,2026-05-05T11:31:10.839717
meryn_agasi,"Diluar IHSG yang tiba2 jeblug dan porto sahamku lebih minus dari biasanya 😂, seneng juga hari ini gajianku dari Sukuk total 1.250 an. Aku gak kerja aku lebih seneng memvalidasi diriku aku harus punya gajian tetap.",2026-01-12T10:53:38.000Z,https://www.threads.com/@meryn_agasi/post/DTaHHj3kgz0,IHSG,2026-05-05T11:31:10.993770
gdebp,"IHSG rontok.
Emas terbang.
Crypto jungkir balik.
Properti ke mana?
Tenang. Dia nggak ke mana-mana. Dan justru itu poinnya.
Real Estate Investment",2026-01-30T22:32:06.000Z,https://www.threads.com/@gdebp/post/DUJtXD5E1pz,IHSG,2026-05-05T11:31:11.336426
dikkaantons,"Dalam negeri:
Data High Shareholding Concentration (HSC) summary = BAD SENTIMENT, ini DSSA & BREN masuk kesini bisa outflow gede. High probability dikeluarin dari MSCI, fund & ritel berebut kabur = gap down Senin besok.
Bahayanya BREN & DSSA ini top 3 big caps, pembobotan ke IHSG berat = jadi indeks bakal keseret merah = trigger algo asing untuk ikutan sell = turun makin parah. Sampai kapan? Belum tau harus cek realtime.
Update kondisi terbaru ada beberapa sentimen dalam & luar negeri.",2026-04-05T17:15:20.000Z,https://www.threads.com/@dikkaantons/post/DWwgxzjgTdb,IHSG,2026-05-05T11:31:11.494494
wahana.print,"Terimakasih Pak Prabowo... 👍👍👍👍👍👍
tp negara kita baik2 saja, tidak ada Indonesia Gelap, yang ada Indonesia terang, menuju Indonesia Emas 2045💪💪
💵 Dolar AS tembus Rp 17.360
📅 17 Juli jatuh tempo utang Rp 833 T
🏦 Total utang Rp 9.658 T
💰 Bunga utang Rp 599 T
📉 IHSG anjlok ke 7.129
🏭 Harga plastik naik 50%
🔥 Gas LPG non-subsidi naik 18%
⛽ BBM non-subsidi naik 40–60%
Cuma mau kasih tau:",2026-04-30T16:47:53.000Z,https://www.threads.com/@wahana.print/post/DXw1grhCdRf,IHSG,2026-05-05T11:31:11.656365
rinelrhy,"Ngumpulin oasa hampir 2 minggu dengan conviction dia udah di harga support dari double top sebelumnya. Lalu lock ara today✈️ kalau ga kebongkar dan ihsg reversal, bisa buat bsjp ini✅",2026-04-08T07:21:16.000Z,https://www.threads.com/@rinelrhy/post/DW3LLWMknIu,IHSG,2026-05-05T11:31:11.915624
onniechi,"Mereka yang sirik sama saham konglo, silahkan bopong IHSG sendiri deh eh ada Danatara katanya tp belom jelas keberadaannya. Masih sebatas bacot saja. Kita tnggu sampe bsk, skrg boleh tutup laptop. wakakaka",2026-02-02T04:37:39.000Z,https://www.threads.com/@onniechi/post/DUPgyIDkn4U,IHSG,2026-05-05T11:31:12.033160
ekjlifestory,"Jgn terus jadi penonton. 🦅
Kalo besok merah, dua hari lg merah, siapkan posisi. Masuk cicil. Minggu depan dikasih hijau? Ya TEPE TEPE TEPE. 🍕🍺
BUSET!!! IHSG naik 3%? Nikmati! 🍺
Jgn lupa TEPE TEPE TEPE.",2026-04-08T05:56:01.000Z,https://www.threads.com/@ekjlifestory/post/DW3Ba7JGXvx,IHSG,2026-05-05T11:31:12.580630
papaganbaa,"#DYOR #IHSG Bukan ajakan jual beli saham
1. GZCO saya pilih karena sentimen mandatory penggunaan B50.
2. JGLE saya pilih karena sentime rencana Right Issue di harga Rp,50
nantikan perjalanan investasi kami ya, jadilah saksi perjalanan kami.
Halo saya seorang papah yg sedang berusaha merubah THR anak saya dari 3jtann diusahakan menjadi xxxjuta 😎,mari ikuti perjalanan investasi saya kedepanya. Ini adalah hasil rekap dari perjalan investasi minggu ini 😊.",2026-04-10T09:34:48.000Z,https://www.threads.com/@papaganbaa/post/DW8kDIskgyG,IHSG,2026-05-05T11:31:12.748784
rizkiakbr,ASTAGAAA INI SAHAM BEGINI SEMUA HARI INI?! KAPAN DAH IHSG 9 REBU LAGI 🥺,2026-04-30T04:17:43.000Z,https://www.threads.com/@rizkiakbr/post/DXvfqOBk-_G,IHSG,2026-05-05T11:31:12.879844
crisliung,IHSG udh berhasil breakout dari downtrend nya dengan volume besar. Saatnya masuk atau tunggu koreksi?,2026-04-14T09:50:19.000Z,https://www.threads.com/@crisliung/post/DXG5AU5kSco,IHSG,2026-05-05T11:31:13.444612
profgilang,"*note: bukan rekomendasi jual beli saham, siap jadi badut IHSG 🤡*
When was the last time this happened? Maybe the last time is this year. Seatbelts fastened.
To me, it's the perfect time to rotate and diversify after the rally in commodity and energy stocks. And I'm diving in to collect banks on the dip. Seeing double-digit dividend yields on liquid heavyweights is a total anomaly in IHSG history.
Bracing for turbulence before the landing.",2026-04-23T16:59:40.000Z,https://www.threads.com/@profgilang/post/DXe1S1zD3i0,IHSG,2026-05-05T11:31:13.602729
panji.malik,yg aku sesali ketika ihsg terjun yaitu amunisi habis 🙃,2026-03-30T02:47:19.000Z,https://www.threads.com/@panji.malik/post/DWfgrCrkpi5,IHSG,2026-05-05T11:31:13.721259
hijklm.family,"btw kyknya mending aku belajar scalpingan saham King Belpin aja mulai skrg 😆
tp tangan gatel ya, kmrn entry KIJA 10 jutaan dibawa turun,
eh malah ada bid order 5 jt yg lupa kehapus jg
alhasil dobel order KIJA 😆
cutloss gak ni?
sebenernya sejak liat yutub Pak Gema, aku udah jarang bgt trading
mending simpen cash buat persiapan IHSG crash lebih dalam",2026-04-23T08:03:21.000Z,https://www.threads.com/@hijklm.family/post/DXd36u1kieH,IHSG,2026-05-05T11:31:13.889512
susianilou,"Kalau BBCA masih berani cicil buy
Beda dengan BUMN terutama BBRI
Sejak IHSG anomali, saya sudah sering buat story jauhi big bank terutama BBRI. Kalau mau BUMN mending BMRI. Dulu kalau beli BBRI biasanya swing 2 - 3 bulanan. Biasanya naik 20 - 25% dia akan koreksi bisa sampai 10 - 20%. Makanya gak pernah saya simpen lama kayak BBCA bertahun². Dulu cinta sama bbri Krn nurut gampang di prediksi. Sekarang anomali. Retail buy, asing kabur. Selama kebijakan pemerintah masih kayak skr, mending bye dl",2026-04-24T13:50:08.000Z,https://www.threads.com/@susianilou/post/DXhEZgNEYuL,IHSG,2026-05-05T11:31:17.199401
its.jihaan_,"rupiah melemah, IHSG terjun, minyak naik, defisit melebar. btw porto kalian aman? klo gue sih uda merah merona😭",2026-03-09T07:02:28.000Z,https://www.threads.com/@its.jihaan_/post/DVp5LZ5Efsq,IHSG,2026-05-05T11:31:17.314925
raahady_,"Letsgo bottom IHSG 🚀🚀
Bottom IHSG tahun lalu tgl 8 april dan hari ini pas banget umumin mau gencatan senjata dan juga hasil dari ftse lumayan bagus karena kita masih berada di frontier market.",2026-04-08T00:33:08.000Z,https://www.threads.com/@raahady_/post/DW2ceFekqgp,IHSG,2026-05-05T11:31:17.455284
jagosahamindonesia,"Trump ""nyenggol"" Iran, harga minyak Brent futures Juni langsung meroket ke $126/barel. Level tertinggi sejak 2022. Market global lagi chaos, dan IHSG kena getahnya terjun ke 6.900. Rupiah? Patah hati di Rp17.400. Mari kita bedah logikanya. ☕️
jagosahamindonesia",2026-04-30T08:57:51.000Z,https://www.threads.com/@jagosahamindonesia/post/DXv_t9Wid8i,IHSG,2026-05-05T11:31:17.587792
imeiiii_,"Jangan bilang coba dulu 2 tahun,
Ini omongan dari 10 tahun yang lalu
Jangan bilang mau siapapun presidennya, nyari duit tetep sendiri.
Jangan bilang program nya bagus, tapi pelaksana nya yang korup.
Logic nya Kalo program bagus, gak akan ada celah buat korup.
1. dolar tembus 17300an,
2. Defisit APBN 240T per maret
3. IHSG MINUS 17.55% DALAM KURUN WAKTU 4 BULAN
4. Koperasi merah putih
5. Pembelian ribuan motor buat SPPG
6. Coming soon
Rekap kinerja buruk prabowo gibran",2026-04-25T16:14:09.000Z,https://www.threads.com/@imeiiii_/post/DXj5rM9D1X4,IHSG,2026-05-05T11:31:17.783857
sobatporto,"$IHSG
Kondisi IHSG masih berada di area resist",2026-04-20T01:47:43.000Z,https://www.threads.com/@sobatporto/post/DXVei11k2c-,IHSG,2026-05-05T11:31:17.926264
stockwise.id,"Rupiah makin lemah, IHSG-nya juga makin drop🤣
#rupiah #ihsg #ekonomi",2026-04-30T03:07:39.000Z,https://www.threads.com/@stockwise.id/post/DXvXo9QE0-a,IHSG,2026-05-05T11:31:18.075441
saham.university,"#saham #ihsg #saham #indonesia #bursaefekindonesia
@saham.university
Salam profit konsisten
Komunitas yang sehat adalah mereka yang bisa saling mendukung bukan yang saling karung mengarungi
Trading itu bukan soal berapa besar keuntungan yang diperoleh tapi seberapa konsisten kamu memegang teguh strategi yang kamu pelajari dari setiap kerugian dan keuntunganmu
saham.university",2026-04-30T11:41:02.000Z,https://www.threads.com/@saham.university/post/DXwSZGxkt9l,IHSG,2026-05-05T11:31:18.272495
jurnaltrader.id,"Yg penting kan semua sama intinya. Bahwa bursa saham kita sedang tidak baik2 saja. Jadi tetap waspada dan hati - hati. Masa depan, kita tidak mengerti. Yg penting selalu minum tolak angin.
Mau all in krn sudah bottoming, silahkan.
Mau skeptis krn dollar naik banyak juga bebas.
Hari ini ditutup merah merona di 6,956.
Sudah masuk area support 6,954.
IHSG closing market hari ini.
Akhir bulan, tanggal 30 April 2026.",2026-04-30T09:41:14.000Z,https://www.threads.com/@jurnaltrader.id/post/DXwErzbE5AY,IHSG,2026-05-05T11:31:18.456040
a.ily__,"Dan akhirnya boom!
Harga Normal IHSG sebenarnya 7rb an. Namun pak Menkeu memaksa IHSG naik hanya beberapa bulan tembus 9.000 untuk mendapatkan pujian dari pada investor dan akhirnya MSCI curiga kalau sebenarnya saham di Indonesia kebanyakan ga jelas.
Yang buat IHSG turun bukan Karena MSCI, tapi karena PEMERINTAH.",2026-02-02T14:07:32.000Z,https://www.threads.com/@a.ily__/post/DUQiABkkmyE,IHSG,2026-05-05T11:31:18.637064
isal1man,"Yang ngerti ekonomi, sharing dong. Apa aja konsekuensi terburuk kalau rupiah terus melemah & IHSG terus²an anjlok?",2026-04-30T09:47:29.000Z,https://www.threads.com/@isal1man/post/DXwFZkUEWsx,IHSG,2026-05-05T11:31:21.551291
rumatela05,Menurut keyakinan saya IHSG 99.99% sudah bottom.,2026-04-21T12:52:24.000Z,https://www.threads.com/@rumatela05/post/DXZPaDHElnM,IHSG,2026-05-05T11:31:21.706907
denbagoesdenn,"MBG stop, pria nyawit lengser, koruptor dihukum mati. Dah itu aja kalau mau Rupiah menguat dan IHSG meroket.",2026-04-30T08:02:57.000Z,https://www.threads.com/@denbagoesdenn/post/DXv5b4RE35v,IHSG,2026-05-05T11:31:21.830432
cecilliasantoso_,"IHSG udah ijo, tapi portoku belum 😂
Hiburannya, dapat uang duka dari BBNI dan BBCA.
Masih belum decide buat invest ke emiten mana, jadi masih hold dulu sambil nunggu ADRO turun dikit lagi.
Ada beberapa emiten, yang lumayan aku incar, terutama ADHI 😂🫶🏻
Selama bukan saham gorengan, agak santai dikit meskipun porto membara. Walaupun kadang ada cenat cenut juga di kepala liat FL-nya 😂😂
cecilliasantoso_",2026-04-08T11:13:20.000Z,https://www.threads.com/@cecilliasantoso_/post/DW3lvGRARnd,IHSG,2026-05-05T11:31:22.387403
sahamcuan_everyday6,"SUDAH SIAP DENGAN IHSG BESOK ? GAS YA RAPATKAN. JIKA ADA YANG MENARIK MAMANG SPIL. HATI HATI AJA LOTNYA JANGAN DULU OVER. KARENA TRENDNYA SUDAH PATAH KEMBALI.
sahamcuan_everyday6",2026-04-26T15:55:51.000Z,https://www.threads.com/@sahamcuan_everyday6/post/DXmcYCElLr3,IHSG,2026-05-05T11:31:22.531368
arioktarian_,"Kalo lagi minus gini, udah saatnya bilang saham
haram gasih? 😗😗😗",2026-02-02T04:17:53.000Z,https://www.threads.com/@arioktarian_/post/DUPehXKElmQ,IHSG,2026-05-05T11:31:22.710799
evajadoreva,"Ngeri mokel dadakan aja
Bayangin udah macet kalian liat bilboard IDX dgn kondisi IHSG minus
Saranku sore ini yg lewat Senayan better putar balik aja",2026-03-16T03:09:23.000Z,https://www.threads.com/@evajadoreva/post/DV7gEXqCfpg,IHSG,2026-05-05T11:31:22.898895
kuntoajiw,IHSG all time high while Rupiah nearly all time low. Artinya apa bang Messi?,2026-01-15T16:34:24.000Z,https://www.threads.com/@kuntoajiw/post/DTicgEqkiEO,IHSG,2026-05-05T11:31:23.310591
jagosahamindonesia,"Dan ini langsung level kepala negara 👀
Apa yang lagi disiapin sebenernya?
Indonesia lagi gak main-main soal energi.
Bukan cuma incar minyak Rusia, tapi juga kilang + energi bersih.
jagosahamindonesia",2026-04-14T09:20:18.000Z,https://www.threads.com/@jagosahamindonesia/post/DXG1kcQiVJS,IHSG,2026-05-05T11:31:23.472691
happytrader.co,"Amin paling kenceng teeeeel 🚀
Semakin cepat lebih baik ...
MSCI beres
Perang kelar
IHSG reversal
Doa dibulan April:",2026-04-05T13:24:55.000Z,https://www.threads.com/@happytrader.co/post/DWwGaJAFCK3,IHSG,2026-05-05T11:31:23.657838
eginanjar,"MSCI, Perang Iran- Israel USA, libur panjang lebaran membuat Big Money ramai2 keluar dari bursa. Tapi tetap ada harapan, bagaimana caranya? Kuuuyyy Lanjut ⬇️⬇️⬇️
IHSG dalam hampir 2 bulan terakhir mengalami masa perubahan dari bulan madu ke masa yg kelam. Untuk para Trader baru ini seperti pukulan telak, dimana mimpi ubah 1 jt jadi 1 milyar jadi berantakan.
UTAS : BAGAIMANA CARA UNTUK MEMILIH SAHAM KETIKA BEARISH, SECARA TEKNIKAL",2026-04-01T08:53:35.000Z,https://www.threads.com/@eginanjar/post/DWlULYlmcsy,IHSG,2026-05-05T11:31:23.868247
lianmaulian,IHSG 24 April 2026 menuju support berikutnya menutup gap,2026-04-24T08:56:51.000Z,https://www.threads.com/@lianmaulian/post/DXgi1d-FIKp,IHSG,2026-05-05T11:31:24.490465
wuchun2987,"Woyy, ini IHSG kenapa dahh?? Katanya klo lagi perang, sektor oil dan emas hrsnya kan naik ya..tp ini knp pada anjlok semua 🤧 pdhl harga oil dunia udh naik..",2026-03-04T08:36:05.000Z,https://www.threads.com/@wuchun2987/post/DVdL6xqE7wT,IHSG,2026-05-05T11:31:24.625403
lingkar_pertama,"IHSG by candle bagus, tp anehnya kemarin itu saham konglo bukan yang dari merah terus pada reversal. yah liat aja gimana nanti.",2026-04-30T00:31:43.000Z,https://www.threads.com/@lingkar_pertama/post/DXvFy71DxY4,IHSG,2026-05-05T11:31:24.746929
anxietyyismee,"Ada dua kemungkinan yang kedua adalah terjun ke 6700 tempat terakhir turun Juni 2025 lalu naik signifikan sampai 9000, apakah akan ter-ulang?, Double Bottom bulanan Maret - April pada IHSG gagal breakout walaupun dalam ilmu double bottom setelah naik sedikit akan ada koreksi sehat sedikit juga setelah itu dan lanjut naik signifikan, tapi untuk IHSG kali ini tidak. Semoga membaik ya dengan adanya Double Bottom baru di 6900, DYOR koreksi jika salah.",2026-04-25T14:00:59.000Z,https://www.threads.com/@anxietyyismee/post/DXjqb6tCskS,IHSG,2026-05-05T11:31:24.892987
tzuchihospital.ind,"Saran kak Izin, di Tzu Chi Hospital ada dokter Spesialis Kejiwaan, siapa tau butuh temen curhat ❤️❤️ FYI Dokter Sp.KJ itu dokter yang fokus membantu kesehatan mental dan emosional seseorang. Jadi bukan cuma soal gangguan berat aja kok ❤️❤️❤️❤️❤️❤️
tzuchihospital.ind",2026-04-24T01:10:20.000Z,https://www.threads.com/@tzuchihospital.ind/post/DXftcj0kv4c,IHSG,2026-05-05T11:31:28.647825
yapdefu,Admin tzuchi siap2 terima pasien ihsg jg,2026-04-24T09:22:33.000Z,https://www.threads.com/@yapdefu/post/DXglxqpk0OL,IHSG,2026-05-05T11:31:28.780424
dailyheion,"Stay strong WNI ✊
Cuma mau kasih tau:
💵 Dolar AS tembus Rp 17.300
📅 17 Juli jatuh tempo utang Rp 833 T
🏦 Total utang Rp 9.658 T
💰 Bunga utang Rp 599 T
📉 IHSG anjlok ke 7.129
🏭 Harga plastik naik 50%
🔥 Gas LPG non-subsidi naik 18%
⛽ BBM non-subsidi naik 40–60%",2026-04-30T03:35:48.000Z,https://www.threads.com/@dailyheion/post/DXva3T1Edut,IHSG,2026-05-05T11:31:28.923054
regitaadc,"maaf gue nggak ngerti IHSG, frontier market, tpi gue baru denger berita pengaruh msci
ternyata sepengaruh itu, seserem itu dampaknya",2026-02-02T13:55:09.000Z,https://www.threads.com/@regitaadc/post/DUQglbvE-Wu,IHSG,2026-05-05T11:31:29.032580
im.ddewa,"Trump mengumumkan gencatan senjata tanpa batas waktu
Me : alah si moncong trump kacau mania 🦜
Apakah hari ini IHSG 📈 bisa jadi??",2026-04-22T00:53:12.000Z,https://www.threads.com/@im.ddewa/post/DXah5SKgb56,IHSG,2026-05-05T11:31:29.160156
batasambangimajinasi,"- kurs rupiah: 17.090 per dollar
- IHSG minus 24% selama Q1
- harga barang udah mulai pada naik
- investor pada cabut
- tiap hari hidup pake mode survival
batasambangimajinasi",2026-04-07T09:14:10.000Z,https://www.threads.com/@batasambangimajinasi/post/DW0zB3bD1JB,IHSG,2026-05-05T11:31:29.396637
jessicajejess,ngeri gak tuh 😖😱🫣,2026-04-24T07:39:48.000Z,https://www.threads.com/@jessicajejess/post/DXgaBH5Efzf,IHSG,2026-05-05T11:31:30.126450
jagosahamindonesia,"Di tengah rupiah yang nyaris Rp17.200 dan sentimen global yang masih abu-abu asing milih keluar dari big cap, tapi masuk ke komoditas & packaging.
Ini rotasi defensif.
Tapi ada yang diam-diam diborong asing:
🟢 CUAN +76M saham
🟢 PACK +76M saham
🟢 BRMS +42M saham
Asing paling agresif jual:
🔴 BUMI -246M saham
🔴 BNBR -161M saham
🔴 GOTO -91M saham
🔴 BBCA -22M saham
🔴 BBRI -22M saham
Artinya?
Lokal yang nahan indeks biar nggak ambles.
Asing jual Rp453 miliar di sesi 1 hari ini. IHSG tetap +0,20%.
jagosahamindonesia",2026-04-17T06:55:32.000Z,https://www.threads.com/@jagosahamindonesia/post/DXOTYwkifPj,IHSG,2026-05-05T11:31:33.539113
maulanaihsaann_,"Kayaknya SirMulyani malah seneng dia gak ditunjuk menteri lagi. Lihat aja Purbaya, dia dah nolak pembelian motor BGN eh si Dadan Botak malah ngeyel… gaka da harga dirinya Menkeu😂😂😂 IHSG to the hell noh nyentuh 6.900an, Dollar dah nembus 17.100 awokwowk",2026-04-08T04:48:23.000Z,https://www.threads.com/@maulanaihsaann_/post/DW25rmfEQKl,IHSG,2026-05-05T11:31:33.682179
lexxo04,Apakah saya udah lulus sebagai investor dadakan?😂,2026-04-26T11:41:13.000Z,https://www.threads.com/@lexxo04/post/DXl_PEMkX-9,IHSG,2026-05-05T11:31:33.815765
aksalhn_,"#cabut #ihsg #bei #bursa #investasi
Apakah hanya pemain inti yang masih bertahan?",2026-04-24T13:06:15.000Z,https://www.threads.com/@aksalhn_/post/DXg_X47DVUT,IHSG,2026-05-05T11:31:33.966298
farizabrf,"Alhamdulillah panen ludes bersih, selanjutnya main aman dulu pendek-pendek karena masih volatile, terimakasyiii IHSG ✨",2026-04-08T03:18:11.000Z,https://www.threads.com/@farizabrf/post/DW2vXAOkjhn,IHSG,2026-05-05T11:31:34.253596
nixmare2026,"Kamu mau tau Danantara posisi dimana ?
IHSG minus 4% plus. Kalo lihat ada saham yang masih ijo brati danantara ada di situ yang mencolok banget SMGR",2026-02-02T03:13:20.000Z,https://www.threads.com/@nixmare2026/post/DUPXIm8j1Sz,IHSG,2026-05-05T11:31:34.716308
todiradenajeng,"Denger2 ihsg juga koreksi ye 😂
Tapi lucunya S&P malah naik
Minyak tentu naik
Gold malah koreksi tipis
HORMUZ TUTUP LAGI 😂😂🤯🤯",2026-04-09T02:32:54.000Z,https://www.threads.com/@todiradenajeng/post/DW5O-PokfUt,IHSG,2026-05-05T11:31:34.949356
nonaselalubenar,"Emas sudah ATH, BTC juga ATH,
Curiga kalo IHSG ATH nya juga sudah. Jadi ini masanya cuci piring 😅",2026-04-25T00:48:54.000Z,https://www.threads.com/@nonaselalubenar/post/DXiPyfIknxF,IHSG,2026-05-05T11:31:35.760220
reinaldomh2009,"Gw perhatiin medsos akan mulai rame dan isi mencak-mencak kalo IHSG turun.
Kelas menengah lagi terancam",2026-04-24T05:47:12.000Z,https://www.threads.com/@reinaldomh2009/post/DXgNIWvlPtw,IHSG,2026-05-05T11:31:36.060802
xynnn_wo,"Pantau saham ini, tunggu IHSG membaik dulu, nanti saham saham ini juga pullback  Translate",2026-03-17T10:28:16.000Z,https://www.threads.com/@xynnn_wo/post/DV-3FurFNoN,IHSG,2026-05-05T11:31:39.330732
hengky.lim.9,"Setelah pembukaan di bayang2i oleh negosiasi yg batal dengan di buka merah 😂 , akhirnya IHSG Berhasil kembali break high di dorong oleh saham2 konglo, namun masih kurang tenaga di akhir perjalanan sesi 2 , kemungkinan besok masih akan menguji trendline resistance tsb yaa , congratulations utk yg tetap stay cool n calm
Update 13 April 26",2026-04-13T10:27:28.000Z,https://www.threads.com/@hengky.lim.9/post/DXEYddHAenf,IHSG,2026-05-05T11:31:39.624391
eginanjar,"RSI Weekly:
RSI turun ke area 39
Artinya: momentum naik sudah melemah signifikan.
Yang terlihat:
IHSG rejection keras dari area 9.200
Breakdown EMA 21 Weekly
Harga sekarang mengarah ke EMA 89 Weekly
Struktur mulai berubah dari uptrend → koreksi besar
Di timeframe weekly, situasinya lebih serius.‼️
IHSG WEEKLY — STRUKTUR MULAI RUSAK",2026-05-01T08:57:34.000Z,https://www.threads.com/@eginanjar/post/DXykexGGY3V,IHSG,2026-05-05T11:31:39.852157
eginanjar,"Kalau sampai area ini disentuh, biasanya muncul technical rebound besar.
Ini adalah zona support besar weekly.
Jika tembus:
➡️ Potensi lanjut ke 6.640 — 6.488
Level penting:
Support kuat: 6.780
AREA PENTING IHSG (WEEKLY)",2026-05-01T08:58:15.000Z,https://www.threads.com/@eginanjar/post/DXykjzcmTGv,IHSG,2026-05-05T11:31:40.096430
heyblueees,"IHSG hari ini ijo tipis, alhamdulillah saham gorengan kejual semua",2026-04-10T02:43:14.000Z,https://www.threads.com/@heyblueees/post/DW708tdEQpw,IHSG,2026-05-05T11:31:40.235984
baypiero_,"Awal Tahun 2026 yang cukup berat untuk IHSG
Saham Konglo maupun Saham Fundamental Rungkad semua 🫠😭🔥📈
Sudah Minus brp portofolio kalian teman-teman?",2026-04-28T03:51:58.000Z,https://www.threads.com/@baypiero_/post/DXqTH3rlNh-,IHSG,2026-05-05T11:31:40.375265
isodulll,"IHSG anjok sampai 7000an
Pada yakin bisa balik ATH gak?",2026-04-23T01:15:10.000Z,https://www.threads.com/@isodulll/post/DXdJNJ8D09y,IHSG,2026-05-05T11:31:40.509579
hengky.lim.9,"CLOSING DAY menjelang libur panjang dan pelaku pasar memilih amankan posisi ,IHSG kembali ke area support setelah kemarin berhasil di tutup di atas, trima kasih Papi Trump suka2 mu lah buat statement 🙃 , jadi IHSG kita kembali akan menguji area support 7.020 , 6.945 & 6.917
Update 02 April 26",2026-04-02T09:42:11.000Z,https://www.threads.com/@hengky.lim.9/post/DWn-iQwgRQ_,IHSG,2026-05-05T11:31:40.678635
viviverlisya,"Whats next?
setelah beberapa hari stagnan, IHSG breakdown 7500.",2026-04-23T03:12:32.000Z,https://www.threads.com/@viviverlisya/post/DXdWorfEgC4,IHSG,2026-05-05T11:31:40.842215
ismurhadi_rizki,"Tebak apa yang terjadi ke esokan harinya ? Dan apa yang terjadi sampai akhir tahun ?
Setahun yang lalu IHSG kita crash, trading halt sampe ke titik 5900 . Semua orang frustasi karena tarif trump .",2026-04-08T09:30:48.000Z,https://www.threads.com/@ismurhadi_rizki/post/DW3aABKjzdB,IHSG,2026-05-05T11:31:41.017311
adelonnataa,"NET FOREIGN BUY AND SELL MIDDAY
. Yuk smngat moga IHSG kita bangkit",2026-04-06T05:47:09.000Z,https://www.threads.com/@adelonnataa/post/DWx20ROjKe8,IHSG,2026-05-05T11:31:41.179872
ayudyaheka,"Merah semua bjirrr, ihsg ambruukk",2026-04-24T02:43:23.000Z,https://www.threads.com/@ayudyaheka/post/DXf4GDik8bf,IHSG,2026-05-05T11:31:41.618183
nabung.dividen,"Pertama, potensi pertumbuhannya menurut saya terbatas sesuai pertumbuhan ekonomi. Sebetulnya justru itu keunggulan perbankan, yaitu growthnya jelas dan dpt diukur. Yg suka emiten yang aman dan jelas akan suka sektor ini.
Sekalian bahas kenapa saya ga pegang perbankan krn banyak yg nanya.
Kinerja portofolio per hari ini +73,71%, sedikit lagi akan balik ke all time high di 76,39%. Kalau IHSG kembali ke all time high, mungkin portofolio ini bisa bagger? 😆",2026-04-22T13:37:01.000Z,https://www.threads.com/@nabung.dividen/post/DXb5TwgAagk,IHSG,2026-05-05T11:31:41.827259
fadh.frames,"Dan itu semua menuntut respon tepat dari pemerintah kita. Pemerintah yang udah sukarela sedekah 17 Triliun buat AS Perang!
• Dollar tembus di atas Rp17.000
• Harga Minyak Dunia tembus di Atas $100
• Defisit APBN bisa tembus > 3% dari PDB
• IHSG terjun > 4%
Bagi yang merasa gak usah ikut mikirin politik, pilihan pemimpin kita gak pengaruh ke kehidupan kita, nih lihat hari ini",2026-03-09T04:58:47.000Z,https://www.threads.com/@fadh.frames/post/DVprBgXkfY5,IHSG,2026-05-05T11:31:42.357397
viviverlisya,"Aku udah kebal dari announcement MSCI, FTSE dan institusi lainnya 🙂‍↕️✋
Harga oil balik ke $100+ ? Siap” perang baru?",2026-04-13T04:55:52.000Z,https://www.threads.com/@viviverlisya/post/DXDyg3GEvU6,IHSG,2026-05-05T11:31:42.529061
susanasrihandayani,"Youtube yang nggak pernah saya skip adalah jhon saham/ mabuk saham logika logikanya masuk akal :
1. Penting diversifikasi
2. Penting lihat valuasi harga wajar
3. Jangan remehkan dividen
4. Jangan percaya siapapun harus belajar sendiri, tiap hari cari berita tentang saham
ikuti siklus saham , IHSG itu ada ritmenya
5.belajar finance minimal ngerti baca laporan keuangan tipis tipis jangan sama sekali tidak mengerti.
susanasrihandayani",2026-04-01T15:55:11.000Z,https://www.threads.com/@susanasrihandayani/post/DWmEbSXid5r,IHSG,2026-05-05T11:31:42.730991
priceaction.id,"Saham sejuta ummat,BUMI.
Kemarin dia break ma 20, nah ini poin yang gw bilang menarik.
Ditambah laporan Q1 yang oke ✅
Gw punya memory bagus di emiten ini pake strategi ma 20 sebelum rally💸💴💰
strategi gw selalu konsisten, acuan ma 20.
Dibawah ma 20 = skip, diatas ma 20 = pantau dulu mengingat IHSG lagi drop.",2026-04-30T23:44:24.000Z,https://www.threads.com/@priceaction.id/post/DXxlLXQk44J,IHSG,2026-05-05T11:31:42.939046
viviverlisya,"Semoga ini awal mula utk IHSG kembali bullish dan capai 10k ya 🙏
R selanjutnya di 7500, ada potensi akan koreksi dulu, sblm membentuk pola IHNS dgn target 8000 😆
IHSG kembali rally, di lead dengan saham konglo favorit ritel unyu 👌🏻",2026-04-10T03:15:25.000Z,https://www.threads.com/@viviverlisya/post/DW74oc7EjkD,IHSG,2026-05-05T11:31:43.093672
sinyaldata.id,"“Bursa” kembali berdarah! IHSG anjlok sampai 3% lebih cuma dalam satu sesi. Bayangin aja, ada sekitar 625 saham yang kompak terjun bebas, dan ini bukan cuma saham lapis tiga yang goyang, tapi hampir semua sektor kena pukul rata.",2026-04-24T05:58:46.000Z,https://www.threads.com/@sinyaldata.id/post/DXgOdJIEZcC,IHSG,2026-05-05T11:31:45.847120
prdhna_,"IHSG sesi pertama naik 0,65% ke 7.175,62. Yang menarik, bank jumbo rame transaksinya, tapi justru saham tambang yg jadi penarik utama indeks hari ini.",2026-04-28T04:00:16.000Z,https://www.threads.com/@prdhna_/post/DXqUDGXmH7L,IHSG,2026-05-05T11:31:46.284892
ayirakhmana,Dari tadi rame baca IHSG crash ga smpt ngecek. Setelah dicek.. cringgggg nangis kejer 🤣🤣,2026-01-28T06:59:14.000Z,https://www.threads.com/@ayirakhmana/post/DUC5AyWE5MU,IHSG,2026-05-05T11:31:46.429591
izzul8,"mau dibawah kemana IHSG ini? 🤣
kemarin udah turun ke 30an minusnya, sekarang ke 40an lagi 🤣",2026-03-31T10:22:34.000Z,https://www.threads.com/@izzul8/post/DWi5kPkgdDo,IHSG,2026-05-05T11:31:46.553661
angelica.jonatan,"Semoga IHSG hijau pekat
US dan IRAN setuju genjatan senjata selama 2 minggu
Harga Oil turun signifikan
angelica.jonatan",2026-04-07T23:37:34.000Z,https://www.threads.com/@angelica.jonatan/post/DW2WHG8k8xI,IHSG,2026-05-05T11:31:46.726749
arivian.f,Mantap sih saat Ihsg koreksi 🤣,2026-04-15T09:06:50.000Z,https://www.threads.com/@arivian.f/post/DXJY0pjkuW4,IHSG,2026-05-05T11:31:46.893855
hengky.lim.9,"habis nutup GAP lanjut retest support 6.816 guys 😂 , skenario 1 dan 3 gagal pisan, tinggal skenario 2 yaaa
UPDATE 30 April 26",2026-04-30T03:06:29.000Z,https://www.threads.com/@hengky.lim.9/post/DXvXge5gVQB,IHSG,2026-05-05T11:31:47.081391
agungpharm,"Bahkan di tahun 2026 jelas sekali akan tumbuh lagi karena dapat efek menguntungkan dari kondisi geopolitik
Aset tumbuh 6,24%
Ekuitas tumbuh 15,9%
Dengan ROA 18,39%
ROE 30,36%
Pendapatan tumbuh 28,73%
Laba bersih tumbuh 34,04%
Baru selesai baca manual laporan keuangan tahunan full year 2025 sebuah perusahaan sebanyak 392 halaman, Laporan keberlanjutan (ESG) sebanyak 246 halaman.",2026-04-10T05:53:16.000Z,https://www.threads.com/@agungpharm/post/DW8Ksj_gR1M,IHSG,2026-05-05T11:31:47.270053
papaganbaa,"Pagi semua gimana weekendnya? hehe, kasih prediksi IHSG minggu ini dong.",2026-04-20T01:56:29.000Z,https://www.threads.com/@papaganbaa/post/DXVfjEuEvou,IHSG,2026-05-05T11:31:47.600206
arvinhonami,"#saham #sahamindonesia #belajarsaham #analisasaham #ihsg
Enjoy tulisan gua yang sederhana ini.. 👀
Jadi disini gua mau bagiin thought processnya, kenapa gua cukup yakin perang kemarin akan segera usai.. 👀✌️
Tapi gua percaya semua itu ada penjelasan, analisa dan korelasinya + data bukan sekedar hanya di angan angan.. 🙏
Well itu bukan karena gua ada relasi sama President Trump ya.. 🤣🤣
KENAPA BISA TAU PERANG BAKAL SELESAI? 👀",2026-04-08T10:40:19.000Z,https://www.threads.com/@arvinhonami/post/DW3h9NUD5M6,IHSG,2026-05-05T11:31:47.814287
priceaction.id,Aku sih yakin ya IHSG bakal bullish 🟢,2026-04-22T01:26:44.000Z,https://www.threads.com/@priceaction.id/post/DXalu_Jj8st,IHSG,2026-05-05T11:31:47.972890
strawhatonepiece8,"3. Indikator MACD: Masih menunjukkan sinyal negatif di seluruh timeframe utama, memperkuat indikasi downtrend.
2. Foreign Outflow: Aliran dana asing yang keluar masih cukup deras, mengindikasikan tekanan jual yang belum berakhir.
1. Proyeksi Pergerakan: IHSG diprediksi masih akan bergerak melemah. Fokus utama adalah pengujian area 7.080. Jika level itu tertembus, maka angka psikologis 7.000 akan menjadi target penurunan selanjutnya (magnet pasar).
Senin, 27 April 2026
strawhatonepiece8",2026-04-27T13:52:45.000Z,https://www.threads.com/@strawhatonepiece8/post/DXozFSaE_Mf,IHSG,2026-05-05T11:31:48.175059
andriandavinta_,"Bukan cuma return harian — ini weekly momentum.
Cocok buat cari saham yang lagi trending atau yang mau reversal.
Langsung lihat saham yang naik & turun paling kencang dalam 5 hari terakhir.
📈 Top Gainers & Top Losers
apa aja yang bisa kamu lihat 👇
Kita baru launch fitur GRATIS yang biasanya cuma ada di platform premium:
Market Highlights — 9 kategori sinyal pasar IHSG, update tiap hari setelah market close.
Update baru di Volara!",2026-05-01T09:40:56.000Z,https://www.threads.com/@andriandavinta_/post/DXypca1FHdi,IHSG,2026-05-05T11:31:48.375310
widipardiyawan,"Perundingan damai AS-Iran di Islamabad menemui jalan buntu. Pakistan sudah siapkan segalanya, keamanan ditingkatkan, Hotel Serena disiapkan, jalan bandara dijaga ketat. Tapi Iran tidak datang. Teheran minta AS cabut blokade pelabuhan dulu sebelum mau berunding. Wakil Presiden JD Vance akhirnya tunda perjalanannya.",2026-04-25T00:38:24.000Z,https://www.threads.com/@widipardiyawan/post/DXiOlndE0Wg,IHSG,2026-05-05T11:31:48.528883
agungpharm,"Pelemahan dipimpin saham konglomerat dan perbankan. Bahkan BBRI sempat jebol level psikologis 3.000 sebelum ditutup naik lagi ke 3010.
Kurs Rupiah terhadap dollar sekarang berada di 17.385, sedikit lagi menembus level 17.400.
Indeks Harga Saham Gabungan (IHSG) turun 2,46% menembus level support 7.000 dan sekarang berada di 6.926
Kondisi market sesi 1.",2026-04-30T05:14:39.000Z,https://www.threads.com/@agungpharm/post/DXvmLQugaHF,IHSG,2026-05-05T11:31:48.845112
sucifitrianny,"Assalamualaikum IHSG💔
habis jual BBRI 100 lot minus 10jta, eh BBCA ga selamat juga😭",2026-01-29T06:07:47.000Z,https://www.threads.com/@sucifitrianny/post/DUFX61QAUD0,IHSG,2026-05-05T11:31:48.986654
karyawanbercuan,"Ini bukan bull market. Ini:
fragile rally di atas ketidakpastian
Kenapa IHSG masih bisa naik ke 7500–7600?
Simple:
liquidity + positioning
Tapi:
inflasi naik
demand turun
geopolitik gagal deal
Sekarang lu harus jujur baca kondisi
Market sekarang:
Naik karena harapan de-eskalasi
Ini sinyal klasik:
foreign belum balik → trust belum ada
Rupiah masih lemah
17,000-an",2026-04-13T13:47:53.000Z,https://www.threads.com/@karyawanbercuan/post/DXEvZaJidK6,IHSG,2026-05-05T11:31:49.568512
abiwidasmara,"Awas aja Mingdep Trump berulah lagi 🤬 lekas membaik IHSG 😚
IHSG hijau hari ini karena berita gencatan senjata sementara, tapi jangan senang dulu, secara price action IHSG perlu menembus WEMA, minimal tembus WEMA 5 di 7250an
IHSG HIJAU HARI INI 🤩",2026-04-08T06:20:00.000Z,https://www.threads.com/@abiwidasmara/post/DW3EKoMEzDb,IHSG,2026-05-05T11:31:52.755372
eginanjar,"Disclaimer
Bisa cek saham kalian masing2 sedang di area RSI mana ya.
Minggu ini belum selesai, masih ada 2 hari bursa lagi, ada 2 kemungkinan :
1. Index akan coba test break level 7600 utk kemudian lanjut ke 7900-8000
2. Index akan ambil napas dulu ke level 7400
Di weekly dia juga udah ""kejedot"" EMA 89 (garis biru) di level 7600
sesuai yg aku info kemarin ya Gaes, RSI 7 Daily IHSG udah masuk area OVERBOUGHT, artinya akan koreksi.
Bahas IHSG hari ini",2026-04-15T12:25:49.000Z,https://www.threads.com/@eginanjar/post/DXJvmB6mRo0,IHSG,2026-05-05T11:31:53.261856
d_hobbyzz,"Semangat investasi ya guys 💸💸
Porto saham US, lumayan dibanding porto saham Indo yg kebakaran 😄",2026-04-16T16:07:58.000Z,https://www.threads.com/@d_hobbyzz/post/DXMt0AjCSQR,IHSG,2026-05-05T11:31:53.437942
booktopia_id,"Sama nih. US udh mulai menghijau, ihsg masih merah menyala 😂",2026-04-16T22:26:19.000Z,https://www.threads.com/@booktopia_id/post/DXNZHHVE17P,IHSG,2026-05-05T11:31:53.561978
priceaction.id,"Screening saham pake stockbit, nemu yang menarik.
MINA
Bertahan beberapa hari diatas ma 20 saat IHSG drop.
MACD juga positif, tapi buying pressure belum kuat.
Still good selama dia bertahan diatas ma 20.
Drop kebawah = cabut.",2026-05-01T00:22:47.000Z,https://www.threads.com/@priceaction.id/post/DXxpkcyDzEp,IHSG,2026-05-05T11:31:53.719102
hengky.lim.9,"Berikut analisa iseng2 aja pas lg asik screening saham, trnyta ada 1 saham banking yg sudah dekat area TREND KUAT sepanjang masa nya.
Update 24 April 26",2026-04-24T12:30:28.000Z,https://www.threads.com/@hengky.lim.9/post/DXg7SDiAce8,IHSG,2026-05-05T11:31:53.890285
hengky.lim.9,"Notes : analisa ini jika IHSG MASUK SKENARIO 1
ada yg menarik dari BBRI, kalau pakai time frame monthly, maka bisa di lihat TRENDLINE SUPPORT KUAT BBRI ada di area 2.850 - 2.950 ( kurang lebih di range ini ) , sebagai area terkuat sepanjang masa nya di 2014 , 2020 & 2026 , jadi penurunan kali ini kemungkinan masih ada 1x lagi dekat area tsb, dimana IHSG masih ada area gap trakhir di 7.022 ( jika skenario 1 ) lalu rebound masuk ke fase BULLISH kembali.
Update 24 April 26",2026-04-24T12:30:31.000Z,https://www.threads.com/@hengky.lim.9/post/DXg7SYIgYwB,IHSG,2026-05-05T11:31:54.066964
fedi_fianto,"IHSG bursa saham dengan kepemilikan publik dan likuiditas sangat rendah
Free Float (by Tradingview)
Berkshire 99.6%
Nvidia 96%
Tesla 72%
vs
BBCA 42%
RLCO 20%
CUAN 16%",2026-01-31T05:17:14.000Z,https://www.threads.com/@fedi_fianto/post/DUKbuUcD1TH,IHSG,2026-05-05T11:31:54.225133
titykaisuku,"Hay guys bagi saran dong yg suka invest. In this economy Kalian lebih milih invest ke emas, reksadana, saham atau sbn? Boleh tau sarannya kenapa? Soalnya IHSG sepertinya lg down yaaa",2026-04-08T04:11:51.000Z,https://www.threads.com/@titykaisuku/post/DW21gFekjGc,IHSG,2026-05-05T11:31:54.480181
joshua_pasaribu,Ini IHSG pada naik kenapa BIGBANK kek cipet gini ya😒,2026-04-13T07:37:40.000Z,https://www.threads.com/@joshua_pasaribu/post/DXEFB04kZOQ,IHSG,2026-05-05T11:31:54.664580
mocrama_10,"The Great Rotation atau emang lagi zonk aja nih? Wkwk 🤣
​Tapi kalau dipikir lagi, uang itu kan sifatnya cair, selalu mengalir ke tempat yang lebih murah dan menarik. Secara logika, makin mahal Wall Street, makin gede peluang modal lari ke market yang ""lagging"" tapi fundamentalnya masih oke kaya kita.
Agak kontras ya liat US Market pesta di ATH, sementara IHSG kita masih anteng di bawah.",2026-04-23T01:39:06.000Z,https://www.threads.com/@mocrama_10/post/DXdL8bxk3nz,IHSG,2026-05-05T11:31:54.864224
rizkamaghfur,"Tetap tenang&sabar
Hari ini saham mini2 lagi pada tiarap
Saham besar2 sudah rebound
Semoga Besok IHSG 🚀
Dengan sisa modal seuprit
Main 10 lot an
Dapat sedikit gpp, d syukuri
Ini tanda kita tetep jalan
Dan pantang menyerah
walau badai datang menerjang
Dan harus kita hadapi dengan senyuman
Walaupun hati getir juga 🤣🤣🤣
Sebagai trader unyu2
Moment ini langka
29-1-2026
IHSG pagi Crash
Trading Halt lagi
Ketakutan d sebar ke seluruh media",2026-01-29T09:15:12.000Z,https://www.threads.com/@rizkamaghfur/post/DUFtXh2kRhY,IHSG,2026-05-05T11:31:58.596453
meizerofficial,"Banyak foreign outflow dari IHSG saat ini, kita sedang di permainkan oleh para elite asing. Akankah negara kita bisa berdaulat sepenuhnya ?
Bagaimana pendapat kalian, tulis di comment 👇",2026-04-28T11:34:42.000Z,https://www.threads.com/@meizerofficial/post/DXrIFCHGekc,IHSG,2026-05-05T11:31:59.023122
ekjlifestory,"Di sini aku bs bangun siang, IHSG open jam 12. Tp ya malem msh open market. Tunggu broksum keluar smpe jem 9 atau 10 malem. 😭
Semoga yg nyangkut2 di emiten konglo segera kejemput. IHSG pulih. 🔥 Sy tdr dl HAHAHA dah subuh.",2026-05-01T17:30:07.000Z,https://www.threads.com/@ekjlifestory/post/DXzfI3HCnlk,IHSG,2026-05-05T11:31:59.182846
nonasmilling,"Hari ini indikator ihsg dan teknikal stock ngga menarik lagi di mataku. Hari ini aku broken heart bgt sampe berangkat kerja berasa mode senggol bacok gara gara liat berita KAI. Untung hari ini aku papasan sama banyak ibu-ibu yg selalu kasih senyum setiap kali kami tatap mata. Mau nangis di jalan, nggak jadi. Cancel nangis di kantor aja sambil mode bisu.",2026-04-28T02:29:20.000Z,https://www.threads.com/@nonasmilling/post/DXqJquNE4Hl,IHSG,2026-05-05T11:31:59.322909
verona.valencia99,"Lumayaan belanja hari ini..
verona.valencia99",2026-04-28T11:09:52.000Z,https://www.threads.com/@verona.valencia99/post/DXrFPMbCYgx,IHSG,2026-05-05T11:32:02.544951
seliniagrt,"Setelah ihsg anjlok kemarin sampe 2 hari berturut turut dan para dirut OJK dan BEI mengundurkan diri, apakah pasar saham indonesia senin nanti akan anjlok lagi atau malah akan lebih baik?",2026-01-31T00:14:24.000Z,https://www.threads.com/@seliniagrt/post/DUJ5ETBEuyh,IHSG,2026-05-05T11:32:02.829685
nabung.dividen,"Semoga.
Ga sabar menunggu April. Karena April akan menjadi pembuka musim dividen buat portofolio ini. Semoga keadaan juga semakin membaik dan bulan April bisa ditutup hijau.
Hari terakhir di bulan Maret. Untuk bulan ini minus 3,24%. Jauh lebih baik dibanding IHSG yang minusnya 12%. Ga bisa pamer realized gain karena ga jual beli. Cuma beli aja. Dan bulan ini ga dapet dividen. Jadi pamernya unrealized aja ya.",2026-03-31T09:18:38.000Z,https://www.threads.com/@nabung.dividen/post/DWiyQAjgZcF,IHSG,2026-05-05T11:32:03.035245
jagosahamindonesia,"Proposal damai Iran sudah di meja, tapi kenapa IHSG dan Dollar belum bereaksi? Jawabannya: ""The Devil is in the details."" Kita lagi terjebak di Deadlock raksasa. 🧵
jagosahamindonesia",2026-04-28T07:50:57.000Z,https://www.threads.com/@jagosahamindonesia/post/DXquePACSg7,IHSG,2026-05-05T11:32:03.201267
adelonnataa,Oftimis IHSG hijau royo 🚀✅📊,2026-04-14T01:47:39.000Z,https://www.threads.com/@adelonnataa/post/DXGBxL4CIwR,IHSG,2026-05-05T11:32:03.322331
rendirendikaa,"2026 financial market will be even more interesting. Let’s see what happens next. 😬
- Bitcoin crashed 77k
- IHSG trading halt 2x
- Gold dropped. 16%
- Silver dropped 39%
- Rupiah slipped to 17K.
- Ketua The Fed diganti.
- Pejabat BI mengundurkan diri.
- Pejabat OJK mengundurkan diri.
This Week, Financial Market Is Going Crazy",2026-01-31T21:05:26.000Z,https://www.threads.com/@rendirendikaa/post/DUMIPFFk-H7,IHSG,2026-05-05T11:32:03.489869
ver_shiina_,"Bursa Efek Indonesia (BEI) terus berupaya meningkatkan daya tarik pasar modal, salah satunya melalui penyesuaian aturan batas minimal saham publik atau Free Float. Per 31 Maret 2026, aturan baru yang mewajibkan emiten memiliki porsi free float minimal 15% mulai diberlakukan secara bertahap.
""Menakar Dampak Aturan Baru Free Float 15% Terhadap Likuiditas IHSG""",2026-04-03T10:32:50.000Z,https://www.threads.com/@ver_shiina_/post/DWqpIDNGl1B,IHSG,2026-05-05T11:32:03.623196
linktari,"Dejavu tahun lalu mah ini, ramadan dan lebaran tahun lalu juga IHSG di gonjang ganjing apalagi holder big banks.
Tapi tahun ini malah lebih parah,belum kelar masalah MSCI di barengin masalah yg lain lagi 😩
Untung mental uda terlatih…😅",2026-02-26T09:58:29.000Z,https://www.threads.com/@linktari/post/DVN4k9REjV3,IHSG,2026-05-05T11:32:03.783271
sin_dau,"7.005 be like : "" welcome home IHSG ""
🤭🤭😌😌",2026-04-28T02:11:23.000Z,https://www.threads.com/@sin_dau/post/DXqHnKaE7b4,IHSG,2026-05-05T11:32:03.919839
tonnikho,"Warbyasah IHSG✨
Opening pagi ini ga jebol bikin gap down dalem kayak gold spot 😂.",2026-04-13T02:07:50.000Z,https://www.threads.com/@tonnikho/post/DXDfSCMktsX,IHSG,2026-05-05T11:32:04.378453
kikirizkymeilinda,"Kak ini besok masih ada kemungkinan turun kah?
kikirizkymeilinda",2026-04-13T02:22:14.000Z,https://www.threads.com/@kikirizkymeilinda/post/DXDg7nJkVhj,IHSG,2026-05-05T11:32:04.540438
cecilliasantoso_,"IHSG Turun
Bitcoin Turun
Gold Turun
Silver Turun
Yang nggak turun cuma berat badan sama nafsu makan aja.
cecilliasantoso_",2026-02-02T07:30:33.000Z,https://www.threads.com/@cecilliasantoso_/post/DUP0kb6gCEy,IHSG,2026-05-05T11:32:04.663489
ssamuel_rp,"Saham Pom² CHEM
*Saham volatil kelas bulu (bisa Ara-Arb) potensi msh perform :
MSIN, FORE, ESIP, POLA, FUTR, FPNI, GSMF
*Saham volatil dng volume besar kemarin : BUMI, DEWA, BIPI, BULL, CUAN
*Saham2 yg dapat di perhatikan hr ini:
BBRI
Perkiraan IHSG akan bergerak pada Selasa (7/4) antara 6900-7150",2026-04-07T01:52:31.000Z,https://www.threads.com/@ssamuel_rp/post/DW0AwoYgbb3,IHSG,2026-05-05T11:32:04.821804
cuantanpariba,"​Secara teknikal, meskipun terkoreksi hari ini, IHSG masih dianggap berada dalam fase konsolidasi yang wajar setelah reli panjang. Area support terdekat diperkirakan berada di rentang 7.587–7.639.
Statistik Saham:
​Menguat: 391 saham
​Melemah: 67 saham
​Stagnan: 204 saham
Performa IHSG pada hari ini, Rabu, 15 April 2026, ditutup di zona merah, memutus tren penguatan (reli) yang sempat terjadi selama lima hari berturut-turut.",2026-04-15T11:27:10.000Z,https://www.threads.com/@cuantanpariba/post/DXJo4jbE25J,IHSG,2026-05-05T11:32:04.974022
hi.grc,"Wah kadang suka bingung ya… 🤔
Klo buka Threads byk yg cerita lagi berat bisnis turun, keuangan ketat, PHK di mana2, harga BBM, bahan pokok, dll naik semua. Bahkan IHSG dan Gold jg lagi anjlok.
Tapi di Instagram… masih keliatan fine2 aja.. Chanel C25 yg harganya 100jtan++ masih sangat laku, raket padel yg harga 5jt++ masih laku, liburan ke luar negeri + shopping luxury masih banyak.
Jadi ini… realita lagi beda2, atau kita cuma lihat sisi yang berbeda dari kehidupan orang? 🫠",2026-04-27T06:06:30.000Z,https://www.threads.com/@hi.grc/post/DXn9ubXEQnJ,IHSG,2026-05-05T11:32:05.110151
m_arispujiyanto,"Pada tertarik ga dengan saham FCA? Kalau pada penasaran, bsok sabtu sama lusa coba saya bantu jelasin lewat stream. Karena emng banyak yang pada ga tau apa itu saham FCA.",2025-12-12T09:49:57.000Z,https://www.threads.com/@m_arispujiyanto/post/DSKLL_EAVky,IHSG,2026-05-05T11:32:08.929163
bimbimisme,"selama lu liat bbca belum under 5800, bbri belum under 3000, tlkm belum under 2500, bbni belum under 3000, bmri belum under 4000, asii belum under 4500, untr belum under 15000... sante!
banyak yang bingung market crash. ihsg masih di harga wajarnya. karena kenaikan kemarin terbilang SEMU ! karena yang naik itu saham konglo yang fundamentalnya ampas, dan sekarang mereka ngalami penurunan yang cukup jeru. even harga wajar ihsg sendiri itu 6500-6600an harusnya, jika saham konglo di harga yg wajar.",2026-03-09T18:05:39.000Z,https://www.threads.com/@bimbimisme/post/DVrFErNk1pf,IHSG,2026-05-05T11:32:09.079763
anangga.hy,waktu crash tetep di average down pake dividen?,2026-04-30T06:08:39.000Z,https://www.threads.com/@anangga.hy/post/DXvsWsogeZ7,IHSG,2026-05-05T11:32:09.215134
thewolfof_idx,"Dividen play cuma sampe akhir 2025
Tahun ini pas IHSG crash trading halt 2x gara” MSCI saya masuk 😁",2026-04-30T06:12:43.000Z,https://www.threads.com/@thewolfof_idx/post/DXvs0kEAQ_i,IHSG,2026-05-05T11:32:09.341764
hermantosardan,"PR tinggal review mei saja, selanjutnya bullish !
Gmnpun asing akan jaga IHSG, gmn mereka mau cuan lagi klo ada kepanikan besar2an di market
Klo liat netsell BBCA BBRI last 1 year, rasanya asing yg mengacu MSCI udah bertahap jualan, jadi review mei ini, semua sudah dekat priced-in, ngga banyak outflow lagi
Menggunakan keterbukaan 1% dan klasifikasi investor KSEI terbaru, kemungkinan MSCI akan pake opsi 1, dimana kategori others juga diobok2 sebagian tdk dianggap frefloat
MSCI masih jaga IHSG",2026-04-01T08:10:00.000Z,https://www.threads.com/@hermantosardan/post/DWlPMNulITY,IHSG,2026-05-05T11:32:09.538568
eginanjar,"Disclaimer ya, keputusan jual beli tetap di tangan masing2
Perhatikan RSI 7 dari masing2 saham, kalau sudah di level 75 keatas sebaiknya TP dahulu
Bukan berarti saham yg kamu pegang akan koreksi juga, tapi ketika cuaca hujan biasanya semua ikut berhenti berteduh.
Di indikator ""BREAKOUT 21"" yang aku buat juga muncul sinyal TP, artinya apa? Artinya IHSG rawan koreksi, masih bisa naik tapi terbatas, apalagi hari ini langsung gap up.
Mau info aja, IHSG udah di level 75 utk RSI 7 nya.",2026-04-14T12:09:04.000Z,https://www.threads.com/@eginanjar/post/DXHI4fTGU1B,IHSG,2026-05-05T11:32:09.741870
aganis_amruit,"kak, klo saya mainnya monthly, tp IHSG skrg blm crossup MA 200 daily, baiknya TP dulu atau lanjut aja?",2026-04-15T03:17:16.000Z,https://www.threads.com/@aganis_amruit/post/DXIw0cGE3JU,IHSG,2026-05-05T11:32:09.882501
deicaannda,demi allah ihsg kaya saham gorengan dahh. porto gue bener-bener belum bisa ketolong ini merah semua udah 2 minggu😭.,2026-02-09T03:08:53.000Z,https://www.threads.com/@deicaannda/post/DUhYMFAEy-Q,IHSG,2026-05-05T11:32:10.023734
kirabot.info,Gimana senin kalian aman? kalo mimin masih alhamdulillah ini bisa nyopet di pagi hari disaat ihsg masih aja merah🥹 coba komen udah berapa minus kalian tudey,2026-04-06T04:12:48.000Z,https://www.threads.com/@kirabot.info/post/DWxsBTiESrs,IHSG,2026-05-05T11:32:10.171473
lianmaulian,"IHSG 30/4/2026 11.00
1. Sudah menutup gap terdekat
2. Menunggu apakah dia menjebol support kebawah garis merah atau akan memantul?",2026-04-30T04:01:11.000Z,https://www.threads.com/@lianmaulian/post/DXvdxMHEtxq,IHSG,2026-05-05T11:32:10.309147
halimsopan,"kenang2an IHSG crash kemarin, izin pamit dulu yeee, nanti crash kita serok lagi🙏",2026-02-04T14:27:03.000Z,https://www.threads.com/@halimsopan/post/DUVt0xmE3F7,IHSG,2026-05-05T11:32:10.453338
diianpermataa,"Tato yang sangat di aminkan seluruh warga IHSG
Agar segera reversal dan saham saham kita terbang melayang 📈",2026-04-13T05:31:28.000Z,https://www.threads.com/@diianpermataa/post/DXD2lNzGs6B,IHSG,2026-05-05T11:32:13.149195
adndahmra,"kayanya klo ada berita di tiktok tentang saham better di skip aja.
wbsa katanya gabagus lah inilah itulah
kenyatannya kebalik,
supaya dia dapat jatah banyak.
number and data is your best friend.
in reality orang2 ini akumulasi banyak ketika harga anjlok
ketika hijau mereka TP
aku udah beberapa kali kemakan influencer
katanya ""ihsg bakal ke 6000""
""siapin cash yang banyak""
""jangan masuk ke saham dulu""
rule number #1 in stock exchange :
TRUST NO ONE.",2026-04-23T03:37:25.000Z,https://www.threads.com/@adndahmra/post/DXdZe83mrsc,IHSG,2026-05-05T11:32:13.526941
yannn_zzz,"Ketidakpastian global akibat perang dagang dan ketegangan geopolitik masih membayangi ekspor dan investasi Indonesia di 2026.
Tapi gw tetap ngerasain dampaknya.
Gw bukan investor saham. Gw ga punya portofolio yang perlu gw panik-panikin tiap IHSG merah.
Perang dagang bikin IHSG terjun bebas. Rupiah tertekan. Dan gw yang cuma rakyat biasa ini akhirnya nemu satu cara buat tetap waras.",2026-05-01T07:59:59.000Z,https://www.threads.com/@yannn_zzz/post/DXyd5EPE9Rn,IHSG,2026-05-05T11:32:13.680146
namastay80,"Di saat market kena halt karena IHSG anjlok 8 persen. Porto saya hanya jadi floating loss 3,65 persen. Tetap semangat yg masih minus banyak,semoga cepat rebound",2026-01-28T09:00:01.000Z,https://www.threads.com/@namastay80/post/DUDG1U7E51t,IHSG,2026-05-05T11:32:13.818555
sharemystock,"#ihsg
#saham
#traderpemula
Pantauan untuk besok.",2026-04-14T13:03:04.000Z,https://www.threads.com/@sharemystock/post/DXHPD-zmnAh,IHSG,2026-05-05T11:32:13.973234
imamyogaaa,"REKAP: 📈 SESI 1 IHSG DONE
DEWA +7%
MEDS +11%
OILS +9%
ADRO +2%
ESIP +30%
YPAS +24%
MMIX +10%
MSIN +13%
TEBE +3%
LUCY +9%
By modul screener ultimate.",2026-04-06T05:11:04.000Z,https://www.threads.com/@imamyogaaa/post/DWxysBykeeP,IHSG,2026-05-05T11:32:14.148084
hengky.lim.9,"GAP UP berhasil di tutup pagi ini, next? 😌😌😎
Update 24 April 26",2026-04-24T02:11:36.000Z,https://www.threads.com/@hengky.lim.9/post/DXf0dSpgbv5,IHSG,2026-05-05T11:32:14.343327
fahrurozidani,Kenapa market IHSG bisa TURUN CUKUP TAJAM lagi ? Apakah dampak ekonomi kita ? Dampak perang ? Dampak nolak pinjaman dana ?,2026-04-24T12:32:26.000Z,https://www.threads.com/@fahrurozidani/post/DXg7gbZE9M5,IHSG,2026-05-05T11:32:15.632868
algoresearch,MSCI recent announcement also gives clarity that Indonesia is unlikely to be downgraded to Frontier Market but will see substantial weight reductions with names like BREN and DSSA to be excluded.,2026-04-22T08:04:21.000Z,https://www.threads.com/@algoresearch/post/DXbTPOnk8Bt,IHSG,2026-05-05T11:32:16.021213
algoresearch,"But, IHSG is not ""out of the woods yet"" as technical could move lower where risks such as US-Iran war and fiscal deterioration still exist.",2026-04-22T08:04:21.000Z,https://www.threads.com/@algoresearch/post/DXbTPNjk-w1,IHSG,2026-05-05T11:32:16.336652
hervandy09,Betting on Big 4 = Betting for Ekonomi Indo. Gitugaksih Om ?,2026-04-28T00:06:53.000Z,https://www.threads.com/@hervandy09/post/DXp5XXuk9aO,IHSG,2026-05-05T11:32:16.470284
insinyur.saham,"Kalau asumsi awal.untuk menurunkan ihsg pertama ya turunkan big capnya...jika dianggap sudah over value untuk sektor ini, dalam arti jika bisa turun lebih dalam yieldnya akan jauh menarik. Apalagi efek dolar menguat terhadap rupiah yieldnya harus dinaikkan agar lebih menarik jangan kalah sama inflasi versi kurs.",2026-04-28T00:51:14.000Z,https://www.threads.com/@insinyur.saham/post/DXp-cPSkhGZ,IHSG,2026-05-05T11:32:16.592554
bumimataharisenja,"Ternyata benar, there’s no such thing as a free lunch. Reli IHSG ke 9.000 itu cuma mimpi, nilai wajarnya ya tetap di 6.000. Selama anggaran negara habis buat bagi-bagi makan gratis (MBG) dan duo Prabowo-Purbaya belum sadar buat cutloss kebijakan yang bikin sesak napas fiskal, jangan harap bursa kita sehat. Kita cuma sedang menunggu waktu buat terjun bebas.
bumimataharisenja",2026-03-09T03:55:59.000Z,https://www.threads.com/@bumimataharisenja/post/DVpj1l3iaK1,IHSG,2026-05-05T11:32:16.757243
https4o2,"iHSG mau kemana? Prediksi saya IHSG
apakah analisa saya sejak 2 nov 2025 kembali terbukti benar?",2026-04-07T14:37:11.000Z,https://www.threads.com/@https4o2/post/DW1YRSJml7K,IHSG,2026-05-05T11:32:17.024482
https4o2,iHSG mau kemana? Prediksi saya IHSG,2025-11-03T01:55:20.000Z,https://www.threads.com/@https4o2/post/DQk53oHE--o,IHSG,2026-05-05T11:32:17.176715
adelonnataa,IHSG kita hari ini,2026-04-24T03:43:31.000Z,https://www.threads.com/@adelonnataa/post/DXf--fxjEjr,IHSG,2026-05-05T11:32:17.300350
novstories,"Bangun ges, IHSG dibawah 7.000 🫣",2026-04-07T02:40:01.000Z,https://www.threads.com/@novstories/post/DW0GMkoE9v2,IHSG,2026-05-05T11:32:17.420995
imamyogaaa,"REKAP: 📈 SESI 2 IHSG CUAN LUBER
BRPT +17%
CDIA +8%
CUAN +7%
DEWA +8%
BUMI +6%
KUAS +33%
PMJS +27%
KAQI +26%
URBN +23%
ARKO +9%
UVCR +5%
By Modul Screener Ultimate. 📦",2026-04-08T09:13:19.000Z,https://www.threads.com/@imamyogaaa/post/DW3YAG0kTJq,IHSG,2026-05-05T11:32:17.551812
aa.250516yy,"Aku masih lost sekitar 9% gara² IHSG Crash akhir Januari kemaren, beberapa saham konglo terjun bebas..
berharap bulan puasa nanti bisa segera naik saham² konglo .. dan portoku jadi hijau",2026-02-14T03:48:35.000Z,https://www.threads.com/@aa.250516yy/post/DUuUtN3ic_c,IHSG,2026-05-05T11:32:17.672075
hengky.lim.9,"Skenario update , gap 7.308 selesai di tutup, tinggal tersisa gap 7.022 , jika berhasil stop di area kotak merah tsb, maka IHSG akan rebound ke area 7.700 kembali, sebaliknya jika IHSG gagal bertahan di 6.917 maka lanjut ke area support selanjutnya di 6.690 ( skenario 2 )
Update 24 April 26",2026-04-24T03:47:31.000Z,https://www.threads.com/@hengky.lim.9/post/DXf_b0vAQjY,IHSG,2026-05-05T11:32:17.843201
ouowiqe,"Fantasi liar kalian apa?
Fantasi liarku hari ini:
- 1 USD = Rp 8.000
- IHSG = 9.000
- IQ rata-rata Indo = 105
- Indonesia adil makmur",2026-05-01T07:48:53.000Z,https://www.threads.com/@ouowiqe/post/DXycnypiftd,IHSG,2026-05-05T11:32:21.046731
ismaa_yl,Ihsg hancur saham di porto masih ada yang ijo juga udah alhamdulillah ya,2026-04-30T14:07:19.000Z,https://www.threads.com/@ismaa_yl/post/DXwjIrPGuHH,IHSG,2026-05-05T11:32:21.171933
kelseycalista,"Senin
Buka stockbit — Liat IHSG — Tutup lagi 🙏🏻😇",2026-02-02T02:25:09.000Z,https://www.threads.com/@kelseycalista/post/DUPRnsGCTCN,IHSG,2026-05-05T11:32:21.326608
shintadwiaryanti__,"Looking at the screen today feels like watching a horror movie .
IHSG ditutup anjlok ke level 6.956 per 30 April 2026 .
Turun lebih dari 2% dalam sehari ! Pas banget sebelum libur May Day , market kasih kita ""hadiah"" warna merah merona . 🚩
shintadwiaryanti__",2026-05-01T00:48:52.000Z,https://www.threads.com/@shintadwiaryanti__/post/DXxsje3mYK-,IHSG,2026-05-05T11:32:21.453796
aldieysh,"Tetapi beneran lho kalau ihsg closing dengan hammer dan kaki panjang itu sexy, biasanya pembalikan arah",2026-04-30T07:49:57.000Z,https://www.threads.com/@aldieysh/post/DXv38s8EwIa,IHSG,2026-05-05T11:32:21.744874
marlonsuckitcrush12,"Besok senin oi IHSG atau $IHSG (Index Harga Saham Gabungan)
marlonsuckitcrush12",2026-04-12T06:39:51.000Z,https://www.threads.com/@marlonsuckitcrush12/post/DXBZnisk8Qo,IHSG,2026-05-05T11:32:21.880508
pangeran_gareng,"muncul berita ini too makanya tadi sempet naik, sekarang ihsg turu lagi 😴",2026-04-07T04:21:21.000Z,https://www.threads.com/@pangeran_gareng/post/DW0RyvtE37t,IHSG,2026-05-05T11:32:22.009108
lyovivo_,"Kapan drama IHSG ini berakhir.
Penutupan Bursa Saham kemarin, floating loss kerugian gw minus 146 juta 😭😭😭",2026-03-18T11:07:24.000Z,https://www.threads.com/@lyovivo_/post/DWBgXMLmc0Q,IHSG,2026-05-05T11:32:22.161026
yoohansa,"bring back IHSG to 9000 !!!
winrate seimut ini masih punya saham nyangkut di $BBRI",2026-05-01T11:43:18.000Z,https://www.threads.com/@yoohansa/post/DXy3coHkpxU,IHSG,2026-05-05T11:32:22.307627
say.saidi,"Kenapa ga di TP, lahah wong minus gede aja ga aku cutloss ahahha",2026-04-08T12:02:35.000Z,https://www.threads.com/@say.saidi/post/DW3rXv5ILT_,IHSG,2026-05-05T11:32:22.482837
lutfi22rhmn,"Mulai bermunculan ritel sok jago
Mntang2 IHSG rebound
Monyed pun untung klo beli tdi pagi",2026-04-08T15:56:49.000Z,https://www.threads.com/@lutfi22rhmn/post/DW4GLXqkcJG,IHSG,2026-05-05T11:32:22.641384
raflansetyou,"dipaksa bersih"" dulu, sekalian libur panjang",2026-04-30T07:00:29.000Z,https://www.threads.com/@raflansetyou/post/DXvySW-lB9L,IHSG,2026-05-05T11:32:22.787955
prameswari_indar,"Dalam kondisi IHSG saat ini sebaiknya disisain emiten yg mana aja?
prameswari_indar",2026-04-26T12:14:56.000Z,https://www.threads.com/@prameswari_indar/post/DXmDF-lCc26,IHSG,2026-05-05T11:32:22.931190
hengky.lim.9,"Penutupan menjelang libur akhir pekan, IHSG berhasil di bawa naik 3 hari berturut2 meninggalkan area GAP UP dan juga kenaikan hari ini tepat berada di bawah TRENDLINE RESISTANCE KUAT 7.486 , jadi skenario besok SENIN,
* IHSG kemungkinan masih akan menguji area resistance tsb, bisa juga di dorong oleh sektor perbankan dan saham2 konglo lainnya yg masih belum bergerak tinggi.
* IHSG bergerak koreksi membuat area pijakan baru nya d sekitar area 7.150 & 7.300 ( gap up)
Update 10 April 26",2026-04-10T09:55:23.000Z,https://www.threads.com/@hengky.lim.9/post/DW8mZ6wARgF,IHSG,2026-05-05T11:32:23.113421
bhktraharjo,"outflow inilah yang menyebabkan IHSG kembali turun didukung dengan perlemahan rupiah.
saya coba kalkulasi NET Foreign Transaction periode 1 April s/d 29 April 2026. Terjadi Outflow -14.65T
BBRI menjadi penyumbang outflow paling besar -8T, lebih dari 50% NET Sell berasal dari BBRI.
30 April 2026 IHSG sempat drop menyentuh -3%",2026-04-30T07:53:03.000Z,https://www.threads.com/@bhktraharjo/post/DXv4TcgD9YY,IHSG,2026-05-05T11:32:23.269661
algoresearch,We expect IHSG to trade sideways in the near-term as upside catalysts are still lacking while downside is supported by light positioning.,2026-04-22T08:04:21.000Z,https://www.threads.com/@algoresearch/post/DXbTPMOEwrG,IHSG,2026-05-05T11:32:26.457344
mutiacut12,IHSG turun terus kapan reboundnya 🥲 awal 2026 malah makin mumet.,2026-02-06T06:05:09.000Z,https://www.threads.com/@mutiacut12/post/DUZ9-gmktOB,IHSG,2026-05-05T11:32:26.838621
ssamuel_rp,"Saham Pom Pom : LUCK/LCKM
*Saham volatil kelas bulu (bisa Ara-Arb) potensi msh perform :
ESIP, COAL, FORE, JAWA, RODA, LCKM, SDMU, MPIX, MEDS
*Saham volatil dng volume besar kemarin : DEFI, AMMN
*Saham2 yg dapat di perhatikan hr ini:
ANTM, EMAS
Perkiraan IHSG akan bergerak pada Seloso (28/4) antara 7000-7250",2026-04-28T01:24:57.000Z,https://www.threads.com/@ssamuel_rp/post/DXqCTHoAf4j,IHSG,2026-05-05T11:32:27.492765
ombentrader,"Saham BCA adl cerminan dari kepercayaan investor asing atas ekonomi dan arah kebijakandi Indonesia
Dan saat ini BBCA kembali dinet sell gede ama asing
Apa alasannya??
POKOK NYA ADAAAHHH !!!!",2026-04-24T05:14:46.000Z,https://www.threads.com/@ombentrader/post/DXgJa25k4wt,IHSG,2026-05-05T11:32:28.233905
susanasrihandayani,"Nafas pelan
Tarik dalam dalam
Henbus kan dikit dikit
Mandi keramas
Beli es cendol
Bayangkan RDN, dan porto kita hanya sebatas angka😃
Semarang kaline banjir
IHSG dino iki ojok di pikir😃
susanasrihandayani",2026-04-30T06:53:04.000Z,https://www.threads.com/@susanasrihandayani/post/DXvxcC3ifhp,IHSG,2026-05-05T11:32:28.409532
kudusalto_11,"Kalau untuk trading halt kali ini (MSCI effect), kira kira butuh waktu berapa lama???
Tahun 2025, setelah terjadi trading halt, IHSG umumnya rebound dalam waktu singkat
- Pada kasus Maret 2025, rebound terjadi keesokan harinya (1 hari).
- Sedangkan pada April 2025 butuh waktu lebih lama, sekitar 11 hari sebelum pasar kembali stabil.",2026-01-28T07:48:34.000Z,https://www.threads.com/@kudusalto_11/post/DUC-qIdkluD,IHSG,2026-05-05T11:32:28.557098
ivan.nover_,"IHSG bisa ke 7730
EMAS kalo koreksi bisa agak dalem (pola rising wedge) abis itu naik lagi
ENRG bisa ke 2300 (entry under 2000 masih menarik)
BULL support di 460, kalo bisa tembus 570 bisa lanjut naik
MDKA di angka sekarang udh bs masuk MSCI
Hindari saham konglo, masuk komoditas
INCO saham yang fundanya bagus
MBMA asing keluar, ditampung lokal
INDY asing beli di pucuk 3950. Area aman beli di 3700
AADI asing beli di harga tinggi
Money management
Live ko Michael Yeoh
@_michaelyeoh
2 Maret 2026",2026-03-02T15:46:39.000Z,https://www.threads.com/@ivan.nover_/post/DVYzmg8k97n,IHSG,2026-05-05T11:32:32.246990
stockbit,IHSG tadi sempat menyentuh 9.000 loh😇,2026-01-08T03:28:54.000Z,https://www.threads.com/@stockbit/post/DTPBCq1kg9m,IHSG,2026-05-05T11:32:32.437673
robinhoodstocks,"Kenapa gua bisa yakin? Kalian bisa lihat data weighting IHSG kita dimana weighting saham konglo ini besar, bayangkan kalau seperti kata orang orang di luar sana yang bilang era saham konglo sudah BERAKHIR otomatis jangan harap IHSG bisa perform karena mana mungkin saham fundamental bisa gendong IHSG, bisa lihat data semenjak COVID, siapa yang gendong IHSG kalau bukan saham konglo, jadi jangan anti sama saham konglo
""IHSG akan ditopang saham konglo 2026""
Mungkin kalian ga percaya tapi bodo amat.",2026-03-20T15:37:02.000Z,https://www.threads.com/@robinhoodstocks/post/DWHIzy2CcN-,IHSG,2026-05-05T11:32:32.633081
nabilaaghnia_,siapa yg IHSG hijau tp porto tetep merah? saya saya,2026-02-11T04:20:30.000Z,https://www.threads.com/@nabilaaghnia_/post/DUmp-VdiRX8,IHSG,2026-05-05T11:32:32.795240
samiacyn,"Ya ampun, baca berita IHSG pagi ini kok rasanya kayak lagi nonton drama Korea yang episodenya nggak kelar-kelar ya. Katanya sih berpotensi melemah gara-gara sentimen global. Jadi, kayaknya pasar kita lagi ngikutin mood-nya luar negeri gitu deh. Dolar AS naik, harga minyak juga lagi nggak stabil, belum lagi urusan geopolitik yang bikin deg-degan. Duh, pusing juga ya ngikutinnya. Rasanya pengen tarik selimut aja deh daripada mikirin angka-angka yang naik turun nggak jelas gini.",2026-04-23T05:14:09.000Z,https://www.threads.com/@samiacyn/post/DXdkiXeGFas,IHSG,2026-05-05T11:32:32.938889
hengky.lim.9,"IHSG masih belum nutup GAP AREA 7.527 nya , cukup banyak saham yg belum terbentuk support baru, solusinya jika tidak mau pakai support lama, bisa adjust menggunakan support 1 / 2 hari yg lalu ( break daily low candle)
Update 16 April 26",2026-04-16T06:22:59.000Z,https://www.threads.com/@hengky.lim.9/post/DXLq3fXgc7y,IHSG,2026-05-05T11:32:33.130723
serlytimangsari,"Obat tenang di kala IHSG merah :
Ngeliat minusnya orang lain sambil bilang ""oh minus dia lebih banyak dari aku"" 🤣🤭",2026-01-28T14:28:18.000Z,https://www.threads.com/@serlytimangsari/post/DUDsZ0Nkkft,IHSG,2026-05-05T11:32:33.317917
rudiraind,"Pasar kita punya ciri khas likuiditas tidak merata. 📌 Banyak saham dikendalikan pihak tertentu..
Apa masalah utamanya?
Bukan di harga.
Bukan di ekonomi makro.
Tapi di Struktur pasar.
1. IDENTIFIKASI MASALAH
Kenapa tiba-tiba Indonesia sibuk dengan MSCI?
Karena ada satu kekhawatiran besar yaitu IHSG terlihat kuat, tapi mungkin tidak “setahan itu”
Mari kita bedah pelan-pelan, bukan dari berita, tapi dari struktur.
Siapa yang sebenarnya menopang pasar kita?",2026-04-04T04:30:52.000Z,https://www.threads.com/@rudiraind/post/DWskfyWEcE3,IHSG,2026-05-05T11:32:33.521783
hizkiakim,"Banyak yang minta IHSG balik ke harga COVID kan(?)
Giliran IHSG semakin mendekati harga COVID kok malah takut beli(?) 🤭",2026-03-16T05:22:46.000Z,https://www.threads.com/@hizkiakim/post/DV7vVU7D-v1,IHSG,2026-05-05T11:32:36.595952
rizkamaghfur,"Kita sama2 gorengan 😁😁😁😁
Jadi ke depane sesama gorengan jangan suka menghina 🙏
Klo saham mini2 yg goreng orang lokal
Cuma yg goreng orang asing 🤣🤣🤣
ternyata mereka juga jenis saham gorengan
Dari pengalaman IHSG crash 2 hari ini
Ternyata saham2 blue chip
Yg konon berfundamental kuat dll",2026-01-29T12:41:24.000Z,https://www.threads.com/@rizkamaghfur/post/DUGE9v7EaGr,IHSG,2026-05-05T11:32:37.151072
0xnextzy,"No hopium. Data only. 📉
Tembus 6,800 → 6,400.
C = A equality. Level ini make or break.
✅ 5-wave impulse: done ~9,400
⬇️ Koreksi ABC zigzag aktif
🎯 Target Wave C: 6,800
IHSG Elliott Wave update.",2026-04-04T21:49:52.000Z,https://www.threads.com/@0xnextzy/post/DWubZuGE150,IHSG,2026-05-05T11:32:37.404184
ekurniawan.id,"Habibiee,,,, ihsg ancur lebur, bentar lagi bbm naik, inflasi tinggi, mbg tetap berjalan, punya presiden hobi jalan-jalan keluar negeri terus. Fix indonesia segera krisis & bubar 🔥",2026-03-30T02:11:07.000Z,https://www.threads.com/@ekurniawan.id/post/DWfch1tD8-J,IHSG,2026-05-05T11:32:37.548329
nixmare2026,"Minggu depan off dulu dari IHSG. Cutloss semua sisa saham. Pejabat elit nya yang pada mundur itu bukan hanya ga becus kerja tapi ada sesuatu yang mereka ga sanggup betulin. Apalagi IHSG crash baru karena berita MSCI, belum kalo paman Trump tantrum. Reward nya ga sebanding dengan risk nya. Mending kehilangan duit berapapun hari ini daripada kehilangan uang lebih besar besok. Masuk lagi ketika IHSG sudah di reformasi. Peace Love & Gaul",2026-01-31T04:16:00.000Z,https://www.threads.com/@nixmare2026/post/DUKUt0Aj-__,IHSG,2026-05-05T11:32:37.715938
haikalmanggala,Walaupun IHSG sedang bergejolak setidaknya masih bisa profit…,2026-03-10T06:23:31.000Z,https://www.threads.com/@haikalmanggala/post/DVsZhDlkQLU,IHSG,2026-05-05T11:32:37.863021
imamyogaaa,"SESI 1 IHSG DONE ☕️
DATA +23%
PADI +17%
TPIA +8%
NRCA +10%
CUAN +7%
IATA +5%
EMTK +4%
WMUU +5%
NICL +5%
SIMP +5%
By Modul Screener Ultimate. 📈",2026-04-13T04:36:34.000Z,https://www.threads.com/@imamyogaaa/post/DXDwTcoEYg9,IHSG,2026-05-05T11:32:38.009578
titis_putri,"Ko bisa ya reksadana saham ttp +? Pdhl ihsg lg jeblok, apakah sebagus itu manajer investasi?",2026-02-02T13:36:19.000Z,https://www.threads.com/@titis_putri/post/DUQebf5k7fd,IHSG,2026-05-05T11:32:38.373930
meng_kim12,Saham BBRI ampun deh deviden 209/lembar eh dia turunnya sdh 250 😭😭 haiya mau cuan jd bocuan lho begini caranya 😭😭😭,2026-04-23T08:14:04.000Z,https://www.threads.com/@meng_kim12/post/DXd5JPhkts0,IHSG,2026-05-05T11:32:38.517079
edmonsong,"Selama kurs Rupiah masih melemah, maka selama itu pula besar kemungkinan IHSG, termasuk BBRI akan melemah.",2026-04-23T08:33:33.000Z,https://www.threads.com/@edmonsong/post/DXd7X7vnyJm,IHSG,2026-05-05T11:32:38.683206
krisnaokkk,"DYOR🪱🪱🐉🐉
SLIDE 3 SCREENING SCALPING 2-7%🚀
IHSG REBOUND GESS🐲
Holder Bumi mana suaranya, jangan sampai hapus stockbit karena entry pucuk wkwk",2026-04-14T03:12:40.000Z,https://www.threads.com/@krisnaokkk/post/DXGLf3sH9gT,IHSG,2026-05-05T11:32:38.916293
hive.magz,"Gue lihat banyak banget investor ritel yang panik luar biasa pas buka aplikasi saham minggu ini. Portofolio merah pekat di mana mana. IHSG tiba tiba rontok dan terjun bebas sampai ke level 7.200-an. Sebagian orang mikir ini cuma bandar yang lagi iseng nurunin harga buat serok di bawah. Pemikiran kayak gitu jelas terlalu naif. Kenyataannya pasar kita lagi kena hantaman tiga pukulan telak secara bersamaan.
IHSG anjlok April 2026 penyebab utama kenapa pasar saham kita berdarah parah. 📉🩸",2026-04-24T06:00:50.000Z,https://www.threads.com/@hive.magz/post/DXgOsMmAc-b,IHSG,2026-05-05T11:32:39.077625
whyurzky1,"31 maret vs 16 april
Mulai comeback, dan jujur gatau harus ngapain ke dewa, mau avgd takut koreksi lagi, mau cl ihsg bakal naik",2026-04-16T11:19:54.000Z,https://www.threads.com/@whyurzky1/post/DXMM2OlgW7_,IHSG,2026-05-05T11:32:39.226681
belalianaaaa,"Sumpah sedih bgt baca berita negeri ini chaos banget! 😩
- Wagub BI ponakan RI1. Dimana ke- independent-an BI?!
- Indonesia gabung BoP & Iuran BoP diambil dari APBN
- Dana MBG 2026 smpe 335T
- Inget DPR Adies Kadir yg prnh blg kost DPR sehari 3jt, diangkat jd hakim MK.
- Ex mentri agama pengelapan dana jamaah haji blm diapapain
- Rupiah melemah&IHSG halt 2x, rebalancing MSCI, OJK BEI gak prevent dari kmrn. yakin kl org dlm hrsny udh notice kl emg saham bnyk digoreng, dikira MSCI diem aja apa.",2026-01-29T16:07:51.000Z,https://www.threads.com/@belalianaaaa/post/DUGclwbAXMn,IHSG,2026-05-05T11:32:39.829161
skidipap389,"Gak bisa nyalahin konglo juga karena tanpa mereka IHSG itu cuma 5000,apakah ini akhir kisah supir angkot IHSG??? Sedang mempersiapkan diri untuk bencana di hari Senin.",2026-04-05T03:33:49.000Z,https://www.threads.com/@skidipap389/post/DWvCw0gD66o,IHSG,2026-05-05T11:32:40.005145
kertas_digital_,"Waduh, IHSG di ujung tanduk. So kita bikin online meeting via gmeet nanti malam, dibagikan di grup komunitas, cek link di bio!!",2026-04-30T07:01:05.000Z,https://www.threads.com/@kertas_digital_/post/DXvyW1AFGV4,IHSG,2026-05-05T11:32:40.133193
hendrahenz22,"Sumber : Stockbit Sekuritas
IHSG turun ke 6.926,55 (-2,46%) dengan nilai transaksi Rp11,28T, asing masih mencatatkan net sell sebesar Rp977,08M. Top net foreign buy diisi BBNI, ADRO, dan INCO, sementara tekanan jual terbesar datang dari BBCA, BBRI, dan ANTM.
Update Foreign Flow Sesi 1
Date : Kamis, 30 April 2026",2026-04-30T05:38:36.000Z,https://www.threads.com/@hendrahenz22/post/DXvo6p4GT_O,IHSG,2026-05-05T11:32:40.281765
hive.magz,"Coba lo geser ke Slide 3.
Waktu IHSG crash bulan ini dan harga BBCA ikut terseret turun, semua grup saham langsung rame. ""Wah BBCA lagi diskon gede! Sikat buat nabung saham!""
Valuasi Price-to-Book (PBV) BBCA memang turun dari 4.7x ke 2.8x. Kelihatannya kayak deal abad ini, kan? Padahal, kalau lo melek data global, lo bakal sadar kalau lo masih kena ""Pajak Ketakutan"".
""BBCA Turun = Diskon Murah? Kenapa Lo Sebenarnya Masih Bayar Kemahalan."" 📉🏦",2026-04-24T12:58:19.000Z,https://www.threads.com/@hive.magz/post/DXg-eC6AVbk,IHSG,2026-05-05T11:32:40.447905
friendy.ap,Oktobear… but growth is growth 🐻📈,2025-10-29T13:57:07.000Z,https://www.threads.com/@friendy.ap/post/DQZUfywErDp,IHSG,2026-05-05T11:32:43.736488
ismurhadi_rizki,"Ciri ciri bid offer perusahaan yang harganya di tahan, study kasus BNBR hari ini 15 april , pada saat IHSG merah, ada yang nahanin di bawah . Perhatikan juga volumenya . ini menentukan keputusan kita selanjutnya mau jual atau belum .
#sahamsyariah #saham #ihsg #investor #stock",2026-04-15T10:45:22.000Z,https://www.threads.com/@ismurhadi_rizki/post/DXJkGFsj4Kz,IHSG,2026-05-05T11:32:44.426483
alphavestor.id,"Baca sampe akhir kalau kalian mau liat forecasting harga IHSG jika skenario diatas terjadi dan ga pengen porto kalian kebakaran [Threads] 👇
BEI baru rilis data: 9 saham punya konsentrasi kepemilikan di atas 95%.
BREN: 97.31%. DSSA: 95.76%.
Pertanyaan yang belum ada yang jawab dengan bener: Kalau dua saham ini crash 50%, IHSG jatuh berapa?",2026-04-03T08:40:37.000Z,https://www.threads.com/@alphavestor.id/post/DWqcSOVD9Wa,IHSG,2026-05-05T11:32:44.614961
theferdians,"Coba tolong ya besok-besok jangan sebenci itu sama saham konglo.
Di saat saham andalan kalian merah darah gini, saham-saham konglo lah yang ngegendong IHSG.
Chill aja, semua ada waktu dan gilirannya 🙃",2026-04-09T08:49:10.000Z,https://www.threads.com/@theferdians/post/DW56CEaFBfm,IHSG,2026-05-05T11:32:44.742557
yudhaniagara,ESSA yuk bisa yuk 🤩🤩,2026-02-23T02:23:37.000Z,https://www.threads.com/@yudhaniagara/post/DVFWI4Ak7rV,IHSG,2026-05-05T11:32:44.868781
bawonosuryo,"tunggu aja ihsg bakal naik lagi...
dunia masih baik2 saja...
pabrik juga masih pada produksi...
kapal2 jg masih berlayar seperti biasa...
sawit juga masih di panen dan dijadikan minyak...
terbakar...tp tenang aja itu cuman di layar hp atau laptop...
market crash??
jangan panik..",2026-01-28T04:22:28.000Z,https://www.threads.com/@bawonosuryo/post/DUCnEhWkyLT,IHSG,2026-05-05T11:32:45.037902
sahamstockidn,"DYOR
Outlook FTSE pada tanggal 9 nanti bisa jadi katalis strong buy jika tidak ada issue signifikan.
IHSG stay strong di area support 6,900. Sudah menguji 3x dan belum jebol. Walupun banyak “badai.”",2026-04-06T09:03:06.000Z,https://www.threads.com/@sahamstockidn/post/DWyNPdNk3GL,IHSG,2026-05-05T11:32:45.186415
yessi_tann,"walaupun ihsg gonjang ganjing
Tapi puji Tuhan 😫😫
Tiap malem rasanya capek banget harus analisa terus😭
Semoga perjuangan yg melelahkan ini menjadiii sukses",2026-03-11T11:14:00.000Z,https://www.threads.com/@yessi_tann/post/DVvfjfdEqUK,IHSG,2026-05-05T11:32:45.308525
uptrendtrading_,Okay closingnya IHSG valid pola Dark Cloud Cover yah. wkwk. Be carefull besok,2026-04-15T09:08:51.000Z,https://www.threads.com/@uptrendtrading_/post/DXJZDbXmA-e,IHSG,2026-05-05T11:32:45.464367
drstma,2 gap itu ada di harga brpa aja min?,2026-04-15T09:38:11.000Z,https://www.threads.com/@drstma/post/DXJcaUOEavp,IHSG,2026-05-05T11:32:45.607975
ridhotholabi,"Aku pribadi nggak berharap perang terjadi berkepanjangan karena dampaknya bisa ke kita juga kayak sebelumnya harga terigu jadi mahal (Ukraina salah satu eksportir gandum terbesar).
Mungkin bisa dilihat kondisi tahun 2022 saat perang Ukraina dan Rusia terjadi. Ada beberapa komoditas jadi langka bahkan masuk ke supercycle. Bisa cek saja emiten-emiten komoditas di tahun 2022.
Kalo perang terjadi, IHSG bagaimana?",2026-02-28T11:51:30.000Z,https://www.threads.com/@ridhotholabi/post/DVTPGcPlPo5,IHSG,2026-05-05T11:32:45.788538
jayantiay,Ini belinya jam brp? Hrs pagi antri beli ngga?,2026-04-16T12:15:03.000Z,https://www.threads.com/@jayantiay/post/DXMTKHVgb9f,IHSG,2026-05-05T11:32:45.928067
rstsinggih,Open market jam 9an. Screening dlu di running trade sama di top gainer. Ga harus antri beli pas pra open. Pra open ihsg ijo pas open langsung merah juga bisa,2026-04-16T12:19:47.000Z,https://www.threads.com/@rstsinggih/post/DXMTsvdEsxx,IHSG,2026-05-05T11:32:46.056597
rudiraind,"Kita baca :
terlalu banyak saham di IHSG “dikuasai oleh segelintir pihak”..
Masalah utama yang disorot adalah :
📌 Likuiditas
📌 Transparansi
📌 Free float saham",2026-04-04T03:51:35.000Z,https://www.threads.com/@rudiraind/post/DWsgAKdkTpJ,IHSG,2026-05-05T11:32:46.517386
debiiqbal7,"Ini IHSG kenapa ?
Hei orang orang pinter.",2026-04-30T03:55:37.000Z,https://www.threads.com/@debiiqbal7/post/DXvdIXAAVmG,IHSG,2026-05-05T11:32:46.663473
syaiful_hasan_basri93,"Entah itu mitos atau fakta, IHSG itu dapat diprediksi berdasarkan hasil pertandingan Manchester United atau dapat di istilahkan dengan MUmology... 😅
Jika MU menang, IHSG akan merah. Namun jika MU kalah biasanya yang akan terjadi IHSG akan hijau pekat!!..
Kebetulan, MU kalah tadi malam. Mungkinkah hari ini IHSG akan....???
🤣🤣🤣
🚀🚀🚀
syaiful_hasan_basri93",2026-04-14T01:29:20.000Z,https://www.threads.com/@syaiful_hasan_basri93/post/DXF_q73kl31,IHSG,2026-05-05T11:32:46.807008
tristan.nelson_,"IHSG Turun, Emas Turun, Crypto Turun. Tapi ada yang Gak Pernah Turun, malah naik terus... yaitu BIAYA HIDUP, INFLASI, Kenaikan Biaya Medis, Kenaikan Biaya Sekolah Anak",2026-02-06T04:14:53.000Z,https://www.threads.com/@tristan.nelson_/post/DUZxW40kaeI,IHSG,2026-05-05T11:32:49.919648
sabrinzf,IHSG ya Allah BGt,2026-04-25T16:12:53.000Z,https://www.threads.com/@sabrinzf/post/DXj5h-Lgf6B,IHSG,2026-05-05T11:32:50.043174
ajiwijanarko,"Hari ini marketnya seru, dari pre opening ihsg turun sampai rebound.
Profit ga maksimal walaupun hampir semua emiten yg kepegang naik. Ga maksimalnya karena pengen ngejar prosentase tinggi, dan akhir sesi 2 junam 😂🤭
Kiranya begitu untuk hari ini 🙏🏾",2026-04-13T09:21:22.000Z,https://www.threads.com/@ajiwijanarko/post/DXEQ5XtD4u7,IHSG,2026-05-05T11:32:50.355892
mas.alif8,"Tetap semangat menyisihjan duid
untuk nyangoni ponakan. 😊
Sedikit sharing dalam menghadapi crash :
1. Mencoba menguatkan diri, it means ga kuat-kuat banget 😂
2. Tetap tenang, karena yang membuat crash bukan ""fundamental"" perusahaan, tapi kepercayaan thd pengelolaan bursa serta yang menyertainya.
3. Sambil nunggu perlahan pulih, sembari banyak belajar di berbagai media.
Sudah take profit dikit-dikit.
DIBANTING IHSG.
Before : Kondisi Minus 2 Februari.
After : Kondisi 12 Februari 2026.",2026-02-12T10:09:24.000Z,https://www.threads.com/@mas.alif8/post/DUp2sr0E5xu,IHSG,2026-05-05T11:32:50.790774
wahid.musz_,"Fenomena konyol di akhir April ini:
1) Pembatalan laporan APBN Kita edisi April & Konpers KSSK;
2) IHSG anjlok dan meninggalkan zona 7.000-an;
3) Rp17.347/$1
Dari tiga indikasi ini saja, udah jelas ekonomi Indonesia memasuki masa memprihatinkan. Kalau tidak ada perubahan agresif atau bahkan radikal, jangan harap bulan-bulan selanjutnya aman.
Buat warga biasa seperti kita, jangan lupa makin kencangkan ikat pinggang.",2026-04-30T12:30:30.000Z,https://www.threads.com/@wahid.musz_/post/DXwYDgFlFzx,IHSG,2026-05-05T11:32:51.123926
tobenoo,"Tapi mari kita lihat chart. Tidak ada info penting yang bisa disembunyikan dari sebuah chart. Chart adalah x-ray di dunia medis. Atau google map dalam melihat route yang akan dituju. Tanpa itu, hanyalah sebatas kira-kira. Hanya meraba-raba.
Apakah IHSG tambah rungkad?
Yang jelas masih merah.",2026-04-07T23:41:37.000Z,https://www.threads.com/@tobenoo/post/DW2Wk2Ckykh,IHSG,2026-05-05T11:32:51.286925
susanasrihandayani,"Selain IHSG koreksi
Akhir maret masih ada laporan laba rugi menyayat hati,
Gajian karyawan menanti
Tetap tenang 😀
Buat karyawan jangan banyak drama dulu , karena sensitif maret ini😀
susanasrihandayani",2026-03-18T01:52:02.000Z,https://www.threads.com/@susanasrihandayani/post/DWAgzn2iShR,IHSG,2026-05-05T11:32:51.900451
mang.amsi,IHSG SUDAH TURUN HAMPIR -25% DARI PUNCAKNYA… DI SINILAH CARA BERPIKIR INVESTOR SEBENARNYA TERLIHAT,2026-03-16T06:25:09.000Z,https://www.threads.com/@mang.amsi/post/DV72eMgkcZy,IHSG,2026-05-05T11:32:55.456163
aldieysh,"#fyp #saham #tradingsaham #ihsg #bursasaham
Hayo siapa yang BSJP ini wkwk gw pilih APLN",2026-04-29T12:37:22.000Z,https://www.threads.com/@aldieysh/post/DXt0Cu0koY7,IHSG,2026-05-05T11:32:55.600297
susanasrihandayani,"Hah smua kena suspen?? Yg bener aja ini kena hack apa gemana IHSG
susanasrihandayani",2026-01-28T06:45:04.000Z,https://www.threads.com/@susanasrihandayani/post/DUC3Y7nCaWs,IHSG,2026-05-05T11:32:55.743394
rivan.kurniawan,"#ihsg #investasi #fyp #belajarsaham #goto
Holder GOTO ada disini? Coba absen siapa yang cuan nih guys
Coba komen dibawah yaa",2026-04-29T05:53:25.000Z,https://www.threads.com/@rivan.kurniawan/post/DXtF0XNiSLH,IHSG,2026-05-05T11:32:55.887190
ghali_hadafi,"Teman2 yg orang Samarinda, ada ngga disini yang trader/investor saham? kalau ada kita mutualan yuk, susah bener cari temen diskusi saham di Samarinda. syukur2 kalo banyak nanti kita bikin komunitas aja, hehee",2026-04-23T00:12:42.000Z,https://www.threads.com/@ghali_hadafi/post/DXdCDjGj1GD,IHSG,2026-05-05T11:32:56.040754
hutamawulandari,Slm dr smd sbrg ritel unyu yg dlu sdh happy utg 41% lalu rugi 51% krn ihsg ancur efek ksringan cutloss wkwkkkk..,2026-04-23T07:13:31.000Z,https://www.threads.com/@hutamawulandari/post/DXdyNt-gSHf,IHSG,2026-05-05T11:32:56.159445
valbury_futures,"Performa IHSG sepanjang tahun ini masih berada di bawah mayoritas pasar Asia. Di sisi lain, beberapa indeks global justru mencatat pertumbuhan yang lebih kuat.",2026-04-30T03:07:43.000Z,https://www.threads.com/@valbury_futures/post/DXvXphvD5E_,IHSG,2026-05-05T11:32:56.714150
voiceofmib,"#saham #MIB #IHSG #VoiceofMIB #PADI
Biasanya kalau big player gerak begini, ada skema di balik layar yang kita nggak tahu. Menurut kamu arahnya ke mana?
Lagi rame soal PADI. Entitas Happy Hapsoro hilang dari daftar pemilik saham pas banget momen mau right issue.",2026-04-14T04:26:06.000Z,https://www.threads.com/@voiceofmib/post/DXGT5nbFC8N,IHSG,2026-05-05T11:32:56.860935
_michaelyeoh,IHSG hit the MYCD downside target,2026-01-29T10:58:41.000Z,https://www.threads.com/@_michaelyeoh/post/DUF5NdREQ3q,IHSG,2026-05-05T11:32:57.021840
febrianggelo,Day 1: Mau jadi investor saham. Baru masuk IHSG merah semua 😭,2026-04-30T15:07:46.000Z,https://www.threads.com/@febrianggelo/post/DXwqDaDiRPY,IHSG,2026-05-05T11:33:00.567734
yusqiibrilliant,"Porto gw 3 hari yang lalu 🦁🚀
Porto gw hari ini 🤡💀",2025-10-17T12:39:19.000Z,https://www.threads.com/@yusqiibrilliant/post/DP6SDZ-k4Yi,IHSG,2026-05-05T11:33:01.149438
ocyyputri,IMHO nih ya. Sebagai pemula pendatang baru di dunia investasi saham ini. Ngeliat IHSG merah dan bbrapa emiten grafiknya merah kayanya itu moment yg bagus buat aku. Bener gak sih? Mungkin yg lain yang udah suhu bisa kasih masukan ke aku. No jokes ya tengkyuuu,2026-04-13T01:37:26.000Z,https://www.threads.com/@ocyyputri/post/DXDbza4GsRJ,IHSG,2026-05-05T11:33:01.422650
gisel.evn,"kospi & nikkei hari ini hijau.
Ihsg hijau ga ya? uhmmmm..
kalian tim wait n see atau serok ??",2026-04-27T01:23:31.000Z,https://www.threads.com/@gisel.evn/post/DXndVuHEie4,IHSG,2026-05-05T11:33:01.739976
halo_ijah,"sekarang ihsg merah, tp bisa kok tetep konsisten kaya awal bulan😚🤗
kurang-kurangin julid, lebih baik perbanyak ilmu💖
kemaren-kemaren posting profit pas ihsg ijo ada yang bilang
"" halah ihsg ijo ritel2 mulai pada keluar ""
"" ihsg ijo, monyet beli pun pasti profit "" demi apapun ada yg komen gini🙂‍↔️",2026-04-23T04:52:28.000Z,https://www.threads.com/@halo_ijah/post/DXdiEs6D64Q,IHSG,2026-05-05T11:33:01.918130
yulisa.yu,tadi dia ud mau break even ke atas. hampir nyentuh angka break even atas nya . yeeee ud tahan diri ga TP tgguin break even atas tiba2 longsor ke bawah. tp so far sih masih profit cmn tetep blm mau TP. aku bagian support area aja 🤪,2026-04-15T04:31:43.000Z,https://www.threads.com/@yulisa.yu/post/DXI5VsrAPVm,IHSG,2026-05-05T11:33:02.471387
ch4r9e,Saran saya kabur aja dulu....aplg bentar lg ad pengumuman MSCI di Mei...semua pd yakin indo ga bakal ke Frontier ..masalahnya Indo emank ga bakal ke Frontier Market tp kena reduce EM karena ad Vietnam masuk...IHSG udah pasti turun lg dibawah 7000. Panik sell tiba2 🤣,2026-04-15T04:59:35.000Z,https://www.threads.com/@ch4r9e/post/DXI8hwdk0Ef,IHSG,2026-05-05T11:33:02.597467
nabung.dividen,"Saat seperti ini krusial mana perusahaan yg bisa bertahan di tengah kondisi ekonomi yang ga menentu, dan mana yang malah akan tumbang. Kalau perusahaan bisa bertahan kinerjanya, berarti perusahaan yg cocok untuk jangka panjang.
Tetap perhatikan fundamental.
IHSG hari ini turun cukup dalam. Ytd sudah minus hampir 20%. Apakah waktunya serok?",2026-04-30T05:55:25.000Z,https://www.threads.com/@nabung.dividen/post/DXvq11tgbFv,IHSG,2026-05-05T11:33:02.776658
daniel.tjeong,"Selain itu ada SRTG yg menarik karena ada kepentingan besarin freefloat 15%. Ga mungkin mereka mau besarin freefloat di discount to NAV 65% lebih, pasti harga atas.
BRMS MSCI -> BUMI yg di kejar naik
BREN MSCI -> PTRO yg di kejar naik
MDKA & EMAS masuk harusnya yg kejer naik ADRO.
Konglo udah kebelet mau masukin barangnya ke MSCI. MDKA & EMAS calon kuat masuk MSCI, selain BUMI.
Indonesia akan Bullish,",2026-03-24T04:11:03.000Z,https://www.threads.com/@daniel.tjeong/post/DWQNfHfEaiO,IHSG,2026-05-05T11:33:03.001705
ilhamwsp,"MeanWell
Malah Prabowo pergi ke kondangan el nyari rendang
Pas Nonton Berita :
- Ekonomi RI melamban
- Rupiah Anjlok Rp 17.300
- IHSG Ambrol 8 %",2026-04-27T09:56:46.000Z,https://www.threads.com/@ilhamwsp/post/DXoYE81iMQ8,IHSG,2026-05-05T11:33:03.153749
susanasrihandayani,"ARCI
NCKL
GTSI
INCO
BUMI
DEWA
BULL
ASSA
mulai menghijau
Dan IHSG mulai banyak rebound
TEBE jangan telat angkat dividen trap .
Semangat hr ini lihat menghijau semua
susanasrihandayani",2026-04-08T02:12:02.000Z,https://www.threads.com/@susanasrihandayani/post/DW2nyfICUMz,IHSG,2026-05-05T11:33:03.292816
bintang.restu,perasaan kemarin banyak dukun market yang bilang hari ini open market pasti TRADING HALT? kok ilang 🧐,2026-03-25T10:05:29.000Z,https://www.threads.com/@bintang.restu/post/DWTa13gFCMN,IHSG,2026-05-05T11:33:03.431355
rudiraind,"Atau BUMN & Danantara?
Apakah institusi lokal?
📌 Dana pensiun, asuransi, reksa dana… Mereka punya dana besar, iya. Tapi… apakah mereka cukup agresif untuk “melawan arus global”?
Atau justru ritel hanya jadi “likuiditas” bukan “penopang” IHSG selama ini?
Apakah ritel?
📌Yang modalnya terbatas, emosinya cepat berubah, dan sering jadi yang terakhir tahu arah?
Apakah para konglo masih kuat untuk menahan?
📌 Atau mereka mau bersih-bersih dulu, sambil selamatkan diri sendiri?",2026-04-04T04:09:29.000Z,https://www.threads.com/@rudiraind/post/DWsiDQEEalx,IHSG,2026-05-05T11:33:06.285903
happytrader.co,"Prediksi IHSG Merah hari ini 🔴
Turun -+ 2% 😭",2026-03-09T01:03:50.000Z,https://www.threads.com/@happytrader.co/post/DVpQIwkk-uw,IHSG,2026-05-05T11:33:06.452466
_arfffffffff,IHSG kebakaran🥵 damkar tolong damkarrrr,2026-04-24T03:50:09.000Z,https://www.threads.com/@_arfffffffff/post/DXf_vDaERsR,IHSG,2026-05-05T11:33:06.589122
zebracrossputus,"Ini masih April.
Bulan ke 4 dari 12.
IHSG merah.
Rupiah melemah.
Bbm dan kebutuhan pokok sudah bergerak naik (seandainya Harga kembali normal, biasanya ga kembali normal)
Korupsi makin liar.
Penganguran, meningkat (fresh grad udah mulai turun).
Bunted ultah dirayain.",2026-04-24T03:43:50.000Z,https://www.threads.com/@zebracrossputus/post/DXf_A1IkvVi,IHSG,2026-05-05T11:33:06.728291
zhuanmologi,"#PADI
Uptrend masih terjaga dengan harga bertahan di atas MA200, dan saat ini sudah kembali ke atas MA50 dan berpotensi menuju 179
Buy @125
Stoploss
@113
Take Profit 179
#saham
#IHSG
#tradingidea",2026-04-10T04:48:41.000Z,https://www.threads.com/@zhuanmologi/post/DW8DTlQAZIJ,IHSG,2026-05-05T11:33:06.871827
ekjlifestory,Udh ada barangnya belum pak? WKAKWKAKWKAKAAK dah terang benderang sy komen itu.,2026-04-14T11:43:02.000Z,https://www.threads.com/@ekjlifestory/post/DXHF51GFIoC,IHSG,2026-05-05T11:33:07.007862
whatsthat782,Wakakakakaka udah pak. Tapi belum pada hit. Malah hari ini IHSG nya merah,2026-04-15T10:33:15.000Z,https://www.threads.com/@whatsthat782/post/DXJitoFjxt6,IHSG,2026-05-05T11:33:07.133913
dinnadiana__,"Kalau kelihatannya semua naik…
kenapa banyak orang justru ngerasa hidup makin berat?
Emas ATH.
IHSG ATH.
Tapi rupiah lagi lemah.",2026-01-18T23:32:56.000Z,https://www.threads.com/@dinnadiana__/post/DTq6yEMErZl,IHSG,2026-05-05T11:33:07.523760
imamyogaaa,"SESI 1 IHSG DONE ☕️
NZIA +25%
BAIK +16%
AIMS +8%
ASPR +6%
JAYA +11%
ZATA +4%
CYBR +14%
BDKR +3%
ENRG +2%
DFAM +15%
WMPP +10%
By Modul Screener Ultimate. 📦",2026-03-30T05:43:24.000Z,https://www.threads.com/@imamyogaaa/post/DWf00r5EYhL,IHSG,2026-05-05T11:33:07.993807
thepitchbull,"implikasi? minyak naik, IHSG koreksi besok.
secara technical, chart harga minyak emang ninggalin gap (tanda panah kuning) waktu koreksi tajam minggu lalu -> gambar kedua
merespon gagalnya tercapai kesepakatan negosiasi AS-Iran, weekend oil yg jadi leading indicator naik +7% -> gambar pertama",2026-04-12T16:03:49.000Z,https://www.threads.com/@thepitchbull/post/DXCaKMxGtdN,IHSG,2026-05-05T11:33:08.333976
dayoneinvesting.id,"Dow Jones -> menyusul..
NIKKEI -> nyaris all time high.
KOSPI -> nyaris all time high.
IHSG?? -> ""pokoknya ada"" 🤣.
Ada yang sadar apa engga.. semalem NASDAQ (TradingView: NDX) sentuh level all time high di 26.400.
dayoneinvesting.id",2026-04-17T01:38:45.000Z,https://www.threads.com/@dayoneinvesting.id/post/DXNvIoWEolD,IHSG,2026-05-05T11:33:08.479021
igitpermanasigart,"Untung nya aku gak pegang 1pun saham pak PP 🫩
Kalau dipikir pikir kasian pak PP ya, udah bikin everybody happy dari 2024an sekarang ujung nya gini 🫩
US Stock drop, kepemilikan konsentrasi tinggi di buka, saham saham pak PP entah gimana kabarnya Senin. Semoga gak ARB berjilid jilid tapi kemungkinan besar pasti Out MSCI 🫠
Gak kebayang besok Jumat kalau BURSA buka, IHSG udah pasti kena bantai 😐😐
igitpermanasigart",2026-04-02T13:50:59.000Z,https://www.threads.com/@igitpermanasigart/post/DWobAeSIEYc,IHSG,2026-05-05T11:33:08.993611
risyana_talk,"Nonton aja deh 😊☕☕
Tandanya apa?? Yaitu masih WNS dengan segala kondisi yang ada.
Naik nya hanya di dominasi saham saham Gorengan ( Small Market Caps) dan juga market sangat sepi di bandingkan dengan biasanya.
Pagi ini Market naik. Diluar dari espektasi.",2026-04-27T08:15:12.000Z,https://www.threads.com/@risyana_talk/post/DXoMdA_GdiY,IHSG,2026-05-05T11:33:09.159658
reresshhh,Lupakan dan buka lagi pas ihsg 9000 adalah sebuah usaha menjaga kewarasan 😌,2026-03-06T04:22:09.000Z,https://www.threads.com/@reresshhh/post/DVh4cqXEdfq,IHSG,2026-05-05T11:33:09.280259
pandhuadjisurya,"Tapi..
Tidak selalu..
Artinya ada area kosong (gap) di bawah harga sekarang.
Kenapa ini penting?
Karena gap sering jadi magnet. Harga biasanya akan kembali ke sana untuk ""menutup gap"".
IHSG kemarin membentuk gap up besar.Harga lompat dari sekitar 6.971 → 7.162 tanpa transaksi di tengah.",2026-04-08T23:39:37.000Z,https://www.threads.com/@pandhuadjisurya/post/DW47JA4Ex85,IHSG,2026-05-05T11:33:09.447217
pandhuadjisurya,"Ini justru paling bullish (harapan semua orang).
Area turun yang masih sehat :
Open -> 7200 -> 7180 -> 7160 -> lanjut rebound rally uptrend.
IHSG tidak menutup gap -> langsung lanjut naik -> gap berubah jadi support.
Skenario 1
Bullish kuat.",2026-04-08T23:39:37.000Z,https://www.threads.com/@pandhuadjisurya/post/DW47JB9k5D6,IHSG,2026-05-05T11:33:09.611371
seroksaham,"dapet diharga ini tinggal diamkan tunggu hingga matang 🚀🔥
entry ideal
-brms gap di 775
-ptro 5200-5150
-cuan 1275
-buva 950
saat ihsg 7200 saya udah ksih tau arahnya kemana bahkan harga sahamnya pun mendekati,banyak sekali di thread orang sok jago yg komentar hujat sgala mcem,klo jgo minimal bermanfaat buat orang lain,sya hanya bagiin analisa secara gratis untuk bahan pembelajaran diri saya aja. cukup pantau dan riset sendiri lagi,mau ikutin silahkan engga jga gpapa gkada untungnya buat saya 🙏😊",2026-05-01T01:14:15.000Z,https://www.threads.com/@seroksaham/post/DXxvdZ7Eyvx,IHSG,2026-05-05T11:33:09.929359
seroksaham,"dapet diharga ini tinggal diamkan tunggu hingga matang 🚀🔥
entry ideal
-brms gap di 775
-ptro 5200-5150
-cuan 1275
-buva 950",2026-04-28T03:07:18.000Z,https://www.threads.com/@seroksaham/post/DXqOA0Qk7Xd,IHSG,2026-05-05T11:33:10.084884
hengky.lim.9,"Pagi ini akhirnya GAP tertutup 🤣🤣🤣 , selamatttt guysss
UPDATE 30 APRIL 26",2026-04-30T02:17:04.000Z,https://www.threads.com/@hengky.lim.9/post/DXvR2lsgegn,IHSG,2026-05-05T11:33:10.255992
jarpatur,"Yang potensi keluar MSCI : BREN & DSSA.
Yang dibuang asing tetep bigbanks🤣🤣🤣",2026-04-06T10:27:38.000Z,https://www.threads.com/@jarpatur/post/DWyW6juE3GD,IHSG,2026-05-05T11:33:13.296644
reinaldoadr,"Kalo ada yang bilang kenapa sih saham2 bluchip turun terus? Ya kalian gak sadar semenjak doi jadi presiden? Saham2 bluechip junam kebawah semua. Coba geser dari 2024 pas dia terpilih pasti turun karna apa? Ya karna kebijakan doi dari menggunakan APBN gak jelas sampe defisit pula, dan ingat juga purbaya bilang ekonomi kita baik2 aja bullshit bro, kalo baik2 aja market gak bisa bohong apa lagi sekelas saham bluechip, tahun kemaren IHSG nyetak ke 9000 itu juga karna gorengan konglo.",2026-04-06T17:38:28.000Z,https://www.threads.com/@reinaldoadr/post/DWzIOJlEpho,IHSG,2026-05-05T11:33:13.437079
afansetyadi,"Gokil, harga CPO nembus level tertinggi 15 bulan, bikin sektor komoditas makin kinclong! Pendapatan semen & fiber optik juga melesat, tapi waspada ya, IHSG koreksi dorong volatilitas saham tertentu, apalagi yang kena aksi ARB. Transaksi besar di bank dan rekor pendapatan chip China diperkirakan jadi katalis positif ke depan. 💥📊 #saham",2026-04-04T09:36:13.000Z,https://www.threads.com/@afansetyadi/post/DWtHasZiWan,IHSG,2026-05-05T11:33:13.582693
kebun.ly,Pinjem uang ke bank. Uangnya buat beli saham. Keuntungan dari sahamnya buat bayar cicilan dan bunga banknya. Please tell me I'm not the only one who thinks this is a bad idea ☹️,2026-04-20T15:16:06.000Z,https://www.threads.com/@kebun.ly/post/DXW7DrcD9G2,IHSG,2026-05-05T11:33:13.727730
sidik_9105,"Investasi pakai uang dingin jangan sekali kali pake uang panas seperti uang pendidikan anak uang pinjaman dll
Harga Saham Naik = ( Gak Pasti ) Apalagi disituasi Kaya gini. Trump ngomong dikit langsung turun ihsg. Saham naik itu bisa ya bisa gak. Gak pasti.
Bayar Cicilan = Pasti, wajib bayar ( Gak Perduli Usaha maupun saham lagi posisi Untung/Rugi )
Anda Judi brarti.",2026-04-20T16:04:04.000Z,https://www.threads.com/@sidik_9105/post/DXXAi-Ak_-X,IHSG,2026-05-05T11:33:13.901905
tashahafidzanniswa,"Mari kita mengeheningkan cipta tuk ihsg hari ini 😆😂 tapi ada stu emiten menarik mnrutku tahan badai dari sejak trad halt pertmaa.. bukan untuk ajakan jual beli ya..DYOR !
Apakah ada yg udah punya emiten ini? 😁 klo aku blum sih bru pantau secara valuasi masih murah dan deviden lumayan juga
tashahafidzanniswa",2026-02-02T02:57:50.000Z,https://www.threads.com/@tashahafidzanniswa/post/DUPVXCpgbvM,IHSG,2026-05-05T11:33:14.030398
theferdians,"Tapi kalo sekalinya patah, turunnya juga bisa dalem banget.
Belum ada patah trend.
Masih. Bullish. Banget.
Ini chart weekly IHSG. Ngeliat chartnya sih keliatannya ada potensi buat ngetes support panjangnya dari 2008, yaitu di sekitar 6000 - 6200. Itu kalo trend jangka panjang yang masih bullish banget.
Nggak pengen spoil the fun, atau fear mongering atau apa lah namanya.",2026-04-14T00:45:35.000Z,https://www.threads.com/@theferdians/post/DXF6qftEnZa,IHSG,2026-05-05T11:33:14.242206
___wambar.id,"Dah lah, tutup aplikasi, jalan2 cari siomay Bandung aja 😂
Cuma bisa menghela nafas liat IHSG",2026-01-23T02:11:28.000Z,https://www.threads.com/@___wambar.id/post/DT1gGurkiTG,IHSG,2026-05-05T11:33:14.408790
hengky.lim.9,"Setelah kemarin sempat drop mendekati area support 6.917, dimana ketakutan soal aturan HSC ini yg blg IHSG akan trading halt ternyata tidak kejadian ya guys, IHSG kita masih mencoba untuk bertahan, yuk mari kita support dengan memberikan aura positif untuk IHSG kita 😍 , pergerakan IHSG masih dalam range area zig zag ya guys
Update 07 April 26",2026-04-06T23:58:10.000Z,https://www.threads.com/@hengky.lim.9/post/DWzzrIWAWp7,IHSG,2026-05-05T11:33:14.949555
asepszs_,"Pencopet handal 😂 wkwkw sempet ngerasain moment IHSG spike bentar, amankan cuan langsung lanjut kerja lagi 😂 dari awal udah curiga kalo ini cuma prank",2026-04-27T03:00:08.000Z,https://www.threads.com/@asepszs_/post/DXnoZX1ESX6,IHSG,2026-05-05T11:33:15.106606
priceaction.id,"Rupiah melemah, All time low❌
Downweight MSCI ❌
Anggaran negara ❌
Ada lagi yang bikin IHSG drop?",2026-04-23T23:09:44.000Z,https://www.threads.com/@priceaction.id/post/DXffpPok4ss,IHSG,2026-05-05T11:33:15.235697
rizalaffif_,"Memang betul, pelaut handal ditempa dalam badai.
Dulu beliau pertama masuk market tahun 2008 setelah pensiun dini, masih menyekolahkan 3 anak. IHSG -50%. Covid tahun 2020, IHSG -30%. Jadi lihat IHSG -20% tahun ini sudah ngga aneh. ""Mungkin sampe -50% nanti,"" katanya santai. ""Tapi toh nanti balik lagi.""
Pagi tadi ngobrol sama Bapak tentang kondisi market yang morat-marit. Beliau ketawa-ketawa saja.",2026-05-01T13:07:04.000Z,https://www.threads.com/@rizalaffif_/post/DXzBCLxEy0i,IHSG,2026-05-05T11:33:15.416419
roni_az,"Solar dan gas non subsidi sudak naek, rupiah melemah, IHSG terjun -2% pagi ini, listrik beberapa sudah mcam giliran mati (ngalamin ndak ?). Bebrp project dibatalkan atas nama efisensi. Ada Badan yg minim anggran smentara yg laen kek brlebihan. Bagaimana beras, minyak, dan bumbu dapur sudah ikutan naek juga ?
Pertanda apa ini ? Tetap hati2 di dunia serba tak pasti ini.....",2026-04-24T03:44:12.000Z,https://www.threads.com/@roni_az/post/DXf_DjxCdrl,IHSG,2026-05-05T11:33:15.861085
ihsg_screener,"Kalau IHSG lagi bearish apa yang harus di lakukan ?
Cari Saham yang Undervalue ! Dan cari yang harga Wajar nya di bawah rata rata.
Cara nya ? Pakai screener , Ada screener free knapa nggak di manfaatkan.
Berikut adalah PnL dari saham saham yang undervalue, Rata Rata terhitung entry dari tanggal 15 Maret.
Semoga Bermanfaat 🙏🏻",2026-04-02T12:42:25.000Z,https://www.threads.com/@ihsg_screener/post/DWoTKRbGMi5,IHSG,2026-05-05T11:33:16.028170
frd_tech9,Byk koq Market Outlook kek gini biasanya yg ngeluarin perusahaan sekuritas atau analisis independen pada Minggu malam atau Senin pagi sebelum pasar dibuka..,2026-05-01T22:49:38.000Z,https://www.threads.com/@frd_tech9/post/DX0DtAiCqtd,IHSG,2026-05-05T11:33:16.170747
frd_tech9,"Kondisi Pasar Saham (IHSG)Tren Bearish: IHSG mengawali Mei 2026 dengan tekanan yang cukup berat, mencatat pelemahan signifikan sekitar 19,55% sejak awal tahun (year-to-date) hingga level 6.956,80 pada akhir April..",2026-05-01T23:01:20.000Z,https://www.threads.com/@frd_tech9/post/DX0FCsDihHx,IHSG,2026-05-05T11:33:16.304819
zabrinaraissa,"Good luck IHSG 💪🏻🤑
Semoga hal ini akan terjadi untuk hari-hari kedepan. Hari demi hari. Karena usaha, sabar dan disiplin tidak ada yg sia2.
Hari ini milyaran uang saya kembali hanya dalam 1 hari.
Jadi yauda kadang do nothing is also a position, daripada agresif lawan ego, nafsu sana sini.
Diam itu emas. Emas itu diam.
Di masa-masa indeks terjun, saham berguguran kmrn, mengajarkan saya banyak hal.",2026-04-01T13:34:47.000Z,https://www.threads.com/@zabrinaraissa/post/DWl0W7zAZ34,IHSG,2026-05-05T11:33:16.946717
dayoneinvesting.id,"Tulisan ini sebagai pengingat aja.., siapa tau lagi ada yang mau belanja buat invest / nata porto.
Inget ya.. ketika USD-IDR >Rp. 17.200, ada banyak emiten-emiten yang menghasilkan revenue dalam USD, dari sekian banyak emiten yang revenue dalam USD, cari yang revenue berpotensi tumbuh dan rasio utangnya kecil, lebih baik lagi yang utangnya dalam IDR.
dayoneinvesting.id",2026-04-24T07:16:02.000Z,https://www.threads.com/@dayoneinvesting.id/post/DXgXTDgkZNE,IHSG,2026-05-05T11:33:19.941450
weendyy27,Rontok lagi ajeee IHSG,2026-04-15T09:14:05.000Z,https://www.threads.com/@weendyy27/post/DXJZp2OFDHb,IHSG,2026-05-05T11:33:20.083634
hengky.lim.9,"IHSG yg di pikir akan bergerak menutup gap, malah sampai saat ini belum kejadian, yg ada konsolidasi di area 7.575 di atas area kotak merah tsb, seakan2 ""di buat"" mempertahankan di atas area tsb 😅 , utk Senin dengan di buka Selat Hormuz takutnya byk yg FOMOan 😂",2026-04-18T00:06:37.000Z,https://www.threads.com/@hengky.lim.9/post/DXQJYnrgXsL,IHSG,2026-05-05T11:33:20.241996
habil_abu_amara,Bagusnya masuk nunggu nutup gap dulu atau gimana koh,2026-04-18T03:04:11.000Z,https://www.threads.com/@habil_abu_amara/post/DXQdtKWiX-t,IHSG,2026-05-05T11:33:20.384109
indahade,"Ampe bingung liatnya 🤪
Luar biasa IHSG pagi ini 😂😂",2026-01-23T02:26:20.000Z,https://www.threads.com/@indahade/post/DT1hzm7E5sv,IHSG,2026-05-05T11:33:20.540927
putraasetyo,IHSG merah kalian pada borong apa wns dulu? 😂,2026-01-21T03:52:56.000Z,https://www.threads.com/@putraasetyo/post/DTwiIEEE7a_,IHSG,2026-05-05T11:33:20.675003
alice.jean17,bener2 udah gua jualin 2 hari lalu dia malah naek tinggi 😭😭😭😭😭🙏🏻,2026-01-15T03:00:05.000Z,https://www.threads.com/@alice.jean17/post/DTg_T1KD7we,IHSG,2026-05-05T11:33:20.825069
andriandavinta_,"#saham #ihsg
Anchored VWAP ⬇️
1. Volume Profile
bisa dilihat POC di 285 yang juga merupakan HVN (High Volume Node) -> byk transaksi terjadi dmn dominan sell (lihat bar hijau & merah). 24 April jebol hingga 256 artinya terjadi Take profit / Panic selling.
Di range 248 - 261 persentase volume cukup signifikan bisa dipakai sbg entry / support.
Aku pakai contoh BIPI karena salah satu porto juga & aku tarik 20 bars karena swing.
Volume Profile + Anchored VWAP pakai Volara
Analisis Saham BIPI",2026-04-26T11:25:24.000Z,https://www.threads.com/@andriandavinta_/post/DXl9bQJFGAb,IHSG,2026-05-05T11:33:21.027770
notesbymaru,"Tjoe Ay balik ke podcast Leon Hartono setelah 6 bulan ga muncul. Langsung buka soal MSCI dan IHSG, ga ada sugarcoat.",2026-03-31T22:32:21.000Z,https://www.threads.com/@notesbymaru/post/DWkNC2IEyGp,IHSG,2026-05-05T11:33:21.160832
lianmaulian,"IHSG:
1. Setelah mengenai target double bottomnya, belum mampu untuk keluar dari downtrend price channelnya
2. Mode waspada, kita lihat besok lebih ke arah bearish reversal atau sideways",2026-04-16T09:05:40.000Z,https://www.threads.com/@lianmaulian/post/DXL9e9UlMo6,IHSG,2026-05-05T11:33:21.318876
arifbudimaneee,"​Menurut saya, skenario pertama yang paling mungkin terjadi, penurunanan bobot IHSG ke angka 1%. bren cuan dssa
​Skenario 3: MSCI menurunkan IHSG ke Frontier Market.
​Skenario 2: MSCI menurunkan bobot IHSG di bawah 1%.
​Skenario 1: MSCI menurunkan bobot IHSG dari 1,2% ke 1%.
Keputusan MSCI ada skenario yang akan mungkin terjadi:
​IHSG hijau dalam seminggu, tapi tdk ada inflow asing sama sekali. Asing kayaknya masih menunggu pengumuman MSCI tanggal12 Mei.
Feeling saya ke skenario 1",2026-04-19T07:08:23.000Z,https://www.threads.com/@arifbudimaneee/post/DXTecl7kwj8,IHSG,2026-05-05T11:33:21.547464
trilyunanpahala,Kesimpulan saat tanggal 12 jika skenario 1 terjadi? IHSG bakal naik atau turun bang? Walaupun masih di emerging market?🙏,2026-04-19T08:05:17.000Z,https://www.threads.com/@trilyunanpahala/post/DXTk9YZkofV,IHSG,2026-05-05T11:33:21.685213
monochrommostlife,"Silahkan berkicau..
Cuma mau kasih tau:
💵 Dolar AS tembus Rp 17.360
📅 17 Juli jatuh tempo utang Rp 833 T
🏦 Total utang Rp 9.658 T
💰 Bunga utang Rp 599 T
📉 IHSG anjlok ke 7.129
🏭 Harga plastik naik 50%
🔥 Gas LPG non-subsidi naik 18%
⛽ BBM non-subsidi naik 40–60%
monochrommostlife",2026-04-30T15:50:31.000Z,https://www.threads.com/@monochrommostlife/post/DXwu8fiD-f1,IHSG,2026-05-05T11:33:21.833495
sweetheart_caca,IHSG 6900 bang,2026-05-01T00:05:59.000Z,https://www.threads.com/@sweetheart_caca/post/DXxnpVfj3jC,IHSG,2026-05-05T11:33:21.969604
agungawicaksono,"Kebanyakan insider trading anjing, jadi gak seru ah IHSG.",2026-04-21T02:54:48.000Z,https://www.threads.com/@agungawicaksono/post/DXYLBGGAXPW,IHSG,2026-05-05T11:33:22.705340
hengky.lim.9,"Di buka dengan GAP DOWN dan IHSG closing di tarik menjauhi area gap yg sudah di bahas pagi tadi, akan menguji area 7.100 - 7.200 , Kalau besok bisa break high 7.403 maka IHSG berpotensi menutup gap nya, namun gap tersebut jg yg akan menjadi RESISTANCE saat ini, jadi jika IHSG besok bergerak menguat dan gagal closing di atas 7.486 maka IHSG akan bergerak zig zag BAWAH ( garis panah hijau)
Update 09 Maret 26",2026-03-09T14:54:05.000Z,https://www.threads.com/@hengky.lim.9/post/DVqvJqqgUda,IHSG,2026-05-05T11:33:22.937508
rumatela05,"Kata gemini israel punya 90 hulu ledak nuklir. 3 saja yang tembakin ke Iran, gencatan senjata batal, oil lompat ke 200, IHSG terjun 4000.",2026-04-08T01:18:21.000Z,https://www.threads.com/@rumatela05/post/DW2hpROkmKI,IHSG,2026-05-05T11:33:23.325521
bimbimisme,"kalo lu dengan RASIONAL seleksi beli saham yang BAGUS dan bukan yang HYPE, biar IHSG minus 6-10% pun SAHAM-mu yg genah akan tetep selamet.
inget bray, kita itu beli SAHAM-nya, bukan INDEX-nya.
banyak yg posting ihsg bakal turun dalam karena bla bla bla
wkwkwk
baru aja tadi muncul High Shareholding Concentration List / Konsentrasi Saham Kepemilikan Tinggi.",2026-04-02T19:52:41.000Z,https://www.threads.com/@bimbimisme/post/DWpEZpgk9ua,IHSG,2026-05-05T11:33:26.546045
adrisqi_,"Mbg diapain?
Rupiah ke 15.000 rb
IHSG ke 10.000 rb
Trump mundur
halusinasi saat ini :",2026-04-07T09:15:08.000Z,https://www.threads.com/@adrisqi_/post/DW0zacLEVeg,IHSG,2026-05-05T11:33:26.707166
v.rora_,kenapa niii kaaa,2026-04-19T06:23:48.000Z,https://www.threads.com/@v.rora_/post/DXTZWE8lHmv,IHSG,2026-05-05T11:33:26.848430
susanasrihandayani,"Perang mulai reda jadi asing akan masuk lagi, nah yang bikin market IHSG kita naik kan dana asing kak, krn issue perang asing pada keluar makanya ambles
susanasrihandayani",2026-04-19T06:39:19.000Z,https://www.threads.com/@susanasrihandayani/post/DXTbHxpiaJb,IHSG,2026-05-05T11:33:26.984961
ssamuel_rp,"Saham Pom Pom KUAS
*Saham volatil kelas bulu (bisa Ara-Arb) potensi msh perform :
BNBR, INET, MINA, KUAS, KAQI, HUMI, PADI, GTSI, TRUE, YELO, RMKO, OASA, CYBR, MHKI, FWCT
*Saham volatil dng volume besar kemarin : BRPT, CUAN, BREN, BUMI, BRMS, PTRO, BIPI, AMMN, VKTR, RAJA, MBMA
*Saham2 yg dapat di perhatikan hr ini:
BBRI, BBNI, BBCA, BMRI
Perkiraan IHSG akan bergerak pada Rabu (9/4) antara 6900-7150",2026-04-09T00:52:50.000Z,https://www.threads.com/@ssamuel_rp/post/DW5DhQoAQuL,IHSG,2026-05-05T11:33:27.209874
hengky.lim.9,"Setelah di buka menguat dengan GAP UP dan berhasil sampai break resistance 7.714, closing sesi 2 hari ini ditutup bergerak di zona merah, diwarnai aksi profit taking saham2 KONGLO setelah sepekan IHSG bergerak nanjak 😃 , jadi besok kemungkinan cm 2 :
1. IHSG lanjut bergerak ke area GAP di 7.527-7.592 ( area kotak merah)
2. IHSG Rebound di atas kotak merah dan menguji kembali resistance baru nya di 7.773
Update 15 April 26",2026-04-15T14:02:10.000Z,https://www.threads.com/@hengky.lim.9/post/DXJ6nvRgVaz,IHSG,2026-05-05T11:33:27.388414
jurnaltrader.id,"Saatnya belum tiba buat kita. Biarin aja yg lain pd beli. Kita nanti... ☺
Aku blm mau masuk. Hanya monitor saja ketua. Org suruh beli ini beli itu, gw mah senyum doang. Gw tau apa yg bakal terjadi di depan. Jd mau tetep dng rencana gw.
Dari chart ini km sdh tau lah ya, arahnya mau kemana...
Hari ini beneran ijo, tapi cuma nutup gap. Sayang besok sudah libur.
Pantauan IHSG 17 Maret 2026 sesi pagi jam 10:40.",2026-03-17T03:52:58.000Z,https://www.threads.com/@jurnaltrader.id/post/DV-J2dbktWU,IHSG,2026-05-05T11:33:27.775594
widipardiyawan,"Maaf Maaf ketiduran, berikut prediksi IHSG 27 April 2026
koraninvesta.netlify.app
Akurat ya
valid ✅",2026-04-27T10:34:36.000Z,https://www.threads.com/@widipardiyawan/post/DXocZ9GlO9R,IHSG,2026-05-05T11:33:28.053034
widipardiyawan,"Maaf Maaf ketiduran, berikut prediksi IHSG 27 April 2026
koraninvesta.netlify.app",2026-04-26T22:14:57.000Z,https://www.threads.com/@widipardiyawan/post/DXnHwoWkyQT,IHSG,2026-05-05T11:33:28.201183
kurniawan_anas,"inget jangan FOMO karena IHSG udah naik sekitar 10% dari bottom nya
Nanti koreksi, kalian bisa re-entry harga yang lebih bawah
Strateginya sekarang
Kalau IHSG sudah menyentuh area 7853, mulai cicil sell (khusus Swing)
Gue akan update lg kalau udah mulai muncul sinyal koreksi terutama setelah IHSG mendekati target Fibonya 7853
IHSG masih berada di fase Wave 3 & belum terlihat tanda koreksi. Seperti yg kita tahu, dalam teori EW, Wave 3 adalah wave terpanjang dibanding Wave 1 & 5",2026-04-15T01:29:18.000Z,https://www.threads.com/@kurniawan_anas/post/DXIkdqDE_-j,IHSG,2026-05-05T11:33:28.406258
fajararif_07,kapan terakhir kali ihsg naik 4% dan stabil keatas grafiknya🗿,2026-04-08T09:01:41.000Z,https://www.threads.com/@fajararif_07/post/DW3Wq42kW0F,IHSG,2026-05-05T11:33:28.527634
dimas_syarif,"Porto merah merona gara2 September Effect.. Pliss jangan bilang klo ""S"" nya itu SriMulyani ya guyss",2025-09-09T09:53:52.000Z,https://www.threads.com/@dimas_syarif/post/DOYI6aKAYQK,IHSG,2026-05-05T11:33:28.671436
kokotrader.id,"Komen aja nanti aku dm kalian masing”
Dicari yang serius mau belajar swing trading khususnya :
- Analisa Teknikal
- Analisa Ngekor Bandar
IHSG sudah hijau gini, porto masih merah?",2026-02-23T10:38:33.000Z,https://www.threads.com/@kokotrader.id/post/DVGOxyBkv8G,IHSG,2026-05-05T11:33:28.838493
sahamimpian.id,"""Let's say (katakanlah), sekarang (IHSG) 7.000 lah. Ekspansi kita akan berlangsung sampai 2029-2030. Itu saya bilang bisa 4-5 kali.
Purbaya menilai, target tersebut sangat masuk akal jika berkaca pada rekam jejak pertumbuhan indeks di masa lalu.
Menteri Keuangan, Purbaya Yudhi Sadewa meyakini Indeks Harga Saham Gabungan (IHSG) memiliki potensi besar untuk melesat hingga ke level 28.000 pada periode 2029-2030, seiring dengan ekspansi ekonomi nasional yang berkelanjutan.",2026-04-27T08:44:53.000Z,https://www.threads.com/@sahamimpian.id/post/DXoP2esjpkK,IHSG,2026-05-05T11:33:29.003097
jagosahamindonesia,"Bukan cuma soal inflasi biasa, tapi ada angka yg jarang dibahas di berita: Kurs Yuan (CNY) terhadap Rupiah.
Pernah kepikiran gak kenapa harga barang-barang di sekitar kita makin “ajaib” harganya? 🤔
jagosahamindonesia",2026-04-14T14:23:43.000Z,https://www.threads.com/@jagosahamindonesia/post/DXHYSvJCRHM,IHSG,2026-05-05T11:33:29.154153
jagosahamindonesia,"Kalau “belanja” ke mereka makin mahal, ya otomatis margin perusahaan-perusahaan di IHSG bisa ikut tertekan.
Sekarang, Yuan sudah tembus angka 2.500. Padahal China itu ibarat 'Toko Grosir' terbesar buat Indonesia. Hampir 44% barang yg kita pakai bahan bakunya dari sana.
jagosahamindonesia",2026-04-14T14:23:41.000Z,https://www.threads.com/@jagosahamindonesia/post/DXHYScAiTaJ,IHSG,2026-05-05T11:33:29.305220
mang.amsi,"IHSG TURUN 13% SEJAK AWAL TAHUN.
INI WAKTUNYA TAKUT ATAU JUSTRU BERPIKIR?",2026-03-06T06:12:37.000Z,https://www.threads.com/@mang.amsi/post/DViFFurkZpr,IHSG,2026-05-05T11:33:29.801646
nabung.dividen,"ADRO menjadi top loser lagi di portofolio setelah sebelumnya sempat hijau. Tapi berkat itu averagenya bisa saya turunkan lagi ke 2390an 😁
IHSG hari ini mini crash lagi.. portofolio untungnya masih ditopang saham-saham dengan fundamental yang baik. Pilihan saya untuk diversifikasi sepertinya terlihat membuahkan hasil saat seperti ini. Ketika mayoritas saham merah, masih ada PGAS dan AADI serta AVIA misalnya yang masih menghijau.",2026-02-02T06:02:35.000Z,https://www.threads.com/@nabung.dividen/post/DUPqgJWgcG5,IHSG,2026-05-05T11:33:30.071702
din.nimitz,"Rupiah terus melemah,
IHSG jatuh ke bawah,
Negeri ini hilang arah,
Pemimpin hanya gagah di lidah.",2026-04-30T09:12:13.000Z,https://www.threads.com/@din.nimitz/post/DXwBXRclHQx,IHSG,2026-05-05T11:33:30.194327
ayah_juno,"Jadi apaaannnnnn itu IHSG turun, dan rupiah melemah dan BBCA gw turun trus😭😭😭. Itu bukan cermin ekonomi keseluruhan. Itu cermin stressnya pemilik lot saham kaya gw😂😂😂...
Hanya di zaman Prabowo, buruh minim tuntutan. Berwrti sejahtera para buruh. Ekonomi baik-baik saja. Barometer ekonomi salah satunya gejolak buruh.",2026-05-01T11:13:04.000Z,https://www.threads.com/@ayah_juno/post/DXyz_TeEwMh,IHSG,2026-05-05T11:33:30.339850
fellowboba,Nunggu kabar baik Big Bank nich.,2026-04-08T04:25:15.000Z,https://www.threads.com/@fellowboba/post/DW23CPPj-vH,IHSG,2026-05-05T11:33:30.510764
ferlina_sari,"IHSG segonjang ganjing ini, ga berani ambil resiko, ijo dikit lngsung Tp, alhamdulillah masih bisa cuan dikala IHSG merah, mayanlah 600 rebu buat bu ibuu 😉🤪",2026-04-28T09:10:41.000Z,https://www.threads.com/@ferlina_sari/post/DXq3mNHkaLW,IHSG,2026-05-05T11:33:34.359201
pandhuadjisurya,"Artinya, selama market belum rusak total, area bawah justru mulai mendekati zona average value.
Kalau mau lebih jujur, VWAP BIPI ada di sekitar ~211.
Jika asumsi bahwa IHSG sedang mencari bottom untuk menutup gap adalah benar, maka area sekarang menarik untuk diperhatikan.
Holder BIPI tentu paham, emiten ini cukup sering bergerak mengikuti arah index.
Opini pribadi. DYOR.",2026-04-26T22:17:20.000Z,https://www.threads.com/@pandhuadjisurya/post/DXnICFGEx33,IHSG,2026-05-05T11:33:34.645180
patriayudha_uk,"Doa saya singkat malam ini, semoga IHSG hijau.. Amin yang kenceng ya gais..",2026-04-26T13:39:32.000Z,https://www.threads.com/@patriayudha_uk/post/DXmMxohCd__,IHSG,2026-05-05T11:33:34.745727
viviverlisya,"Semoga bertahan sampe closing ya 🙏
Bukan pecinta gapup, tapi uda LAMA banget gak liat IHSG naik segini dengan transaksi yang 6T+ dlm 30 menit opening 🥹",2026-04-08T02:39:03.000Z,https://www.threads.com/@viviverlisya/post/DW2q4WPEt-F,IHSG,2026-05-05T11:33:34.877850
rizkikak,IHSG saat ini sehancur ini kah? Kapan bangkitnya?,2026-04-30T03:33:32.000Z,https://www.threads.com/@rizkikak/post/DXvamopiYhk,IHSG,2026-05-05T11:33:34.981273
stocks_ninja.id,"IHSG hari ini naik 4.42%, perlu hati-hati ada gap lumayan besar di range 7000 - 7125.",2026-04-08T10:01:12.000Z,https://www.threads.com/@stocks_ninja.id/post/DW3dercEs7m,IHSG,2026-05-05T11:33:35.138921
thepitchbull,"💡Ada 2 faktor yg lo perlu tau…
IHSG masih bisa tutup ijo hari ini padahal ada bad news gagalnya deal AS-Iran.",2026-04-13T11:10:25.000Z,https://www.threads.com/@thepitchbull/post/DXEdYFbGiaK,IHSG,2026-05-05T11:33:35.307618
kurniawanarif_,"Drama ESSA, dimulai di akhir 2024 memutuskan masuk lagi ke market setelah 2 tahunan vakum & dengan pedenya corat coret sok sok an analisa masuk ke saham ini di harga yang sangat tinggi, harga 945, wkwkw. (Analisa bisa dilihat disini : stockbit.com/post…)
Drama belum selesai, ternyata saham sekarang ada MSCI, ada Free Float dll yang saya sama sekali tidak paham itu. Si ESSA dibanting turun sampai harga 500 an.",2026-04-15T14:27:28.000Z,https://www.threads.com/@kurniawanarif_/post/DXJ8-CciUP1,IHSG,2026-05-05T11:33:35.432250
lukmanul_1792,"Dan MBG masih jalan, ditambah pejabat masih totot wutwut.
IHSG turun lagi.
Dollar udah Rp 16.948
Utang luar negeri 9600T.
Harga dada ayam 55000/kg
Pertamax 12.300",2026-03-09T10:21:20.000Z,https://www.threads.com/@lukmanul_1792/post/DVqP77VEXVE,IHSG,2026-05-05T11:33:35.573040
h.hafiz3008,Gimana kena gebuk IHSG lagi rasanya?,2026-02-02T02:31:58.000Z,https://www.threads.com/@h.hafiz3008/post/DUPSZjgkh4D,IHSG,2026-05-05T11:33:35.689289
sanjoyo.anton,Sementara itu: 😭,2026-04-09T04:18:32.000Z,https://www.threads.com/@sanjoyo.anton/post/DW5bD3iEhIq,IHSG,2026-05-05T11:33:35.817479
sigit_n.a29,"Ketika IHSG naik dari 3000 perak ke 9000perak, gak ada tuh yg ramein. Ketika rupiah jaman Jokowi dari 10rb ke 16ribu gak ada tuh yg ramein.
Tapi ketika rupiah dari 16.900 naik jadi 17.100 cuman naek 200 perak, ributnya dimana². Ketika IHSG cuman turun 2000 rupiah ributnya dimana².",2026-04-09T07:56:43.000Z,https://www.threads.com/@sigit_n.a29/post/DW50B1gGe7A,IHSG,2026-05-05T11:33:35.940113
rusydi_herdi,Hasil Trading Dikala Market Crash Bulan Februari - Maret 2026 - Akun CP,2026-04-07T10:48:16.000Z,https://www.threads.com/@rusydi_herdi/post/DW0-EkaEwP7,IHSG,2026-05-05T11:33:36.079316
rhsonoga,"Akhirnyaaaaa, bisa dijangkau umumnya manusia wkwk",2026-04-09T06:34:11.000Z,https://www.threads.com/@rhsonoga/post/DW5qlXekZ00,IHSG,2026-05-05T11:33:36.400073
nectar_circle,"IHSG ditutup turun ke 7,559 (-0.46%), tertekan keputusan MSCI yang masih membekukan rebalancing Mei 2026. Pasar juga mencermati evaluasi terkait transparansi data dan rencana kenaikan free float, serta potensi penghapusan saham dengan konsentrasi kepemilikan tinggi. Meski begitu, kekhawatiran penurunan status pasar mulai mereda.
IHSG melemah di tengah sentimen MSCI dan ketidakpastian geopolitik (21/4)",2026-04-21T17:07:30.000Z,https://www.threads.com/@nectar_circle/post/DXZsmf4ARCQ,IHSG,2026-05-05T11:33:36.548389
widipardiyawan,"hari ini ihsg ga cuma bener tapi presisi
saham pilihannya juga gacor, semoga besok juga
sudah ada analisa terkait ihsg dan saham untuk besok, nanti abis isya kita update 🙏
Yang sudah berlangganan
koraninvesta.netlify.app",2026-04-21T11:50:44.000Z,https://www.threads.com/@widipardiyawan/post/DXZIWWLFHAF,IHSG,2026-05-05T11:33:36.714261
hengky.lim.9,"IHSG selisih 10 perak dr GAP,sah2 aja ya?🤣🤣 gmn pendapat kalian? 😆 , congratulations yg uda siapin peluru di area2 bottoming yg sudah di bahas kemarin yaa 😎",2026-04-28T09:30:38.000Z,https://www.threads.com/@hengky.lim.9/post/DXq54bbAba6,IHSG,2026-05-05T11:33:37.488784
rikopedia.research,"NEXT
Saham yang paling disorot DSSA dan BREN. Konsentrasi kepemilikan BREN 97.31% & DSSA 95.76%. BREN dan DSSA termasuk saham yang selama ini membuat bobot Indonesia di indeks terlihat besar, tetapi free float efektifnya rendah. Kalau MSCI benar-benar menerapkan exclusion untuk HSC, dua saham ini menjadi kandidat utama terdampak.
rikopedia.research",2026-04-30T04:05:19.000Z,https://www.threads.com/@rikopedia.research/post/DXvePb2k03x,IHSG,2026-05-05T11:33:41.798232
rikopedia.research,"Jika BREN dan DSSA dikeluarkan dari MSCI tekanan IHSG masih akan berlanjut..
rikopedia.research",2026-04-30T04:05:19.000Z,https://www.threads.com/@rikopedia.research/post/DXvePfdk_y6,IHSG,2026-05-05T11:33:41.935839
toserba_spill,"IHSG ANJLOK
EMAS NAIK
PRESIDEN JOIN ISRAEL
selamat datang dunia tipu tipu 🔥🔥🔥",2026-01-28T12:36:20.000Z,https://www.threads.com/@toserba_spill/post/DUDflu6EZPo,IHSG,2026-05-05T11:33:42.105643
susanasrihandayani,"Kalau saham US gold , copper , silver naik
Di IHSG juga naik
Kenapa bisa begitu ya , kolerasinya apa ya
susanasrihandayani",2026-04-01T04:46:11.000Z,https://www.threads.com/@susanasrihandayani/post/DWk33YsCRBb,IHSG,2026-05-05T11:33:42.272412
saham_diskon,"IHSG Top Gainer 💹
LABA diskon 😗
ALII diskon 😗
SOCI diskon 😗
SSTM mahal -33,7%
BBRM mahal -16,1%
KOKA mahal -50,6%",2025-12-16T03:59:58.000Z,https://www.threads.com/@saham_diskon/post/DST2UJQiLwC,IHSG,2026-05-05T11:33:42.438133
ibnurmdhnw,sepertinya akan ada panic selling hari senin pada IHSG nanti wkwkw,2026-03-01T05:38:06.000Z,https://www.threads.com/@ibnurmdhnw/post/DVVJKfqCUrF,IHSG,2026-05-05T11:33:42.556211
galihmandalaaa,IHSG saat ini memerah seperti semburan naga 🤓 🐉,2026-04-30T06:21:10.000Z,https://www.threads.com/@galihmandalaaa/post/DXvtycYGhzG,IHSG,2026-05-05T11:33:42.686259
sosiolognrl,Bertanya tanya dengan halus tentang High Shareholding Concentration (HSC). 1️⃣Kenapa dipublish disaat market telah tutup dan hari jumat libur? 2️⃣apakah daftar saham saham HSC ini bersifat sementara atau berkelanjutan ada daftar nama susulan?,2026-04-03T06:00:41.000Z,https://www.threads.com/@sosiolognrl/post/DWqJ-0-gXgT,IHSG,2026-05-05T11:33:42.895356
fanynuraeni,"Pas IHSG ambrol kemarin aku keinget sama 1 akun yang bikin utas all in BUMI, sampe aku scroll reply-an dan aku baru nemu sekarang. Di utas itu banyak yang reply untuk diversifikasi emiten. Bang ramlan apa kabar portomu saat ini?",2026-02-06T13:56:57.000Z,https://www.threads.com/@fanynuraeni/post/DUaz-EIE0aq,IHSG,2026-05-05T11:33:43.047424
fangdessy,"Mengenal apa itu gap? apakah gap harus selalu ditutup?
HUTANG YG AKHIRNYA LUNAS TERBAYAR",2026-03-31T08:05:52.000Z,https://www.threads.com/@fangdessy/post/DWip7Fpk6qf,IHSG,2026-05-05T11:33:46.032894
athiseptiani,"Biar sama-sama melek investasi, boleh dong di spill kalian udh diversifikasi aset ke instrumen mana aja?",2026-04-26T04:00:27.000Z,https://www.threads.com/@athiseptiani/post/DXlKgRFk-95,IHSG,2026-05-05T11:33:46.179514
lintangcaesar,"Total AUM = Ada lah pokoknya. Gabisa spill karena semua aset punya ortu. Cuma bantu kelola aja 😅
Saham Lokal (IHSG) = 30%
Bisnis Kamar Kos""an = 25%
US Stocks & ETF = 15%
Emas (ETF GLD) = 10%
SBN + Reksadana = 10%
Crypto (BTC) = 5%
Forex USD = 5%",2026-04-26T12:53:09.000Z,https://www.threads.com/@lintangcaesar/post/DXmHd7eEtOh,IHSG,2026-05-05T11:33:46.318438
mocrama_10,"​Jadi ini murni tekanan ekonomi global atau emang ada ""perang dingin"" di balik layar? Yang jelas, jangan cuma fokus ke dramanya, perhatiin flow duitnya aja buat make money di market. Menurut lu gimana?🤬
Banyak yang bilang Rupiah hancur & IHSG merah karena pak pur terlalu keras ke IMF & World Bank kemarin. Kayak lagi ""ditekan"" balik gitu sama mereka.
IHSG merah gara-gara pak Purbaya 'sombong' ke IMF sama World Bank? 🤨",2026-04-26T05:35:25.000Z,https://www.threads.com/@mocrama_10/post/DXlVXzMkwG_,IHSG,2026-05-05T11:33:46.911675
papaganbaa,"mari berdiskusi, setelah news Iran dan US yg gagal sepakat pada pertemuanya, kemana arah IHSG? jika dilihat dari teknikalnya, saat IHSG rebound kemarin membuat dua gap di sekitar 7000-7100 dan gap kecil 7300-7350, akan kh minggu depan akan menguji level suport disekitar 6900 atau hanya akan menutup gap saja?",2026-04-12T05:01:07.000Z,https://www.threads.com/@papaganbaa/post/DXBOUXuEjCW,IHSG,2026-05-05T11:33:47.047191
yoshinoynoy,"aku baru bikin akun digital diary buat perjalanan investasi dan trading kuuuu, mutualan yuuu yang lg belajar saham indo jugaaa 🙌🏻",2026-01-22T19:27:49.000Z,https://www.threads.com/@yoshinoynoy/post/DT0x6PqgDA3,IHSG,2026-05-05T11:33:47.186278
aadoubleuer,apa saham bursa yang bagus,2026-04-14T04:33:18.000Z,https://www.threads.com/@aadoubleuer/post/DXGUuVjn6V5,IHSG,2026-05-05T11:33:48.138521
openportosaham,Beli IHSG aja udah di bottom,2026-04-14T05:42:43.000Z,https://www.threads.com/@openportosaham/post/DXGcq22EV1h,IHSG,2026-05-05T11:33:48.401386
rudiyanto_zh,"Jakarta, Indonesia
BUKAN REKOMENDASI BUY SELL HOLD
Berikut perkiraannya dalam data dan angka
Yang menjadi pertanyaan, berapa perkiraan IHSG akan turun dan dana asing yang net sell?
Paska pengumuman HSC, investor mengkhawatirkan akan terjadi penurunan IHSG dan net sell oleh investor asing",2026-04-05T14:12:40.000Z,https://www.threads.com/@rudiyanto_zh/post/DWwL3-7EiA2,IHSG,2026-05-05T11:33:48.600282
vivikusuman,Tapi apakah mungkin bikin ATH baru,2026-04-24T05:03:25.000Z,https://www.threads.com/@vivikusuman/post/DXgIHrvmczD,IHSG,2026-05-05T11:33:48.726871
mmmunight.14,historical ihsg selalu bisa reaching ATH setelah crash. pertanyaannya memang selalu area bottom buat entry 🤷‍♂️,2026-04-24T05:18:30.000Z,https://www.threads.com/@mmmunight.14/post/DXgJ2N1AVtM,IHSG,2026-05-05T11:33:48.859176
pandhuadjisurya,"Ini juga normal. Bahkan sehat.
Area turun yang kalo bisa, jangan kaget.
Open -> 7120 -> 7080 -> 7050
IHSG retrace dikit -> menutup sebagian gap -> lanjut rebound rally uptrend naik.
Skenario 2
Retrace sehat.",2026-04-08T23:39:37.000Z,https://www.threads.com/@pandhuadjisurya/post/DW47JCSk9Bh,IHSG,2026-05-05T11:33:49.357874
pandhuadjisurya,"Ini yang paling enggak diharapkan. Struktur berubah total.
IHSG turun ke 7000 -> 6970 lalu gagal reclaim ke 7120.
Skenario 3.
Dead cat bounce, bull trap.",2026-04-08T23:39:37.000Z,https://www.threads.com/@pandhuadjisurya/post/DW47JCIEwBK,IHSG,2026-05-05T11:33:49.498429
indrahw,"Mudah2an Senin rebound 😆.
Belanjaan hari ini 😛.
Hari ini IHSG Flash Sale.",2026-04-24T13:54:44.000Z,https://www.threads.com/@indrahw/post/DXhE7O2kcvQ,IHSG,2026-05-05T11:33:49.673659
notesbymaru,"Itu artinya: saham-saham lain mungkin turun lebih sedikit atau bahkan menguat. Penting buat lo tahu: apakah portofolio lo mengikuti indeks atau ada yang outperform hari ini?
Saham-saham yang paling narik IHSG ke bawah: BBRI, BMRI, BBNI, TLKM, ASII, BUMI, DEWA. Tujuh saham ini collectively menggeret indeks paling dalam.
IHSG turun 2,19% hari ini. Tapi penurunan ini nggak merata — ada saham-saham tertentu yang jadibeban terberat.",2026-04-03T03:36:21.000Z,https://www.threads.com/@notesbymaru/post/DWp5bLkidE6,IHSG,2026-05-05T11:33:49.814559
hendrahenz22,"IHSG masih ada gap di 5900… dari seorang market maker, saya belajar… gak ada gap yang gak ketutup…",2026-03-09T15:16:01.000Z,https://www.threads.com/@hendrahenz22/post/DVqxqUggYTR,IHSG,2026-05-05T11:33:49.933090
rifqiatt_,"Ya walaupun kedepannya tidak menutup kemungkinan kita bisa balik ke level april 2025 ya
Tapi uniknya ya bang, perhatiin chart april 2025 deh, disitu ada Gap lebar juga loh IHSG, tapi bisa rally tuh sampe 9K.",2026-04-08T06:41:21.000Z,https://www.threads.com/@rifqiatt_/post/DW3Gm_9kxMs,IHSG,2026-05-05T11:33:53.035620
theferdians,"Tapi setelah diliatin sih emg ada bbrp gap di april '25, mungkin ini saatnya
jujur kalo saya nggak terlalu ngeliatin gap sih, tapi lebih ke market structurenya dulu aja. Selama IHSG blm bisa keluar dari channel downtrend, selalu ada kemungkinan dia akan turun makin dalem.",2026-04-08T07:03:49.000Z,https://www.threads.com/@theferdians/post/DW3JLjIFHBd,IHSG,2026-05-05T11:33:53.194251
adithams,Kerjaaa kerjaaa woi,2026-03-05T04:13:31.000Z,https://www.threads.com/@adithams/post/DVfSqgrEqDC,IHSG,2026-05-05T11:33:53.359305
jessicajejess,2 menit pertama IHSG hari ini lgsg 2% an . kiblat trump 🤌🏻,2026-04-08T02:03:12.000Z,https://www.threads.com/@jessicajejess/post/DW2mxwJmD3d,IHSG,2026-05-05T11:33:53.501843
djnordhawk,Trading halt lagi gaes,2026-02-06T01:56:07.000Z,https://www.threads.com/@djnordhawk/post/DUZhekWEukI,IHSG,2026-05-05T11:33:53.829692
revianda_amrullah,"Melawan arah IHSG (IHSG turun, Porto naik) alhamdulillah 🤲
revianda_amrullah",2026-02-06T04:01:46.000Z,https://www.threads.com/@revianda_amrullah/post/DUZv2xNDw2k,IHSG,2026-05-05T11:33:53.963219
adelonnataa,"IHSG udah sentuh 9.000 🔥
Pelan-pelan tapi sampai.",2026-01-08T03:07:59.000Z,https://www.threads.com/@adelonnataa/post/DTO-pgJjHJI,IHSG,2026-05-05T11:33:54.106830
prabaniswara,"Baik trader atau investor harus melihat full siklus 5 - 10 tahun. Pasar saham itu perjalanan panjang. Bukan cinta satu malam oh indahnya 😘
Kamu uda ngeluh kecewa di IHSG, bio baru join di stockbit 2025.
Terlama IHSG crash balik lagi butuh 3.2 tahun pasca krisis dot com bubble + 98. Bursa US juga sama kurleb.",2026-04-03T04:31:03.000Z,https://www.threads.com/@prabaniswara/post/DWp_uRxk8xY,IHSG,2026-05-05T11:33:54.274388
ferdyadii_,Kita tunggu IHSG di 6800- 6500.,2026-03-30T02:17:47.000Z,https://www.threads.com/@ferdyadii_/post/DWfdSs1kZQN,IHSG,2026-05-05T11:33:54.450777
vierfoundation,"IHSG AMBRUK RUPIAH MELEMAH | Apa jadinya jika dua parameters ini mulai melemah, Seperti yang saya bilang pelaku pasar tidak bisa diatur jadi bekerja samalah dalam konteks MUTUAL BENEFITS Inshallah balik normal lagi, Copot pejabat IDX yang hanya makan gaji buta",2026-05-01T03:48:01.000Z,https://www.threads.com/@vierfoundation/post/DXyBDiYmbF8,IHSG,2026-05-05T11:33:54.574906
angelica.jonatan,"Di sisi lain, kita bisa belajar dari konflik sebelumnya, seperti perang Ukraina-Rusia, di mana IHSG justru menguat karena didukung komoditas.
kesimpulan live tadi adalah, kita menghadapi eskalasi konflik antara Iran, Israel, dan Amerika, yang bisa mengganggu jalur transportasi komoditas, khususnya minyak. Efeknya, harga minyak berpotensi melonjak, yang tentunya akan memengaruhi pasar global.
Analisa Market saat ini
angelica.jonatan",2026-03-01T12:23:36.000Z,https://www.threads.com/@angelica.jonatan/post/DVV3khWEdkY,IHSG,2026-05-05T11:33:55.056050
galihmandalaaa,"Analisis kondisi IHSG yg sulit naik sulit naik, dikarenakan beberapa faktor:
1️⃣ Minyak Melambung: Brent $110 vs Asumsi APBN $70. Subsidi bengkak Rp 230T. Fiskal masuk “Survival Mode”.
2️⃣ Rupiah Terkapar: Kurs Rp 17.380/USD (Terlemah di ASEAN). Asing kabur dari Big Banks (BBCA, BMRI).
Brent $110 | Rupiah Rp 17.380
IHSG SAAT INI dipengaruhi sentimen global… khususnya berkaitan dengan IHSG dan MINYAK DUNIA",2026-04-30T06:20:05.000Z,https://www.threads.com/@galihmandalaaa/post/DXvtqdNGivh,IHSG,2026-05-05T11:33:55.648501
robbyyyyy_21,"Purbaya hari ini proyeksikan IHSG tembus 28.000 di 2030. Banyak yang ketawa. Gue sih enggak. Lihat datanya dulu. 2002 IHSG di level 400. 2009 udah di 2.500, naik lebih dari 6x dalam 7 tahun. Itu bukan kebetulan, itu siklus ekspansi ekonomi yang berjalan penuh. Sekarang kita di 7.000. Kalau ekspansi berlanjut sampai 2029-2030 dengan pertumbuhan ekonomi di atas 5-6%, bahkan target 8% yang disebut pemerintah, secara historikal indeks bisa naik 4-5x dari titik sekarang.",2026-04-27T12:52:26.000Z,https://www.threads.com/@robbyyyyy_21/post/DXosLfOCYqB,IHSG,2026-05-05T11:33:55.789168
hengky.lim.9,"yg di tunggu2 lilin kecil mulai terlihat, yups reversal JIKA IHSG BERHASIL CLOSING di atas 7.126 , maka IHSG berpeluang melanjutkan skenario 3 ya 😁 , mari kita kawal lilin ini supaya trus hijau dan ga padam 😝
Update 30 April 26",2026-04-30T00:21:07.000Z,https://www.threads.com/@hengky.lim.9/post/DXvElVJgZpR,IHSG,2026-05-05T11:33:55.958211
sahaminaja.id,"WILD PARAHHH, IHSG bakal terdampak juga😭
Total swing 3 triliun dolar dalam 56 menit.
Jam 8.00 pagi S&P 500 turun 120 poin. 1 triliun dolar market cap menguap.
27 menit kemudian Iran denial total. Tidak ada kontak dengan Amerika. Klaim Trump tidak benar.
Pasar langsung euforia. S&P 500 naik 240 poin dalam hitungan menit. Market cap bertambah 2 triliun dolar.
Jam 7.04 pagi Trump posting bilang Amerika dan Iran sudah ada diskusi produktif untuk akhiri perang.
MARKET US GILA!!",2026-03-23T14:04:15.000Z,https://www.threads.com/@sahaminaja.id/post/DWOsk6Bk8tP,IHSG,2026-05-05T11:33:56.466989
hengky.lim.9,"CMON IHSG sedikit lagiii 😁😁 , yuk bisa yuk nutupppp 😝
Update 28 April 26",2026-04-28T02:12:53.000Z,https://www.threads.com/@hengky.lim.9/post/DXqHyNWgY6y,IHSG,2026-05-05T11:33:56.653570
cecilliasantoso_,"Setelah ngeliat chart, dan mikir ketinggian kayaknya entry sekarang.
Ya udahlah, masuk dulu beberapa lot CDIA. Mumpung cash ada, sisanya all in di PTRO di avg 6.450 😅😅😅
Padahal kemarin aku bilang nggak tertarik ambil CDIA, definisi kemakan omongan sendiri 🙄🙄
cecilliasantoso_",2026-04-14T08:55:01.000Z,https://www.threads.com/@cecilliasantoso_/post/DXGyrOkAQUn,IHSG,2026-05-05T11:33:59.658105
ferrybudhi26,Hati2 ihsg ada gap nya,2026-04-14T09:06:03.000Z,https://www.threads.com/@ferrybudhi26/post/DXGz8ImkQ9x,IHSG,2026-05-05T11:33:59.786636
jundiabdillah,"#DYOR
Tetapi tetap ada potensi nutup gap atas dulu di area 7.870- 7.930, setelah itu koreksi kembali.
Perhatikan aja area-area ini untuk beli saham atau jual
Perhatikan harga disana, Ketika menutup gap yang di buat hari ini ataupun tidak, bisa manfaatkan beli saham-saham yang ke area retestnya, Banyak kalau kalian bisa cek perlahana saham-saham yang sering di tradingkan
$IHSG update
Hari ini IHSG buat gap lagi, kemungkinan akan ada koreksi sehat mendekati area 7.520-7.600",2026-04-14T12:40:06.000Z,https://www.threads.com/@jundiabdillah/post/DXHMb3VkyzZ,IHSG,2026-05-05T11:33:59.982049
dayoneinvesting.id,"Menyala 🔥🔥.
Asyik nih…, bisa nangkep esensinya.
Aku cenderung ke macro play buat menghindari noise noise yang seringkali ganggu.
Back to macro, to the big picture.
dayoneinvesting.id",2026-04-11T05:09:03.000Z,https://www.threads.com/@dayoneinvesting.id/post/DW-qbookaxv,IHSG,2026-05-05T11:34:00.119113
danielnikooo,"""ilmu dagingnya"" semalam keren pak 😎. nggak ada angin, nggak ada hujan tiba2 nyenggol slide ""economic cycle"". Ini sih makro chart behavior ihsg 😄, ibarat kompas kalo kita pgn nyari harta karun, spy gk tersesat dan dikarungin, tapi yg jadi petanya tetap makro ekonomi + fundamental. jgn capek2 bwt berbagi pak, saya tetep rajin nyatet kok wlpn di screen senyap dan keliatan tangannya 😄. Fully Respect Sir !!",2026-04-11T06:06:14.000Z,https://www.threads.com/@danielnikooo/post/DW-w-cImf-b,IHSG,2026-05-05T11:34:00.243281
tools.saham,"IHSG hari ini kembali koreksi, banyak saham under 100 mulai gerak dari kemarin. Harus lebih selektif pilih emiten biar gk ngekos lama kalau dibawa menyelam😇
Menu BSJP hari ini (23-4-2026), DYOR",2026-04-23T08:29:04.000Z,https://www.threads.com/@tools.saham/post/DXd63GbjzVG,IHSG,2026-05-05T11:34:00.690229
jagosahamindonesia,"Di saat Wall Street (Nasdaq & S&P 500) lagi pesta pora cetak rekor, market kita malah dapet tekanan jual jumbo. Ini bukan sekadar koreksi sehat, tapi sinyal exodus modal yang serius. Mari kita bedah. #JagoSaham
Net Sell Rp2,04 Triliun dalam Sehari! IHSG beneran lagi ditinggal pas sayang-sayangnya. 📉
jagosahamindonesia",2026-04-28T03:15:28.000Z,https://www.threads.com/@jagosahamindonesia/post/DXqO8naiXDm,IHSG,2026-05-05T11:34:00.982154
hansolo.ta,"IDX nice closing kemaren, ada perlawanan, kalau closing dibawah ini bisa ke 6800-6400",2026-05-01T09:28:55.000Z,https://www.threads.com/@hansolo.ta/post/DXyoEaJj3U5,IHSG,2026-05-05T11:34:01.473326
chef_robben,"If i want to bet heavy in one stock
I will Make sure that stock is in VOO
My nvda is weighed more than my entire ihsg position",2026-04-25T15:57:40.000Z,https://www.threads.com/@chef_robben/post/DXj3ye-FUW9,IHSG,2026-05-05T11:34:01.637589
leebull0708,Besok bisa merah nih,2026-04-29T14:29:03.000Z,https://www.threads.com/@leebull0708/post/DXuA09SlA5l,IHSG,2026-05-05T11:34:01.802703
uptrendtrading_,"masih potensial ijo kak. closing IHSG bagus, membentuk pola candle bullish harami didekat demand area dengan volume yang mulai meningkat lagi.",2026-04-29T22:07:08.000Z,https://www.threads.com/@uptrendtrading_/post/DXu1QEmEs8Y,IHSG,2026-05-05T11:34:01.920902
salmanabilla__,"Emas lg turun
Ihsg lg kebakaran
Masih waras kah teman teman?",2026-02-02T06:47:50.000Z,https://www.threads.com/@salmanabilla__/post/DUPvrlhk-J2,IHSG,2026-05-05T11:34:02.446189
economicnotes,"#BUMI #Batubara #Saham #IHSG #economicnotes
Lonjakan produksi berhasil dorong laba $BUMI melesat hingga 35%. Kinerja ini bikin sektor batu bara kembali jadi perhatian investor di tengah harga komoditas yang masih kuat. 📈🔥
⛏️ $BUMI makin panas!",2026-05-01T07:20:43.000Z,https://www.threads.com/@economicnotes/post/DXyZZdokXow,IHSG,2026-05-05T11:34:02.607938
thepitchbull,"Prediksi IHSG besok?
Rupiah All-Time-Low lagi?
Harga Oil Breakout!",2026-04-29T15:30:56.000Z,https://www.threads.com/@thepitchbull/post/DXuH6Mgmh7n,IHSG,2026-05-05T11:34:02.789507
hafidzoaya,Menurutku harga normalnya ihsg itu emang 7000an sih,2026-04-03T12:05:33.000Z,https://www.threads.com/@hafidzoaya/post/DWqzvHrD6Qb,IHSG,2026-05-05T11:34:02.918681
nafisgn14,Are you ready guys?,2026-04-06T00:38:48.000Z,https://www.threads.com/@nafisgn14/post/DWxTh6mgaIt,IHSG,2026-05-05T11:34:03.079326
sitimarlina.jp,"Semakin saya belajar, semakin saya nyantai untuk trading.
Karna saya belajarnya satu2 dan harus back test analisa saya sendiri, jadi ya harus sabar.
Belajar dari kesalahan selama ini:
1. Saya harus patuh ke trading plan yang saya buat sendiri
2. Jangan kejar harga yg udah naik.
Setelah analisa swing, akhirnya saya nitip sendal.
Yang namanya nitip sendal ya sedikit aja, kalau sesuai analisa bisa langsung nambah muatan, kalau gak sesuai analisa ya CL.
belajarsahampemula",2026-04-29T03:21:15.000Z,https://www.threads.com/@sitimarlina.jp/post/DXs0Z0Nihqm,IHSG,2026-05-05T11:34:03.254912
ramadhans888,BERANGKAT NDARRRRR🚀🚀🚀🚀,2026-04-30T07:37:04.000Z,https://www.threads.com/@ramadhans888/post/DXv2eUaAVdU,IHSG,2026-05-05T11:34:07.143796
nora.lna,Tanda IHSG mulai membaik: bermunculan lagi ritel-ritel yg share profit. Ijo ijo ijo!,2026-04-09T09:37:25.000Z,https://www.threads.com/@nora.lna/post/DW5_jYyGvqK,IHSG,2026-05-05T11:34:07.283471
aagungrr,"Good morning, wishing a speed recovery",2026-04-27T02:07:02.000Z,https://www.threads.com/@aagungrr/post/DXniUhWk2mk,IHSG,2026-05-05T11:34:07.443600
restiwidiyanti,"Baru juga mau rebound, halah halah IHSG hari ini🤯",2026-04-16T08:21:21.000Z,https://www.threads.com/@restiwidiyanti/post/DXL4aZpgbm4,IHSG,2026-05-05T11:34:07.590363
alwayscuanclub,ada kemungkinan besok IHSG nutup gap bawah dan semoga ga turun terlalu dalam sampe IHSG menjadi downtrend,2026-04-27T15:58:10.000Z,https://www.threads.com/@alwayscuanclub/post/DXpBb8Qki2p,IHSG,2026-05-05T11:34:07.733972
indahade,"Lg meratapi market merah merona mendadak dapat kabar baik dr kantor, dapat kenaikan allowance 30%,, unit apartment sudah tersewa 😚 & dapat gain dr penjualan obligasi di secondary market 🤑. Alhamdulillah rejeki Ramadhan ❤️. Semangat pejuang cuan, market tidak selamanya merah. Mdh2an cepat pulih kembali, Aamiin YRA
Jgn pd jual g*njal ya liat ihsg 🤣🤣",2026-03-06T07:32:35.000Z,https://www.threads.com/@indahade/post/DViOPXQk5DV,IHSG,2026-05-05T11:34:07.879490
algoresearch,"But now, the government is still pushing for higher spending on programs such as free meals (MBG) and village cooperatives (Kopdes) just as fiscal space gets tighter.
Higher oil prices could pressure fiscal capacity similar to 2022 when total energy compensations (including to PLN and Pertamina) surged by around IDR400tn even after increasing subsidized and non-subsidized fuel (BBM) prices.
One of the biggest concerns is fiscal credibility.",2026-04-25T10:00:24.000Z,https://www.threads.com/@algoresearch/post/DXjO5xWEzys,IHSG,2026-05-05T11:34:08.056564
algoresearch,"- Portfolio outflows have intensified with foreign net outflows in IHSG and government bonds reaching IDR42tn and IDR21tn, respectively, this year.
At the current trend, investors are increasingly pricing the risk of a wider deficit, weaker fiscal discipline, or more policy uncertainty. The impact is already visible, foreign confidence is falling:
That is why the market is watching the 3% fiscal deficit limit closely.",2026-04-25T10:00:24.000Z,https://www.threads.com/@algoresearch/post/DXjO5u0E63L,IHSG,2026-05-05T11:34:08.225910
galleryinov,"Wadaw wadidaw 🤣🤣
Intinya mau ihsg turun gimanapun, mau ekonomi sesilit apapun, mbg kopdes tetap berdiri tegak, tidak mengenal inflasi 🤣
Au ah geyaappp",2026-04-30T06:37:25.000Z,https://www.threads.com/@galleryinov/post/DXvvpbGE8c6,IHSG,2026-05-05T11:34:08.497503
pandhuadjisurya,"Jadi kalau entry itu bertahap. Jangan all-in di satu harga. Sabar masuk, sabar keluar, belajar compounding, belajar enggak greedy. Belajar trading plan.
Buat yang baru terjun di dunia trading stocks, angkatan IHSG 9000 dan mengalami beberapa kali koreksi besar, sekarang bisa jadi fase yang tepat untuk belajar mengelola inventory kalian.",2026-04-25T05:28:47.000Z,https://www.threads.com/@pandhuadjisurya/post/DXiv0YIkbha,IHSG,2026-05-05T11:34:11.438160
yuzarsifff69,"1. Rupiah 17.300
2. Ihsg anjlok
3. Bbca $5,850
4. Wni seumur idup
Top horor movie:",2026-05-01T09:34:44.000Z,https://www.threads.com/@yuzarsifff69/post/DXyovCtAeOI,IHSG,2026-05-05T11:34:11.586245
dymalahayati,"Rupiah, IHSG, BBCA, BBRI how low can you go",2026-05-01T15:26:57.000Z,https://www.threads.com/@dymalahayati/post/DXzRCvqEuPx,IHSG,2026-05-05T11:34:11.720528
jonathankeaneee,🧑‍💻 Siapa yang mau rumus screener BSJP baru?,2026-04-08T08:14:36.000Z,https://www.threads.com/@jonathankeaneee/post/DW3RR9QlJIb,IHSG,2026-05-05T11:34:12.173860
viviverlisya,"Tapi tidak lupa ada 3 gap di bawah bekas open gapup 🫠
Ada gap di 7900 an, so far terlihat on track untuk tutup gap atas 😆
IHSG is looking STRONG!",2026-04-15T04:25:10.000Z,https://www.threads.com/@viviverlisya/post/DXI4lvTEse8,IHSG,2026-05-05T11:34:12.346012
alwanae,"Santai, april ini saatnya hunting barang. Barang yang bagus akan digoreng dulu sebelum masuk MSCI. Aku udah pick beberapa emiten kategori small & standart. Kalau lu udah nemu emitennya dan lu tau kalau free floatnya cakep, tinggal duduk manis aja dah jadi duit.
MSCI rules : AVTR, Real Free float, Market Cap & ga kena supend mendekati hari H.
Nih gua spill jagoan emiten alpha buat masuk MSCI berdasarkan para konglo :
Bakrie : BIPI & BNBR
HH : BUVA & ARKO",2026-04-06T09:06:49.000Z,https://www.threads.com/@alwanae/post/DWyNqtLj1uM,IHSG,2026-05-05T11:34:12.784418
alwanae,"Santai, april ini saatnya hunting barang. Barang yang bagus akan digoreng dulu sebelum masuk MSCI. Aku udah pick beberapa emiten kategori small & standart. Kalau lu udah nemu emitennya dan lu tau kalau free floatnya cakep, tinggal duduk manis aja dah jadi duit.",2026-04-02T05:03:09.000Z,https://www.threads.com/@alwanae/post/DWnemglD_T5,IHSG,2026-05-05T11:34:12.935157
ssamuel_rp,"Saham Pom Pom BAPA
*Saham volatil kelas bulu (bisa Ara-Arb) potensi msh perform :
COCO, IRSX, MDIA, REAL, DEFI, FPNI, PMJS, CSMI, PURI, RICY
*Saham volatil dng volume besar kemarin : BUMI, PTRO, BNBR, BRPT, DEWA, CDIA, BULL. SIMP, INET, RATU ZATA, PPRE, BAPA
*Saham2 yg dapat di perhatikan hr ini:
BBCA, BMRI, BBRI
Perkiraan IHSG akan bergerak pada Rabu (15/4) antara 7400-7750",2026-04-15T00:46:15.000Z,https://www.threads.com/@ssamuel_rp/post/DXIfiTPAcI6,IHSG,2026-05-05T11:34:13.163873
kinakinu97,Wkwk tumben banget suamiku sampe khawatir gara-gara IHSG 🤣,2026-02-02T10:41:37.000Z,https://www.threads.com/@kinakinu97/post/DUQKb2-Eeqx,IHSG,2026-05-05T11:34:13.318484
adelonnataa,"My watchlist 20 April
ADRO
CUAN
NCKL
EMAS
PACK
BREN
INET
MDIA
Disclaimer on guys . ( semoga IHSG hijau )📊✅",2026-04-19T07:20:57.000Z,https://www.threads.com/@adelonnataa/post/DXTf4t-DFtj,IHSG,2026-05-05T11:34:13.466207
alir72766,"Apakah akan terjadi?
Sudah mulai di rasakan
Kurs dollar sekarang $1 = 17.200",2026-04-23T14:57:53.000Z,https://www.threads.com/@alir72766/post/DXenWfEFdj2,IHSG,2026-05-05T11:34:13.761098
davidrichardowong,"IHSG sudah nyentuh 7200🤦‍♂️
davidrichardowong",2026-04-24T03:28:21.000Z,https://www.threads.com/@davidrichardowong/post/DXf9PZ7EYkR,IHSG,2026-05-05T11:34:13.900367
uung__,"IHSG anjlok, rupiah melemah, Indo dalam kondisi genting, itu cuma kalian yang sudaah terbiasa konsumsi berita dan paham bagaimana kondisi negara. Banyak dari grassroot yang belum ngerasa dampak dan setelah ini kesusahan buat bertahan hidup. Saampaikan aja, sekarang krisis semua harga perlahan akan naik tanpa diikuti kenaikan pendapatan. Apa yang terjadi? Kaya dicekik makin lama makin erat. Terus kita bisa apa?",2026-04-27T09:56:03.000Z,https://www.threads.com/@uung__/post/DXoX_nrEUNV,IHSG,2026-05-05T11:34:14.533460
ekurniawan.id,"Semua market (gold, silver, ihsg, kripto) kompak kebakaran 🔥
Apa2an ini, entah instrumen mana lagi yang bisa dipercaya buat naroh uang dingin 🤔",2026-02-02T03:39:29.000Z,https://www.threads.com/@ekurniawan.id/post/DUPaIJCj_xC,IHSG,2026-05-05T11:34:14.654600
rumatela05,IHSG,2026-04-25T07:57:19.000Z,https://www.threads.com/@rumatela05/post/DXjA0QMkmu3,IHSG,2026-05-05T11:34:14.794322
id_kael,Alasan nya kenapa banv,2026-04-25T08:49:53.000Z,https://www.threads.com/@id_kael/post/DXjG1QWEX37,IHSG,2026-05-05T11:34:14.917846
jezzrell_,"Yuk gua bongkar berdasarkan data real-time. 👇
BID (pesanan beli) di level bawah malah numpuk gila-gilaan. Siapa yang berani pegang pisau jatuh?
Tapi di tengah darah segar itu, ada yang aneh...
Saham bank lagi digebukin habis-habisan. BBCA, BBRI, BMRI kompak merah melulu.
LU PERHATIIN GA?
BID NUMPUK di BBCA & BBRI - APAKAH INI SAATNYA REBOUND?? 🟩",2026-04-28T16:16:41.000Z,https://www.threads.com/@jezzrell_/post/DXroWVyARO6,IHSG,2026-05-05T11:34:15.107672
jezzrell_,"Siapa yang disikat paling parah? BBRI dan BBCA masih jadi korban utama.
Soalnya asing? Masih kabur gila-gilaan. Net sell hari ini aja tembus Rp 2,34 triliun .
Tapi jangan seneng dulu.
IHSG lagi berusaha bangkit. Dibuka hijau 0,31% ke 7.128 setelah 5 hari berturut-turut merah. Saham BBCA dan BBRI ikutan ijo tipis .
CEK SITUASI PER SELASA (28/4/2026) SIANG:",2026-04-28T16:16:39.000Z,https://www.threads.com/@jezzrell_/post/DXroWHLgex7,IHSG,2026-05-05T11:34:15.279259
todiradenajeng,"Cc
@indahade
@neliminja
@cecilliasantoso_
@sandrapena.id
@theferdians
@notesbymaru
@febrilaarif
@kuntoajiw
@mang.amsi
Adminnya ngeselin bgt lama2 😂😂",2026-05-01T15:15:20.000Z,https://www.threads.com/@todiradenajeng/post/DXzPtrjEWFi,IHSG,2026-05-05T11:34:15.474304
agungpharm,"Disaat seperti ini market juga menyeleksi perusahaan yang baik, beberapa perusahaan yang fundamentalnya kuat dan labanya naik juga ikutan turun. Kesempatan dapat di harga murah
Di bulan Mei ada ""Sell in May, and go away"". Semoga IHSG segera mencapai bottom dan kita semua happy ending.",2026-05-01T23:19:57.000Z,https://www.threads.com/@agungpharm/post/DX0HLBMgS92,IHSG,2026-05-05T11:34:15.645642
chunkybo_i,"IHSG runtuh karena presiden yang ongon ngurus ekonomi, mengurangi jatah untuk pendidikan di anggaran APBN dan memaksakan program MBG yang sangat amat malah yang bisa buat negara rubuh. Fark you, wowo",2026-01-28T10:34:28.000Z,https://www.threads.com/@chunkybo_i/post/DUDRpMmEwAp,IHSG,2026-05-05T11:34:15.789716
ekjlifestory,"Note:
Hati2. IHSG sy mau hijau tp gak tau market setuju atau tdk. Jgn mengkhayal saat eksekusi emiten. Stay waras. Screener di bio! ⚠️
ASPR
MEDS
AKRA
D***
L***
Cek screener
Cek screener
Cek screener
Cek screener
Cek screener",2026-04-28T00:00:25.000Z,https://www.threads.com/@ekjlifestory/post/DXp4n7oj04c,IHSG,2026-05-05T11:34:15.947248
profitmen.id,"Better entry di jam 15:50 waktu IEP
Jual pagi hari ✍️
TP Secukupnya
SL ketat 3%
Disclaimer on men, IHSG Kebakaran jangan lupa kurangi porsi jaga modal dan jangan lupa analisa kembali 🔥
• PSDN
• HYGN
• BNBR
BSJP
Jum'at 24 - 04 - 2026",2026-04-24T08:34:00.000Z,https://www.threads.com/@profitmen.id/post/DXggOCVkfJm,IHSG,2026-05-05T11:34:16.107766
ramadhans888,"Kalau ada news apapun tentang saham lu masih ribut,cemas berarti lu lagi gambling",2026-04-03T12:06:44.000Z,https://www.threads.com/@ramadhans888/post/DWqz3z5ASSk,IHSG,2026-05-05T11:34:19.361758
yasril.imam,"#DYOR #IHSG #SAHAM
Kalau dilihat IHSG di timeframe 1D & 1M saya memilih untuk “stay cash” jangan asal serok. IHSG berpotensi turun ke support paralel chanel nya di area 6600 sd 6200 an untuk timeframe 1M namun kalau dilihat-lihat dari history sebelumnya support ini sangat kuat dari beberapa krisis seperti krisis 2008 sd tarif trump 2025. Untuk timeframe 1D akan menguji level 6900 sd 7000 dan saya berharap bisa mantul dan membentuk “DOBOTT”
Reminder “Tidak trading bagian dari trading plan”",2026-04-26T13:48:37.000Z,https://www.threads.com/@yasril.imam/post/DXmN0M6D5iF,IHSG,2026-05-05T11:34:19.548811
suluah.id,"Beberapa saham baru masuk radar investor seperti CUAN, DEWA, ESSA, HRTA, dan WIFI, sementara BREN, CTRA, DSSA, HEAL, hingga NCKL harus keluar dari LQ45.",2026-04-26T01:09:16.000Z,https://www.threads.com/@suluah.id/post/DXk26ksk6OX,IHSG,2026-05-05T11:34:19.707373
suluah.id,"Di IDX30, ADMR masuk menggantikan ISAT. Sedangkan IDX80 kedatangan BKSL, CBDK, DEWA, GGRM, dan TPIA setelah evaluasi mayor BEI",2026-04-26T01:09:17.000Z,https://www.threads.com/@suluah.id/post/DXk26m2E0CO,IHSG,2026-05-05T11:34:19.859454
arifbudimaneee,"inget jangan FOMO karena IHSG udah naik sekitar 10% dari bottom nya
Nanti koreksi, kalian bisa re-entry harga yang lebih bawah
Strateginya sekarang
Kalau IHSG sudah menyentuh area 7853, mulai cicil sell (khusus Swing)
Gue akan update lg kalau udah mulai muncul sinyal koreksi terutama setelah IHSG mendekati target Fibonya 7853
IHSG masih berada di fase Wave 3 & belum terlihat tanda koreksi. Seperti yg kita tahu, dalam teori EW, Wave 3 adalah wave terpanjang dibanding Wave 1 & 5",2026-04-15T02:15:56.000Z,https://www.threads.com/@arifbudimaneee/post/DXIpzKYEzAo,IHSG,2026-05-05T11:34:20.263205
kaitlin.aiken,"Nabung rutin di ANTM mulai kelihatan hasilnya. Yang penting konsisten, dikit-dikit lama-lama jadi bukit.
@ajaib_investasi
#AplikasiAjaib #Saham #NabungSaham #SahamBUMN #IHSG",2026-04-16T13:50:50.000Z,https://www.threads.com/@kaitlin.aiken/post/DXMeHmEAalT,IHSG,2026-05-05T11:34:20.401729
moh_arifirfanudin,"Alhamdulillah masih dapat rejeki walaupun lebih sedikit dari kemaren tapi tetap harus di syukuri, semoga ihsg besok bisa hijau royo royo
moh_arifirfanudin",2026-04-20T15:36:26.000Z,https://www.threads.com/@moh_arifirfanudin/post/DXW9YmlEjQz,IHSG,2026-05-05T11:34:20.545391
sripujiyanti,"Tapi sedih Indonesia ugal-ugalan ga ada ujungnya.
Ada omongan lain tapi ga bisa disebut di sini. Jadi ga kaget sama rating Morgan Stanley.
Ngobrol lah gw ama komisaris gw orang yang udah makan asam garam dunia lebih lama dan komen dia, “Saat ini fundamental saham kayaknya ga penting dan itu mengkhawatirkan kenapa bisa gitu”.
Keanehan BEI tuh dimulai pada saat IHSG naik gila-gilaan terus saham bluechips yang gw pegang malah merah semua.",2026-01-31T00:06:41.000Z,https://www.threads.com/@sripujiyanti/post/DUJ4LwlEmwA,IHSG,2026-05-05T11:34:21.001145
yudhaniagara,"Beberapa emiten ini mngkin bisa jadi pertimbangan, screening by AK, MG, BK —> 3 day —> net buy #DYOR 🔥
Hari ini IHSG diserang lagi dengan berita dari Moody’s, ngga ada henti2nya market indo kena tekanan, semoga mental ritel masih kuat 💪💪",2026-02-06T11:27:58.000Z,https://www.threads.com/@yudhaniagara/post/DUai63FkycG,IHSG,2026-05-05T11:34:21.174776
andriandavinta_,"Tujuan cek anomali ini apa? Biar kita bisa baca gerakan asing terhadap emiten yg outperform & biasanya mereka tahu dulu sblm ritel. Cobain fitur Anomali di volara.id gratis 😄
*Anomali = Flow asing hari ini yg > rata-rata Flow 20 hari
Secara Wyckoff ? Cakep
Aku analisa pakai Volume Profile 20 hari (gambar 2) -> Value ada di range 180an dengan buy delta yg dominan!
Disini upside nya yg menarik ad KIJA
ESSA
SIMP
KIJA
BMTR
Pantauan menarik!!
Anomali Flow Asing di IHSG 14 April 2026",2026-04-14T13:48:49.000Z,https://www.threads.com/@andriandavinta_/post/DXHUTFLFLLb,IHSG,2026-05-05T11:34:21.425617
youn8e_,"howzit guys…
Just random day🪷,",2026-01-12T19:45:46.000Z,https://www.threads.com/@youn8e_/post/DTbEA-6EsUK,IHSG,2026-05-05T11:34:21.582761
pejuang_nalar,"IHSG rontok.
Terbukti Purbaya cuma omdo",2026-01-29T01:59:50.000Z,https://www.threads.com/@pejuang_nalar/post/DUE7ivBE8tp,IHSG,2026-05-05T11:34:21.719420
_alfnwhy,Hari ini IHSG merah / ijo hayo?,2026-03-08T22:30:13.000Z,https://www.threads.com/@_alfnwhy/post/DVo-joREwWe,IHSG,2026-05-05T11:34:21.861477
ekojuhasmon,"Selamat berbuka puasa 😇
“Be fearful when others are greedy, and greedy when others are fearful.”-Warren Buffett",2026-03-16T11:20:44.000Z,https://www.threads.com/@ekojuhasmon/post/DV8YTGoGo5P,IHSG,2026-05-05T11:34:22.448453
imamyogaaa,"Jangan HAKA. DYODD. 📈
Yang sudah entry dari screener kemarin sekarang waktunya manage posisi.
Bisa mulai pasang TP atau TS. 📊
Ini watchlist — bukan sinyal masuk. Tunggu konfirmasi support dan volume.
WATCHLIST IHSG PAGI RILIS. 🔍
PKPK | NCKL | DKFT | BAPA",2026-04-20T01:10:12.000Z,https://www.threads.com/@imamyogaaa/post/DXVaQJHk_j-,IHSG,2026-05-05T11:34:22.950895
stockflow.id,"Artinya: ketidakpastian MSCI masih jadi tekanan bagi IHSG dalam 6–8 minggu ke depan.
MSCI bilang reformasi yang sudah dilakukan Indonesia masih perlu dievaluasi lebih lanjut. Keputusan final baru akan keluar di tinjauan Juni 2026.
Tapi pembatasan saham Indonesia tetap dipertahankan di tinjauan Mei
Indonesia tidak jadi di-downgrade ke Frontier Market (untuk sekarang)
MSCI baru mengumumkan",2026-04-21T01:18:37.000Z,https://www.threads.com/@stockflow.id/post/DXYAAkbE_1x,IHSG,2026-05-05T11:34:23.158367
diki.mulijanto,"Siang ini IHSG merah lagi dengan penurunan 0,51% ke harga 7.585, dikala bursa Asia lainnya banyak yg hijau,
Feelingmology sesi 2 bakal rebound krn sudah banyak yg TP dr kemarin
Semoga ya... 😂",2026-04-16T04:53:17.000Z,https://www.threads.com/@diki.mulijanto/post/DXLgme4ErC2,IHSG,2026-05-05T11:34:23.302419
muhsalman6,"kok gk ada gambar USDIDR garis panah ke bawah bang, gak ada potensi diskon USD yaa? Libur dulu dong nih kita dibursa gak bisa scalping2 cuma gara2 saham perbankan turun bukan krisis besar😜",2026-04-25T02:06:54.000Z,https://www.threads.com/@muhsalman6/post/DXiYtshE3qt,IHSG,2026-05-05T11:34:27.053968
zeroskifrmz,Yes libur dari saham & lanjut “Short” selling di index2 dunia. Nanti cuannya bisa serok saham di IHSG.. moga tujuannya sama 🙏🏼😇,2026-04-25T14:43:03.000Z,https://www.threads.com/@zeroskifrmz/post/DXjvP8vgcpl,IHSG,2026-05-05T11:34:27.205044
stockwise.id,"Happy Friday everyone😊‼️
#saham #ihsg #sahamindonesia",2026-04-24T04:29:55.000Z,https://www.threads.com/@stockwise.id/post/DXgESUMlFqv,IHSG,2026-05-05T11:34:27.690138
afrilandoo,"Tinggalin jejak aja disini buat para penyembah sekte IHSG yang mau cobain nanti kalo uda bisa dipake 🤓
Iseng iseng berhadiah, sapatau kepake bikin screener IHSG kek gini wkwk",2026-04-30T19:51:24.000Z,https://www.threads.com/@afrilandoo/post/DXxKg0ZEwQJ,IHSG,2026-05-05T11:34:27.998002
rifaarif,"Lanjut ⬇️
Banyak orang yang skeptis dengan pergerakan harga di kripto, katanya digerakin bandar lah, banyak manipulasi harga lah, jadi mereka bilang ""kripto scam, mending masuk di saham indo"".
Sebelum terjun ke kripto, saya masuk di pasar saham indo, dan kecewa sama pergerakan saham saat itu, yang dimana analisa teknikal menurut saya banyak yg melenceng bahkan terlalu dimanipulasi.
Saya mau bahas sedikit IHSG yg drop signifikan hari ini dan dibekukan dari indeks saham global.",2026-01-28T14:59:21.000Z,https://www.threads.com/@rifaarif/post/DUDv9N_E44W,IHSG,2026-05-05T11:34:28.328013
___wambar.id,"Busyet, open IHSG langsung minus 2%",2026-02-06T02:01:20.000Z,https://www.threads.com/@___wambar.id/post/DUZiEtTktjQ,IHSG,2026-05-05T11:34:28.492860
sulistiana.kakadede,"Mirip kayak tetanggaku mau jual tanah, ditawar 2m gak mau, maunya 2,5m.
Pdhl belinya 400jt an.
Lalu akhirnya dia mau 2m, tp orang nya udah gak mau.
Ada yg nawar 1,5m. Dia g mau. Akhirnya
Mundur2
Dr situ belajar, jika sudah untung. Cukupkan, dan tarik ajah.
Krn market gak tahu tiba2 anjlok.
Dapat cerita dari temanku, dia terjun ke pasar saham.
Dr modal 200jt.
Ada 1 emiten, yang dia itu profit gain 100jt
Tp tdk dia jual. Dia nunggu multi bagger. Naik lagi.
Tp malah ihsg anjlok kemarin ilang.
sulistiana.kakadede",2025-11-09T00:25:17.000Z,https://www.threads.com/@sulistiana.kakadede/post/DQ0MVWvElIg,IHSG,2026-05-05T11:34:28.796097
angelica.jonatan,"*Source : bloombergbusiness
IRAN mengumumkan bahwa Selat Hormuz dibuka sepenuhnya untuk komersial 🔥🔥
Semoga senin IHSG to the moon 🚀
angelica.jonatan",2026-04-17T14:11:36.000Z,https://www.threads.com/@angelica.jonatan/post/DXPFSmLEW6k,IHSG,2026-05-05T11:34:28.972144
adzeni_,"Sepertinya IHSG hari ini akan kembali junam, siapkan mental kalian kawan.",2026-04-09T01:12:10.000Z,https://www.threads.com/@adzeni_/post/DW5Fu2Qj1ZF,IHSG,2026-05-05T11:34:47.840044
tris3050,"Knpa malah rebound?
Gk malah nyungsep?",2026-04-24T13:47:01.000Z,https://www.threads.com/@tris3050/post/DXhECpRkguX,IHSG,2026-05-05T11:34:47.982093
rumatela05,IHSG om,2026-04-24T13:49:20.000Z,https://www.threads.com/@rumatela05/post/DXhETqwkqSU,IHSG,2026-05-05T11:34:48.108616
happytrader.co,"Semoga ya semoga 🚀
Optimis 10000% FTSE RUSSEL Review IHSG stay in Emerging Market 🔥
Waktu WNS sampai 07 April 2026✌️",2026-03-31T14:05:38.000Z,https://www.threads.com/@happytrader.co/post/DWjTGD4lFFO,IHSG,2026-05-05T11:34:48.270456
uptrendtrading_,":
guys, be carefull yah. Ketatin TSnya untuk posisi yang sudah FP, kaya gak enak ini naiknya. Kalo gak hari ini, besok sepertinya koreksi ini. Di timeframe H1 ada bearish divergence, mulai melemah naiknya. Target dailynya juga sudah hampir kena sesuai analisa sebelumnya.
seperti analisa sebelumnya, kalo gak kemarin hari ini berpotensi koreksi ternyata bener dikasi koreksi 😂
The Power of Supply Area. Be carefull kalo closingnya dengan candle merah kaya gitu, closingnya diarea body candle ijo yang kemarin sampai diarea tengah bodynya terkonfirmasi besok peluang koreksinya menguji demand area dibawah itu besar.",2026-04-15T08:46:27.000Z,https://www.threads.com/@uptrendtrading_/post/DXJWfXGGN-4,IHSG,2026-05-05T11:34:48.549503
uptrendtrading_,":
guys, be carefull yah. Ketatin TSnya untuk posisi yang sudah FP, kaya gak enak ini naiknya. Kalo gak hari ini, besok sepertinya koreksi ini. Di timeframe H1 ada bearish divergence, mulai melemah naiknya. Target dailynya juga sudah hampir kena sesuai analisa sebelumnya.",2026-04-14T02:43:56.000Z,https://www.threads.com/@uptrendtrading_/post/DXGINVGmOwC,IHSG,2026-05-05T11:34:48.728410
_______zp_________,"I know u..kita pernah ketm di TA tahun 2023 seminar MY , Omben dan ngbrl sebentar...masuk ke threads juga suhu ini😂
_______zp_________",2026-04-16T00:54:56.000Z,https://www.threads.com/@_______zp_________/post/DXLFUwHD1ps,IHSG,2026-05-05T11:34:48.916490
lin_yuni92,Hi! Sayangnya aku udah ga scalping lagi karena balik real world! ✌️ how’s trading lyfe? Makin seru ya IHSG semenjak ada konglo!,2026-04-16T02:55:22.000Z,https://www.threads.com/@lin_yuni92/post/DXLTG5fEbyY,IHSG,2026-05-05T11:34:49.059783
happytrader.co,"Tau gitu, Tau gitu, Tau gitu
Sampai kebawa kedalam mimpi ga tuh wkwk
Kebayang ritel yang panic sell dan nunggu IHSG turun sampai 6000....
padahal perang sudah mau selesai 😅",2026-03-31T13:24:10.000Z,https://www.threads.com/@happytrader.co/post/DWjOWW9lJTS,IHSG,2026-05-05T11:34:49.217352
panji_64,"Emang kalo itu semua sekarang aman, kedepannya bakal aman? Dulu2 yg bapak sebutkan juga aman kan? Sekarang? Dan investor kabur itu investor apa? Jepang pun sekarang kerja sama dengan kita.. IHSG jatuh pun bukan sekali dua kali.. Toh ujung2nya menguat lagi ketika dunia pulih..
Bapak yg bilang jangan liat sekarang, liat ke depan.. Lah yg bapak sebutkan itu bapak liat sekarang.. 😅",2026-04-09T02:03:28.000Z,https://www.threads.com/@panji_64/post/DW5LmmnCQoB,IHSG,2026-05-05T11:34:49.361885
b3n4ndr4,Km cek chart ihsg ya ihsg itu mulai bergerak jatuh sejak prabowo dilantik tgl 20 oktober. Cek aja! Artinya investor tdk percaya negara ini arahnya akan bener dgn program2 pemerintah barunya yg buruk,2026-04-09T02:43:20.000Z,https://www.threads.com/@b3n4ndr4/post/DW5QKkUj0Ar,IHSG,2026-05-05T11:34:49.492936
dithadamayy,"Semua sosmed pada bahas saham, porto, anjloknya ihsg jujur ga ngerti, tapi mau ngerti😭 .. udah download bibit, udh diajarin suami garis besarnya main saham or sejenisnya, tetep gak mudeng. As newbie, harus mulai darimana ya ges? mau ikut kelas investasi gitu untuk pemula worth it gaksi? ada socmed yang bisa buat belajar mandiri untuk pemula gaksi? hahaha biar ngurus bocil dirumah ada faedahnya🫣😂😂",2026-01-28T10:21:23.000Z,https://www.threads.com/@dithadamayy/post/DUDQJVmj2jj,IHSG,2026-05-05T11:34:49.609976
jurnaltrader.id,"Nah kamu masuk golongan yg mana???
Tapi ada juga yg udah masuk full porto.
Ada yg bilang mau tunggu turun dulu di 7,300-an.
Ada yg bilang mulai masuk wave 2.
Sebagian bilang udah bottoming. Ada pattern triple bottom.
IHSG naik banyak ya?
Chart nya kaya gitu Bestie.
Menurutmu aman ga tuh?",2026-04-20T06:11:34.000Z,https://www.threads.com/@jurnaltrader.id/post/DXV8vVRklK7,IHSG,2026-05-05T11:34:49.821257
gdnandawrtyn,"Ada yg ikut? Atau malah ragu 🫡
Disaat IHSG nyentuh 6900 dan menutup gapnya, watchlist yg gua kasih oagi tadi ada yang sentuh ARA dan juga ada yg kuat hijau.",2026-04-30T05:01:49.000Z,https://www.threads.com/@gdnandawrtyn/post/DXvktPVmZxM,IHSG,2026-05-05T11:34:53.451173
insinyur.saham,"Secara teori sudah terjadi titik balik. Per kemrin. Hal ini ditandai degan close gap up. Dan posisi sudah diarea over sold. BB % bottomnya secara historis. Semoga kedepan lflownya benar benar konsisten, selected emiten tetap dengan yang flow ++saja dahulu...
Saat ihsg akan titik balik,saya baru bisa memproyeksi paling Tidka 1 hari setelahnya. Karena memerlukan data dan pengecekan rotasi.. hal ini pun diprogeknya hanya untuk satu siklus time frame saja.
Namun ada yg bisa memproyeksi sampai dengan 2027. Penasaran ilmu chart seperti apa yang dipakai...",2026-04-08T08:56:32.000Z,https://www.threads.com/@insinyur.saham/post/DW3WFJBETcr,IHSG,2026-05-05T11:34:53.739985
insinyur.saham,"Secara teori sudah terjadi titik balik. Per kemrin. Hal ini ditandai degan close gap up. Dan posisi sudah diarea over sold. BB % bottomnya secara historis. Semoga kedepan lflownya benar benar konsisten, selected emiten tetap dengan yang flow ++saja dahulu...",2026-03-18T10:28:42.000Z,https://www.threads.com/@insinyur.saham/post/DWBb7yikXkV,IHSG,2026-05-05T11:34:53.894404
defriscreamo,"*IHSG*
Struktur Candlestick Terakhir
- Terlihat downtrend jangka pendek setelah gagal bertahan di area ±7.700
- Candle merah beruntun → tekanan jual dominan
- Harga sekarang di sekitar 7.070 (area psikologis 7.000)
➡️ Ini menunjukkan market sedang fase distribusi / koreksi, bukan sekadar pullback ringan",2026-04-29T01:27:20.000Z,https://www.threads.com/@defriscreamo/post/DXsnXhEAUxX,IHSG,2026-05-05T11:34:54.016933
tastas.662,Bulan pertamaku disaham dan ancur ancuran dihantam IHSG. Ada juga kah ngerasain hal yang sama?,2026-03-16T09:24:01.000Z,https://www.threads.com/@tastas.662/post/DV8K8UCkT3a,IHSG,2026-05-05T11:34:54.152618
morningglory_idn,"Setiap kali Rupiah melemah, IHSG menguat! Aneh? Iya! Tapi datanya bilang begitu
Sore wargaa, pasti penasaran sama kabar IHSG?
Jujur, kita juga penasaran karena apa betul 'IHSG junam' tiap kali Rupiah goyang? Jadi, kita mutusin buat narik data 10 tahun terakhir dan nguji pake Multi-Regresi. Dan ternyata, hasilnya objektif: Baik Kurs IDR/USD maupun Indeks Dollar (UUP) punya hubungan Linier Positif terhadap IHSG!
morningglory_idn",2026-04-24T09:19:19.000Z,https://www.threads.com/@morningglory_idn/post/DXglZ8fmQyJ,IHSG,2026-05-05T11:34:54.341255
sahamstockidn,"Pertanyaannya:…
Walaupun menurut gw mencapai IHSG di angka 14.000 terlalu optimis, tp saya cukup yakin IHSG bisa tembus ATH lagi yg pernah dicapai di angka 9.100an di tahun ini.
Dengan latar belakang gw di bidang ekonomi, video dari Sucor Sekuritas ini menurut gw cukup menarik.",2026-04-03T06:23:53.000Z,https://www.threads.com/@sahamstockidn/post/DWqMot3EyMY,IHSG,2026-05-05T11:34:54.527319
ajiwijanarko,"Mulai dari 9 februari, kena msci dll. Hari ini ihsg turun jadi 7.129 🥹
Berharap senin back to the moon. Jika drop terpaksa merelakan profit buat CL🥹",2026-04-24T11:36:26.000Z,https://www.threads.com/@ajiwijanarko/post/DXg1GTwD4fV,IHSG,2026-05-05T11:34:54.905166
ezpada_trader,"Oke, nanti malam admin cek siapa yg pasang barang di Offer 500 tersebut.. Admin penasaran... 😅
Admin cek tadi ada sekitar 800rb lot, yg mana jika di konversi ke rupiah di harga 500 berati sekitar 40M.. 😱
Ketika yg lainya pada ikutan turun ketarik IHSG, yg satu ini malah sengaja recall-recall dengan pamer barang segitu banyaknya.. 😂",2026-04-16T05:25:55.000Z,https://www.threads.com/@ezpada_trader/post/DXLkVkYAe2j,IHSG,2026-05-05T11:34:55.077218
