username,text,timestamp,url,keyword,scraped_at
kurniawan_anas,"Pertanyaannya:
kalau nanti IHSG menuju ATH,
bakal ‘digotong’ lagi sama konglo? atau ada anomali baru yang bakal naikin IHSG?
IHSG kemarin naik, yang dorong emiten konglo.
Turun? yang ngejatuhin juga emiten konglo.
Sekarang 3 hari terakhir rebound, yang narik lagi… konglo lagi.",2026-04-11T13:08:31.000Z,https://www.threads.com/@kurniawan_anas/post/DW_hTSOEwqo,IHSG,2026-05-05T16:43:37.624840
hamzaini5604,Senyum merekah merona Holder saham BRMS.,2025-10-29T11:04:40.000Z,https://www.threads.com/@hamzaini5604/post/DQZAwxYj9iT,IHSG,2026-05-05T16:43:40.060414
mr.gincall,"List saham bukan investing tapi swing atau day trade saja. IHSG masi kurang oke untuk swing mid term
List Saham minggu depan
- ICON
- KAQI
- PSKT
- ASHA
- COAL",2026-05-01T03:52:44.000Z,https://www.threads.com/@mr.gincall/post/DXyBmGVEc9m,IHSG,2026-05-05T16:43:40.228520
leeyo.nk,"List Penyebab IHSG koreksi
1. MSCI Index
2. Moodys Rating
2. Perang AS-Iran
3. Rupiah melemah
4. Next...?",2026-04-23T08:01:23.000Z,https://www.threads.com/@leeyo.nk/post/DXd3sXZEdqU,IHSG,2026-05-05T16:43:40.399059
diki.mulijanto,"Makin sore makin junam aja ini IHSG 😅
Top net foreign sell sesi 1 hari ini juaranya dipegang oleh 2 bank BUMN kesayangan kita semua BBRI & BMRI ✌️",2026-04-23T07:21:28.000Z,https://www.threads.com/@diki.mulijanto/post/DXdzH8yEuZl,IHSG,2026-05-05T16:43:40.574159
prengky09,analisis nya kak.... IHSG apakah besok akan junam lagi,2026-04-23T07:34:15.000Z,https://www.threads.com/@prengky09/post/DXd0lk8E1Cq,IHSG,2026-05-05T16:43:40.724682
dikkaantons,"Watchlist: ADRO ENRG EMTK SCMA RAJA RATU
Flow (jangka pendek) akan kembali ke beberapa emiten “war related”, sebelum kembali lagi ke konglo stocks yg bisa bikin IHSG kembali naik dan hit target di 7.500 - 7.800 dulu.",2026-04-12T17:48:59.000Z,https://www.threads.com/@dikkaantons/post/DXCmMdhAYBt,IHSG,2026-05-05T16:43:40.916973
baypiero_,"Awal Tahun 2026 yang cukup berat untuk IHSG
Saham Konglo maupun Saham Fundamental Rungkad semua 🫠😭🔥📈
Sudah Minus brp portofolio kalian teman-teman?",2026-04-28T03:51:58.000Z,https://www.threads.com/@baypiero_/post/DXqTH3rlNh-,IHSG,2026-05-05T16:43:41.065474
diki.mulijanto,"Kenapa ya di saat IHSG naek 4,42%, asing tetap distribusi BBRI & BMRI dan masuk top 3 net foreign sell?
Sedangkan BBNI dan BBCA malah masuk top 5 net foreign buy...",2026-04-08T14:17:03.000Z,https://www.threads.com/@diki.mulijanto/post/DW36wqVEgW3,IHSG,2026-05-05T16:43:41.247530
aashrrafff,"apakah sudah nutup gap down IHSG di bulan Mei akan rally naik? mohon pencerahannya ahli nujum,pakar ekonomi hehe",2026-04-30T10:26:05.000Z,https://www.threads.com/@aashrrafff/post/DXwJ0O-kahG,IHSG,2026-05-05T16:43:41.406594
jundiabdillah,"#DYOR
Tetapi tetap ada potensi nutup gap atas dulu di area 7.870- 7.930, setelah itu koreksi kembali.
Perhatikan aja area-area ini untuk beli saham atau jual
Perhatikan harga disana, Ketika menutup gap yang di buat hari ini ataupun tidak, bisa manfaatkan beli saham-saham yang ke area retestnya, Banyak kalau kalian bisa cek perlahana saham-saham yang sering di tradingkan
$IHSG update
Hari ini IHSG buat gap lagi, kemungkinan akan ada koreksi sehat mendekati area 7.520-7.600",2026-04-14T12:40:06.000Z,https://www.threads.com/@jundiabdillah/post/DXHMb3VkyzZ,IHSG,2026-05-05T16:43:41.630679
bayumingga,"GZCO gacor,,,, IHSG merah apantu, nyawit dong... Tradeplan nya udah kemarin ya. INAI ga dikasih masuk 190, langsung 196 td 🤣🤣",2026-04-21T03:23:24.000Z,https://www.threads.com/@bayumingga/post/DXYOShxEh3m,IHSG,2026-05-05T16:43:44.589223
flonoviadinda,"Rada menyesal karena di tahun 2022-2023 potensi gainnya hampir 100%, tapi karena tujuannya jangka panjang, yaudah kubiarin aja. Lah makin ke sini kok makin minus. Mana sentimen marketnya lagi jelek. Yaudah lah. Mending loss dikit daripada makin nyesek.
Keputusan besar in this economy adalah jual semua aset sahamku. Udah ga tahan liat minusnya yg sampe 30% dan ga ada harapan lagi buat kembali hijau dalam waktu dekat 🥲 Dollar aja udah nembus Rp 17.100.",2026-04-07T13:51:30.000Z,https://www.threads.com/@flonoviadinda/post/DW1TCrfgfbq,IHSG,2026-05-05T16:43:44.766569
susanasrihandayani,"Teryata setelah di amati IHSG itu ada siklusnya tiap tahun misalnya :
2022 komodity
2023 konsumer dan property
2024 Gold dan perbankan
2025 konglo
susanasrihandayani",2026-04-08T01:56:47.000Z,https://www.threads.com/@susanasrihandayani/post/DW2mCvJCahW,IHSG,2026-05-05T16:43:44.921295
diki.mulijanto,"Tau2 uda minus 2% aja ini IHSG,
Tenang man teman jangan panik ini cuma ""KOREKSI SEHAT""
Kalau GA SEHAT panggilkan dokter 😅",2026-04-23T08:08:33.000Z,https://www.threads.com/@diki.mulijanto/post/DXd4gxjEupa,IHSG,2026-05-05T16:43:45.074884
putrynoviana,"Setelah istirahat jam makan siang, bagaimana prediksi IHSG?",2026-04-27T05:24:24.000Z,https://www.threads.com/@putrynoviana/post/DXn46A5k2E7,IHSG,2026-05-05T16:43:45.273961
fangdessy,"Ternyata level 7200 masih terlalu sakral bagi IHSG untuk dilewati 🥴🤧
1. Pidato Trump
2. Data HSC yang akan di rilis oleh BEI
Dua faktor yang menyebabkan pelemahan IHSG hari ini.",2026-04-02T09:30:18.000Z,https://www.threads.com/@fangdessy/post/DWn9LJPk4m6,IHSG,2026-05-05T16:43:45.764921
raahady_,"Letsgo bottom IHSG 🚀🚀
Bottom IHSG tahun lalu tgl 8 april dan hari ini pas banget umumin mau gencatan senjata dan juga hasil dari ftse lumayan bagus karena kita masih berada di frontier market.",2026-04-08T00:33:08.000Z,https://www.threads.com/@raahady_/post/DW2ceFekqgp,IHSG,2026-05-05T16:43:45.932971
meizerofficial,"IHSG udah bottom bgt ini, tunggu nutup gap setelah itu 🚀",2026-04-23T05:00:31.000Z,https://www.threads.com/@meizerofficial/post/DXdi_keGfVA,IHSG,2026-05-05T16:43:46.108211
kurniawan_anas,"Kalau lu ngalamin fase ini,
apa pelajaran paling mahal yang lu dapet?
Waktu IHSG di 9000 semua orang pede
Pas turun ke 6900, baru keliatan siapa yang kuat",2026-04-11T12:56:20.000Z,https://www.threads.com/@kurniawan_anas/post/DW_f6Crkx7E,IHSG,2026-05-05T16:43:46.266307
happytrader.co,"Apa yang akan terjadi dengan IHSG ? 🧐
Dag Dig Dug seeeer 🤯
Nanti malem Trump,
Besok pagi FTSE ...",2026-04-07T10:23:34.000Z,https://www.threads.com/@happytrader.co/post/DW07PtzFFhB,IHSG,2026-05-05T16:43:46.463888
tania.yunitaa,"IHSG bakal ke 6.800 an dan mungkin bakal mulai rebound di bulan mei
Semoga saya salah😭",2026-03-12T10:27:06.000Z,https://www.threads.com/@tania.yunitaa/post/DVx--zZkwRK,IHSG,2026-05-05T16:43:46.622408
thepitchbull,"Atau ngobrolin bola kuyy, gw hobi juga.
Ask me anything about stocks / market.
Siapa gw?
• Trader saham sejak 2013, mayoritas saham Indo dan sedikit US
• Finance background. 8 tahun lebih berkarir di pasar modal sebagai analyst
Akun ini gw bikin buat sharing ilmu dan info seputar saham.",2026-04-12T13:40:37.000Z,https://www.threads.com/@thepitchbull/post/DXCJxVrmuW8,IHSG,2026-05-05T16:43:46.853392
jonathanewaldo,Menunggu investor or ahli saham baru yang akan muncul ketika ihsg lagi ijo gini💆🏻‍♂️,2026-04-15T02:08:44.000Z,https://www.threads.com/@jonathanewaldo/post/DXIo-YEkrDe,IHSG,2026-05-05T16:43:46.998091
bayumingga,Ingat kejadian RCLO suspend ke 2 dimana IHSG anjlok Yap ini kejadian saat WBSA suspend ke 2 😆😆,2026-04-24T08:21:52.000Z,https://www.threads.com/@bayumingga/post/DXge1NkEmyf,IHSG,2026-05-05T16:43:47.158684
danangdm_,senin besok menurut kalian IHSG akan ke arah mana ?,2026-04-26T07:37:29.000Z,https://www.threads.com/@danangdm_/post/DXljV5jD6q4,IHSG,2026-05-05T16:43:47.323749
widipardiyawan,"IHSG hari ini (23/4/2026) ditutup melemah -2,16% di level 7.378. Dari 820 saham, 505 turun, 192 naik, 123 stagnan. Transaksi harian Rp20,5 triliun. Secara teknikal, IHSG sekarang di bawah semua garis EMA utama. Artinya kalau naik pun kemungkinan cuma mantul sementara, bukan balik arah.",2026-04-23T14:48:05.000Z,https://www.threads.com/@widipardiyawan/post/DXemPF3lPry,IHSG,2026-05-05T16:43:47.484376
happytrader.co,"Disclaimer on
MSCI seperti make it sure untuk tidak ""dikadalin"" lagi,
MSCI: Dont play me again or ill destroy IHSG.
Ada sebuah indikasi/sinyal positif dengan adanya ""penundaan"", yang saya artikan seperti tambahan waktu untuk Indonesia berbenah.
BEI & OJK fight habis habisan untuk benerin case ini,
Untuk tetep bisa keep up.
In my opinion terkait berita MSCI yang barusan keluar,",2026-04-21T00:56:11.000Z,https://www.threads.com/@happytrader.co/post/DXX9cRgkzlm,IHSG,2026-05-05T16:43:47.719770
pandhuadjisurya,"Mari kita lihat dari chart saja.
Pertanyaannya:
Ini awal bullish?
Atau cuma dead cat bounce / bull trap?
IHSG kemarin ditutup +4.42% ke 7.279.Kenaikan besar. Naik hampir seharian. Close di dekat high.
Kemana arah IHSG hari ini?",2026-04-08T23:39:38.000Z,https://www.threads.com/@pandhuadjisurya/post/DW47JJiE6VV,IHSG,2026-05-05T16:43:47.938390
pututrisna27,"Kokk pada pusing IHSG turun, kan ini momen untuk serok dan ini bukan kali pertama terjadi scr historis teknikal selalu rebound. Ini pentingnya perkuat sektor rill agar tidak berdampak signifikan ke ekonomi sendiri.",2026-04-25T09:48:31.000Z,https://www.threads.com/@pututrisna27/post/DXjNitxlAln,IHSG,2026-05-05T16:43:48.108969
jurnaltrader.id,"Titik krusial IHSG hari ini di 7,575.",2026-04-20T08:28:03.000Z,https://www.threads.com/@jurnaltrader.id/post/DXWMXEXEneD,IHSG,2026-05-05T16:43:48.273045
viviverlisya,"Anggaran MBG gak boleh di cut tetep yak 😋
Rupiah terlemah sepanjang sejarah, IHSG breakdown, APBN defisit",2026-04-24T03:28:00.000Z,https://www.threads.com/@viviverlisya/post/DXf9M1Rkpv5,IHSG,2026-05-05T16:43:48.476311
widipardiyawan,"Konteks lebih luas kenapa IHSG terus tertekan. Fitch sudah turunkan outlook sovereign Indonesia ke negatif sejak Maret 2026 karena ketidakpastian kebijakan dan kekhawatiran fiskal. Moody's bahkan lebih dulu melakukan hal serupa di Februari 2026. Sekarang Fitch lanjut turunkan outlook empat bank besar. Kalau sovereign rating benar-benar di-downgrade, keempat bank otomatis ikut turun.",2026-04-24T09:52:20.000Z,https://www.threads.com/@widipardiyawan/post/DXgpL1QlADZ,IHSG,2026-05-05T16:43:51.420444
fitpost.id,"Pergerakan IHSG kembali menunjukkan tekanan kuat setelah gagal bertahan di level psikologis 7.000. Sempat dibuka menguat di 7.103, indeks langsung berbalik arah dan turun hingga ke area 6.990, menandakan tekanan jual yang cukup dominan di pasar. Aktivitas transaksi memang tinggi dengan nilai mencapai Rp1,53 triliun, namun mayoritas didorong oleh aksi jual, terutama dari investor asing yang masih mencatatkan net sell.
Masih Aman atau Siap Lanjut Turun?",2026-04-30T05:01:54.000Z,https://www.threads.com/@fitpost.id/post/DXvkt1JiYpa,IHSG,2026-05-05T16:43:51.594507
baypiero_,"Banyak saham yang menarik tapi IHSG lagi tidak menarik, untuk aliran swing seperti saya saat kondisi market seperti sekarang hanya bisa bersabar menunggu momentum 🫠🤧😵‍💫",2026-04-28T16:09:06.000Z,https://www.threads.com/@baypiero_/post/DXrneyUFG1T,IHSG,2026-05-05T16:43:51.753683
tsaqibputra,Menurut abang IHSG akan merah sampai kapan?,2026-04-28T16:13:59.000Z,https://www.threads.com/@tsaqibputra/post/DXroCkfk1ed,IHSG,2026-05-05T16:43:51.906168
aryan_danil,"Tapi hampir semua orang selalu bocor lewat pola.
Karena tidak semua orang akan menunjukkan dirinya lewat kata-kata.
Salah satu skill paling mahal dalam hidup adalah pandai MEMBACA orang.",2026-04-07T16:02:16.000Z,https://www.threads.com/@aryan_danil/post/DW1iAZ4D3n8,IHSG,2026-05-05T16:43:52.102750
susanasrihandayani,"Membaca orang sudah biasa
Membaca IHSG itu masih challanging
susanasrihandayani",2026-04-08T02:46:18.000Z,https://www.threads.com/@susanasrihandayani/post/DW2rtaGCfkH,IHSG,2026-05-05T16:43:52.246934
diki.mulijanto,"IHSG digendong Papi PP lagi 🚀
Selamat untuk holder Papi PP
Salam cuan 🤑",2026-04-13T05:19:08.000Z,https://www.threads.com/@diki.mulijanto/post/DXD1LOHkius,IHSG,2026-05-05T16:43:52.409264
crisliung,IHSG udh berhasil breakout dari downtrend nya dengan volume besar. Saatnya masuk atau tunggu koreksi?,2026-04-14T09:50:19.000Z,https://www.threads.com/@crisliung/post/DXG5AU5kSco,IHSG,2026-05-05T16:43:52.601337
widipardiyawan,"IHSG Jumat 24 April 2026 anjlok 3,30% ke level 7.134. Dari total saham yang diperdagangkan, 625 saham melemah, hanya 94 yang menguat, dan 95 stagnan. Seluruh sektor saham memerah tanpa terkecuali. Saham-saham big caps berguguran, AMMN turun 6,6%, BBCA turun 5,8%, BREN turun 4,3%, TLKM turun 3,5%. Tiga sektor jadi beban terbesar yaitu energi, finansial, dan basic material.",2026-04-24T09:50:31.000Z,https://www.threads.com/@widipardiyawan/post/DXgo-iKlHHc,IHSG,2026-05-05T16:43:52.768408
priceaction.id,"Belum ada tanda reversal di IHSG.
Aku bukan spekulan, jadi lebih milih full cash, wait and see, menunggu makro membaik dan juga kabar FTSE & MSCI.",2026-04-06T13:57:40.000Z,https://www.threads.com/@priceaction.id/post/DWyu8_mDywB,IHSG,2026-05-05T16:43:52.927966
bewithayu,"- 22 Mei 2026 (FTSE Semi-Annual Review)
Penentuan perubahan komposisi saham Indonesia dalam indeks global untuk implementasi Juni.
- 12 Mei 2026 (MSCI Review)
Momentum paling dinanti karena keputusan MSCI sebelumnya sempat menekan IHSG.
- 7 April 2026 (FTSE Russell Review)
Penentuan klasifikasi Indonesia, apakah tetap di kategori Emerging Market atau berisiko turun ke Frontier Market.
*3 Tanggal Penting yang Perlu Kamu Perhatikan*",2026-04-01T14:22:55.000Z,https://www.threads.com/@bewithayu/post/DWl53edEskY,IHSG,2026-05-05T16:43:53.401073
aditia.permana_,akankah minggu depan IHSG akan golden cross ke area 7800-8000?,2026-04-11T17:46:46.000Z,https://www.threads.com/@aditia.permana_/post/DXABJPZDwrC,IHSG,2026-05-05T16:43:53.677217
di_alur_rasa,"Siapa yang simpan uang di bibit?
Ngerasa ga, performa reksadana pasar uang lagi ga bagus? Padahal ihsg mau nyentuh 9000.
Modal lumayan banyak masa returnnya cuma 100ribuan.
Apa yang salah ya? Bantu insight dong suhu.",2026-01-09T14:46:32.000Z,https://www.threads.com/@di_alur_rasa/post/DTSzYs5khmG,IHSG,2026-05-05T16:43:55.268019
hanif_zuu,"IHSG (indeks saham indo) hari ini anjlok parah karena MSCI (lembaga asing) menganggap pasar saham indo tidak kredibel, banyak manipulasi.
So lengkap sudah prestasi kita :
• IHSG anjlok
• Rupiah melemah sepanjang masa
• APBN defisit
• Utang meroket
• Bencana dimana2",2026-01-28T08:12:33.000Z,https://www.threads.com/@hanif_zuu/post/DUDBZwkgW9N,IHSG,2026-05-05T16:43:55.440613
isodulll,"IHSG anjok sampai 7000an
Pada yakin bisa balik ATH gak?",2026-04-23T01:15:10.000Z,https://www.threads.com/@isodulll/post/DXdJNJ8D09y,IHSG,2026-05-05T16:43:58.137023
muhbadruzaman,"Sabar ya tel
Telah terjadi pembegalan tragis kemarin.
Alhamdulillah gua bisa lolos karna tidak greedy.
dan sudah pasti ada yang menjadi Avatar The Legend of IHSG ""the last WMUU buyer"" 🥲",2026-04-17T23:43:17.000Z,https://www.threads.com/@muhbadruzaman/post/DXQGtzCkz_o,IHSG,2026-05-05T16:43:58.332559
ekjlifestory,"Jgn terus jadi penonton. 🦅
Kalo besok merah, dua hari lg merah, siapkan posisi. Masuk cicil. Minggu depan dikasih hijau? Ya TEPE TEPE TEPE. 🍕🍺
BUSET!!! IHSG naik 3%? Nikmati! 🍺
Jgn lupa TEPE TEPE TEPE.",2026-04-08T05:56:01.000Z,https://www.threads.com/@ekjlifestory/post/DW3Ba7JGXvx,IHSG,2026-05-05T16:43:58.523609
indahade,"Kali ini gk kecele, menunggu 2jam lg market dibuka. Morning semua, ☕️ yukkk
Gmn IHSG hari ini? Apa lanjut naik? Kmrn sempat TP yg bisa di jual, jd ada pegangan cash utk jaga2 kl dibawa turun lagi. Lumayan FL sudah berkurang jd 5,66%. Yg masih prihatin bbri 👀. Gpplah menunggu uang duka buat nambah lot & avg down",2026-04-09T01:11:32.000Z,https://www.threads.com/@indahade/post/DW5FqSbkx-p,IHSG,2026-05-05T16:43:58.677661
jurnaltrader.id,"Coba terjemahkan dengan bahasa teknikal kerenmu... ☺
Ini chart IHSG pagi ini.
Katanya sebuah gambar lebih berarti dari sejuta kata.",2026-04-23T03:43:17.000Z,https://www.threads.com/@jurnaltrader.id/post/DXdaJ7HEqjn,IHSG,2026-05-05T16:43:58.837707
thepitchbull,"💡Ada 2 faktor yg lo perlu tau…
IHSG masih bisa tutup ijo hari ini padahal ada bad news gagalnya deal AS-Iran.",2026-04-13T11:10:25.000Z,https://www.threads.com/@thepitchbull/post/DXEdYFbGiaK,IHSG,2026-05-05T16:43:59.005289
imamyogaaa,"UPDATE: 📈 FTSE Index belum ada update. Mau ihsg di emerging / freeze tetap optimis, bukti kita masih bisa cuan dari modul screener ultimate & analisis teknikal.",2026-04-07T00:24:27.000Z,https://www.threads.com/@imamyogaaa/post/DWz2rspk6fv,IHSG,2026-05-05T16:43:59.156887
indahade,"Yuklaah IHSG udahan donk dropnya 🙄 & td nambah bbca di 5825, dan skrg mulai naik 😌
Adro kuat euy 👏👏, habis cumdate drop dikit & lanjut naik sesi ke 2",2026-04-30T07:35:55.000Z,https://www.threads.com/@indahade/post/DXv2V4RlO9p,IHSG,2026-05-05T16:43:59.308980
pandhuadjisurya,"Artinya, selama market belum rusak total, area bawah justru mulai mendekati zona average value.
Kalau mau lebih jujur, VWAP BIPI ada di sekitar ~211.
Jika asumsi bahwa IHSG sedang mencari bottom untuk menutup gap adalah benar, maka area sekarang menarik untuk diperhatikan.
Holder BIPI tentu paham, emiten ini cukup sering bergerak mengikuti arah index.
Opini pribadi. DYOR.",2026-04-26T22:17:20.000Z,https://www.threads.com/@pandhuadjisurya/post/DXnICFGEx33,IHSG,2026-05-05T16:43:59.539712
uptrendtrading_,"Secara teknikal, IHSG sekarang mengarah ke area 6965–7000 & 6855–6910 untuk retest sekaligus validasi bullish divergence sebelumnya. Kalau area ini nggak kuat, potensi lanjut turun ke 6590–6675 (lower trendline falling wedge).
2 hari terakhir, IHSG turun dengan bearish marubozu, bahkan 2 demand area langsung ditembus. Buat trader baru, ini biasanya momen paling bikin bingung: cutloss atau tahan?
IHSG lagi merah tajam—dan banyak yang panik jual di bawah. Kamu juga?",2026-04-27T06:08:49.000Z,https://www.threads.com/@uptrendtrading_/post/DXn9_YYEe1G,IHSG,2026-05-05T16:43:59.939186
anxietyyismee,"Ada dua kemungkinan yang kedua adalah terjun ke 6700 tempat terakhir turun Juni 2025 lalu naik signifikan sampai 9000, apakah akan ter-ulang?, Double Bottom bulanan Maret - April pada IHSG gagal breakout walaupun dalam ilmu double bottom setelah naik sedikit akan ada koreksi sehat sedikit juga setelah itu dan lanjut naik signifikan, tapi untuk IHSG kali ini tidak. Semoga membaik ya dengan adanya Double Bottom baru di 6900, DYOR koreksi jika salah.",2026-04-25T14:00:59.000Z,https://www.threads.com/@anxietyyismee/post/DXjqb6tCskS,IHSG,2026-05-05T16:44:00.129384
etarina1701,"Kondisi IHSG hari ini kyaknya bikin aku makin yakin, klo saham Indonesia gak bisa buat investasi disimpan lebih dari 1- 2thn. Paling cocok buat swing trading, atau scalping. Kalau mau invest sistem nabung, mending invest ke saham US. Bener gak para expert saham?
Stress bgt pengen bisa sukses di saham, gmn sih cara dpt info saham mau big IPO? Soalnya saham2 IPO ini kebanyakan aku masuk telat pas sdh pada terbang. 🥺",2026-04-24T05:12:32.000Z,https://www.threads.com/@etarina1701/post/DXgJKhEEfDF,IHSG,2026-05-05T16:44:00.326074
widipardiyawan,"BEI resmi merombak kriteria indeks LQ45, IDX30, dan IDX80 per 21 April 2026, berlaku efektif hari bursa pertama Mei 2026. Ini respons langsung terhadap keputusan MSCI yang mempertahankan pembatasan terhadap saham Indonesia. Langkah BEI sangat cepat, hanya sehari setelah pengumuman MSCI.",2026-04-24T00:21:25.000Z,https://www.threads.com/@widipardiyawan/post/DXfn2Q2k8rN,IHSG,2026-05-05T16:44:00.484169
susanasrihandayani,"Happy week end
Liburan dulu kita
Di tutup dengan penahan IHSG hr ini nggak sampe roboh dalam
BUMI
ADRO
AADI
ITMG
PGAS
INCO
MINA
ANTM
ARCI
Untung pemegang2 saham2 ini bukan yang panikan cutloss .
susanasrihandayani",2026-04-30T10:01:27.000Z,https://www.threads.com/@susanasrihandayani/post/DXwG_2SCZaL,IHSG,2026-05-05T16:44:00.675221
diki.mulijanto,"Siang ini IHSG merah lagi dengan penurunan 0,51% ke harga 7.585, dikala bursa Asia lainnya banyak yg hijau,
Feelingmology sesi 2 bakal rebound krn sudah banyak yg TP dr kemarin
Semoga ya... 😂",2026-04-16T04:53:17.000Z,https://www.threads.com/@diki.mulijanto/post/DXLgme4ErC2,IHSG,2026-05-05T16:44:00.844294
usamah_27,"setelah sekian lama akhirnya ihsg kembali menghijau dan sampe 3%an, katanya gara” gencatan senjata as-iran, dan itu berdampak positif bagi saham kita, nah skrg gua bingung apakah ihsg udah mulai turnaround atau ini cuma sementara aja?, dan saham gua itu blom kejemput setelah kenaikan hari ini, so better gua cutloss aja atau hold dulu aja ya?🥲🙏",2026-04-08T06:43:45.000Z,https://www.threads.com/@usamah_27/post/DW3G4ncE5B0,IHSG,2026-05-05T16:44:01.004879
papaganbaa,"mari berdiskusi, setelah news Iran dan US yg gagal sepakat pada pertemuanya, kemana arah IHSG? jika dilihat dari teknikalnya, saat IHSG rebound kemarin membuat dua gap di sekitar 7000-7100 dan gap kecil 7300-7350, akan kh minggu depan akan menguji level suport disekitar 6900 atau hanya akan menutup gap saja?",2026-04-12T05:01:07.000Z,https://www.threads.com/@papaganbaa/post/DXBOUXuEjCW,IHSG,2026-05-05T16:44:01.162933
indonesia_info__,"Sementara itu,
BGN beli 25.000 sepeda listrik senilai 49 juta per motor, atau total 1,22 T
- Rupiah melemah di 17.063 per 1 USD
- IHSG anjlok di 6.971
- Tabungan pemerintah di BI tersisa 120T
Update negara kecintaan kita hari ini:
indonesia_info__",2026-04-07T18:06:21.000Z,https://www.threads.com/@indonesia_info__/post/DW1wNMrgTI9,IHSG,2026-05-05T16:44:04.105253
mang.amsi,IHSG NAIK HARI INI… TAPI YANG SUDAH TERLANJUR JUAL BAGAIMANA?,2026-04-08T11:08:27.000Z,https://www.threads.com/@mang.amsi/post/DW3lLR9ESLv,IHSG,2026-05-05T16:44:04.565047
nabhi.marhaen,"Udah gak paham lagi....
Sementara itu,
BGN beli 25.000 sepeda listrik senilai 49 juta per motor, atau 1,22 T in total.
- kurs rupiah: 17.070 per dollar
- IHSG minus 24% selama Q1
- harga barang udah mulai pada naik
- investor pada cabut
- Tabungan pemerintah di BI tersisa 120T",2026-04-07T15:34:10.000Z,https://www.threads.com/@nabhi.marhaen/post/DW1eypNEd8u,IHSG,2026-05-05T16:44:05.046466
rellparkerr,"$MINA akan ekspansi cold storage baru di bitung. kapasitas tambah 5.000 ton
ARA KAN NDAR🚀
pantes ihsg junam dia kuat ya HAHAAHA
tinggal ngopi aja tunggu ke 600
liat broksum ES top buyer gengs",2026-04-30T13:15:51.000Z,https://www.threads.com/@rellparkerr/post/DXwdPnNkjGP,IHSG,2026-05-05T16:44:05.228842
neliminja,"Yuk rebound yuk 🥹
Gap udah tertutup, tp buangan msh deres.
Losdol IHSG ga ada yg nahan.. Big banks merah, Konglo pun sama 🤦‍♀️",2026-04-30T03:48:30.000Z,https://www.threads.com/@neliminja/post/DXvcUTAGaBW,IHSG,2026-05-05T16:44:05.410497
buildportosaham,"Kasih hiburan meme ihsg hari ini dong, biar kita ga gila sendirian..",2026-01-28T05:29:36.000Z,https://www.threads.com/@buildportosaham/post/DUCuwQNEWMB,IHSG,2026-05-05T16:44:05.573075
shafeeyeah,Kenapa ya BEI ini ikutan libur pas kita libur? IHSG jd bursa yang paling banyak libur di dunia deh kayanya,2026-04-30T23:20:04.000Z,https://www.threads.com/@shafeeyeah/post/DXxiZHpE3Yg,IHSG,2026-05-05T16:44:05.725604
bayuwij_,The best decision I ever made: mindahin aset dari IDX ke saham US. Kalau IHSG lagi turun terus ada yang tanya porto aman? Gue senyum aja 🤭,2026-04-24T10:22:40.000Z,https://www.threads.com/@bayuwij_/post/DXgsp__Gu9p,IHSG,2026-05-05T16:44:06.460187
gugusharin,"Ada analis yg bilang kalau pertengahan bulan Mei bahkan IHSG bisa menyentuh 6.500, kalau saya lumayan percaya ya. Kalian gmna?",2026-04-24T08:04:38.000Z,https://www.threads.com/@gugusharin/post/DXgc2_MAb_c,IHSG,2026-05-05T16:44:06.683930
jagosahamindonesia,"Ini bukan sekadar berita, ini soal trust global.
MSCI masih “nahan” Indonesia di review Mei 2026… tapi BEI bilang ada progres 👀
IHSG pernah jatuh 7% dalam sehari gara-gara satu isu.
Sekarang, ceritanya belum selesai.
jagosahamindonesia",2026-04-21T04:55:18.000Z,https://www.threads.com/@jagosahamindonesia/post/DXYYzqViQ8t,IHSG,2026-05-05T16:44:06.876052
itsrimaas,"WnS Akankah mampu melawan IHSG yg lg merah? Ini hanya coba-coba scalping, please jangan dibully ""duit imut gitu aja sok-sok.an beli saham"" 🙏🏻 Soalnya siapa tahu dari imut gini tiap hari bisa buat beli kopi supaya ga ngantuk dikantor😁",2026-04-21T06:17:31.000Z,https://www.threads.com/@itsrimaas/post/DXYiN04lFcA,IHSG,2026-05-05T16:44:07.047627
viviverlisya,"Whats next?
setelah beberapa hari stagnan, IHSG breakdown 7500.",2026-04-23T03:12:32.000Z,https://www.threads.com/@viviverlisya/post/DXdWorfEgC4,IHSG,2026-05-05T16:44:07.262425
happytrader.co,"Sebenernya hari ini sudah keliatan...
YTTA 😜
Besok ada review FTSE...
Klo review nya positif, IHSG meroket 🚀
Klo review nya negatif, IHSG ancur 🤯",2026-04-06T05:36:57.000Z,https://www.threads.com/@happytrader.co/post/DWx1ph_FH4Z,IHSG,2026-05-05T16:44:07.461633
jurnaltrader.id,"Yg penting kan semua sama intinya. Bahwa bursa saham kita sedang tidak baik2 saja. Jadi tetap waspada dan hati - hati. Masa depan, kita tidak mengerti. Yg penting selalu minum tolak angin.
Mau all in krn sudah bottoming, silahkan.
Mau skeptis krn dollar naik banyak juga bebas.
Hari ini ditutup merah merona di 6,956.
Sudah masuk area support 6,954.
IHSG closing market hari ini.
Akhir bulan, tanggal 30 April 2026.",2026-04-30T09:41:14.000Z,https://www.threads.com/@jurnaltrader.id/post/DXwErzbE5AY,IHSG,2026-05-05T16:44:07.683385
theferdians,"Ya 5000 pun belum tentu kejadian, ujung-ujungnya market kok yang bener, chill aja ya gaes 😆
Inget ga after market open setelah lebaran, pada euforia IHSG +2.75%?
Abis itu, kumulatif hampir -5% sampai kemarin.
kocak amat sih pada marah-marah sampai berkata kasar dibilangin IHSG ((BISA)) ke 5000 🤣",2026-04-08T15:19:42.000Z,https://www.threads.com/@theferdians/post/DW4B7jjFAV-,IHSG,2026-05-05T16:44:07.879053
jagosahamindonesia,"Di tengah rupiah yang nyaris Rp17.200 dan sentimen global yang masih abu-abu asing milih keluar dari big cap, tapi masuk ke komoditas & packaging.
Ini rotasi defensif.
Tapi ada yang diam-diam diborong asing:
🟢 CUAN +76M saham
🟢 PACK +76M saham
🟢 BRMS +42M saham
Asing paling agresif jual:
🔴 BUMI -246M saham
🔴 BNBR -161M saham
🔴 GOTO -91M saham
🔴 BBCA -22M saham
🔴 BBRI -22M saham
Artinya?
Lokal yang nahan indeks biar nggak ambles.
Asing jual Rp453 miliar di sesi 1 hari ini. IHSG tetap +0,20%.
jagosahamindonesia",2026-04-17T06:55:32.000Z,https://www.threads.com/@jagosahamindonesia/post/DXOTYwkifPj,IHSG,2026-05-05T16:44:10.704905
priceaction.id,"Market kek gini tuh mendingan stay away dari saham.
Belajar lagi, perbaiki plan, perbaiki emosi biar next gak gampang fomo atau cuma ikut beli karena ada yang posting.
Belajar market luar negeri juga, peluang tu gak cuma di IHSG.
Gw sendiri trader, bukan spekulan.
Gw entry penuh perhitungan, analisa makro - sektoral - teknikal.
Gak asal entry krn sinyal grup..",2026-04-30T04:55:56.000Z,https://www.threads.com/@priceaction.id/post/DXvkCOaDhwF,IHSG,2026-05-05T16:44:10.896674
nabung.dividen,"Pertama, potensi pertumbuhannya menurut saya terbatas sesuai pertumbuhan ekonomi. Sebetulnya justru itu keunggulan perbankan, yaitu growthnya jelas dan dpt diukur. Yg suka emiten yang aman dan jelas akan suka sektor ini.
Sekalian bahas kenapa saya ga pegang perbankan krn banyak yg nanya.
Kinerja portofolio per hari ini +73,71%, sedikit lagi akan balik ke all time high di 76,39%. Kalau IHSG kembali ke all time high, mungkin portofolio ini bisa bagger? 😆",2026-04-22T13:37:01.000Z,https://www.threads.com/@nabung.dividen/post/DXb5TwgAagk,IHSG,2026-05-05T16:44:11.108417
gunawandy,"Selat Hormuz Dibuka Penuh Selama Gencatan Senjata, Apa Efeknya Untuk IHSG Senin? 😏",2026-04-17T13:44:54.000Z,https://www.threads.com/@gunawandy/post/DXPCPAPlNkV,IHSG,2026-05-05T16:44:11.287126
aldieysh,"#fyp #saham #tradingsaham #ihsg #bursasaham
Hayo siapa yang BSJP ini wkwk gw pilih APLN",2026-04-29T12:37:22.000Z,https://www.threads.com/@aldieysh/post/DXt0Cu0koY7,IHSG,2026-05-05T16:44:11.448972
happytrader.co,"Sucor Sekuritas says: ""IHSG 14.000 🚀""
Botuna botuna,
semoga segera bertemua sang pencipta...
Tenang di neraka 🥲
Jujur niii, udah berasa liat postingan cewek galau bjir..
Ngancem ngancem di sosmed 😅
Setelah ngancem 48 jam....
sekarang sisa 24 jam kah ?",2026-04-04T23:54:41.000Z,https://www.threads.com/@happytrader.co/post/DWupr7BE1Si,IHSG,2026-05-05T16:44:11.650575
heyblueees,"IHSG hari ini ijo tipis, alhamdulillah saham gorengan kejual semua",2026-04-10T02:43:14.000Z,https://www.threads.com/@heyblueees/post/DW708tdEQpw,IHSG,2026-05-05T16:44:11.793955
lianmaulian,"IHSG setelah menutup gap terakhir lalu sideways, ada kabar apa kira-kira yg ditunggu?",2026-04-22T08:54:02.000Z,https://www.threads.com/@lianmaulian/post/DXbY7GrFBi8,IHSG,2026-05-05T16:44:11.934479
galuhyudha,"untuk sementara, saham-saham bank layak untuk dihindari. makanya gua udah gak tertarik lagi bagi dividend dari beberapa saham bank. kemarin IHSG anjlok cukup parah dipengaruhi oleh saham-saham konglo dan big banks yang mayoritas merah 🙈",2026-04-25T00:22:06.000Z,https://www.threads.com/@galuhyudha/post/DXiMuK2k4fn,IHSG,2026-05-05T16:44:12.106057
09_bangal,"#ihsg #saham #09_bangal #analisabangal09 #ihsgupdate
IHSG kemarin sorei ditutup di 7106, sesuai proyeksi sebelumnya yang sempat mengarah ke 7107. Dengan kondisi ini, peluang rebound masih terbuka karena gap down mulai tertutup meski belum sepenuhnya (7026–7001). Selama area ini bertahan, potensi rebound awal Mei cukup besar. Namun jika tembus dan turun ke 6907–6816, kemungkinan rebound mundur ke pertengahan Mei bahkan awal Juni.",2026-04-28T00:10:28.000Z,https://www.threads.com/@09_bangal/post/DXp5xoHE2sg,IHSG,2026-05-05T16:44:12.277066
mocrama_10,"The Great Rotation atau emang lagi zonk aja nih? Wkwk 🤣
​Tapi kalau dipikir lagi, uang itu kan sifatnya cair, selalu mengalir ke tempat yang lebih murah dan menarik. Secara logika, makin mahal Wall Street, makin gede peluang modal lari ke market yang ""lagging"" tapi fundamentalnya masih oke kaya kita.
Agak kontras ya liat US Market pesta di ATH, sementara IHSG kita masih anteng di bawah.",2026-04-23T01:39:06.000Z,https://www.threads.com/@mocrama_10/post/DXdL8bxk3nz,IHSG,2026-05-05T16:44:12.455143
diki.mulijanto,"IHSG hari ini diprediksi akan hijau karena ada berita terbaru tentang MSCI dan dari geopolitik timur tengah yang sudah tidak terlalu berpengaruh ke bursa Asia, bisa dilihat bursa Asia lainnya banyak yang hijau.
Biarpun pagi ini IHSG dibuka merah tapi lebih karena imbas BBRI yang ex date hari ini turun 5%
Ditambah kemarin juga asing sudah mencatatkan net buy sebesar 124 M
Semoga ya... ✌️",2026-04-21T02:19:28.000Z,https://www.threads.com/@diki.mulijanto/post/DXYG-VwkgUs,IHSG,2026-05-05T16:44:13.088060
theferdians,"(bukan rekomendasi jual beli ya)
BREN : 6000
BRPT : 2700
CDIA : 1450
CUAN : 1500
PTRO : 7000
TPIA : 6000
BREN badan segede gitu naik 12.5% tp IHSG naik ""cuma"" 0.25%, berarti lagi ada yang nyungsep banget ini 🙄
BREN CUAN otw euy.",2026-04-09T08:44:49.000Z,https://www.threads.com/@theferdians/post/DW55iIYlNIl,IHSG,2026-05-05T16:44:13.481724
theferdians,"(bukan rekomendasi jual beli ya)
BREN : 6000
BRPT : 2700
CDIA : 1450
CUAN : 1500
PTRO : 7000
TPIA : 6000",2026-04-07T03:32:35.000Z,https://www.threads.com/@theferdians/post/DW0MNm3Ehrh,IHSG,2026-05-05T16:44:13.688775
lianmaulian,"IHSG:
1. Setelah mengenai target double bottomnya, belum mampu untuk keluar dari downtrend price channelnya
2. Mode waspada, kita lihat besok lebih ke arah bearish reversal atau sideways",2026-04-16T09:05:40.000Z,https://www.threads.com/@lianmaulian/post/DXL9e9UlMo6,IHSG,2026-05-05T16:44:13.835982
titis_putri,"Ko bisa ya reksadana saham ttp +? Pdhl ihsg lg jeblok, apakah sebagus itu manajer investasi?",2026-02-02T13:36:19.000Z,https://www.threads.com/@titis_putri/post/DUQebf5k7fd,IHSG,2026-05-05T16:44:13.981040
diki.mulijanto,"Harga minyak dunia pagi ini terpantau masih sama seperti kemarin di kisaran $96-97 / barrel
Tapi liat bursa Asia pembukaan pagi ini merah semua 🔥
Ditambah berita2 selat Hormuz mau ditutup Iran lagi gara2 Israel nyerang Lebanon dan Teheran
kayaknya hari ini IHSG bakal junam lagi,
Semoga ga dalem aja sih cuma koreksi sehat krn kmrn sempet naek 4%",2026-04-09T01:58:35.000Z,https://www.threads.com/@diki.mulijanto/post/DW5LC5Nkk9-,IHSG,2026-05-05T16:44:14.274325
sobatporto,"Minyak juga masih stabil di <$110/brl. Dimana ruang utk ihsg rebound masih sempit. Kalau IHSG <$80 dan Indonesia bertahan di emerging market, sudah dipastikan IHSG akan reversal
Hari ini Trump ngancem Iran kalau tidak membuka selat Hormuz sampai jam 12 malam waktu setempat maka akan meratakan infrastruktur penting Iran. Perang terlihat masih ekskalasi belum terlihat tanda2 selesai.
IHSG disuapin banyak bad news, namun bertahan cukup kuat dengan hanya koreksi 0.53%.
Market Update 7 April 2026",2026-04-07T01:19:26.000Z,https://www.threads.com/@sobatporto/post/DWz8-UREweU,IHSG,2026-05-05T16:44:17.036304
theferdians,"Coba tolong ya besok-besok jangan sebenci itu sama saham konglo.
Di saat saham andalan kalian merah darah gini, saham-saham konglo lah yang ngegendong IHSG.
Chill aja, semua ada waktu dan gilirannya 🙃",2026-04-09T08:49:10.000Z,https://www.threads.com/@theferdians/post/DW56CEaFBfm,IHSG,2026-05-05T16:44:17.204966
papaganbaa,"hari ini saya pasang SL di NCKL dan TRON mengingat sptnya masih ada koreksi lanjutan dr IHSG, ingat invest di saham itu yg pertama batasi resiko sebelum bicara keuntunganya, GZCO karena sudah profit 20% saya pasang TS10%. kemarin sore tidak ada yg menarik buat BSJP semoga hari ini ada ya😊",2026-04-20T23:15:02.000Z,https://www.threads.com/@papaganbaa/post/DXXx3g-khI8,IHSG,2026-05-05T16:44:17.357036
bumimataharisenja,"Ternyata benar, there’s no such thing as a free lunch. Reli IHSG ke 9.000 itu cuma mimpi, nilai wajarnya ya tetap di 6.000. Selama anggaran negara habis buat bagi-bagi makan gratis (MBG) dan duo Prabowo-Purbaya belum sadar buat cutloss kebijakan yang bikin sesak napas fiskal, jangan harap bursa kita sehat. Kita cuma sedang menunggu waktu buat terjun bebas.
bumimataharisenja",2026-03-09T03:55:59.000Z,https://www.threads.com/@bumimataharisenja/post/DVpj1l3iaK1,IHSG,2026-05-05T16:44:17.528074
abideenzz,IHSG bakal membentuk double bottom disaat 6900-7000 itulah saatnya masuk secara agresif.,2026-04-24T10:31:07.000Z,https://www.threads.com/@abideenzz/post/DXgtn5_EV8b,IHSG,2026-05-05T16:44:17.683121
panji.malik,yg aku sesali ketika ihsg terjun yaitu amunisi habis 🙃,2026-03-30T02:47:19.000Z,https://www.threads.com/@panji.malik/post/DWfgrCrkpi5,IHSG,2026-05-05T16:44:17.862196
d3uqaliniuz,"Pesan moral:
money management nomor 1, likuiditas sangat penting jangan sampai nyangkut, jangan takut CL
Saatnya ke saham US, kita cari dividen n growth di ETF, sambil nunggu asing inflow balik ke komoha yg entah kapan
Pegang rupiah melemah trus, untung porto masih hijau tipis dan super liquid.
IHSG rontok, Rupiah babak belur, saham perbankan berguguran, mau nyicil BBCA ga jelas kapan naiknya, mau nyerok BBRI sama aja kaya nyumbang ke MBG dan KOPDES.",2026-04-26T09:47:07.000Z,https://www.threads.com/@d3uqaliniuz/post/DXlyLVIj9aw,IHSG,2026-05-05T16:44:18.080220
1ce_jo,"Saham $KOTA dan $MDIA masih ada narasi. Saham $BNBR right issue, $MINA ada narasi, dan $BUMI juga akuisisi tambang emas. So, mana saham pilihanmu?
Gw percaya tiap ada hari buruk pastilah nanti akan ada hari baik pula. So, IHSG sekarang masih junam GAIS. Gimana portomu saat ini? Masih hold apa?
SAHAM KOTA, MDIA, BUMI, BNBR, MINA",2026-05-01T07:12:17.000Z,https://www.threads.com/@1ce_jo/post/DXyYbtjk-hF,IHSG,2026-05-05T16:44:18.264751
aji_setiawan9224,"Alhamdulillah sudah terjun di saham saat ATH IHSG di 9000 & mengalami beberapa kali koreksi besar, shg mendapat banyak pelajaran & pengalaman.
Mulai cara entry itu bertahap, jangan all-in di satu harga, sabar masuk, sabar keluar, belajar compounding, belajar enggak greedy, hingga belajar trading plan.
Semoga di minggu terakhir April bisa nambah2 yg bisa di TP.
aji_setiawan9224",2026-04-25T10:26:59.000Z,https://www.threads.com/@aji_setiawan9224/post/DXjR8b_Enpq,IHSG,2026-05-05T16:44:18.428999
lianmaulian,IHSG 24 April 2026 menuju support berikutnya menutup gap,2026-04-24T08:56:51.000Z,https://www.threads.com/@lianmaulian/post/DXgi1d-FIKp,IHSG,2026-05-05T16:44:18.851455
priceaction.id,"Alasan gw blm mau entry saham Indonesia, kondisi IHSG masih kek gini.
Dibawah ma 20❌
Macd merah merona❌",2026-04-30T02:18:44.000Z,https://www.threads.com/@priceaction.id/post/DXvSC1zDwR_,IHSG,2026-05-05T16:44:19.023144
dzdn12,"Mumet juga yah baca berita soal negara dongeng hari ini, rupiah anjlok ke 17300, IHSG turun hampir 2%, BBM naik, kebutuhan pokok naik, dll. Semoga kita smua kuat yah WNI 🗿🤣",2026-04-23T08:03:58.000Z,https://www.threads.com/@dzdn12/post/DXd3_PqCUYe,IHSG,2026-05-05T16:44:19.631363
papaganbaa,"#DYOR #IHSG Bukan ajakan jual beli saham
1. GZCO saya pilih karena sentimen mandatory penggunaan B50.
2. JGLE saya pilih karena sentime rencana Right Issue di harga Rp,50
nantikan perjalanan investasi kami ya, jadilah saksi perjalanan kami.
Halo saya seorang papah yg sedang berusaha merubah THR anak saya dari 3jtann diusahakan menjadi xxxjuta 😎,mari ikuti perjalanan investasi saya kedepanya. Ini adalah hasil rekap dari perjalan investasi minggu ini 😊.",2026-04-10T09:34:48.000Z,https://www.threads.com/@papaganbaa/post/DW8kDIskgyG,IHSG,2026-05-05T16:44:19.899139
galuhyudha,update tengah malam! harga minyak brent kembali naik dan harga emas pun kembali turun. nasib IHSG hari ini gimana nih setelah 2 hari merah merona? ☺️,2026-04-16T17:57:29.000Z,https://www.threads.com/@galuhyudha/post/DXM6WLvEzRD,IHSG,2026-05-05T16:44:20.052251
booktopia_id,"Yuk bisa yuk bulan ini kejemput semua 😂
Saham US perlahan udah mulai hijau, IHSG masih kebakaran 🔥",2026-04-23T03:15:18.000Z,https://www.threads.com/@booktopia_id/post/DXdW89OAcoo,IHSG,2026-05-05T16:44:20.225119
wiekoko,"Saya duluan yah, average 8.700, floating loss 30% 😁
'Raksasa' IHSG pun sahamnya menurun terus. Penasaran nih, kira2 teman2 Average nya si angka berapa?",2026-04-24T04:33:39.000Z,https://www.threads.com/@wiekoko/post/DXgEtw4kiKu,IHSG,2026-05-05T16:44:20.404333
sulistiana.kakadede,"Mirip kayak tetanggaku mau jual tanah, ditawar 2m gak mau, maunya 2,5m.
Pdhl belinya 400jt an.
Lalu akhirnya dia mau 2m, tp orang nya udah gak mau.
Ada yg nawar 1,5m. Dia g mau. Akhirnya
Mundur2
Dr situ belajar, jika sudah untung. Cukupkan, dan tarik ajah.
Krn market gak tahu tiba2 anjlok.
Dapat cerita dari temanku, dia terjun ke pasar saham.
Dr modal 200jt.
Ada 1 emiten, yang dia itu profit gain 100jt
Tp tdk dia jual. Dia nunggu multi bagger. Naik lagi.
Tp malah ihsg anjlok kemarin ilang.
sulistiana.kakadede",2025-11-09T00:25:17.000Z,https://www.threads.com/@sulistiana.kakadede/post/DQ0MVWvElIg,IHSG,2026-05-05T16:44:23.265504
farahanans,hari ini crash lagi yak IHSG + rupiah juga makin nyungsep😭,2026-04-24T03:54:05.000Z,https://www.threads.com/@farahanans/post/DXgAL8Pkph_,IHSG,2026-05-05T16:44:23.418070
aldieysh,"Tetapi beneran lho kalau ihsg closing dengan hammer dan kaki panjang itu sexy, biasanya pembalikan arah",2026-04-30T07:49:57.000Z,https://www.threads.com/@aldieysh/post/DXv38s8EwIa,IHSG,2026-05-05T16:44:23.579186
richamir_ar,"#itrade #trading #saham
Alhamdulillah sesi satu 4 trade 💹, meskipun IHSG 🔥",2026-04-09T05:48:37.000Z,https://www.threads.com/@richamir_ar/post/DW5lXnWEtlT,IHSG,2026-05-05T16:44:23.745711
happytrader.co,"Saya jadi tambah yakin 1000% MSCI ACC & IHSG stay di Emerging Market 🔥
Thanks untuk BEI & OJK yang mengusut permasalahan ini serta mengatasi secara serius 🫡
HSC ini juga pernah dilakukan di bursa hongkong guys, dan karena itu MSCI ACC.",2026-04-02T13:29:32.000Z,https://www.threads.com/@happytrader.co/post/DWoYjZSlFrG,IHSG,2026-05-05T16:44:23.948315
fangdessy,"Happy Good Friday everyone! 😃🥰
View hari senin, yes kemungkinan besar IHSG akan terkontraksi, saham2 lain juga akan ikut koreksi, namun juga akan jd opportunity utk saham2 yg masih masuk kriteria MSCI dan yg memiliki fundamental yg baik. Jadi IHSG drop dulu di sesi 1, sesi 2 kita liat apakah ada inflow untuk saham2 tertentu di sesi 2? Hehe
Mau reminder, kurang lebih ada 700-800 emiten di BEI, dan itu semua bukan punya group PP dan DSSA aja isinya.",2026-04-03T06:51:32.000Z,https://www.threads.com/@fangdessy/post/DWqPzMcE4Fn,IHSG,2026-05-05T16:44:24.130582
halo_ijah,"dan mumpung ihsg mulai reborn, semangat belajarnya biar portofolio juga ikut bertumbuh
sekarang setelah banyak evaluasi dan belajar, money managementnya dipake, dan mengutamakan analisa dulu sebelum entry saham, sekarang bisa konsisten take profit. ya karena ihsg juga mendukung📈
sebagai ritel, aku udah pernah difase ambisius dan serakah yang mengakibatkan jadi banyak cutloss.",2026-04-10T04:49:34.000Z,https://www.threads.com/@halo_ijah/post/DW8DZ_xj4r5,IHSG,2026-05-05T16:44:24.302294
growingtrade.saham,"Ini belum ketambahan panic selling lainnya.
Kita para trader masih fullcash, siap buat sikat mancing dibawah 💪🏻
DSSA BREN Bobot hampir 10%
Apabila open market langsung ARB, maka IHSG akan dibuka minimal -2%.
IHSG besok senin open minimal -2%???
growingtrade.saham",2026-04-05T05:52:29.000Z,https://www.threads.com/@growingtrade.saham/post/DWvSoiZkkma,IHSG,2026-05-05T16:44:24.474338
ssamuel_rp,"Saham Pom² KUAS
IPO WBSP
*Saham volatil kelas bulu (bisa Ara-Arb) potensi msh perform :
MSIN, ESIP, MSKY, SWID, LAPD, CTTH, SDMU, , PEGE, PMUI, HDFA
*Saham volatil dng volume besar kemarin : DSSA, KUAS, BREN, TPIA, OASA
*Saham2 yg dapat di perhatikan hr ini:
TLKM
Perkiraan IHSG akan bergerak pada Jumat (10/4) antara 7100-7400",2026-04-10T01:54:41.000Z,https://www.threads.com/@ssamuel_rp/post/DW7vZJVEZdj,IHSG,2026-05-05T16:44:24.856902
fahmidarmawan7,"Ini tanda market lagi “ditekan”. Dan yang bikin bahaya… banyak yang masih berharap: “Senin pasti hijau.” Padahal kalau lihat data: IHSG sudah turun sejak 20 April (7.594) Lanjut turun ke 7.541 Jatuh lagi ke 7.378
Bukan cuma 1 hari.
👉 4 hari berturut-turut turun
👉 Dari 7.600-an → ke 7.300-an
👉 Bahkan sempat kena tekanan jual besar di akhir pekan Ini bukan koreksi biasa.
IHSG baru aja jatuh tajam.",2026-04-24T05:38:38.000Z,https://www.threads.com/@fahmidarmawan7/post/DXgMJnOiSu5,IHSG,2026-05-05T16:44:25.036079
hendrahenz22,"Review index market Indonesia (IHSG) oleh FTSE Russell untuk bulan Maret 2026 DITUNDA. Alasan utama penundaan ini karena ada kesulitan teknis dalam menentukan free float (saham yang benar benar beredar di publik). Oleh karena itu, status Indonesia…",2026-04-07T03:43:31.000Z,https://www.threads.com/@hendrahenz22/post/DW0NdpRgcaU,IHSG,2026-05-05T16:44:25.177894
priceaction.id,"Screening saham pake stockbit, nemu yang menarik.
MINA
Bertahan beberapa hari diatas ma 20 saat IHSG drop.
MACD juga positif, tapi buying pressure belum kuat.
Still good selama dia bertahan diatas ma 20.
Drop kebawah = cabut.",2026-05-01T00:22:47.000Z,https://www.threads.com/@priceaction.id/post/DXxpkcyDzEp,IHSG,2026-05-05T16:44:25.357342
thetrifood,"Ihsg merah, rupiah hancur tembus 17.300. bahan pokok sembako, bbm semua naik. Jakarta mati listrik 2,5 jam hari ini tgl 23 april 2026. Ini kali kedua, setelah sebelumnya tgl 31 maret 2026 jg prnah mati lampu 1jam. Hadehhhh, gini amat ya woy. Makin relate aja nih dr yg pernah kubaca di teori2 konspirasi tntang agenda elit global. Ya Allah lindungilah bangsa ini",2026-04-23T06:45:58.000Z,https://www.threads.com/@thetrifood/post/DXdvD7PkgiP,IHSG,2026-05-05T16:44:25.777159
calon_milyarder97,"Apakah disini ada yang masuk bursa saham ihsg era covid 2019-2020? Kalau ada coba sharing dong sekarang masih bertahan apa sudah gugur.
calon_milyarder97",2026-04-27T14:14:57.000Z,https://www.threads.com/@calon_milyarder97/post/DXo1n9WEtiW,IHSG,2026-05-05T16:44:26.004540
anggarasadana,Enak bgt beli saham AS. iHSG merah saham AS ga ikut merah. IHSG ijo saham AS malah makin ijo. Mana ijonya kenceng2 pula,2026-04-16T15:11:24.000Z,https://www.threads.com/@anggarasadana/post/DXMnVxUEoBO,IHSG,2026-05-05T16:44:26.189657
tools.saham,"IHSG hari ini kembali koreksi, banyak saham under 100 mulai gerak dari kemarin. Harus lebih selektif pilih emiten biar gk ngekos lama kalau dibawa menyelam😇
Menu BSJP hari ini (23-4-2026), DYOR",2026-04-23T08:29:04.000Z,https://www.threads.com/@tools.saham/post/DXd63GbjzVG,IHSG,2026-05-05T16:44:26.376479
irapuspita_n,"Dengan kesadaran penuh aku ijin ke paksu pengen belajar dan mengelola uang bulanan yang dia kasih , nah sebagian aku pake jual beli di pasar jawabanya
👨🏻 : boleh sayang itu kan udah jadi uang kamu mau di pake buat apa juga boleh ajah asalkan kamu seneng ga jadi beban ke kamu nya
👩🏻 : Allahumabarik meskipun di siksa sama ihsg mencoba bertahan dengan ilmu yang di ajarin papi dan kelas kelas yang aku ikutin Alhamdulillah bangga bgt aku gais 🙏🏻✨",2026-04-26T04:05:54.000Z,https://www.threads.com/@irapuspita_n/post/DXlLIQskkBB,IHSG,2026-05-05T16:44:26.536370
rich.ritel,"Kondisi seperti ini bukan ajakan panik, juga bukan ajakan sok berani bottom fishing.
Siapa yang terlalu penuh saham.
Siapa yang pakai leverage tanpa ruang napas.
Siapa yang beli karena ikut ramai.
Siapa yang punya cash, rencana, dan mental buat nunggu.
Yang kelihatan adalah posisi.
Waktu IHSG turun, rupiah tembus level psikologis, minyak naik, dan asing keluar besar-besaran, yang kelihatan bukan cuma angka di portofolio.",2026-04-30T14:29:50.000Z,https://www.threads.com/@rich.ritel/post/DXwltjnkYvU,IHSG,2026-05-05T16:44:26.739256
arirarii,"Dan satu hal yang pasti indonesia ga bakal masuk ke frontier dan tetap di emerging market. Optimis IHSG 10.000 🚀
Hal ini juga menandakan bahwa posisi ihsg sudah bottom dan sedang mencari titik rebound.
Banyak yang mengira ihsg bakal trading halt. Ternyata tidak seburuk itu.",2026-04-06T05:04:08.000Z,https://www.threads.com/@arirarii/post/DWxx5QYEyVU,IHSG,2026-05-05T16:44:26.927418
handierawan,"Kalau IHSG bertahan di range 6900-7000 hingga mei, maka ini adalah last dance IHSG ke 9800-10.000",2026-04-08T13:12:30.000Z,https://www.threads.com/@handierawan/post/DW3zX3fE44b,IHSG,2026-05-05T16:44:29.786970
hayyy2316,"Baruuu belajar bibit dengan saldo yg segitu duluuu, eh malah merah🥹 keknya dampak IHSG lagiii turun …",2025-10-15T03:23:22.000Z,https://www.threads.com/@hayyy2316/post/DP0I1zRkSkq,IHSG,2026-05-05T16:44:29.951159
morningglory_idn,"Setiap kali Rupiah melemah, IHSG menguat! Aneh? Iya! Tapi datanya bilang begitu
Sore wargaa, pasti penasaran sama kabar IHSG?
Jujur, kita juga penasaran karena apa betul 'IHSG junam' tiap kali Rupiah goyang? Jadi, kita mutusin buat narik data 10 tahun terakhir dan nguji pake Multi-Regresi. Dan ternyata, hasilnya objektif: Baik Kurs IDR/USD maupun Indeks Dollar (UUP) punya hubungan Linier Positif terhadap IHSG!
morningglory_idn",2026-04-24T09:19:19.000Z,https://www.threads.com/@morningglory_idn/post/DXglZ8fmQyJ,IHSG,2026-05-05T16:44:30.133555
widipardiyawan,"Saham yang berpotensi terdepak dari LQ45 karena aturan baru. BREN, free float 12,30%, market cap Rp722 triliun, return YTD minus 44%. DSSA, free float 20,46%, market cap Rp483 triliun, return YTD minus 36%. PGEO, free float 11,08%. ADMR, free float 11,55%. SCMA, free float paling kecil di 5,64%, paling rentan terdepak.",2026-04-24T00:23:10.000Z,https://www.threads.com/@widipardiyawan/post/DXfoDEzE1LR,IHSG,2026-05-05T16:44:30.297284
cakinvestmentclub,"#dewa #ipo #sahamindonesia #ihsg #CAKinvestmentclub
Menurut lo, ini peluang atau masih terlalu early?
Tapi tetap, timeline & eksekusi jadi kunci 👀
Kalau berhasil, ini bisa ubah positioning DEWA dari sekadar kontraktor jadi pemain resource yang lebih besar.
DEWA makin agresif ekspansi 🔥
IPO GMR jadi langkah penting buat unlock value dari aset mineral mereka.
cakinvestmentclub",2026-04-14T08:59:46.000Z,https://www.threads.com/@cakinvestmentclub/post/DXGzOFqE9RD,IHSG,2026-05-05T16:44:30.518258
crisliung,"Kalo IHSG benar di downgrade ke frontier market, siapa yang paling marah? Jelas Pak Prabowo.",2026-04-03T04:38:22.000Z,https://www.threads.com/@crisliung/post/DWqAj2lEdIh,IHSG,2026-05-05T16:44:30.684737
dikkaantons,"Dalam negeri:
Data High Shareholding Concentration (HSC) summary = BAD SENTIMENT, ini DSSA & BREN masuk kesini bisa outflow gede. High probability dikeluarin dari MSCI, fund & ritel berebut kabur = gap down Senin besok.
Bahayanya BREN & DSSA ini top 3 big caps, pembobotan ke IHSG berat = jadi indeks bakal keseret merah = trigger algo asing untuk ikutan sell = turun makin parah. Sampai kapan? Belum tau harus cek realtime.
Update kondisi terbaru ada beberapa sentimen dalam & luar negeri.",2026-04-05T17:15:20.000Z,https://www.threads.com/@dikkaantons/post/DWwgxzjgTdb,IHSG,2026-05-05T16:44:30.842785
bismibf,saya dengan sadar tetap memutuskan membeli 2 lot saham BBCA ditengah minusnya IHSG :(,2026-04-10T03:58:19.000Z,https://www.threads.com/@bismibf/post/DW79iqhEnX0,IHSG,2026-05-05T16:44:30.998897
daniel.elliottician,"Kalau pun mau ke arah sana, pasti ihsg bikin tanda dulu.. sama kaya ada mendung sebelum hujan.. tetaplah berpikir rasional dikala orang-orang berpikir irasional
Dari trading jaman 2010 sampai sekarang, behaviour retail ternyata ga pernah berubah.. over fear dan over greedynya selalu tetap eksis.. ada yang bilang ihsg 6000, ihsg 5000, ihsg 12000 tanpa dasar analisa yang jelas..
daniel.elliottician",2026-04-06T03:27:57.000Z,https://www.threads.com/@daniel.elliottician/post/DWxm4x8khS1,IHSG,2026-05-05T16:44:31.174451
neliminja,"Klo liat Index luar pada menghijau. Tp ntahlah dgn IHSG nanti.
Karna minggu lalu baru ada pengumuman HSC list, agak ga yakin market kita ikutan menghijau.. 😔😔",2026-04-05T23:09:34.000Z,https://www.threads.com/@neliminja/post/DWxJUVIkmvK,IHSG,2026-05-05T16:44:31.328552
andriandavinta_,"Jadi apa sih Volume Profile?
Baca sampai habis biar kamu ngerti dan ga ketinggalan rally seperti BNBR lagi ⬇️
Jawabannya ada di Volume Profile dan ini salah satu tool paling powerful yang jarang dipakai investor ritel IHSG 😄.
BNBR sempat sideways lama di range 100-120, terus tiba-tiba tembus dan langsung naik ke 200 dalam beberapa hari.",2026-04-20T01:00:29.000Z,https://www.threads.com/@andriandavinta_/post/DXVZI8HjWW_,IHSG,2026-05-05T16:44:31.529607
algoresearch,"IHSG: What Comes Next? Tactical. Algo Research Alpha Plays
algoresearch.id/conte…
Our tactical call for IHSG since last week has been fruitful with alpha stocks such as AMMN, BNBR, ARKO, ESSA and PTRO outperforming relative to the index.",2026-04-22T08:04:21.000Z,https://www.threads.com/@algoresearch/post/DXbTPOsEyD9,IHSG,2026-05-05T16:44:31.752698
hikhman,"Semoga sejahtera bersama
Saya pun meyakini ini, siapkan cash dan tambah posisi di saham yang berfundamental kuat, memiliki pertumbuhan yang potensial dan undervalue.
Ada indikasi yang kuat selama 2 tahun ke belakang. Saat IDR paling lemah terhadap USD maka disitu lah letak titik bottom IHSG.",2026-04-24T04:08:02.000Z,https://www.threads.com/@hikhman/post/DXgByGPmkCD,IHSG,2026-05-05T16:44:31.973318
imeiiii_,"dalam 1 bulan IHSG -15.38%
Kalau begitu terus, seharusnya Indonesia udah di zona merah,
Rekor dunia gak sih ini?",2026-03-16T02:10:20.000Z,https://www.threads.com/@imeiiii_/post/DV7ZT6aD5AR,IHSG,2026-05-05T16:44:32.400908
happytrader.co,"Semangat buat hari ini, stay strong 💪
Clue kemaren dipake semua ya,
Yang dipake dulu yang kedua, TP TP dulu .
habis itu baru yang pertama.
Pagi ritel IHSG,
Prediksi IHSG hari ini pagi gap down(merah),
Siang recovery (hijau pekat)",2026-04-19T22:55:06.000Z,https://www.threads.com/@happytrader.co/post/DXVKyjJE2D9,IHSG,2026-05-05T16:44:32.676965
hengky.lim.9,"CLOSING DAY menjelang libur panjang dan pelaku pasar memilih amankan posisi ,IHSG kembali ke area support setelah kemarin berhasil di tutup di atas, trima kasih Papi Trump suka2 mu lah buat statement 🙃 , jadi IHSG kita kembali akan menguji area support 7.020 , 6.945 & 6.917
Update 02 April 26",2026-04-02T09:42:11.000Z,https://www.threads.com/@hengky.lim.9/post/DWn-iQwgRQ_,IHSG,2026-05-05T16:44:32.883913
09_bangal,"#bipi #bangal09 #09_bangal #analisabangal09 #ihsg
Jangan lupa follow akun ini untuk mendapatkan analisa berikutnya
BIPI
kemungkinan turun dlu pada gambar ke 1 nguji area 228 dg target 320, namun pada gambar ke 2 areanya buy sama spt gambar ke 1 di 228 namun dg target 320 dan jika harga ini sulit ditembus bsa turun dulu menguji area 278-284, sebelum lanjut kembali 320 bahkan melanjutkan trend bullishnya di 346-350.",2026-04-19T02:48:13.000Z,https://www.threads.com/@09_bangal/post/DXTArKJmgOX,IHSG,2026-05-05T16:44:33.077537
kikikumisss,"Ihsg dr kmrn & hari ini retest 7.700 gagal lagi hahaha
BIPI lg coba break 304??????????????? kl ga berhasil ya turun dulu deh.
Enak ternyata cuma mantengin 1 saham😂",2026-04-16T04:13:39.000Z,https://www.threads.com/@kikikumisss/post/DXLcESDj7i8,IHSG,2026-05-05T16:44:33.216253
alphavestor.id,"ADA BEBERAPA EMITEN DI IHSG YANG BAKAL LANGSUNG KENA SENTIMEN POSITIFNYA.
SPILL DI AKHIR 👇
AKHIRNYA PEMERINTAH TURUNKAN BEA MASUK LPG DARI 5% KE 0%.",2026-04-29T13:14:47.000Z,https://www.threads.com/@alphavestor.id/post/DXt4VAhD_Tu,IHSG,2026-05-05T16:44:36.591950
jonathanewaldo,6000 dl ga sih?,2026-04-15T03:32:40.000Z,https://www.threads.com/@jonathanewaldo/post/DXIylPJEnTO,IHSG,2026-05-05T16:44:36.877423
imeiiii_,"Jangan bilang coba dulu 2 tahun,
Ini omongan dari 10 tahun yang lalu
Jangan bilang mau siapapun presidennya, nyari duit tetep sendiri.
Jangan bilang program nya bagus, tapi pelaksana nya yang korup.
Logic nya Kalo program bagus, gak akan ada celah buat korup.
1. dolar tembus 17300an,
2. Defisit APBN 240T per maret
3. IHSG MINUS 17.55% DALAM KURUN WAKTU 4 BULAN
4. Koperasi merah putih
5. Pembelian ribuan motor buat SPPG
6. Coming soon
Rekap kinerja buruk prabowo gibran",2026-04-25T16:14:09.000Z,https://www.threads.com/@imeiiii_/post/DXj5rM9D1X4,IHSG,2026-05-05T16:44:37.093014
bangabangabnah,Guyss ihsg kira2 bagaimana bisa ga balik ke 6900an lagi? Atau mentok2 di berapa sih?,2026-04-15T12:55:46.000Z,https://www.threads.com/@bangabangabnah/post/DXJzBbCmYLZ,IHSG,2026-05-05T16:44:37.228449
nabung.dividen,"Semoga.
Ga sabar menunggu April. Karena April akan menjadi pembuka musim dividen buat portofolio ini. Semoga keadaan juga semakin membaik dan bulan April bisa ditutup hijau.
Hari terakhir di bulan Maret. Untuk bulan ini minus 3,24%. Jauh lebih baik dibanding IHSG yang minusnya 12%. Ga bisa pamer realized gain karena ga jual beli. Cuma beli aja. Dan bulan ini ga dapet dividen. Jadi pamernya unrealized aja ya.",2026-03-31T09:18:38.000Z,https://www.threads.com/@nabung.dividen/post/DWiyQAjgZcF,IHSG,2026-05-05T16:44:37.443027
ssamuel_rp,"Saham Pom Pom BAPA
*Saham volatil kelas bulu (bisa Ara-Arb) potensi msh perform :
PADA, BAPA, DEFI, MDIA, INDX
*Saham volatil dng volume besar kemarin : CUAN. KETR, DOOH
*Saham2 yg dapat di perhatikan hr ini:
ANTM, AADI
Perkiraan IHSG akan bergerak pada Senin (19/4) antara 7400-7750",2026-04-20T01:40:01.000Z,https://www.threads.com/@ssamuel_rp/post/DXVdqdcgXqq,IHSG,2026-05-05T16:44:37.689463
pandhuadjisurya,"DYOR.
Tinggal tunggu demand benar-benar muncul. Let’s fuckin go!
Satu hal, jangan sampai close dibawah 6934. Itu saja, selebihnya secara teori kita boleh optimis.
Close dekat zona sekarang juga bagus secara struktur, masuk demand zone.
Kalau mau patuh dan percaya teknikal, jika IHSG hari ini sentuh 6934 akan bentuk double bottom. Ini layak dipantau hari ini.",2026-04-30T03:25:53.000Z,https://www.threads.com/@pandhuadjisurya/post/DXvZuoEkURJ,IHSG,2026-05-05T16:44:37.897302
rizkikak,IHSG saat ini sehancur ini kah? Kapan bangkitnya?,2026-04-30T03:33:32.000Z,https://www.threads.com/@rizkikak/post/DXvamopiYhk,IHSG,2026-05-05T16:44:38.044394
umma.mima2,"Masuk pasar saham sejak juni 2024, tanpa terasa hampir 2 tahun aja. Kadang cuan kadang belum cuan. Kuncinya sabar dan disiplin trading plan. Apa kabar temen2 lainnya masih bertahan dengan ihsg kah?",2026-04-13T06:23:22.000Z,https://www.threads.com/@umma.mima2/post/DXD8hqUCZAm,IHSG,2026-05-05T16:44:38.201470
ulinta_girsang,"Kemudian datang berbagai macam badai, trading halt lah, perang lah, msci lah, porto minus 50%,
Akhirnya saya sadar, saya hanyalah retail fomo 🤣
Sekitar bulan oktober 2025, ihsg bullish, profit gila gilaan, saya suka pamer profit, berasa oke banget, kayaknya bisa nih buka kelas , 😂",2026-04-16T11:44:18.000Z,https://www.threads.com/@ulinta_girsang/post/DXMPo2HExPX,IHSG,2026-05-05T16:44:38.438021
raahady_,"2 Bullish dan 1 Bearish.
Ada 3 skenario untuk IHSG:",2026-04-27T07:48:44.000Z,https://www.threads.com/@raahady_/post/DXoJbMgIE3B,IHSG,2026-05-05T16:44:38.624586
sahamcuan_everyday6,"SUDAH SIAP DENGAN IHSG BESOK ? GAS YA RAPATKAN. JIKA ADA YANG MENARIK MAMANG SPIL. HATI HATI AJA LOTNYA JANGAN DULU OVER. KARENA TRENDNYA SUDAH PATAH KEMBALI.
sahamcuan_everyday6",2026-04-26T15:55:51.000Z,https://www.threads.com/@sahamcuan_everyday6/post/DXmcYCElLr3,IHSG,2026-05-05T16:44:38.792644
1ce_jo,"Semenjak IHSG lagi nggak karuan dan asyik ngajak nyilem, gw mulai putar otak. Daripada maksa trading di market yang lagi nggak kondusif, gw milih mulai lirik US Stock sambil sabar nunggu IHSG nemu bottom-nya.",2026-04-26T15:32:27.000Z,https://www.threads.com/@1ce_jo/post/DXmZstyE0jT,IHSG,2026-05-05T16:44:38.932409
ismurhadi_rizki,"Tebak apa yang terjadi ke esokan harinya ? Dan apa yang terjadi sampai akhir tahun ?
Setahun yang lalu IHSG kita crash, trading halt sampe ke titik 5900 . Semua orang frustasi karena tarif trump .",2026-04-08T09:30:48.000Z,https://www.threads.com/@ismurhadi_rizki/post/DW3aABKjzdB,IHSG,2026-05-05T16:44:39.104883
seroksaham,"klo bsok lanjut merah jgn lupa tadangin pasang bid buva di 900 , bumi di 200 🤭",2026-04-25T10:52:30.000Z,https://www.threads.com/@seroksaham/post/DXjU3XqEouV,IHSG,2026-05-05T16:44:39.272160
happytrader.co,"Mana udah CL CL 🥲
Ini IHSG jadi 6000 ga sih ?
Sumpah ini gatel banget tangan pengen all in wkwkk",2026-04-06T02:45:25.000Z,https://www.threads.com/@happytrader.co/post/DWxiBR3mPkh,IHSG,2026-05-05T16:44:39.439542
top.guntraders,"IHSG Koreksi dalam, adanya kesempatan untuk rebound
Dapatkan informasi hal stockpick, tanya jawab dengan gabung di Top Gun Trader Club",2026-04-30T04:38:17.000Z,https://www.threads.com/@top.guntraders/post/DXvh7kAk01M,IHSG,2026-05-05T16:44:39.597838
idn.successo,"Beginilah kondisi market penuh dengan ketidakpastian.
Manfaatkan lah kondisi IHSG sekarang ini, walaupun saya yakin belum aman 100%.",2026-04-14T09:24:27.000Z,https://www.threads.com/@idn.successo/post/DXG2Cz4k1bo,IHSG,2026-05-05T16:44:39.778400
ruangsaham,Dala seminggu terakhir IHSG -6% jadi yang terburuk se-asia 😭🫣,2026-04-26T11:22:16.000Z,https://www.threads.com/@ruangsaham/post/DXl9ENSDwGT,IHSG,2026-05-05T16:44:39.947715
unrenhub,"Isue IHSG jebol lagi besok senin karena iran dan US tidak sepakat? Nah itulah kenapa kemarin saya bilang cutloss 1/4 atau 1/2 dulu kalau nyangkut. Kalau ada cash, mau jebol lebih dalam, ya ga masalah karena kamu pegang uang cash.",2026-04-12T11:26:39.000Z,https://www.threads.com/@unrenhub/post/DXB6cIFkbj0,IHSG,2026-05-05T16:44:40.329584
stocks_ninja.id,"#ihsg
Kalau dari news yang beredar, harusnya hari ini news nya positif, semoga ijo tebel 🚀",2026-04-06T23:45:47.000Z,https://www.threads.com/@stocks_ninja.id/post/DWzyQXrkiKk,IHSG,2026-05-05T16:44:43.515127
hengky.lim.9,"salah satu pemberat IHSG, yg menekan cukup dalam hingga menutup area gap yg ada, support 1 di 6.375 jebol, selanjutnya menuju area support 2 di 6000 , jika lanjut jebol kembali, maka BBCA akan menguji area support 5.425 , semakin menarikk yaaa 😍
Update 24 April 26",2026-04-24T06:24:30.000Z,https://www.threads.com/@hengky.lim.9/post/DXgRZl-Aaxw,IHSG,2026-05-05T16:44:44.351897
jurnaltrader.id,"Nah kamu masuk golongan yg mana???
Tapi ada juga yg udah masuk full porto.
Ada yg bilang mau tunggu turun dulu di 7,300-an.
Ada yg bilang mulai masuk wave 2.
Sebagian bilang udah bottoming. Ada pattern triple bottom.
IHSG naik banyak ya?
Chart nya kaya gitu Bestie.
Menurutmu aman ga tuh?",2026-04-20T06:11:34.000Z,https://www.threads.com/@jurnaltrader.id/post/DXV8vVRklK7,IHSG,2026-05-05T16:44:44.681239
izzatikusumawardani,"IHSG = Ini Hari Sedang Gelap 😭😭😭😭😭ya Allah lindungi BBCA .. ya Allah lindungi BBRI
izzatikusumawardani",2026-04-27T08:54:36.000Z,https://www.threads.com/@izzatikusumawardani/post/DXoQ9miAQYX,IHSG,2026-05-05T16:44:44.980964
fahrurozidani,Kenapa ketika saham Pak PP realy IHSG langsung ijo Royo Royo apakah saham pak PP penopang IHSG ? 😆,2026-04-13T12:58:24.000Z,https://www.threads.com/@fahrurozidani/post/DXEpu8Jk4Q4,IHSG,2026-05-05T16:44:45.142192
gabycellin,"alhamdulillah masya allah di tengah2 IHSG junam, masih ada satu emiten penopang IHSG berikut🤗",2026-04-24T10:29:12.000Z,https://www.threads.com/@gabycellin/post/DXgtZyJDyKy,IHSG,2026-05-05T16:44:45.289728
danniardha,"Mau kemana ini IHSG, jebol atau rebound??",2026-04-30T07:24:53.000Z,https://www.threads.com/@danniardha/post/DXv1FFvAV_4,IHSG,2026-05-05T16:44:45.446290
yasril.imam,"#DYOR #IHSG #SAHAM
Kalau dilihat IHSG di timeframe 1D & 1M saya memilih untuk “stay cash” jangan asal serok. IHSG berpotensi turun ke support paralel chanel nya di area 6600 sd 6200 an untuk timeframe 1M namun kalau dilihat-lihat dari history sebelumnya support ini sangat kuat dari beberapa krisis seperti krisis 2008 sd tarif trump 2025. Untuk timeframe 1D akan menguji level 6900 sd 7000 dan saya berharap bisa mantul dan membentuk “DOBOTT”
Reminder “Tidak trading bagian dari trading plan”",2026-04-26T13:48:37.000Z,https://www.threads.com/@yasril.imam/post/DXmN0M6D5iF,IHSG,2026-05-05T16:44:48.384337
uptrendtrading_,"Hari ini juga sepertinya IHSG berpotensi ijo, melihat closingan big banks kemarin.
- BBCA closing diarea demand meskipun masih merah dan distribusi tapi selling pressurenya mulai melemah. Ada peluang untuk dia rebound dulu.
- BBRI juga closing kemarin diarea demand. 2 hari terakhir membentuk pola candle inverted hammer dan hammer dengan volume yang mulai meningkat meskipun masih distribusi juga.",2026-04-28T23:09:19.000Z,https://www.threads.com/@uptrendtrading_/post/DXsXkl-EuVf,IHSG,2026-05-05T16:44:48.542935
adtysndntr,"DYOR
Hal ini di dukung isu ekstern (MSCI) dan intern (Dollar)
IHSG akan bentuk DOUBLE BOTTOM menurut prediksi dan analisis saya
Saya sudah menghitung dan menganalisa sebelumnya, dan yaps, gap pertama di bayar lunas kemarin. Porto saya 15 April Profit sampai 20% lebih dikit. Dan hari ini kena FL turun ke level 2%. Untuk mengimbangi segalanya, saya masih rutin AVG Down dan bidik emiten kapitalisasi gede biar ketika DOUBLE BOTTOM terjadi, Porto tetap stabil (maximal -5%).",2026-04-23T03:31:35.000Z,https://www.threads.com/@adtysndntr/post/DXdY0PKEigO,IHSG,2026-05-05T16:44:48.745510
momshappyspace,"Ceritanya jadi IRT yang mau mulai belajar Trading saham di akhir2 Januari 2026
Eh bbrp hari kemudian anjlok 😅. floating lost lgsung panik. jual rugi. Wlo cm tus2 ribu sih. feb mulai lg.. eh turun lg. cutloss lg.
Trus maret.. tau2 perang.. nyungsep lg. Baru jg mulai pas pula kondisi ihsg tak menentu. sambil belajar2 sendiri. Lihat2 broker flow. Lihat chart.dll
Pgen pintar analisa
April naik turun saham, bisa dpt segini (modal 8 jt). Lumayan😍. Pgn nambah modal, kira2 IHSG udah bottom blm ya?",2026-05-01T03:30:19.000Z,https://www.threads.com/@momshappyspace/post/DXx_B-BkaoL,IHSG,2026-05-05T16:44:49.370277
hengky.lim.9,"Penutupan menjelang libur akhir pekan, IHSG berhasil di bawa naik 3 hari berturut2 meninggalkan area GAP UP dan juga kenaikan hari ini tepat berada di bawah TRENDLINE RESISTANCE KUAT 7.486 , jadi skenario besok SENIN,
* IHSG kemungkinan masih akan menguji area resistance tsb, bisa juga di dorong oleh sektor perbankan dan saham2 konglo lainnya yg masih belum bergerak tinggi.
* IHSG bergerak koreksi membuat area pijakan baru nya d sekitar area 7.150 & 7.300 ( gap up)
Update 10 April 26",2026-04-10T09:55:23.000Z,https://www.threads.com/@hengky.lim.9/post/DW8mZ6wARgF,IHSG,2026-05-05T16:44:49.570971
ssamuel_rp,"Saham Pom² KOBX
*Saham volatil kelas bulu (bisa Ara-Arb) potensi msh perform :
LAND, ATLA, PADA, REAL, CTTH, BABY, HOPE. BAIK. GULA, AYLS, ESTA
*Saham volatil dng volume besar kemarin : KOTA, MDIA, BULL, SSIA, BDMN, KETR, COAL
*Saham2 yg dapat di perhatikan hr ini:
BMRI
Perkiraan IHSG akan bergerak pada Kemis (23/4) antara 7400-7750",2026-04-23T01:20:58.000Z,https://www.threads.com/@ssamuel_rp/post/DXdJ3mHAS4k,IHSG,2026-05-05T16:44:49.771931
yenni_84,Klu keadaan global udah adem ihsg rebound 3 saham itu cpt kekereknya,2026-04-30T09:15:12.000Z,https://www.threads.com/@yenni_84/post/DXwBtFzkbQf,IHSG,2026-05-05T16:44:50.254728
ekjlifestory,"Kuncinya hanya sabar. IHSG dr 9k ke 7k, tunggu saat IHSG meleduar. Di sana kita sujud sukur. 🔥",2026-04-30T10:14:25.000Z,https://www.threads.com/@ekjlifestory/post/DXwIey7mXpX,IHSG,2026-05-05T16:44:50.601510
tyasinaga20,"Dari hanasui ke makeover
Gais ceritain kondisi ekonomi kalian tanpa harus menjelaskan keadaan sebenarnya
Aku duluan ya.",2026-05-01T09:16:39.000Z,https://www.threads.com/@tyasinaga20/post/DXymqjDASAB,IHSG,2026-05-05T16:44:50.856083
happytrader.co,"Jujur aja saya juga dapet fearnya,
sampai mau jualan cilok didepan SD 😭
Banyak ritel yang hapus sekuritas dan panik sell 😅
Buat ritel pada umunya apa ga panik tuhh buka sosmed isinya influencer saham mengatakan demikian🙈
Inget banget dihari hari itu banyak banget kang fear yang memprediksi IHSG bakal ke 6500, 6000 bahkan ada yang 5000 ....
Kalau IHSG beneran reversal,
Artinya bottom/palung IHSG di 6920 ....",2026-04-10T12:55:03.000Z,https://www.threads.com/@happytrader.co/post/DW8690iFAL9,IHSG,2026-05-05T16:44:51.231670
andriandavinta_,"DYOR. Analisa kembali, atur risk management, dan punya trade plan.
Knp aku prefer Spring? Karena tanda ad demand di sahamnya sprt HMSP, WIIM, MBMA, dll
dgn kriteria ini kita entry saham diharga banyak transaksi & blm rally sehingga mengurangi risiko loss. Aku prefer SUPA karena lbh liquid.
Apa saja kriterianya?
1. Wyckoff Spring
2. Relative Volume > 3x Vol MA 20
3. harganya di bawah POC Volume Profile
ini aku share pantauan dari screener aja.
Pantauan Saham IHSG 29 April",2026-04-29T11:11:32.000Z,https://www.threads.com/@andriandavinta_/post/DXtqOUOFP3o,IHSG,2026-05-05T16:44:51.482410
mang.amsi,IHSG TURUN SEJAK AWAL TAHUN… TAPI YANG PALING TURUN SEBENARNYA BUKAN ANGKANYA,2026-04-02T11:06:40.000Z,https://www.threads.com/@mang.amsi/post/DWoINCskZqt,IHSG,2026-05-05T16:44:51.647979
rumatela05,"Kata gemini israel punya 90 hulu ledak nuklir. 3 saja yang tembakin ke Iran, gencatan senjata batal, oil lompat ke 200, IHSG terjun 4000.",2026-04-08T01:18:21.000Z,https://www.threads.com/@rumatela05/post/DW2hpROkmKI,IHSG,2026-05-05T16:44:51.818576
bqmira19,"Kalo konten saham udah mulai rame lagi d thread, artinya ihsg mulai rebound🤣🤣🤣",2026-04-14T05:53:36.000Z,https://www.threads.com/@bqmira19/post/DXGd6lMEYNa,IHSG,2026-05-05T16:44:51.982188
stocks_ninja.id,"IHSG hari ini naik 4.42%, perlu hati-hati ada gap lumayan besar di range 7000 - 7125.",2026-04-08T10:01:12.000Z,https://www.threads.com/@stocks_ninja.id/post/DW3dercEs7m,IHSG,2026-05-05T16:44:52.316093
jakbal_thrift,Asing sudah pindah ke Vietnam🥹,2026-04-25T03:40:43.000Z,https://www.threads.com/@jakbal_thrift/post/DXijc64E_wZ,IHSG,2026-05-05T16:44:52.487171
afif_abu_ibrohim_latin,"Memang seperti itu uang berputar. Vietnam lagi bullis, IHSG lagi otw bottom, nanti saat IHSG rebound, 100% asing masuk lagi.
afif_abu_ibrohim_latin",2026-04-25T03:58:07.000Z,https://www.threads.com/@afif_abu_ibrohim_latin/post/DXilcU_ETmG,IHSG,2026-05-05T16:44:52.627214
sobatporto,"$IHSG
Kondisi IHSG masih berada di area resist",2026-04-20T01:47:43.000Z,https://www.threads.com/@sobatporto/post/DXVei11k2c-,IHSG,2026-05-05T16:44:55.425210
ssamuel_rp,"Saham Pom² BAPA
*Saham volatil kelas bulu (bisa Ara-Arb) potensi msh perform :
OPMS, MDIA, PIPA, PADA, DIVA, BPTR, TRUK, BAPA
*Saham volatil dng volume besar kemarin : BNBR, PADI, TPIA, MINA
*Saham2 yg dapat di perhatikan hr ini:
BBCA, BMRI, BBRI
Perkiraan IHSG akan bergerak pada Senin (13/4) antara 7200-7500",2026-04-13T01:44:05.000Z,https://www.threads.com/@ssamuel_rp/post/DXDckFsAQZF,IHSG,2026-05-05T16:44:55.649401
viviverlisya,"Semoga ini awal mula utk IHSG kembali bullish dan capai 10k ya 🙏
R selanjutnya di 7500, ada potensi akan koreksi dulu, sblm membentuk pola IHNS dgn target 8000 😆
IHSG kembali rally, di lead dengan saham konglo favorit ritel unyu 👌🏻",2026-04-10T03:15:25.000Z,https://www.threads.com/@viviverlisya/post/DW74oc7EjkD,IHSG,2026-05-05T16:44:55.845089
adelonnataa,"Serangan terjadi pukul 23:50 waktu Kuwait, 5 April.
Market belum buka… tapi sentimen sudah hancur duluan.
Besok IHSG siap-siap longsor.",2026-04-05T21:11:11.000Z,https://www.threads.com/@adelonnataa/post/DWw7xO0jJQP,IHSG,2026-05-05T16:44:56.012183
stocks_ninja.id,"IHSG closing dibawah 7000, otw 6000 kah ini gess 😭",2026-04-06T09:37:37.000Z,https://www.threads.com/@stocks_ninja.id/post/DWyRMQhD8gM,IHSG,2026-05-05T16:44:56.155714
rinn.diani25,"perkiraan IHSG stabil kapan ya guys?
mau masuk takut kejebak :)) skrg terlalu gorengan bgt IHSG wkwk",2026-02-09T04:07:23.000Z,https://www.threads.com/@rinn.diani25/post/DUhe4j-ki_w,IHSG,2026-05-05T16:44:56.299831
bang.mentari,"IHSG lagi seger banget naik sampe 4 persenan gara-gara sentimen global. Lumayanlah buat yang punya portofolio saham, bisa senyum dikit hari ini. Ekonomi pelan-pelan stabil semoga dampaknya berasa sampe ke kita yang rakyat biasa.",2026-04-09T02:42:13.000Z,https://www.threads.com/@bang.mentari/post/DW5QA0ZE-v0,IHSG,2026-05-05T16:44:56.438086
hijklm.family,"btw kyknya mending aku belajar scalpingan saham King Belpin aja mulai skrg 😆
tp tangan gatel ya, kmrn entry KIJA 10 jutaan dibawa turun,
eh malah ada bid order 5 jt yg lupa kehapus jg
alhasil dobel order KIJA 😆
cutloss gak ni?
sebenernya sejak liat yutub Pak Gema, aku udah jarang bgt trading
mending simpen cash buat persiapan IHSG crash lebih dalam",2026-04-23T08:03:21.000Z,https://www.threads.com/@hijklm.family/post/DXd36u1kieH,IHSG,2026-05-05T16:44:56.633145
dewamahesadirgantara,"Tapi ingat…
IHSG naik ≠ semua saham naik.
IHSG turun ≠ gak ada peluang.
Gak perlu lihat satu-satu saham,
cukup lihat IHSG → udah kebaca kondisi market.
IHSG (Indeks Harga Saham Gabungan) itu kumpulan saham di Bursa Efek Indonesia yang dijadiin satu angka.
• Naik → banyak yang cuan
• Turun → banyak yang minus
• Diam → lagi nunggu arah
Simpelnya, IHSG itu “suasana” pasar saham Indonesia.
Sering denger IHSG naik turun, tapi gak paham?
IHSG Naik Turun, Sebenarnya Itu Apa Sih?
dewamahesadirgantara",2026-04-24T01:31:09.000Z,https://www.threads.com/@dewamahesadirgantara/post/DXfv1Eek8V3,IHSG,2026-05-05T16:44:56.883800
rumatela05,"​Menurut gua, skenario kedua yang paling mungkin terjadi, penurunanan bobot IHSG ke angka 0,5% atau 0,6%.
​Skenario 3: MSCI turunin IHSG ke Frontier Market.
​Skenario 2: MSCI pangkas bobot IHSG di bawah 1%.
​Skenario 1: MSCI menurunkan bobot IHSG dari 1,2% ke 1%.
Terkait MSCI, ada tiga menurut gua skenario yang akan terjadi:
​IHSG hijau pekat dalam seminggu terakhir, tapi gk ada inflow asing sama sekali. Asing kayaknya masih menunggu pengumuman MSCI tanggal12 Mei.",2026-04-19T03:40:40.000Z,https://www.threads.com/@rumatela05/post/DXTGrVCkic_,IHSG,2026-05-05T16:44:57.118790
trilyunanpahala,Kira2 apa yang akan terjadi om? Kalau yg skenario ke 2 terjadi? IHSG to the moon atau malah nyungsep?,2026-04-19T03:50:50.000Z,https://www.threads.com/@trilyunanpahala/post/DXTH1w7kp09,IHSG,2026-05-05T16:44:57.266163
fitpost.id,"Menteri Keuangan Purbaya Yudhi Sadewa menyatakan optimisme bahwa Indeks Harga Saham Gabungan (IHSG) berpotensi mencapai level 10.000 pada tahun ini, meskipun sempat mengalami tekanan signifikan dengan penurunan sekitar 3,38% ke level 7.129 pada akhir April 2026. Penurunan tersebut dinilai sebagai dampak sementara dari sentimen global, bukan mencerminkan pelemahan fundamental ekonomi domestik.
IHSG Ditargetkan Tembus 10.000, Pemerintah Yakin Fundamental Ekonomi Tetap Kuat",2026-04-27T02:17:20.000Z,https://www.threads.com/@fitpost.id/post/DXnjf7ACVz_,IHSG,2026-05-05T16:44:57.433736
widipardiyawan,"Maaf Maaf ketiduran, berikut prediksi IHSG 27 April 2026
koraninvesta.netlify.app
Akurat ya
valid ✅",2026-04-27T10:34:36.000Z,https://www.threads.com/@widipardiyawan/post/DXocZ9GlO9R,IHSG,2026-05-05T16:44:57.727377
widipardiyawan,"Maaf Maaf ketiduran, berikut prediksi IHSG 27 April 2026
koraninvesta.netlify.app",2026-04-26T22:14:57.000Z,https://www.threads.com/@widipardiyawan/post/DXnHwoWkyQT,IHSG,2026-05-05T16:44:57.905881
sahamstockidn,"DYOR
Outlook FTSE pada tanggal 9 nanti bisa jadi katalis strong buy jika tidak ada issue signifikan.
IHSG stay strong di area support 6,900. Sudah menguji 3x dan belum jebol. Walupun banyak “badai.”",2026-04-06T09:03:06.000Z,https://www.threads.com/@sahamstockidn/post/DWyNPdNk3GL,IHSG,2026-05-05T16:44:58.085550
lexxo04,Apakah saya udah lulus sebagai investor dadakan?😂,2026-04-26T11:41:13.000Z,https://www.threads.com/@lexxo04/post/DXl_PEMkX-9,IHSG,2026-05-05T16:44:58.550202
widipardiyawan,"hari ini ihsg ga cuma bener tapi presisi
saham pilihannya juga gacor, semoga besok juga
sudah ada analisa terkait ihsg dan saham untuk besok, nanti abis isya kita update 🙏
Yang sudah berlangganan
koraninvesta.netlify.app",2026-04-21T11:50:44.000Z,https://www.threads.com/@widipardiyawan/post/DXZIWWLFHAF,IHSG,2026-05-05T16:44:58.986474
susanasrihandayani,"IHSG menuju 6000
Siap2 bangsal rawat inap di buka💆‍♀️
Nungguin
ANTM
UNTR
ELSA
ASII
PGAS
TINS
ARCI
apalagi ?
susanasrihandayani",2026-03-16T02:05:42.000Z,https://www.threads.com/@susanasrihandayani/post/DV7YyAAiccT,IHSG,2026-05-05T16:44:59.159544
helenaquinnzz,"Gila sih ini ekonomi parah banget, kurs dollar udh 17.300, IHSG turun ke 7rban.. harga semua naik dan ngerasa kok pemerintah spt diam aja... Apa gw doang yg merasa begini ya??",2026-04-24T05:28:19.000Z,https://www.threads.com/@helenaquinnzz/post/DXgK-C1E-F-,IHSG,2026-05-05T16:44:59.486615
ininana735,IHSG merah tapi running trade kok rame yg itu2 lagi,2026-04-26T07:28:25.000Z,https://www.threads.com/@ininana735/post/DXliTbTE3Zs,IHSG,2026-05-05T16:45:03.117804
im.ddewa,"Kayaknya MSCI kezell
Udh di HSC bukanya rungkad biar bisa beli harga bawah/murah mereka
Malah IHSG rebound naik 🤣",2026-04-21T01:36:04.000Z,https://www.threads.com/@im.ddewa/post/DXYCAfEAcBo,IHSG,2026-05-05T16:45:03.279351
joshua_pasaribu,Ini IHSG pada naik kenapa BIGBANK kek cipet gini ya😒,2026-04-13T07:37:40.000Z,https://www.threads.com/@joshua_pasaribu/post/DXEFB04kZOQ,IHSG,2026-05-05T16:45:03.417689
vpatrickd,Explain to me like I’m 5 yrs old. Kenapa IHSG sampe di suspend? MSCI itu apa.,2026-01-28T11:48:53.000Z,https://www.threads.com/@vpatrickd/post/DUDaKO7ATmY,IHSG,2026-05-05T16:45:03.765166
atlitsaham,"IHSG merah lgi kah.
Pasar us merah.. brent merah..",2026-04-30T01:14:29.000Z,https://www.threads.com/@atlitsaham/post/DXvKsO5E1iS,IHSG,2026-05-05T16:45:03.911740
rumatela05,"Senin rebound ???
⚠️Breaking, BREN & DSSA resmi didepak.",2026-04-24T11:11:24.000Z,https://www.threads.com/@rumatela05/post/DXgyO40kjsF,IHSG,2026-05-05T16:45:04.106884
rahma.nadk1,IHSG berdarah 📉 dollar naik 📈 pertanda apa ini ? 🫣,2026-04-23T03:54:54.000Z,https://www.threads.com/@rahma.nadk1/post/DXdbe-ik99Z,IHSG,2026-05-05T16:45:04.264934
angelica.jonatan,"*Source : bloombergbusiness
IRAN mengumumkan bahwa Selat Hormuz dibuka sepenuhnya untuk komersial 🔥🔥
Semoga senin IHSG to the moon 🚀
angelica.jonatan",2026-04-17T14:11:36.000Z,https://www.threads.com/@angelica.jonatan/post/DXPFSmLEW6k,IHSG,2026-05-05T16:45:04.460090
rudiraind,"Pasar kita punya ciri khas likuiditas tidak merata. 📌 Banyak saham dikendalikan pihak tertentu..
Apa masalah utamanya?
Bukan di harga.
Bukan di ekonomi makro.
Tapi di Struktur pasar.
1. IDENTIFIKASI MASALAH
Kenapa tiba-tiba Indonesia sibuk dengan MSCI?
Karena ada satu kekhawatiran besar yaitu IHSG terlihat kuat, tapi mungkin tidak “setahan itu”
Mari kita bedah pelan-pelan, bukan dari berita, tapi dari struktur.
Siapa yang sebenarnya menopang pasar kita?",2026-04-04T04:30:52.000Z,https://www.threads.com/@rudiraind/post/DWskfyWEcE3,IHSG,2026-05-05T16:45:04.661334
robbyyyyy_21,"Purbaya hari ini proyeksikan IHSG tembus 28.000 di 2030. Banyak yang ketawa. Gue sih enggak. Lihat datanya dulu. 2002 IHSG di level 400. 2009 udah di 2.500, naik lebih dari 6x dalam 7 tahun. Itu bukan kebetulan, itu siklus ekspansi ekonomi yang berjalan penuh. Sekarang kita di 7.000. Kalau ekspansi berlanjut sampai 2029-2030 dengan pertumbuhan ekonomi di atas 5-6%, bahkan target 8% yang disebut pemerintah, secara historikal indeks bisa naik 4-5x dari titik sekarang.",2026-04-27T12:52:26.000Z,https://www.threads.com/@robbyyyyy_21/post/DXosLfOCYqB,IHSG,2026-05-05T16:45:05.056038
sin_dau,"Target KAQI : 140
Target PJHB : 410
Target MINA : 384
Target COAL : 103
🔥🔥🔥🔥🔥🔥",2026-04-30T02:30:20.000Z,https://www.threads.com/@sin_dau/post/DXvTXsvk0JQ,IHSG,2026-05-05T16:45:05.349903
happytrader.co,"Kalau sampai IHSG turun ke Frontier Market saya mau CL semua saham terus dagang cilok aja didepan SD,
Kalau kalian mau ngapain ?",2026-04-01T11:50:07.000Z,https://www.threads.com/@happytrader.co/post/DWloYT2lLsM,IHSG,2026-05-05T16:45:05.546186
ekjlifestory,"Note:
Hati2. IHSG sy mau hijau tp gak tau market setuju atau tdk. Jgn mengkhayal saat eksekusi emiten. Stay waras. Screener di bio! ⚠️
ASPR
MEDS
AKRA
D***
L***
Cek screener
Cek screener
Cek screener
Cek screener
Cek screener",2026-04-28T00:00:25.000Z,https://www.threads.com/@ekjlifestory/post/DXp4n7oj04c,IHSG,2026-05-05T16:45:05.717450
happytrader.co,"HIDUP RITEEEEEEEL 🤣🤣
Walaupun merah tapi ritel pesta wkwk
IHSG merah karena DSSA & BREN,",2026-04-21T02:45:51.000Z,https://www.threads.com/@happytrader.co/post/DXYJ_eVmH-T,IHSG,2026-05-05T16:45:05.921680
ineeeed_,Wah amin dah mina,2026-04-22T06:07:13.000Z,https://www.threads.com/@ineeeed_/post/DXbF1UZlPIr,IHSG,2026-05-05T16:45:06.083724
growingtrade.saham,"ES udah mulai muncul nahan harga, bid udah keisi bigplayer 🚀
Syarat IHSG tidak breakdown 7500
growingtrade.saham",2026-04-22T06:19:58.000Z,https://www.threads.com/@growingtrade.saham/post/DXbHSo4Ellw,IHSG,2026-05-05T16:45:06.230866
bayumingga,"Watchlist 29 April 2026
- PADA
- DOOH
- INDO
- MAHA
- NPGF
*DYOR
*bukan ajakan jual/beli
🚨Tetap hari hati IHSG belum pulih dan kemarin belum tutup GAP",2026-04-29T00:47:42.000Z,https://www.threads.com/@bayumingga/post/DXsi1Njkg_I,IHSG,2026-05-05T16:45:06.376963
ekjlifestory,"DYOR!!!! 😆
Intinya:
Index AS sudah ATH. Perang ini secara hasil AS di atas angin. Terlepas ada impactnya atau tidak ke negara kita, semoga kondisi2 begini cpt hilang. Jadi faktor2 yg bisa memengaruhi IHSG berkurang dulu. HAHAHAHA.
- Alasan: buang2 waktu & kerja WKWK.
- Iran dinilai terpecah scr internal.
- Tidak jelas siapa pemimpinnya.
- AS merasa pegang kendali.
- Kalau butuh, mereka yg undang AS.
UPDATE!: Trump tunda diskusi ke Islamabad. 😅",2026-04-26T05:00:49.000Z,https://www.threads.com/@ekjlifestory/post/DXlRafGAQjM,IHSG,2026-05-05T16:45:09.463595
stockwise.id,"Nasib IHSG hari senin gimana guys? 🫣
#saham #beritasaham #sahamindonesia",2026-04-02T16:24:53.000Z,https://www.threads.com/@stockwise.id/post/DWosnq6GB-l,IHSG,2026-05-05T16:45:09.605783
hizkiakim,"Hari ini IHSG serem banget ya, BBCA bakal dibawah 6k kyknya 🤭",2026-04-24T04:35:21.000Z,https://www.threads.com/@hizkiakim/post/DXgE6NED51X,IHSG,2026-05-05T16:45:09.753821
happytrader.co,"Apakah IHSG besok senin terjadi ? 🙈
ingin berkata kasar sumpah 🤯",2026-04-02T14:02:50.000Z,https://www.threads.com/@happytrader.co/post/DWocXV3FNS5,IHSG,2026-05-05T16:45:09.938517
susanasrihandayani,"Nafas pelan
Tarik dalam dalam
Henbus kan dikit dikit
Mandi keramas
Beli es cendol
Bayangkan RDN, dan porto kita hanya sebatas angka😃
Semarang kaline banjir
IHSG dino iki ojok di pikir😃
susanasrihandayani",2026-04-30T06:53:04.000Z,https://www.threads.com/@susanasrihandayani/post/DXvxcC3ifhp,IHSG,2026-05-05T16:45:10.097149
mgmpekonomijt1,IHSG kita sedang buruk bung. Ada yang tahu penyebany apa?,2026-05-01T00:51:38.000Z,https://www.threads.com/@mgmpekonomijt1/post/DXxs3sOj_L2,IHSG,2026-05-05T16:45:10.233312
profitmen.id,"Better entry di jam 15:50 waktu IEP
Jual pagi hari ✍️
TP Secukupnya
SL ketat 3%
Disclaimer on men, IHSG Kebakaran jangan lupa kurangi porsi jaga modal dan jangan lupa analisa kembali 🔥
• PSDN
• HYGN
• BNBR
BSJP
Jum'at 24 - 04 - 2026",2026-04-24T08:34:00.000Z,https://www.threads.com/@profitmen.id/post/DXggOCVkfJm,IHSG,2026-05-05T16:45:10.401373
prdhna_,"Kalau ditarik pelan, ini nyambung ke problem yg lebih gede, IHSG sesi pertama naik 0,65% ke 7.175,62. Yang menarik, bank jumbo rame transaksinya, tapi justru saham tambang yg jadi penarik utama indeks hari ini.",2026-04-30T04:00:14.000Z,https://www.threads.com/@prdhna_/post/DXvdpPfmBcY,IHSG,2026-05-05T16:45:10.542508
gemathebillionaire,"So, hati-hati guys untuk sekarang ini
Dan di fase seperti ini:
1. Yang buru-buru entry → biasanya nyangkut
2. Yang ikut berita → sering salah arah
3. Yang tidak punya timing → cuma jadi penonton yang panik
Tapi yang akan kita hadapi kedepan adalah market yang sideways dan akan semakin chaos karena sentimen yang terus berubah ubah.
IHSG sudah menjalankan skenario yang kemarin saya sampaikan.
ABC correction terjadi… dan market merespon sesuai timingnya.
gemathebillionaire",2026-04-10T04:02:55.000Z,https://www.threads.com/@gemathebillionaire/post/DW7-EDBky16,IHSG,2026-05-05T16:45:10.743771
ombentrader,"Penurunan IHSG 2 hari secara masif adl bukti berlakunya gaya gravitasi bumi
Itulah sebabnya kalo naik butuh proses lama, turun nya cepet
Sebagai ritel cerdas kita hindari jargon ""SAYA AKAN LAWAN !!!""",2026-04-24T09:59:40.000Z,https://www.threads.com/@ombentrader/post/DXgqBjZE3oX,IHSG,2026-05-05T16:45:10.911826
kaptensaham707,IHSG ada gap di 6100 & 6500.,2026-04-24T03:15:32.000Z,https://www.threads.com/@kaptensaham707/post/DXf7xi7EXI4,IHSG,2026-05-05T16:45:11.953747
zhuanmologi,"#PADI
Uptrend masih terjaga dengan harga bertahan di atas MA200, dan saat ini sudah kembali ke atas MA50 dan berpotensi menuju 179
Buy @125
Stoploss
@113
Take Profit 179
#saham
#IHSG
#tradingidea",2026-04-10T04:48:41.000Z,https://www.threads.com/@zhuanmologi/post/DW8DTlQAZIJ,IHSG,2026-05-05T16:45:12.376604
happytrader.co,"Itulah pentingnya analisa dan mental 😎
Kok berani serok dan yakin IHSG tidak turun lagi ?
Terus udah mulai HOLD,",2026-04-10T06:05:09.000Z,https://www.threads.com/@happytrader.co/post/DW8MDnBFE58,IHSG,2026-05-05T16:45:12.559229
gabriellaclau_,manifesting IHSG 8000 di April ini🔥,2026-04-16T02:49:53.000Z,https://www.threads.com/@gabriellaclau_/post/DXLSevbCSSk,IHSG,2026-05-05T16:45:12.768148
serli_sara2200,"IHSG kenapa sih 🥹, buka portofolio bikin mental down 😭",2026-04-24T04:10:16.000Z,https://www.threads.com/@serli_sara2200/post/DXgCCb3iZvg,IHSG,2026-05-05T16:45:12.929731
bayumingga,"Watchlist pagi ini Selasa 28 April 2026, biarpun tahu IHSG hari ini akan merah, tapi cukup pantau.
PTMP
NPGF
JAST
BABY (HR)
MPIX (HR)
DIVA (HR)
dyor
*analisa kembali
*bukan ajakan jual/beli
*Pasang SL, TP secukupnya",2026-04-28T00:00:01.000Z,https://www.threads.com/@bayumingga/post/DXp4lAEEtHQ,IHSG,2026-05-05T16:45:13.071600
tonnikho,"Warbyasah IHSG✨
Opening pagi ini ga jebol bikin gap down dalem kayak gold spot 😂.",2026-04-13T02:07:50.000Z,https://www.threads.com/@tonnikho/post/DXDfSCMktsX,IHSG,2026-05-05T16:45:16.403942
kikirizkymeilinda,"Kak ini besok masih ada kemungkinan turun kah?
kikirizkymeilinda",2026-04-13T02:22:14.000Z,https://www.threads.com/@kikirizkymeilinda/post/DXDg7nJkVhj,IHSG,2026-05-05T16:45:16.551026
mang.amsi,"AWAL TAHUN OPTIMIS… SEKARANG PORTOFOLIO MALAH BIKIN ""NANGIS""?",2026-04-07T09:51:40.000Z,https://www.threads.com/@mang.amsi/post/DW03mFFkZPX,IHSG,2026-05-05T16:45:16.721284
mang.amsi,"Sampai akhirnya sekarang di bawah 7.000. Dan di titik ini, banyak yang baru sadar: ini bukan sekadar koreksi biasa.
Dari awal tahun 2026, IHSG tidak langsung jatuh. Dia turun pelan. Dari 9.000-an, sempat dianggap “koreksi sehat."" Lalu turun lagi, dibilang “kesempatan buy.""",2026-04-07T09:51:40.000Z,https://www.threads.com/@mang.amsi/post/DW03mHTkSbB,IHSG,2026-05-05T16:45:16.899322
pangeran_gareng,"Kalau kalian gimana, suka saham tipe gini juga 😬
Bekicot disini maksud ane, kalau temen temen perhatiin chart hariannya beuh cuma sisiran doang, trading halt juga minus tipis ada gonjang ganjing news IHSG ya anteng pokoknya bekicot 😆✌🏻 <== atau biasanya disebut saham anti badai
Jujur ane sebagai penganut aliran dividen investing seneng banget kalau nemu saham yang kalau ditarik 3 atau 5 tahun kebelakang harganya itu ndak sideways di range harga itu saja ✌🏻😆
Saham Bekicot Penghasil Dividen 🐌💸",2026-04-20T05:30:32.000Z,https://www.threads.com/@pangeran_gareng/post/DXV4C32kyH7,IHSG,2026-05-05T16:45:17.102919
abiwidasmara,"Awas lu Trump, jangan berulah minggu depan 🤬
IHSG perlu menembus WEMA 8 untuk melanjutkan kenaikan, kalo bisa tembus semua WEMA biar bull market lagi wkwk 😂
IHSG HIJAU LAGI 🤩 APAKAH SUDAH BOTTOM?",2026-04-10T03:43:46.000Z,https://www.threads.com/@abiwidasmara/post/DW774Ickxy7,IHSG,2026-05-05T16:45:17.283643
mirzaidhams,"Mulai merasakan enak nih, beli saham pas murah2. Skrng turun lagi, apakah waktunya belanja?
Selama 5 tahun, BBNI kasih deviden Yield sekitar 14%/tahun, belum lagi kenaikan harga saham setiap tahun.
Pas jaman Covid, aku beli saham BBNI diharga 2468 itupun aku ragu apakah masih bisa turun lagi? Yaudah deh all in kesitu.
Nyobain beli saham di masa IHSG turun",2026-03-26T00:15:47.000Z,https://www.threads.com/@mirzaidhams/post/DWU8JrAElSl,IHSG,2026-05-05T16:45:17.496240
sahamstockidn,"Pertanyaannya:…
Walaupun menurut gw mencapai IHSG di angka 14.000 terlalu optimis, tp saya cukup yakin IHSG bisa tembus ATH lagi yg pernah dicapai di angka 9.100an di tahun ini.
Dengan latar belakang gw di bidang ekonomi, video dari Sucor Sekuritas ini menurut gw cukup menarik.",2026-04-03T06:23:53.000Z,https://www.threads.com/@sahamstockidn/post/DWqMot3EyMY,IHSG,2026-05-05T16:45:17.696781
happytrader.co,"Ritel udah pada kebelet IHSG ke 12.000 ✌️
Semoga ada deal dari kedua belah pihak 😎
IRAN dan USA mau ada pertemuan lagi untuk membahas negoisasi lebih lanjut,
Dengan adanya pertemuan sudah bertanda baik dengan turunnya harga minyak.",2026-04-21T00:21:50.000Z,https://www.threads.com/@happytrader.co/post/DXX5gqmk7Qu,IHSG,2026-05-05T16:45:17.901722
wawan_aris,"Dollar hampir menyentuh 17.500, euro 20.000, IHSG Anjlok, Investor asing cabut, PHK dimana-mana, BBM naik, Bahan Baku Makanan Pokok Naik, Bijaklah dalam mengatur keuanganmu kedepan gaes….",2026-04-27T22:37:56.000Z,https://www.threads.com/@wawan_aris/post/DXpvL25Epb3,IHSG,2026-05-05T16:45:18.064009
happytrader.co,"Kang fear STFU jangan brisik & nakutin ritel 😜
Ingeet tel,
Kalau besok IHSG ijo pekat lagi artinya IHSG sudah REVERSAL,
Sudah botttttoooommm, Bikini bottom tom tom",2026-04-08T13:47:36.000Z,https://www.threads.com/@happytrader.co/post/DW33Y7EFBJd,IHSG,2026-05-05T16:45:18.543504
virgo.invest,"Senin bakalan berdarah parah, Total dana asing paling minim keluar dari indonesia jika mengikut kurs saat ini sekitar 42,7 Triliun rupiah 😢
#ihsg #saham #market #",2026-04-26T13:59:15.000Z,https://www.threads.com/@virgo.invest/post/DXmPBq5E_5J,IHSG,2026-05-05T16:45:18.696587
nekerway,"Yang jadi pertanyaan. Ada apakah ini ?
Apakah Indonesia bener2 mau dibuang ke frontier market ?
Outflow asing sudah lebih dalem lagi dari outflow pas crash Covid dulu.",2026-04-23T06:58:53.000Z,https://www.threads.com/@nekerway/post/DXdwigtgcSg,IHSG,2026-05-05T16:45:18.873200
fdnzl24,Lebih serem IHSG tahun lalu apa tahun ini geys? wkwk,2026-02-02T07:57:35.000Z,https://www.threads.com/@fdnzl24/post/DUP3qcfkaNe,IHSG,2026-05-05T16:45:19.035370
rifa.ahmd,"10 votes · Poll ended
So pasti tidak bisa berharap ke big banks, krn ada potensi kita dibawa ke frontier market dan pasti big banks jadi bulan bulanan kalo itu jadi😁.
Gaes, kalo bener target Menkeu IHSG 10rb akhir tahun, 2030 IHSG 28rb, kira2 konglo mana yg bakal jadi “backbone” IHSG menemani BREN TPIA nya pak PP + DSSA nya Sinarmas? Karena kmrn IHSG ke 9000an digendong mereka😁.",2026-05-01T13:13:52.000Z,https://www.threads.com/@rifa.ahmd/post/DXzB0CKk6Rg,IHSG,2026-05-05T16:45:19.277419
sitimarlina.jp,"Semakin saya belajar, semakin saya nyantai untuk trading.
Karna saya belajarnya satu2 dan harus back test analisa saya sendiri, jadi ya harus sabar.
Belajar dari kesalahan selama ini:
1. Saya harus patuh ke trading plan yang saya buat sendiri
2. Jangan kejar harga yg udah naik.
Setelah analisa swing, akhirnya saya nitip sendal.
Yang namanya nitip sendal ya sedikit aja, kalau sesuai analisa bisa langsung nambah muatan, kalau gak sesuai analisa ya CL.
belajarsahampemula",2026-04-29T03:21:15.000Z,https://www.threads.com/@sitimarlina.jp/post/DXs0Z0Nihqm,IHSG,2026-05-05T16:45:19.478696
sahamimpian.id,"""Let's say (katakanlah), sekarang (IHSG) 7.000 lah. Ekspansi kita akan berlangsung sampai 2029-2030. Itu saya bilang bisa 4-5 kali.
Purbaya menilai, target tersebut sangat masuk akal jika berkaca pada rekam jejak pertumbuhan indeks di masa lalu.
Menteri Keuangan, Purbaya Yudhi Sadewa meyakini Indeks Harga Saham Gabungan (IHSG) memiliki potensi besar untuk melesat hingga ke level 28.000 pada periode 2029-2030, seiring dengan ekspansi ekonomi nasional yang berkelanjutan.",2026-04-27T08:44:53.000Z,https://www.threads.com/@sahamimpian.id/post/DXoP2esjpkK,IHSG,2026-05-05T16:45:20.030653
meng_kim12,"Tidak tahulah ya apa yg akan terjd nanti. Semoga semua baik2 saja...yg jelas IHSG makin nyungsep 👎👎
Kemungkinan besar tgl 4 Mei 2026 dollar jadi 17.400 - 17.500
Solarpun mulai antri panjang.",2026-04-30T06:20:25.000Z,https://www.threads.com/@meng_kim12/post/DXvts-ZEqU9,IHSG,2026-05-05T16:45:20.295770
si_penggembira,"Ada yang mau nambahin?
Top 4 film terhoror minggu ini :
1. BBCA 5850
1. BBRI 2990
3. IHSG < 7000
4. Rupiah 17.350.",2026-04-30T11:08:43.000Z,https://www.threads.com/@si_penggembira/post/DXwOskyiWHA,IHSG,2026-05-05T16:45:20.490344
naamanwewin,"RITEL:
“😱😱😱Pak Purbayaa, tolooooonngggg !!!!”
INFLUENCER SAHAM:
Bye,tutup porto, jalan2 dulu ✈️🚗🗽🚊🌄🌉.
Kala IHSG merah:",2026-03-16T04:07:11.000Z,https://www.threads.com/@naamanwewin/post/DV7mrtvDMMm,IHSG,2026-05-05T16:45:20.679587
wuchun2987,"Woyy, ini IHSG kenapa dahh?? Katanya klo lagi perang, sektor oil dan emas hrsnya kan naik ya..tp ini knp pada anjlok semua 🤧 pdhl harga oil dunia udh naik..",2026-03-04T08:36:05.000Z,https://www.threads.com/@wuchun2987/post/DVdL6xqE7wT,IHSG,2026-05-05T16:45:20.851194
imamyogaaa,"Saya sudah rangkumin poin-poin krusialnya di sini.""
Catatan penting dari sesi Live Koh MY: Ada satu pola Price Action.
Ketakutan terbesar muncul dari isu geopolitik dan kebijakan energi global yang mencekik.
Banyak yang mengira ini akhir dari market Indonesia karena penurunan mencapai -23%.
IHSG SEDANG BERDARAH DAN SEMUA ORANG PANIK JUAL RUGI.",2026-03-29T05:13:38.000Z,https://www.threads.com/@imamyogaaa/post/DWdMnyfEU9k,IHSG,2026-05-05T16:45:23.665609
meiza.aditya,"2. 💰 Aksi Asing (Foreign Flow)
• Asing cenderung net sell tipis
• Biasanya ini bikin saham big caps kayak:
1. 🌏 Sentimen Global Masih Nahan
• Pasar lagi nunggu arah suku bunga dari Federal Reserve
• Yield obligasi US masih relatif tinggi → bikin dana asing agak hati-hati masuk ke emerging market kayak Indonesia
Kenapa? Ini faktor utamanya:
IHSG hari ini cenderung bergerak campuran (sideways) dengan kecenderungan agak melemah tipis di sesi akhir.
📊 Kondisi IHSG Hari Ini sangat menarik🔥",2026-04-14T11:24:50.000Z,https://www.threads.com/@meiza.aditya/post/DXHD0mRmoqD,IHSG,2026-05-05T16:45:24.151870
emirparengkuan,"#saham #IHSG
Hari ini IHSG koreksi walaupun ga terlalu dalem dan member2 udah pada TP sebagian. Kalo kalian gimana?",2026-04-15T11:04:07.000Z,https://www.threads.com/@emirparengkuan/post/DXJmPcumHf2,IHSG,2026-05-05T16:45:24.311816
cecilliasantoso_,"IHSG Positif.
Positif anjlok 🫠🫠🫠
Satu²nya yang oke hari ini, dapat uang duka dari BBNI, tapi buat avgd BBNI 😂
Gitu aja terus sampai Trump jadi budeg atau ketimpuk rudal 🤧
cecilliasantoso_",2026-04-07T02:18:59.000Z,https://www.threads.com/@cecilliasantoso_/post/DW0DydFAeUp,IHSG,2026-05-05T16:45:24.465610
jagosahamindonesia,"Trump ""nyenggol"" Iran, harga minyak Brent futures Juni langsung meroket ke $126/barel. Level tertinggi sejak 2022. Market global lagi chaos, dan IHSG kena getahnya terjun ke 6.900. Rupiah? Patah hati di Rp17.400. Mari kita bedah logikanya. ☕️
jagosahamindonesia",2026-04-30T08:57:51.000Z,https://www.threads.com/@jagosahamindonesia/post/DXv_t9Wid8i,IHSG,2026-05-05T16:45:24.620663
happytrader.co,"Ternyata benar,
Ritel cuma tau luarnya doang.
Real smart money sudah paham sampai ke akar masalah, respect koh
@_michaelyeoh
Mulai make sense apa yang dikatakan Koh MY bahwa bottom IHSG 6000 🥲
2x 3x ARB bisa sih emiten di daftar HSC 🙈",2026-04-03T01:53:28.000Z,https://www.threads.com/@happytrader.co/post/DWptsGkFG-k,IHSG,2026-05-05T16:45:24.807649
maufiqur,"Udah rugi setengah ember,
Lebaran kali ini gabisa beli baju baru dulu",2026-03-09T03:22:39.000Z,https://www.threads.com/@maufiqur/post/DVpgBecAVIK,IHSG,2026-05-05T16:45:24.980644
esmeraldaa_a,"Jujur udah di fase lelah lihat IHSG. Di obok2 mulu gess. Hari ini hijau besok merah, repeat.
Udah kayak saham gorengan aja 😭",2026-04-07T09:27:47.000Z,https://www.threads.com/@esmeraldaa_a/post/DW003IEGnOO,IHSG,2026-05-05T16:45:25.140082
tastas.662,Bulan pertamaku disaham dan ancur ancuran dihantam IHSG. Ada juga kah ngerasain hal yang sama?,2026-03-16T09:24:01.000Z,https://www.threads.com/@tastas.662/post/DV8K8UCkT3a,IHSG,2026-05-05T16:45:25.299603
leeyo.nk,"Kayanya kalau dilakukan survey di IHSG, 70% Scalper, 20% Swing/ Day trade, 10% nya lagi memang benar” Investing.",2026-04-23T14:42:54.000Z,https://www.threads.com/@leeyo.nk/post/DXelpGnjyL8,IHSG,2026-05-05T16:45:25.470671
divideninvesting.id,"Dan tdk ngapa2ain
Melihat saham2 lain terbang
Diam diri di pojokan
Apa yg dilakukan?
IHSG utamanya Indeks DIVI30 dalam pekan ini relatif hijau
divideninvesting.id",2026-04-10T04:15:55.000Z,https://www.threads.com/@divideninvesting.id/post/DW7_jk1EmHu,IHSG,2026-05-05T16:45:25.697899
wahyutaufik_,Ayolah IHSG segerakan 6900 nya,2026-04-29T02:06:15.000Z,https://www.threads.com/@wahyutaufik_/post/DXsr0fiGj-M,IHSG,2026-05-05T16:45:26.037385
vereshanz,"#LK Q3 2025 #BUAH 🤩
Source :Mirrae Asset",2025-10-27T10:31:58.000Z,https://www.threads.com/@vereshanz/post/DQTzbbvAeG5,IHSG,2026-05-05T16:45:26.197805
karyawanbercuan,"Ini bukan bull market. Ini:
fragile rally di atas ketidakpastian
Kenapa IHSG masih bisa naik ke 7500–7600?
Simple:
liquidity + positioning
Tapi:
inflasi naik
demand turun
geopolitik gagal deal
Sekarang lu harus jujur baca kondisi
Market sekarang:
Naik karena harapan de-eskalasi
Ini sinyal klasik:
foreign belum balik → trust belum ada
Rupiah masih lemah
17,000-an",2026-04-13T13:47:53.000Z,https://www.threads.com/@karyawanbercuan/post/DXEvZaJidK6,IHSG,2026-05-05T16:45:26.397711
annstwr,"Para suhu IHSG, financial experts, dan teman-temannya...mau tanya kemana kah arah IHSG saat ini?",2026-04-30T08:15:59.000Z,https://www.threads.com/@annstwr/post/DXv67V7E6Xl,IHSG,2026-05-05T16:45:26.553873
theferdians,"Tapi kalo sekalinya patah, turunnya juga bisa dalem banget.
Belum ada patah trend.
Masih. Bullish. Banget.
Ini chart weekly IHSG. Ngeliat chartnya sih keliatannya ada potensi buat ngetes support panjangnya dari 2008, yaitu di sekitar 6000 - 6200. Itu kalo trend jangka panjang yang masih bullish banget.
Nggak pengen spoil the fun, atau fear mongering atau apa lah namanya.",2026-04-14T00:45:35.000Z,https://www.threads.com/@theferdians/post/DXF6qftEnZa,IHSG,2026-05-05T16:45:26.774490
happytrader.co,"Ada tambahan?
Simple, tapi tidak semudah itu ✌️
1. Cari saham yang lagi trending
2. Pelajari perusahaan dari saham tersebut, ga harus yang detail dari A sampai Z... Minimal tau LapKeu, PE, PBV.
3. Pelajari analisa teknikal, minimal tau saham tersebut dalam kondisi uptrend/downtrend.
4. Pelajari analisa transaksi, minimal tau .....
5. Pelajari bid offer, minimal tau ...
6. Pelajari sentimen makro dan mikro.
7. Pelajari mentalitas trader, minimal tau fear and greed.
Tips trading saham di IHSG :",2026-04-04T09:41:33.000Z,https://www.threads.com/@happytrader.co/post/DWtIDT7FDrC,IHSG,2026-05-05T16:45:26.984788
bayuardiyan,Ada apa nih dengan market? Seumur-umur baru ngerasain IHSG sehancur ini,2026-01-28T05:02:25.000Z,https://www.threads.com/@bayuardiyan/post/DUCrpKfAYFv,IHSG,2026-05-05T16:45:27.149477
greenstocktrader,"Yuk kita simak ⤵️⤵️⤵️
Sebagai seorang trader, kita harus gimana saat IHSG ""merah""?
greenstocktrader",2025-09-09T09:19:52.000Z,https://www.threads.com/@greenstocktrader/post/DOYFBaDk57W,IHSG,2026-05-05T16:45:30.342106
alditama,"Anjlok bgt ini saham BCA, average gw di 10,169 🥲 banyak investor asing pada jual krn pindah ke emiten emas. Bank lain juga kena imbasnya. Ada yang senasib ga nih?",2025-09-08T15:28:51.000Z,https://www.threads.com/@alditama/post/DOWKdABkwqq,IHSG,2026-05-05T16:45:30.521638
suwastika_03,Aku hari ini dah nadzar klo MDIA ARA . Alhamdulillah ara 😍 saatnya menunaikan nadzar .,2026-04-20T09:08:17.000Z,https://www.threads.com/@suwastika_03/post/DXWQ9pIj-Q6,IHSG,2026-05-05T16:45:30.691701
ekjlifestory,Mantap!!! Panutan sy ini! IHSG merah tetap dijambak jg 🤣🤣🤣,2026-04-20T09:11:41.000Z,https://www.threads.com/@ekjlifestory/post/DXWRWnOGeO8,IHSG,2026-05-05T16:45:30.840812
igitpermanasigart,"Untung nya aku gak pegang 1pun saham pak PP 🫩
Kalau dipikir pikir kasian pak PP ya, udah bikin everybody happy dari 2024an sekarang ujung nya gini 🫩
US Stock drop, kepemilikan konsentrasi tinggi di buka, saham saham pak PP entah gimana kabarnya Senin. Semoga gak ARB berjilid jilid tapi kemungkinan besar pasti Out MSCI 🫠
Gak kebayang besok Jumat kalau BURSA buka, IHSG udah pasti kena bantai 😐😐
igitpermanasigart",2026-04-02T13:50:59.000Z,https://www.threads.com/@igitpermanasigart/post/DWobAeSIEYc,IHSG,2026-05-05T16:45:31.062947
susanasrihandayani,"Lagi meeting nengok IHSG seger bener
Hijau2
Apalagi
MINA
INCO
GTSI
HUMI
LSIP
ARCI
ANTM
PTRO
INDF
Dll
susanasrihandayani",2026-04-14T02:25:13.000Z,https://www.threads.com/@susanasrihandayani/post/DXGGETvCaoV,IHSG,2026-05-05T16:45:31.221486
lyovivo_,"Kapan drama IHSG ini berakhir.
Penutupan Bursa Saham kemarin, floating loss kerugian gw minus 146 juta 😭😭😭",2026-03-18T11:07:24.000Z,https://www.threads.com/@lyovivo_/post/DWBgXMLmc0Q,IHSG,2026-05-05T16:45:31.409791
imamyogaaa,"Tanpa penguatan perbankan besar, porto ritel yang tidak siap akan ikut terbakar.
Beban indeks sangat berat karena BREN & DSSA masuk list HSC. IHSG hanya bisa selamat jika BBCA, BBRI, BMRI, BBNI, dan
TLKM kompak naik minimal 5% sekaligus.
IHSG BISA MERAH TOTAL SENIN 6 APRIL, APAKAH PORTO KAMU SIAP?",2026-04-03T12:32:56.000Z,https://www.threads.com/@imamyogaaa/post/DWq23srEcOu,IHSG,2026-05-05T16:45:31.595849
bunga11_11,"Tanya pak.. apa maksud kalimat "" IHSG hanya bisa selamat jika BBCA,BBRI,BMRI,BBNI dan TELKOM kompak naik minimal 5% sekaligus?
Apa itu artinya harga saham 5 emitten tsb bakal naik?",2026-04-03T14:33:00.000Z,https://www.threads.com/@bunga11_11/post/DWrEnElGfhv,IHSG,2026-05-05T16:45:31.751542
candra_jayadii,"Siapa lagi yg akan downgrade ya ?
Catatan 2026 IHSG crash dari 9000
Dimulai end January 28
1. MSCI mology per VOC dah Hancur.
2. Moody downgrade
3. S&P downgrade
4. Perang Iran, blokade Selat Hormuz
5. Fitch downgrade
6. ???",2026-03-04T05:31:20.000Z,https://www.threads.com/@candra_jayadii/post/DVc2xkIEt_h,IHSG,2026-05-05T16:45:32.211607
dyocta_ngopi,"Di balik IHSG yang koreksi, ada asing yang lagi asik koleksi 🤫
FYI, net buy asing hari ini tembus 1,1T. Bukan angka yang kecil untuk transaksi 1 hari",2026-03-09T12:41:10.000Z,https://www.threads.com/@dyocta_ngopi/post/DVqf8MHEVin,IHSG,2026-05-05T16:45:32.575851
ekjlifestory,Wkwkwkwkwkwk disetop IHSG,2026-04-23T03:41:53.000Z,https://www.threads.com/@ekjlifestory/post/DXdZ_pemSUF,IHSG,2026-05-05T16:45:32.783932
prengky09,IHSG drop knp bang?,2026-04-23T03:52:47.000Z,https://www.threads.com/@prengky09/post/DXdbPjNE6s6,IHSG,2026-05-05T16:45:32.930608
zhuanmologi,"#INET
Masih berpeluang melanjutkan uptrend dengan tertahan di MA200. Buy on Weakness
Buy @294
Stoploss @262
Take Profit 406-438
#IHSG
#saham
#tradingidea
#stockpick",2026-04-13T08:01:13.000Z,https://www.threads.com/@zhuanmologi/post/DXEHuZ4gbyd,IHSG,2026-05-05T16:45:36.380223
viviverlisya,"Semoga bertahan sampe closing ya 🙏
Bukan pecinta gapup, tapi uda LAMA banget gak liat IHSG naik segini dengan transaksi yang 6T+ dlm 30 menit opening 🥹",2026-04-08T02:39:03.000Z,https://www.threads.com/@viviverlisya/post/DW2q4WPEt-F,IHSG,2026-05-05T16:45:36.561710
rudiraind,"Hari ini saya start cicil pelan-pelan EMAS, AADI, NCKL, dengan pertimbangan sebagai berikut :
Gak apa, artinya rezekinya segitu, toh sudah sesuai target..
Ternyata pagi ini IHSG naik lebih dari +1%, luar biasa, padahal saya sudah banyak keluar posisi kemarin, menduga IHSG akan koreksi, ternyata salah..",2026-04-14T03:11:42.000Z,https://www.threads.com/@rudiraind/post/DXGLYygkRX4,IHSG,2026-05-05T16:45:36.735998
a.ily__,"Dan akhirnya boom!
Harga Normal IHSG sebenarnya 7rb an. Namun pak Menkeu memaksa IHSG naik hanya beberapa bulan tembus 9.000 untuk mendapatkan pujian dari pada investor dan akhirnya MSCI curiga kalau sebenarnya saham di Indonesia kebanyakan ga jelas.
Yang buat IHSG turun bukan Karena MSCI, tapi karena PEMERINTAH.",2026-02-02T14:07:32.000Z,https://www.threads.com/@a.ily__/post/DUQiABkkmyE,IHSG,2026-05-05T16:45:36.955090
andix_mistik,"Selalu memainkan narasi
""2030 IHSG tembus 28.000""
Kok bisa?
Dalam investasi kalau tebak2an itu judi
Fundamentalnya dari mana Pak?",2026-04-28T04:10:35.000Z,https://www.threads.com/@andix_mistik/post/DXqVQMSkUsQ,IHSG,2026-05-05T16:45:37.113787
ferwij,"Mohon advice suhu2. Hehe
Waktunya entry beli saham ga nih? Mumpung IHSG lg jeblok. Atau masih bakal jeblok lg?",2026-01-30T00:48:55.000Z,https://www.threads.com/@ferwij/post/DUHYOMikxsk,IHSG,2026-05-05T16:45:37.281841
liannichh,Fixx senin udah jelas nanti IHSG Hijauu.yang beli sektor oil sabar yaa besok kalau porto merahh wkwk,2026-04-18T06:20:10.000Z,https://www.threads.com/@liannichh/post/DXQ0Ip9GKG6,IHSG,2026-05-05T16:45:37.437419
seroksaham,"dapet diharga ini tinggal diamkan tunggu hingga matang 🚀🔥
entry ideal
-brms gap di 775
-ptro 5200-5150
-cuan 1275
-buva 950
saat ihsg 7200 saya udah ksih tau arahnya kemana bahkan harga sahamnya pun mendekati,banyak sekali di thread orang sok jago yg komentar hujat sgala mcem,klo jgo minimal bermanfaat buat orang lain,sya hanya bagiin analisa secara gratis untuk bahan pembelajaran diri saya aja. cukup pantau dan riset sendiri lagi,mau ikutin silahkan engga jga gpapa gkada untungnya buat saya 🙏😊",2026-05-01T01:14:15.000Z,https://www.threads.com/@seroksaham/post/DXxvdZ7Eyvx,IHSG,2026-05-05T16:45:37.735531
seroksaham,"dapet diharga ini tinggal diamkan tunggu hingga matang 🚀🔥
entry ideal
-brms gap di 775
-ptro 5200-5150
-cuan 1275
-buva 950",2026-04-28T03:07:18.000Z,https://www.threads.com/@seroksaham/post/DXqOA0Qk7Xd,IHSG,2026-05-05T16:45:37.909110
imamyogaaa,"SIAP UNTUK SESI 2 IHSG 📈
SESI 1 CUAN DI SAHAM:
LCKM +34% ARA 🚀
LAND +29% ✅
BIPP +23% ✅
RODA +21% ✅
KOTA +20% ✅
ENZO +14% ✅
By Modul Screener Ultimate - Ara Hunter. 📦",2026-04-21T05:17:31.000Z,https://www.threads.com/@imamyogaaa/post/DXYbWUokXa9,IHSG,2026-05-05T16:45:38.074714
hengky.lim.9,"Setelah kemarin sempat drop mendekati area support 6.917, dimana ketakutan soal aturan HSC ini yg blg IHSG akan trading halt ternyata tidak kejadian ya guys, IHSG kita masih mencoba untuk bertahan, yuk mari kita support dengan memberikan aura positif untuk IHSG kita 😍 , pergerakan IHSG masih dalam range area zig zag ya guys
Update 07 April 26",2026-04-06T23:58:10.000Z,https://www.threads.com/@hengky.lim.9/post/DWzzrIWAWp7,IHSG,2026-05-05T16:45:38.257773
hengky.lim.9,"kemarin berhasil di tutup dengan break high, maka IHSG berpotensi melanjutkan penguatan dengan menguji area resistance 7.323 , dan masih menyisakan area gap yg blm tertutup
Update 10 April 26",2026-04-09T23:00:52.000Z,https://www.threads.com/@hengky.lim.9/post/DW7bgI5gQEs,IHSG,2026-05-05T16:45:39.105162
happytrader.co,"Semoga IHSG hijau pekat
US dan IRAN setuju genjatan senjata selama 2 minggu
Harga Oil turun signifikan",2026-04-07T23:57:52.000Z,https://www.threads.com/@happytrader.co/post/DW2YbyTk5dC,IHSG,2026-05-05T16:45:39.318422
alice.jean17,bener2 udah gua jualin 2 hari lalu dia malah naek tinggi 😭😭😭😭😭🙏🏻,2026-01-15T03:00:05.000Z,https://www.threads.com/@alice.jean17/post/DTg_T1KD7we,IHSG,2026-05-05T16:45:39.492612
rizkiakbr,ASTAGAAA INI SAHAM BEGINI SEMUA HARI INI?! KAPAN DAH IHSG 9 REBU LAGI 🥺,2026-04-30T04:17:43.000Z,https://www.threads.com/@rizkiakbr/post/DXvfqOBk-_G,IHSG,2026-05-05T16:45:39.630086
happytrader.co,"Saya setujuu 1000% 👌
Ci Tjoeay dengan tegas dan lugas mengatakan IHSG tidak mungkin turun ke frontier 🔥
Keren ci
@tjoeay",2026-04-06T13:45:38.000Z,https://www.threads.com/@happytrader.co/post/DWytkwxlDqa,IHSG,2026-05-05T16:45:39.823947
warisansaham,"Portofolio investasi dividen untuk hidup dari dividen saat tahun 2045 umur 55th.
IHSG turun tapi floating profit malah naik, syukurlah 🙏",2026-03-03T09:26:11.000Z,https://www.threads.com/@warisansaham/post/DVas2zWkuxe,IHSG,2026-05-05T16:45:40.027389
ajiwijanarko,"Mulai dari 9 februari, kena msci dll. Hari ini ihsg turun jadi 7.129 🥹
Berharap senin back to the moon. Jika drop terpaksa merelakan profit buat CL🥹",2026-04-24T11:36:26.000Z,https://www.threads.com/@ajiwijanarko/post/DXg1GTwD4fV,IHSG,2026-05-05T16:45:40.166966
ver_shiina_,"Bursa Efek Indonesia (BEI) terus berupaya meningkatkan daya tarik pasar modal, salah satunya melalui penyesuaian aturan batas minimal saham publik atau Free Float. Per 31 Maret 2026, aturan baru yang mewajibkan emiten memiliki porsi free float minimal 15% mulai diberlakukan secara bertahap.
""Menakar Dampak Aturan Baru Free Float 15% Terhadap Likuiditas IHSG""",2026-04-03T10:32:50.000Z,https://www.threads.com/@ver_shiina_/post/DWqpIDNGl1B,IHSG,2026-05-05T16:45:42.894812
vereshanz,#IHSG #9000 soon?,2025-11-28T01:25:50.000Z,https://www.threads.com/@vereshanz/post/DRlOXbXgR6J,IHSG,2026-05-05T16:45:43.065333
khoirulan0609,"#sahamindonesia
#ihsg
#tradingsaham
#cuan
Harap di chek kembali (DYOR) bukan ajakan jual dan beli.
Screening saham untuk tanggal 20 April 2026 dengan kriteria sbb:
1. Harga >= EMA20
2. EMA20 > EMA50
3. RSI 45 - 65
4. Volume Spike
5. Sedang di Akumulasi
6. Masuk dalam Net Foreign Buy",2026-04-20T01:54:34.000Z,https://www.threads.com/@khoirulan0609/post/DXVfVCfkXuu,IHSG,2026-05-05T16:45:43.291668
hengky.lim.9,"IHSG selisih 10 perak dr GAP,sah2 aja ya?🤣🤣 gmn pendapat kalian? 😆 , congratulations yg uda siapin peluru di area2 bottoming yg sudah di bahas kemarin yaa 😎",2026-04-28T09:30:38.000Z,https://www.threads.com/@hengky.lim.9/post/DXq54bbAba6,IHSG,2026-05-05T16:45:43.453153
skystocks_,"Mumpung IHSG lagi merah waktunya nyerok nih 🥰
Siapa yang gajian bulan ini pengen masukin semua ke saham? 😂
Haloo warga threads, porto kalian aman?",2026-04-30T10:31:58.000Z,https://www.threads.com/@skystocks_/post/DXwKfZsieFT,IHSG,2026-05-05T16:45:43.617704
rizkamaghfur,"Kita latihan sabar, tenang
Badai pasti berlalu
Klo ndak berlalu ?
Ya kita yang belajar biasa melihat badai 😊😉
Tetap tenang IHSG klo sampai 5500
Pemerintah juga bingung
Bisa ambruk mereka
Jd kita ndak usah ikut bingung
Biar d pikirkan petinggi2 negara 🤣
Hari ini trading ndak ?
Trading dunk walaupun yah cuma 6x aja
Kok ndak d upload
Ndak usah
2-2-2026
IHSG ambruk lagi
Rencana nunggu arus balik
Sepertinya harus d tambahin sabarnya",2026-02-02T09:10:03.000Z,https://www.threads.com/@rizkamaghfur/post/DUP_9TxkcQc,IHSG,2026-05-05T16:45:43.785765
raahady_,Mau keluarin berita apalagi nih IHSG kelihatan udah strong pertanda bottom sudah didepan mata,2026-04-06T04:10:08.000Z,https://www.threads.com/@raahady_/post/DWxrtrUoP1S,IHSG,2026-05-05T16:45:43.921676
seroksaham,gelo ihsg bisa jebol 7200 ini gap brikutnya 7000,2026-04-24T03:22:56.000Z,https://www.threads.com/@seroksaham/post/DXf8nzIky-5,IHSG,2026-05-05T16:45:44.054257
motheroftwosholihboy,"Market IHSG lagi gak baik2 aja. Bersyukur sblm libur long weekend udah tutup posisi. Mending CL sblm makin anjlok. Gatau deh senin kaya gimana #IHSG
motheroftwosholihboy",2026-04-03T03:22:32.000Z,https://www.threads.com/@motheroftwosholihboy/post/DWp34e-mpdF,IHSG,2026-05-05T16:45:44.233790
andriandavinta_,"#saham #ihsg
Anchored VWAP ⬇️
1. Volume Profile
bisa dilihat POC di 285 yang juga merupakan HVN (High Volume Node) -> byk transaksi terjadi dmn dominan sell (lihat bar hijau & merah). 24 April jebol hingga 256 artinya terjadi Take profit / Panic selling.
Di range 248 - 261 persentase volume cukup signifikan bisa dipakai sbg entry / support.
Aku pakai contoh BIPI karena salah satu porto juga & aku tarik 20 bars karena swing.
Volume Profile + Anchored VWAP pakai Volara
Analisis Saham BIPI",2026-04-26T11:25:24.000Z,https://www.threads.com/@andriandavinta_/post/DXl9bQJFGAb,IHSG,2026-05-05T16:45:44.470434
kokotrader.id,"Aku buat platform ini untuk bisa belajar bareng, kalo kalian serius mau belajar bisa komen aja ya
IHSG drop begini pada bingung harus apa?
Biasanya pada bingung:
- Cutloss atau hold
- Serok saham apa",2026-03-06T06:32:27.000Z,https://www.threads.com/@kokotrader.id/post/DViHW7lEhon,IHSG,2026-05-05T16:45:44.831083
tzuchihospital.ind,"Saran kak Izin, di Tzu Chi Hospital ada dokter Spesialis Kejiwaan, siapa tau butuh temen curhat ❤️❤️ FYI Dokter Sp.KJ itu dokter yang fokus membantu kesehatan mental dan emosional seseorang. Jadi bukan cuma soal gangguan berat aja kok ❤️❤️❤️❤️❤️❤️
tzuchihospital.ind",2026-04-24T01:10:20.000Z,https://www.threads.com/@tzuchihospital.ind/post/DXftcj0kv4c,IHSG,2026-05-05T16:45:44.996665
yapdefu,Admin tzuchi siap2 terima pasien ihsg jg,2026-04-24T09:22:33.000Z,https://www.threads.com/@yapdefu/post/DXglxqpk0OL,IHSG,2026-05-05T16:45:45.132726
09_bangal,"#IHSG #SahamIndonesia #ShortsSaham #AnalisaSaham #TradingSaham MarketUpdate BUMI BRPT RAJA BBYB TBLA AKRA BelajarSaham
Komentar di bawah 👇
💬 Kamu tim mana:
A. Koreksi
B. Lanjut turun
C. Sideways
👉 masih wajar atau warning?
BUMI, BRPT, RAJA, BBYB, TBLA, AKRA
juga ikut tertekan…
👉 ini cuma koreksi
atau mulai bahaya?
IHSG sudah turun 2 hari beruntun…",2026-04-24T13:16:15.000Z,https://www.threads.com/@09_bangal/post/DXhAhCGkxyr,IHSG,2026-05-05T16:45:45.348300
halalflow.id,Keadaan trader (dan holder BUMI) di IHSG seminggu kebelakang,2026-02-02T02:36:04.000Z,https://www.threads.com/@halalflow.id/post/DUPS3p3kfRO,IHSG,2026-05-05T16:45:45.520828
sitimarlina.jp,"Next target ZATA kira2 sampe mana ya minggu ini??
Hari ini saya nunggu ZATA di 79-88 ternyata dia gak sampe kesana.
Dan inget ya kemarin saya TP HRTA seuprit karna takut diajak turun ke palung mariana.
Tadi pagi saya TP lagi seuprit lagi.
Alhamdulillah bisa buat beli bakso semangkok.
Tadi pagi ikutan webinar BEI IDX Jawa timur, memperingati hari Kartini.
Selamat hari Kartini untuk para wanita Indonesia.
IHSG - 21.04.2026
belajarsahampemula",2026-04-21T09:39:22.000Z,https://www.threads.com/@sitimarlina.jp/post/DXY5UREirWg,IHSG,2026-05-05T16:45:45.970284
bedahsaham.idx,"Coba diskusi di kolom komentar 👇👇
🚨 Tapi jangan lupa, kenaikan kemarin juga buat 3 gap up. Menurut kalian yang mana aja yang bakal ditutup nihh
Gimana guys akhirnya IHSG merah kembali setelah seminggu berturut-turut ijo terus 🤣",2026-04-15T10:52:57.000Z,https://www.threads.com/@bedahsaham.idx/post/DXJk98HmIyz,IHSG,2026-05-05T16:45:46.153198
silviaquratul,"View aku yak, IHSG sebenernya dari kemarin cukup oke. Cuma keseret merah karna saham2 yang big cap turun banyak.",2026-04-22T01:57:16.000Z,https://www.threads.com/@silviaquratul/post/DXapOh3k9iN,IHSG,2026-05-05T16:45:46.282722
bewithayu,"fantasy liar lo saat ini?
IHSG 10.000
BBCA 9.800
BBNI 8.000",2026-04-06T14:40:21.000Z,https://www.threads.com/@bewithayu/post/DWyz1ickqhO,IHSG,2026-05-05T16:45:46.434337
lianmaulian,"IHSG 30/4/2026 11.00
1. Sudah menutup gap terdekat
2. Menunggu apakah dia menjebol support kebawah garis merah atau akan memantul?",2026-04-30T04:01:11.000Z,https://www.threads.com/@lianmaulian/post/DXvdxMHEtxq,IHSG,2026-05-05T16:45:46.574388
shobry11,"📉 IHSG Tumbang Dalam, Market Lagi Nggak Ramah…
Hari ini bukan soal cuan… tapi soal bertahan IHSG ditutup di 7,129 (-3.37%), tekanan jual brutal, merahnya nggak nanggung.
🔴 1.080 saham turun 🟢 Cuma 138 yang naik 💸 Value 24T, tapi dominan distribusi Chart-nya?
Turun pelan tapi pasti… kayak kepercayaan investor yang mulai goyah.
📌 Artinya apa? Ini bukan sekadar koreksi biasa — ini tanda market lagi risk-off mode. Big money keluar, retail cuma bisa nonton… atau ikut panik.",2026-04-24T13:40:04.000Z,https://www.threads.com/@shobry11/post/DXhDP14iXKh,IHSG,2026-05-05T16:45:49.776260
aziss321,Apakah Sudah Bottom dan menuju new ATH?,2026-04-14T04:12:23.000Z,https://www.threads.com/@aziss321/post/DXGSVMWgY8z,IHSG,2026-05-05T16:45:49.935053
widipardiyawan,"prediksi ihsg dan menu besok akan di update nanti malam ya, semoga ga keturon 😆",2026-04-29T08:53:28.000Z,https://www.threads.com/@widipardiyawan/post/DXtabA1FHlt,IHSG,2026-05-05T16:45:50.090663
agungpharm,"Bahkan di tahun 2026 jelas sekali akan tumbuh lagi karena dapat efek menguntungkan dari kondisi geopolitik
Aset tumbuh 6,24%
Ekuitas tumbuh 15,9%
Dengan ROA 18,39%
ROE 30,36%
Pendapatan tumbuh 28,73%
Laba bersih tumbuh 34,04%
Baru selesai baca manual laporan keuangan tahunan full year 2025 sebuah perusahaan sebanyak 392 halaman, Laporan keberlanjutan (ESG) sebanyak 246 halaman.",2026-04-10T05:53:16.000Z,https://www.threads.com/@agungpharm/post/DW8Ksj_gR1M,IHSG,2026-05-05T16:45:50.295721
widowati_maisarah,"Rupiah merosot sampai 17.500 per dollar, IHSG jeblok, investor pada pergi, PHK meningkat, cari kerja makin susah, harga sembako naik terus...
Tapi MBG jalan terus, media nasional malah live streaming nikahan selebritis, zulkifli hasan bilang siswa² yg keracunan itu cuma acting, dan presiden kita pulang lawatan langsung kondangan.
BISA GAK KITA BERJAMAAH DOAIN PARA PEJABAT NEGARA INI???
widowati_maisarah",2026-04-27T04:15:51.000Z,https://www.threads.com/@widowati_maisarah/post/DXnxD_rk1fD,IHSG,2026-05-05T16:45:50.443431
pullbek,IHSG mantul,2026-04-27T02:13:23.000Z,https://www.threads.com/@pullbek/post/DXnjC7zEiGW,IHSG,2026-05-05T16:45:50.588493
sphireeee,kangen era market bullish. cape bgt IHSG merah terus😭,2026-04-07T04:23:57.000Z,https://www.threads.com/@sphireeee/post/DW0SF1dj5LN,IHSG,2026-05-05T16:45:50.744021
debiiqbal7,"Ini IHSG kenapa ?
Hei orang orang pinter.",2026-04-30T03:55:37.000Z,https://www.threads.com/@debiiqbal7/post/DXvdIXAAVmG,IHSG,2026-05-05T16:45:53.831148
hermantosardan,"PR tinggal review mei saja, selanjutnya bullish !
Gmnpun asing akan jaga IHSG, gmn mereka mau cuan lagi klo ada kepanikan besar2an di market
Klo liat netsell BBCA BBRI last 1 year, rasanya asing yg mengacu MSCI udah bertahap jualan, jadi review mei ini, semua sudah dekat priced-in, ngga banyak outflow lagi
Menggunakan keterbukaan 1% dan klasifikasi investor KSEI terbaru, kemungkinan MSCI akan pake opsi 1, dimana kategori others juga diobok2 sebagian tdk dianggap frefloat
MSCI masih jaga IHSG",2026-04-01T08:10:00.000Z,https://www.threads.com/@hermantosardan/post/DWlPMNulITY,IHSG,2026-05-05T16:45:54.055390
theferdians,"Jujur gue malah lebih kuatir kalo IHSG gas terus, koreksinya bisa makin dalem 🥲",2026-01-08T12:40:52.000Z,https://www.threads.com/@theferdians/post/DTQANdFEhyn,IHSG,2026-05-05T16:45:54.198917
dhiahft,"Ihsg anjlok
Apakah investasi di konoha ini sudah ga worth it?",2026-04-30T03:08:25.000Z,https://www.threads.com/@dhiahft/post/DXvXutdmcwW,IHSG,2026-05-05T16:45:54.567399
miuka_gallery,"Buset, ini brent to the moon
Apakabar ihsg besok",2026-04-29T13:43:52.000Z,https://www.threads.com/@miuka_gallery/post/DXt7p_nkT09,IHSG,2026-05-05T16:45:54.719553
priceaction.id,"Saham sejuta ummat,BUMI.
Kemarin dia break ma 20, nah ini poin yang gw bilang menarik.
Ditambah laporan Q1 yang oke ✅
Gw punya memory bagus di emiten ini pake strategi ma 20 sebelum rally💸💴💰
strategi gw selalu konsisten, acuan ma 20.
Dibawah ma 20 = skip, diatas ma 20 = pantau dulu mengingat IHSG lagi drop.",2026-04-30T23:44:24.000Z,https://www.threads.com/@priceaction.id/post/DXxlLXQk44J,IHSG,2026-05-05T16:45:54.901995
mich_stg,": Plan IHSG next week.
Semoga tetap di area sideways 7,858-8,015. Kalau breakdown tembus 7770 kembali ke downtrend.
Kita menunggu FED cut rate & BI cut rate.
Note : semoga ga ada perang ataupun demo anarkis. Tetap kita dukung tuntutan rakyat 17+8 ya
Cashku bakal habis minggu depan, semoga gain sesuai prediksi. Happy weekend sobat investor.
Ihsg closing 12 Sept = 7854, wrong prediction.
Next week sptnya cekungan terakhir sebelum fase bullish create new ATH.",2025-09-15T03:41:51.000Z,https://www.threads.com/@mich_stg/post/DOm7G6OEr5q,IHSG,2026-05-05T16:45:55.197424
mich_stg,": Plan IHSG next week.
Semoga tetap di area sideways 7,858-8,015. Kalau breakdown tembus 7770 kembali ke downtrend.
Kita menunggu FED cut rate & BI cut rate.
Note : semoga ga ada perang ataupun demo anarkis. Tetap kita dukung tuntutan rakyat 17+8 ya
Cashku bakal habis minggu depan, semoga gain sesuai prediksi. Happy weekend sobat investor.
Ihsg closing 12 Sept = 7854, wrong prediction.
Next week sptnya cekungan terakhir sebelum fase bullish create new ATH.",2025-09-13T11:42:03.000Z,https://www.threads.com/@mich_stg/post/DOioeROkshP,IHSG,2026-05-05T16:45:55.374497
putra_tamura,"Even today is thursday, not Friday
😮‍💨😮‍💨😮‍💨😮‍💨
Why in the end of weekday always red....",2026-04-30T03:42:10.000Z,https://www.threads.com/@putra_tamura/post/DXvbl1SmuUT,IHSG,2026-05-05T16:45:55.563154
sfa.saa,"Rupiah melemah di 17.063 per 1 USD
IHSG anjlok di 6.971
Tabungan pemerintah di BI tersisa 120T",2026-04-08T00:22:59.000Z,https://www.threads.com/@sfa.saa/post/DW2bTx0Eqmh,IHSG,2026-05-05T16:45:55.784171
irwandiferry,IHSG senin apa kabar? portonya apa kabar? 🥀😭,2026-02-28T16:47:12.000Z,https://www.threads.com/@irwandiferry/post/DVTw8PTkhr_,IHSG,2026-05-05T16:45:59.453233
eginanjar,"‼️ Kalau 7.000 gagal dipertahankan, market bisa masuk fase panic lanjutan.
Level krusial saat ini:
Resistance terdekat: 7.265 – 7.404
(area EMA 21 High–Low)
Resistance mayor: 7.770
(EMA 89 — resistance besar)
Support sekarang: ± 7.000
Support berikutnya:
6.900 — 6.850
Jika gagal bertahan, potensi lanjut turun.
AREA PENTING IHSG (DAILY)",2026-05-01T08:56:14.000Z,https://www.threads.com/@eginanjar/post/DXykVAYma_L,IHSG,2026-05-05T16:45:59.651674
eginanjar,"RSI Weekly:
RSI turun ke area 39
Artinya: momentum naik sudah melemah signifikan.
Yang terlihat:
IHSG rejection keras dari area 9.200
Breakdown EMA 21 Weekly
Harga sekarang mengarah ke EMA 89 Weekly
Struktur mulai berubah dari uptrend → koreksi besar
Di timeframe weekly, situasinya lebih serius.‼️
IHSG WEEKLY — STRUKTUR MULAI RUSAK",2026-05-01T08:57:34.000Z,https://www.threads.com/@eginanjar/post/DXykexGGY3V,IHSG,2026-05-05T16:45:59.851113
_michaelyeoh,"Dan ini membuat GAP yg lebar..baik dari return saham, maupun return investor..
Tapi faktanya, kebanyakan saham berada dalam zona merah, dan yg hijau berada di angka yg jauh 3 digit..
IHSG mencatatkan kenaikan YTD +22,12%..
Secara teori, seharusnya semua saham mengalami kenaikan yg dekat dengan angka 22%..",2025-12-23T04:51:08.000Z,https://www.threads.com/@_michaelyeoh/post/DSl9u-LEQ1h,IHSG,2026-05-05T16:46:00.052458
hengky.lim.9,"Berikut analisa iseng2 aja pas lg asik screening saham, trnyta ada 1 saham banking yg sudah dekat area TREND KUAT sepanjang masa nya.
Update 24 April 26",2026-04-24T12:30:28.000Z,https://www.threads.com/@hengky.lim.9/post/DXg7SDiAce8,IHSG,2026-05-05T16:46:00.230025
hengky.lim.9,"Notes : analisa ini jika IHSG MASUK SKENARIO 1
ada yg menarik dari BBRI, kalau pakai time frame monthly, maka bisa di lihat TRENDLINE SUPPORT KUAT BBRI ada di area 2.850 - 2.950 ( kurang lebih di range ini ) , sebagai area terkuat sepanjang masa nya di 2014 , 2020 & 2026 , jadi penurunan kali ini kemungkinan masih ada 1x lagi dekat area tsb, dimana IHSG masih ada area gap trakhir di 7.022 ( jika skenario 1 ) lalu rebound masuk ke fase BULLISH kembali.
Update 24 April 26",2026-04-24T12:30:31.000Z,https://www.threads.com/@hengky.lim.9/post/DXg7SYIgYwB,IHSG,2026-05-05T16:46:00.435838
sahamstockidn,"Tapi jika jebol di bawah 6,917…
Nanti lihat lagi di area 6,700-an dan 6,600.
Thesis gw hari ini IHSG akan close di area 6,900-7000an dan membentuk double bottom, memantul hari Senin.",2026-04-30T05:42:50.000Z,https://www.threads.com/@sahamstockidn/post/DXvpZtlk9-A,IHSG,2026-05-05T16:46:00.664043
alifahnst,Gilak IHSG ambruk dan rupiah menyentuh 17.300. Ada gila-gilanya gue liat presiden dan wapres gak ada keliatan panik ☺️,2026-04-24T09:16:55.000Z,https://www.threads.com/@alifahnst/post/DXglId6E6s5,IHSG,2026-05-05T16:46:00.819880
hengky.lim.9,"Setelah di buka menguat dengan GAP UP dan berhasil sampai break resistance 7.714, closing sesi 2 hari ini ditutup bergerak di zona merah, diwarnai aksi profit taking saham2 KONGLO setelah sepekan IHSG bergerak nanjak 😃 , jadi besok kemungkinan cm 2 :
1. IHSG lanjut bergerak ke area GAP di 7.527-7.592 ( area kotak merah)
2. IHSG Rebound di atas kotak merah dan menguji kembali resistance baru nya di 7.773
Update 15 April 26",2026-04-15T14:02:10.000Z,https://www.threads.com/@hengky.lim.9/post/DXJ6nvRgVaz,IHSG,2026-05-05T16:46:01.027495
alvinantoniow,Akhirnya IHSG naik 😭 dari berita perang timur tengah udah reda ya? Butuh temen diskusi,2026-04-08T06:13:01.000Z,https://www.threads.com/@alvinantoniow/post/DW3DXg7Ce4n,IHSG,2026-05-05T16:46:01.174462
archivenikko,Kok bisa pas ya WBSA suspended pas IHSG seanjlok ini wkwkwk,2026-04-24T04:44:21.000Z,https://www.threads.com/@archivenikko/post/DXgF8I7kbq2,IHSG,2026-05-05T16:46:01.331577
imamyogaaa,"Begini 3 cara cepat baca arah market IHSG besok pagi agar kamu gak salah langkah! 👇
Perundingan 21 jam di Islamabad berakhir buntu. JD Vance: ""Bad news for IRAN."" Sentimen global memang memanas, tapi jangan asal tebak.
BREAKING: AMERIKA & IRAN GAGAL DEAL! IHSG BAKAL LANJUT BERDARAH?",2026-04-12T04:59:22.000Z,https://www.threads.com/@imamyogaaa/post/DXBOHlXEXbc,IHSG,2026-05-05T16:46:01.499157
eginanjar,"Disclaimer
Bisa cek saham kalian masing2 sedang di area RSI mana ya.
Minggu ini belum selesai, masih ada 2 hari bursa lagi, ada 2 kemungkinan :
1. Index akan coba test break level 7600 utk kemudian lanjut ke 7900-8000
2. Index akan ambil napas dulu ke level 7400
Di weekly dia juga udah ""kejedot"" EMA 89 (garis biru) di level 7600
sesuai yg aku info kemarin ya Gaes, RSI 7 Daily IHSG udah masuk area OVERBOUGHT, artinya akan koreksi.
Bahas IHSG hari ini",2026-04-15T12:25:49.000Z,https://www.threads.com/@eginanjar/post/DXJvmB6mRo0,IHSG,2026-05-05T16:46:04.831176
adiyatnaagung,"IHSG Merah
Besok saham yg akan turun dalam saham pak PP, DSSA, yg free floatnya dibawah 10% pada turun dalam. Mungkin ada efeknya ke yg lain, karena BREN dan DSSA market capnya besar.",2026-04-05T12:43:20.000Z,https://www.threads.com/@adiyatnaagung/post/DWwBpmoE2qc,IHSG,2026-05-05T16:46:05.488753
angelica.jonatan,"ada yang udah mulai BEP dari sangkut kemarin? atau malah udah cuan?
WOWWW IHSG 2,2%
strong yaa
angelica.jonatan",2026-04-14T03:50:10.000Z,https://www.threads.com/@angelica.jonatan/post/DXGPyfEEa3o,IHSG,2026-05-05T16:46:05.837347
rizkamaghfur,"Insyllah
Sabar, tenang dan disiplin TP 2-3%
Trader receh ndak buru2
Tp konsisten bungkus cuan walaupun kecil2 🙏🙏
Maaf ya kecil2 dulu
Semoga d kumpulin pelan2
lama2 jadi banyak
Akhirnya trading lagi
Definisi ngumpulin receh
54x trade win
10-20 lot an per trade
Rata2nya per transaksi dapat 7000 an
25-3-26
IHSG ijo, semoga ijo terus sampek 10k",2026-03-25T09:11:29.000Z,https://www.threads.com/@rizkamaghfur/post/DWTUqYdkQX5,IHSG,2026-05-05T16:46:06.041455
bandarmetrics,"#saham #prajogopangestu #PP
Pantau terus akun Instagram BANDARMETRICS, siapa tau selanjutnya saham kesayangan kalian akan kita bahas 🔎🔎
baru tau kan pergerakan bandar jika kita pantau melalui BM TOOLS yaitu LPM 🔎
HOLLAAA 👋
kali ini yuk kita cek LPM saham konglo kesayangan para ritel di Bursa #IHSG kesayangan kita 🫣😁",2026-04-27T11:07:38.000Z,https://www.threads.com/@bandarmetrics/post/DXogL8yIE9T,IHSG,2026-05-05T16:46:06.287754
suta.wuragil,"*Pengingat kita sebagai yang terjun di PerSahaman
Dan, akhirnya mulai nyampai angka 7,500 lebih. Euforia orang-orang mulai muncul kembali.
IHSG kemarin - kemarin naik tinggi, kemudian turun tertekan sampai 6rban.",2026-04-29T21:16:18.000Z,https://www.threads.com/@suta.wuragil/post/DXuvbvZk0Mx,IHSG,2026-05-05T16:46:06.466144
ssamuel_rp,"Saham Pom Pom BAPA
*Saham volatil kelas bulu (bisa Ara-Arb) potensi msh perform :
SIMP, DATA, TRUE, FILM, BAPA, COCO, GZCO, DFAM, PSDN, BEER. CITY, TRUK. DPUM, KOBX, ATAP
*Saham volatil dng volume besar kemarin : PTRO, BRPT, ENRG, BNBR, CDIA, FORE
*Saham2 yg dapat di perhatikan hr ini:
BBCA, BMRI, BBRI
Perkiraan IHSG akan bergerak pada Selasa (14/4) antara 7200-7600",2026-04-14T00:35:39.000Z,https://www.threads.com/@ssamuel_rp/post/DXF5hzLgdp7,IHSG,2026-05-05T16:46:06.677203
alpabelle,"Gue heran kenapa beritanya jelek kok bisa IHSG ijo kuat ya ?
Padahal pagi tadi udah ga mood scalping
Mungkin ada yang mau bantu tambahin penjelasannya ? 🙏🏻",2026-04-14T06:31:14.000Z,https://www.threads.com/@alpabelle/post/DXGiOLGlIZc,IHSG,2026-05-05T16:46:09.725306
michael_cleota,"IMPC, RMKE, UDNG, MORA dll
narasinya kuat, labanya mungkin bakalan naik menurut konsensus, ceritanya juga panjang.
Masalahnya yaitu valuasi sudah terlalu jauh di depan realita.
Tapi pasar sering lupa satu hal bahwa harga tetap harus masuk akal.
Semua orang suka narasi bagus dan narasilah yang menggerakkan harga saham.
Hi gw user stockbit dengan nama Michael1970,
Gw pengen sharing2 pendapat gw tentang saham-saham di IHSG belakangan ini,",2026-02-06T16:37:34.000Z,https://www.threads.com/@michael_cleota/post/DUbGWd8gQVt,IHSG,2026-05-05T16:46:09.965778
samiacyn,"Ya ampun, baca berita IHSG pagi ini kok rasanya kayak lagi nonton drama Korea yang episodenya nggak kelar-kelar ya. Katanya sih berpotensi melemah gara-gara sentimen global. Jadi, kayaknya pasar kita lagi ngikutin mood-nya luar negeri gitu deh. Dolar AS naik, harga minyak juga lagi nggak stabil, belum lagi urusan geopolitik yang bikin deg-degan. Duh, pusing juga ya ngikutinnya. Rasanya pengen tarik selimut aja deh daripada mikirin angka-angka yang naik turun nggak jelas gini.",2026-04-23T05:14:09.000Z,https://www.threads.com/@samiacyn/post/DXdkiXeGFas,IHSG,2026-05-05T16:46:10.116826
voiceofmib,"#saham #MIB #IHSG #VoiceofMIB #PADI
Biasanya kalau big player gerak begini, ada skema di balik layar yang kita nggak tahu. Menurut kamu arahnya ke mana?
Lagi rame soal PADI. Entitas Happy Hapsoro hilang dari daftar pemilik saham pas banget momen mau right issue.",2026-04-14T04:26:06.000Z,https://www.threads.com/@voiceofmib/post/DXGT5nbFC8N,IHSG,2026-05-05T16:46:10.289072
sopiewdyn,"Dengan hormat,
Dimohon untuk anteng ya sampe IHSG tembus 12.000🙏🏻🙏🏻🙏🏻 mohon kerjasamanya ini mah🙏🏻🙏🏻🙏🏻
Kepada
Yth. Bapak Trump
Ditempat.",2026-04-08T14:16:35.000Z,https://www.threads.com/@sopiewdyn/post/DW36tQQEwrv,IHSG,2026-05-05T16:46:10.468243
verona.valencia99,"Lumayaan belanja hari ini..
verona.valencia99",2026-04-28T11:09:52.000Z,https://www.threads.com/@verona.valencia99/post/DXrFPMbCYgx,IHSG,2026-05-05T16:46:10.624282
buk4_mata,"Purbaya tolak pinjaman IMF, and now... IHSG outflow. Dikerjain kah??",2026-04-25T07:02:49.000Z,https://www.threads.com/@buk4_mata/post/DXi6lE9Ez7C,IHSG,2026-05-05T16:46:10.797859
melynsitorus,"Ada yang bisa bantu jelaskan kenapa IHSG kemarin ijo dan hari ini merah ? Monmaap orang awam , mungkin para suhu bisa bantu memberikan pencerahan informasi",2026-04-09T03:19:14.000Z,https://www.threads.com/@melynsitorus/post/DW5URkdkesY,IHSG,2026-05-05T16:46:10.956437
adistialuksida,"mau jadi apa ini dunia investasi 😂😂😂
rupiah melemah, emas turun , saham bigbank anjlok, ihsg ya pastinya mengikuti",2026-04-24T05:51:28.000Z,https://www.threads.com/@adistialuksida/post/DXgNnsgkxr8,IHSG,2026-05-05T16:46:11.131011
joe.nanto,Apakah ihsg kita masuk frontier market,2026-04-06T04:52:04.000Z,https://www.threads.com/@joe.nanto/post/DWxwgy8gC9h,IHSG,2026-05-05T16:46:11.400204
susianilou,"Kalau BBCA masih berani cicil buy
Beda dengan BUMN terutama BBRI
Sejak IHSG anomali, saya sudah sering buat story jauhi big bank terutama BBRI. Kalau mau BUMN mending BMRI. Dulu kalau beli BBRI biasanya swing 2 - 3 bulanan. Biasanya naik 20 - 25% dia akan koreksi bisa sampai 10 - 20%. Makanya gak pernah saya simpen lama kayak BBCA bertahun². Dulu cinta sama bbri Krn nurut gampang di prediksi. Sekarang anomali. Retail buy, asing kabur. Selama kebijakan pemerintah masih kayak skr, mending bye dl",2026-04-24T13:50:08.000Z,https://www.threads.com/@susianilou/post/DXhEZgNEYuL,IHSG,2026-05-05T16:46:11.776091
gdebp,"IHSG rontok.
Emas terbang.
Crypto jungkir balik.
Properti ke mana?
Tenang. Dia nggak ke mana-mana. Dan justru itu poinnya.
Real Estate Investment",2026-01-30T22:32:06.000Z,https://www.threads.com/@gdebp/post/DUJtXD5E1pz,IHSG,2026-05-05T16:46:11.952667
mchlgerald,"Belum ada narasi yg cukup kuat utk meningkatkan probabilitas menuju uptrend dr situasi sekarang. Kemungkinan Maret & April akan jd bulan yg though.
Technical-wise chart udh patah trend & menuju bearish. Masih byk gap dlm chart yg blm tertutup di area <7000
sooner or later we'll see IHSG go below 7000.
Conviction: IHSG will go under 7000",2026-03-11T13:39:04.000Z,https://www.threads.com/@mchlgerald/post/DVvwKBDAQ8Q,IHSG,2026-05-05T16:46:12.332400
onniechi,"Mereka yang sirik sama saham konglo, silahkan bopong IHSG sendiri deh eh ada Danatara katanya tp belom jelas keberadaannya. Masih sebatas bacot saja. Kita tnggu sampe bsk, skrg boleh tutup laptop. wakakaka",2026-02-02T04:37:39.000Z,https://www.threads.com/@onniechi/post/DUPgyIDkn4U,IHSG,2026-05-05T16:46:13.192476
emirparengkuan,"#PTRO #saham #IHSG
Yok bahas PTRO, siapanihh yang masih hold?",2026-04-16T13:36:11.000Z,https://www.threads.com/@emirparengkuan/post/DXMccGYDlOw,IHSG,2026-05-05T16:46:13.373389
sae_full.88,"Saat IHSG bullish, semua group bilang itu hasil analisanya, mereka langsung cuap2 suruh ikut group privat dan berbayar, coba waktu IHSG merah group2 langsung sepi 😇",2026-04-14T05:26:35.000Z,https://www.threads.com/@sae_full.88/post/DXGa0tZE1Gd,IHSG,2026-05-05T16:46:16.914157
ezpada_trader,"Semoga King pom-pom sedunia tidak berulah lagi ya supaya IHSG makin terbang.. 🚀🚀🚀
Berikut adalah kondisi Bid Offer yg menarik yg bisa admin tangkap sebelum kenaikan lebih lanjutnya..
Yaitu di MBMA, VKTR, MINA... 🥳
Admin sendiri sampai bingung harus entry dimana karena mayoritas saham pantauan admin ketika open market langsung gap up.. 🚀
Gilakkkk.. IHSG hari ini close hingga +4.42%... 🔥",2026-04-08T10:22:59.000Z,https://www.threads.com/@ezpada_trader/post/DW3f-WgEr59,IHSG,2026-05-05T16:46:17.123426
muhammadreza199,"#ihsg
sudah minus berapa kalian hari ini?",2026-03-11T11:14:43.000Z,https://www.threads.com/@muhammadreza199/post/DVvfovNk0qv,IHSG,2026-05-05T16:46:17.330504
hi.grc,"Wah kadang suka bingung ya… 🤔
Klo buka Threads byk yg cerita lagi berat bisnis turun, keuangan ketat, PHK di mana2, harga BBM, bahan pokok, dll naik semua. Bahkan IHSG dan Gold jg lagi anjlok.
Tapi di Instagram… masih keliatan fine2 aja.. Chanel C25 yg harganya 100jtan++ masih sangat laku, raket padel yg harga 5jt++ masih laku, liburan ke luar negeri + shopping luxury masih banyak.
Jadi ini… realita lagi beda2, atau kita cuma lihat sisi yang berbeda dari kehidupan orang? 🫠",2026-04-27T06:06:30.000Z,https://www.threads.com/@hi.grc/post/DXn9ubXEQnJ,IHSG,2026-05-05T16:46:17.771818
salim_dinata,"Nasib WNI
Tapi kata pemimpin kita ""Indonesia Terang"" yg bilang Indonesia Gelap disuru kabur dulu aja
Rupiah melemah sampai hampir 17.400
IHSG jeblok di bawah 7.000",2026-04-30T04:16:53.000Z,https://www.threads.com/@salim_dinata/post/DXvfkLDkfVo,IHSG,2026-05-05T16:46:17.970451
nixmare2026,Perundingan Iran - AS gagal. Malam ini BTC turun. Gold turun. Artinya besok IHSG pasti turun. Good,2026-04-12T15:07:19.000Z,https://www.threads.com/@nixmare2026/post/DXCTsVdD1Hn,IHSG,2026-05-05T16:46:18.122007
ssamuel_rp,"Saham Pom² BAPA
*Saham volatil kelas bulu (bisa Ara-Arb) potensi msh perform :
PADA, NAIK, PTMP, ASPR, KOCI, LAPD, DOOH, PSKT, LUCK, NTBK, BOBA, KJEN, NETV, LMPI, CITY
*Saham volatil dng volume besar kemarin : PTRO, ESIP, PPRE
*Saham2 yg dapat di perhatikan hr ini:
MDKA, BBNI, INCO
Perkiraan IHSG akan bergerak pada Rebu (29/4) antara 7000-7250",2026-04-29T01:49:37.000Z,https://www.threads.com/@ssamuel_rp/post/DXsp6rbEXQc,IHSG,2026-05-05T16:46:18.329598
titykaisuku,"Hay guys bagi saran dong yg suka invest. In this economy Kalian lebih milih invest ke emas, reksadana, saham atau sbn? Boleh tau sarannya kenapa? Soalnya IHSG sepertinya lg down yaaa",2026-04-08T04:11:51.000Z,https://www.threads.com/@titykaisuku/post/DW21gFekjGc,IHSG,2026-05-05T16:46:18.482178
fajararif_07,kapan terakhir kali ihsg naik 4% dan stabil keatas grafiknya🗿,2026-04-08T09:01:41.000Z,https://www.threads.com/@fajararif_07/post/DW3Wq42kW0F,IHSG,2026-05-05T16:46:19.045669
happytrader.co,Kalau bukan karena BREN DSSA BBRI hari ini IHSG hijau pekat sih 🤣,2026-04-21T04:07:06.000Z,https://www.threads.com/@happytrader.co/post/DXYTSrUlIRy,IHSG,2026-05-05T16:46:19.214764
defriscreamo,"*IHSG*
Struktur Candlestick Terakhir
- Terlihat downtrend jangka pendek setelah gagal bertahan di area ±7.700
- Candle merah beruntun → tekanan jual dominan
- Harga sekarang di sekitar 7.070 (area psikologis 7.000)
➡️ Ini menunjukkan market sedang fase distribusi / koreksi, bukan sekadar pullback ringan",2026-04-29T01:27:20.000Z,https://www.threads.com/@defriscreamo/post/DXsnXhEAUxX,IHSG,2026-05-05T16:46:19.680197
imamyogaaa,"Gimana IHSG dan portomu? Yang pegang saham di bawah siap besok ya
MBMA 🚀
DEWA 🚀
VKTR 🚀
BUVA 🚀
RAJA 🚀
MINA 🚀
BUMI 🚀
BRPT 🚀
Semoga ihsg besok tetap 📈",2026-04-08T10:30:48.000Z,https://www.threads.com/@imamyogaaa/post/DW3g3jBgomz,IHSG,2026-05-05T16:46:19.854254
happytrader.co,"Semoga besok IHSG 🚀
Yang serok saham sore tadi artinya yakin besok market positif, saya pun juga yakin 🔥
Tapiiiiii....... Jangan lupa doa biar itu botuna satu ga aneh aneh wkwk",2026-04-06T14:59:04.000Z,https://www.threads.com/@happytrader.co/post/DWy1-omlOmO,IHSG,2026-05-05T16:46:20.027305
julianacynthiaa,"rupiah melemah
oil 108
besok libur
IHSG merah sudah🤣
dahlah tutup aja🤣🤣",2026-04-30T03:09:38.000Z,https://www.threads.com/@julianacynthiaa/post/DXvX3kkEhwr,IHSG,2026-05-05T16:46:20.185595
rizkyrichkaka,"Semua metode benar, yang salah itu yang gak hafal Pancasila
Kalo posisi IHSG turun gini, scalper senyum2 yang sudah TP pagi, Daytrader harap-harap cemas, Swinger : Wait and See, Investor : Bodo Amat",2026-04-23T05:13:37.000Z,https://www.threads.com/@rizkyrichkaka/post/DXdkfhuEyxK,IHSG,2026-05-05T16:46:20.354755
linda.clarisa255,"ihsg anjlok jgn pada cutloss knp, time to buy hrsnya
linda.clarisa255",2026-04-30T07:19:49.000Z,https://www.threads.com/@linda.clarisa255/post/DXv0f9fEXoD,IHSG,2026-05-05T16:46:20.512367
eginanjar,"MSCI, Perang Iran- Israel USA, libur panjang lebaran membuat Big Money ramai2 keluar dari bursa. Tapi tetap ada harapan, bagaimana caranya? Kuuuyyy Lanjut ⬇️⬇️⬇️
IHSG dalam hampir 2 bulan terakhir mengalami masa perubahan dari bulan madu ke masa yg kelam. Untuk para Trader baru ini seperti pukulan telak, dimana mimpi ubah 1 jt jadi 1 milyar jadi berantakan.
UTAS : BAGAIMANA CARA UNTUK MEMILIH SAHAM KETIKA BEARISH, SECARA TEKNIKAL",2026-04-01T08:53:35.000Z,https://www.threads.com/@eginanjar/post/DWlULYlmcsy,IHSG,2026-05-05T16:46:24.094120
cecilliasantoso_,"IHSG udah ijo, tapi portoku belum 😂
Hiburannya, dapat uang duka dari BBNI dan BBCA.
Masih belum decide buat invest ke emiten mana, jadi masih hold dulu sambil nunggu ADRO turun dikit lagi.
Ada beberapa emiten, yang lumayan aku incar, terutama ADHI 😂🫶🏻
Selama bukan saham gorengan, agak santai dikit meskipun porto membara. Walaupun kadang ada cenat cenut juga di kepala liat FL-nya 😂😂
cecilliasantoso_",2026-04-08T11:13:20.000Z,https://www.threads.com/@cecilliasantoso_/post/DW3lvGRARnd,IHSG,2026-05-05T16:46:24.652314
happytrader.co,"Amin paling kenceng teeeeel 🚀
Semakin cepat lebih baik ...
MSCI beres
Perang kelar
IHSG reversal
Doa dibulan April:",2026-04-05T13:24:55.000Z,https://www.threads.com/@happytrader.co/post/DWwGaJAFCK3,IHSG,2026-05-05T16:46:24.880613
anangga.hy,waktu crash tetep di average down pake dividen?,2026-04-30T06:08:39.000Z,https://www.threads.com/@anangga.hy/post/DXvsWsogeZ7,IHSG,2026-05-05T16:46:25.038097
thewolfof_idx,"Dividen play cuma sampe akhir 2025
Tahun ini pas IHSG crash trading halt 2x gara” MSCI saya masuk 😁",2026-04-30T06:12:43.000Z,https://www.threads.com/@thewolfof_idx/post/DXvs0kEAQ_i,IHSG,2026-05-05T16:46:25.200587
afansetyadi,"Gokil, harga CPO nembus level tertinggi 15 bulan, bikin sektor komoditas makin kinclong! Pendapatan semen & fiber optik juga melesat, tapi waspada ya, IHSG koreksi dorong volatilitas saham tertentu, apalagi yang kena aksi ARB. Transaksi besar di bank dan rekor pendapatan chip China diperkirakan jadi katalis positif ke depan. 💥📊 #saham",2026-04-04T09:36:13.000Z,https://www.threads.com/@afansetyadi/post/DWtHasZiWan,IHSG,2026-05-05T16:46:25.527028
jurnaltrader.id,"Besok jangan trading dulu.
Jangan buka aplikasi...!",2026-04-02T14:09:23.000Z,https://www.threads.com/@jurnaltrader.id/post/DWodHP8Eg89,IHSG,2026-05-05T16:46:25.723925
nisa_elvia.wintami,"Senin besok bagaimana menurut kalian ?
Evaluasi apa kita hari ini ?
Hi Threaders IHSG
nisa_elvia.wintami",2026-04-12T13:02:08.000Z,https://www.threads.com/@nisa_elvia.wintami/post/DXCFXcpD0zc,IHSG,2026-05-05T16:46:25.886509
jagosahamindonesia,"Dan ini langsung level kepala negara 👀
Apa yang lagi disiapin sebenernya?
Indonesia lagi gak main-main soal energi.
Bukan cuma incar minyak Rusia, tapi juga kilang + energi bersih.
jagosahamindonesia",2026-04-14T09:20:18.000Z,https://www.threads.com/@jagosahamindonesia/post/DXG1kcQiVJS,IHSG,2026-05-05T16:46:26.083129
kuntoajiw,IHSG all time high while Rupiah nearly all time low. Artinya apa bang Messi?,2026-01-15T16:34:24.000Z,https://www.threads.com/@kuntoajiw/post/DTicgEqkiEO,IHSG,2026-05-05T16:46:26.239654
susanasrihandayani,"Youtube yang nggak pernah saya skip adalah jhon saham/ mabuk saham logika logikanya masuk akal :
1. Penting diversifikasi
2. Penting lihat valuasi harga wajar
3. Jangan remehkan dividen
4. Jangan percaya siapapun harus belajar sendiri, tiap hari cari berita tentang saham
ikuti siklus saham , IHSG itu ada ritmenya
5.belajar finance minimal ngerti baca laporan keuangan tipis tipis jangan sama sekali tidak mengerti.
susanasrihandayani",2026-04-01T15:55:11.000Z,https://www.threads.com/@susanasrihandayani/post/DWmEbSXid5r,IHSG,2026-05-05T16:46:26.406986
maulanaihsaann_,"Kayaknya SirMulyani malah seneng dia gak ditunjuk menteri lagi. Lihat aja Purbaya, dia dah nolak pembelian motor BGN eh si Dadan Botak malah ngeyel… gaka da harga dirinya Menkeu😂😂😂 IHSG to the hell noh nyentuh 6.900an, Dollar dah nembus 17.100 awokwowk",2026-04-08T04:48:23.000Z,https://www.threads.com/@maulanaihsaann_/post/DW25rmfEQKl,IHSG,2026-05-05T16:46:26.562088
profitmen.id,"Di Korea waktu market rontok pemerintahnya turun tangan buat stabilisasi market. Bayangin kalau negara kita anggaran MBG yang tiap hari sekitar 1,2T itu dialirkan ke IHSG setiap harinya. Bukan engga mungkin IHSG sentuh level 32.000 seperti ambisinya Pak Purbaya. Tapi pertanyaannya apakah Negara seharusnya ikut andil atau biarin mekanisme market bekerja?",2026-03-06T03:07:56.000Z,https://www.threads.com/@profitmen.id/post/DVhv9DLkTVd,IHSG,2026-05-05T16:46:26.713733
kinakinu97,Wkwk tumben banget suamiku sampe khawatir gara-gara IHSG 🤣,2026-02-02T10:41:37.000Z,https://www.threads.com/@kinakinu97/post/DUQKb2-Eeqx,IHSG,2026-05-05T16:46:27.184466
galihmandalaaa,IHSG saat ini memerah seperti semburan naga 🤓 🐉,2026-04-30T06:21:10.000Z,https://www.threads.com/@galihmandalaaa/post/DXvtycYGhzG,IHSG,2026-05-05T16:46:27.406645
syawal_saf,"ribuan anak keracunan MBG
dollar hampir 17ribu
keponakan presiden jadi gubernur BI
IHSG menurun
presiden patungan 17T buat antek asing
tapi heran aja, kalo di kritik masih banyak aja yang belain 🙃",2026-02-01T04:36:22.000Z,https://www.threads.com/@syawal_saf/post/DUM710fESwQ,IHSG,2026-05-05T16:46:27.576797
petercantropoes,"Trauma main saham
Kemudian ihsg menyentuh 6.900
Waktu ihsg rally sampai ke 9.000
Semua pada euphoria
Banyak yang ga pakai stoploss & trailing stop
Akhirnya bertebaran porto yang minus sampai 50%
Ada 2 phrase ketika bull
1. Everyone is genious in a bull market
2. Even monkey can make money in bull",2026-04-15T08:08:18.000Z,https://www.threads.com/@petercantropoes/post/DXJSIAPCc1r,IHSG,2026-05-05T16:46:27.845952
vania_berliana,Trauma main saham,2026-04-14T15:56:01.000Z,https://www.threads.com/@vania_berliana/post/DXHi20iDwrK,IHSG,2026-05-05T16:46:28.017570
eginanjar,"RSI 7: 20 (oversold)
RSI 21: 35 (bearish zone)
➡️ Artinya: memang sudah jenuh jual, tapi belum ada tanda reversal kuat.
RSI juga mengkonfirmasi:
Ini sinyal klasik downtrend berlanjut.
Dari chart daily, terlihat jelas:
IHSG sudah breakdown area 7.000
Candle terakhir membentuk lower low baru
Harga berada di bawah EMA 21 High–Low
Bahkan sudah jauh di bawah EMA 89
IHSG DAILY — TREND MASIH BEARISH",2026-05-01T08:55:34.000Z,https://www.threads.com/@eginanjar/post/DXykQKpGb79,IHSG,2026-05-05T16:46:28.260623
sarisaokta,"Ihsg anjlok jadi baiknya nabung dimana ini? 😭
Atau beralih ke saham AS aja ya? Tp blm pernah beli saham AS , please warga threads kasih paham dong saham AS apa yg bs hold untuk jangka panjang",2026-05-01T08:43:30.000Z,https://www.threads.com/@sarisaokta/post/DXyi3vvjyWL,IHSG,2026-05-05T16:46:31.253239
ayudyaheka,"Merah semua bjirrr, ihsg ambruukk",2026-04-24T02:43:23.000Z,https://www.threads.com/@ayudyaheka/post/DXf4GDik8bf,IHSG,2026-05-05T16:46:31.926763
lutfi_andriyanto,"Aku pasang SL di 1400, harga langsung drop dari 1500 ke 1300. Ga kejual dong ternyata wkwkwk
Saat IHSG drop kemaren, baru sadar ternyata stop loss itu bisa kelewat.
lutfi_andriyanto",2026-02-01T11:59:09.000Z,https://www.threads.com/@lutfi_andriyanto/post/DUNug7PEm7A,IHSG,2026-05-05T16:46:32.101011
_awrsans,"Dalam waktu dekat ini.
BBM naik, Gas melon langka, semua bahan makanan dan harga barang bakal naik, IDR melemah, APBN Jebol sehingga banyak program berhenti/mangkrak, IHSG merosot tajam, metals dan Logam Mulia turun (sementara), banyak sektor pekerjaan wajib WFH, Sekolah daring, pengangguran naik, program konversi listrik. Persiapkan diri kalian :)",2026-03-21T06:54:51.000Z,https://www.threads.com/@_awrsans/post/DWIx2I3iS5O,IHSG,2026-05-05T16:46:32.277548
kokotrader.id,"Komen aja nanti aku dm kalian masing”
Dicari yang serius mau belajar swing trading khususnya :
- Analisa Teknikal
- Analisa Ngekor Bandar
IHSG sudah hijau gini, porto masih merah?",2026-02-23T10:38:33.000Z,https://www.threads.com/@kokotrader.id/post/DVGOxyBkv8G,IHSG,2026-05-05T16:46:32.477639
halimsopan,"kenang2an IHSG crash kemarin, izin pamit dulu yeee, nanti crash kita serok lagi🙏",2026-02-04T14:27:03.000Z,https://www.threads.com/@halimsopan/post/DUVt0xmE3F7,IHSG,2026-05-05T16:46:32.621421
kurniawan_anas,"inget jangan FOMO karena IHSG udah naik sekitar 10% dari bottom nya
Nanti koreksi, kalian bisa re-entry harga yang lebih bawah
Strateginya sekarang
Kalau IHSG sudah menyentuh area 7853, mulai cicil sell (khusus Swing)
Gue akan update lg kalau udah mulai muncul sinyal koreksi terutama setelah IHSG mendekati target Fibonya 7853
IHSG masih berada di fase Wave 3 & belum terlihat tanda koreksi. Seperti yg kita tahu, dalam teori EW, Wave 3 adalah wave terpanjang dibanding Wave 1 & 5",2026-04-15T01:29:18.000Z,https://www.threads.com/@kurniawan_anas/post/DXIkdqDE_-j,IHSG,2026-05-05T16:46:32.859523
suwastika_03,Apalgi terkahir. Dibawa terbang MG bnbr eh merosot tp aman aja sih ga nyentuh avg . Cuma gatau kerasa capek,2026-04-15T12:36:14.000Z,https://www.threads.com/@suwastika_03/post/DXJwyYqj0Tg,IHSG,2026-05-05T16:46:33.020162
ekjlifestory,"Tp ga tau jg konglo lihai2. HAHAHAHA kita yg hrs atur posisi. 😭😭😭
Semangat kak. Tondo2nya dah ada ini kemarin IHSG pertama x netSell asing 48B sejak 8April. Today keluar 400B kalo ga salah. Udh dekat resist itu BNBR.",2026-04-15T12:53:23.000Z,https://www.threads.com/@ekjlifestory/post/DXJywAfmZDA,IHSG,2026-05-05T16:46:33.524000
fedi_fianto,"IHSG bursa saham dengan kepemilikan publik dan likuiditas sangat rendah
Free Float (by Tradingview)
Berkshire 99.6%
Nvidia 96%
Tesla 72%
vs
BBCA 42%
RLCO 20%
CUAN 16%",2026-01-31T05:17:14.000Z,https://www.threads.com/@fedi_fianto/post/DUKbuUcD1TH,IHSG,2026-05-05T16:46:33.707046
priceaction.id,Aku sih yakin ya IHSG bakal bullish 🟢,2026-04-22T01:26:44.000Z,https://www.threads.com/@priceaction.id/post/DXalu_Jj8st,IHSG,2026-05-05T16:46:33.859728
ssamuel_rp,"Saham Pom² BAPA (FCA)
*Saham volatil kelas bulu (bisa Ara-Arb) potensi msh perform :
TOOL, ASPR, OASA, GDST, ICON, INOV
*Saham volatil dng volume besar kemarin : ESIP, BNBR, APLN, BDMN, BAPA, KOTA
*Saham2 yg dapat di perhatikan hr ini:
TLKM
Perkiraan IHSG akan bergerak pada Kemis (30/4) antara 7000-7250",2026-04-30T01:52:44.000Z,https://www.threads.com/@ssamuel_rp/post/DXvPEZbAU4K,IHSG,2026-05-05T16:46:34.345766
susanasrihandayani,"Gold , copper , silver US ada kenaikan
Apakah IHSG mengikuti ?
ANTM
ARCI
PSAB
BRMS
susanasrihandayani",2026-04-17T01:04:29.000Z,https://www.threads.com/@susanasrihandayani/post/DXNrNpSiX8p,IHSG,2026-05-05T16:46:34.503333
raahady_,IHSG udah sentuh 9000 tapi saham diportomu Banking semua,2026-01-08T03:34:18.000Z,https://www.threads.com/@raahady_/post/DTPBqUOkhr2,IHSG,2026-05-05T16:46:34.665584
booktopia_id,"Kalo IHSG turun lagi, kalian mau nyerok emiten apa?",2026-02-15T01:11:58.000Z,https://www.threads.com/@booktopia_id/post/DUwnlFcAfp0,IHSG,2026-05-05T16:46:34.822855
hengky.lim.9,"Setelah pembukaan di bayang2i oleh negosiasi yg batal dengan di buka merah 😂 , akhirnya IHSG Berhasil kembali break high di dorong oleh saham2 konglo, namun masih kurang tenaga di akhir perjalanan sesi 2 , kemungkinan besok masih akan menguji trendline resistance tsb yaa , congratulations utk yg tetap stay cool n calm
Update 13 April 26",2026-04-13T10:27:28.000Z,https://www.threads.com/@hengky.lim.9/post/DXEYddHAenf,IHSG,2026-05-05T16:46:38.274243
lingkar_pertama,"IHSG by candle bagus, tp anehnya kemarin itu saham konglo bukan yang dari merah terus pada reversal. yah liat aja gimana nanti.",2026-04-30T00:31:43.000Z,https://www.threads.com/@lingkar_pertama/post/DXvFy71DxY4,IHSG,2026-05-05T16:46:38.419805
fadh.frames,"Dan itu semua menuntut respon tepat dari pemerintah kita. Pemerintah yang udah sukarela sedekah 17 Triliun buat AS Perang!
• Dollar tembus di atas Rp17.000
• Harga Minyak Dunia tembus di Atas $100
• Defisit APBN bisa tembus > 3% dari PDB
• IHSG terjun > 4%
Bagi yang merasa gak usah ikut mikirin politik, pilihan pemimpin kita gak pengaruh ke kehidupan kita, nih lihat hari ini",2026-03-09T04:58:47.000Z,https://www.threads.com/@fadh.frames/post/DVprBgXkfY5,IHSG,2026-05-05T16:46:38.668873
izzul8,"mau dibawah kemana IHSG ini? 🤣
kemarin udah turun ke 30an minusnya, sekarang ke 40an lagi 🤣",2026-03-31T10:22:34.000Z,https://www.threads.com/@izzul8/post/DWi5kPkgdDo,IHSG,2026-05-05T16:46:38.808681
gymnastiarrem,"Tenang aja IHSG ttp Strong soalnya asing lagi BSJP jga 😂
Market mulai memberikan ketidakpastian ya, padahal baru aja gencatan senjata. Israel dah nyerang lagi aja.🗿",2026-04-09T00:07:28.000Z,https://www.threads.com/@gymnastiarrem/post/DW4-VCQkoNN,IHSG,2026-05-05T16:46:38.988257
meryn_agasi,"Diluar IHSG yang tiba2 jeblug dan porto sahamku lebih minus dari biasanya 😂, seneng juga hari ini gajianku dari Sukuk total 1.250 an. Aku gak kerja aku lebih seneng memvalidasi diriku aku harus punya gajian tetap.",2026-01-12T10:53:38.000Z,https://www.threads.com/@meryn_agasi/post/DTaHHj3kgz0,IHSG,2026-05-05T16:46:39.137312
yoohansa,"bring back IHSG to 9000 !!!
winrate seimut ini masih punya saham nyangkut di $BBRI",2026-05-01T11:43:18.000Z,https://www.threads.com/@yoohansa/post/DXy3coHkpxU,IHSG,2026-05-05T16:46:39.308366
nixmare2026,"Kamu mau tau Danantara posisi dimana ?
IHSG minus 4% plus. Kalo lihat ada saham yang masih ijo brati danantara ada di situ yang mencolok banget SMGR",2026-02-02T03:13:20.000Z,https://www.threads.com/@nixmare2026/post/DUPXIm8j1Sz,IHSG,2026-05-05T16:46:39.796898
skidipap389,"Gak bisa nyalahin konglo juga karena tanpa mereka IHSG itu cuma 5000,apakah ini akhir kisah supir angkot IHSG??? Sedang mempersiapkan diri untuk bencana di hari Senin.",2026-04-05T03:33:49.000Z,https://www.threads.com/@skidipap389/post/DWvCw0gD66o,IHSG,2026-05-05T16:46:39.968820
todiradenajeng,"Denger2 ihsg juga koreksi ye 😂
Tapi lucunya S&P malah naik
Minyak tentu naik
Gold malah koreksi tipis
HORMUZ TUTUP LAGI 😂😂🤯🤯",2026-04-09T02:32:54.000Z,https://www.threads.com/@todiradenajeng/post/DW5O-PokfUt,IHSG,2026-05-05T16:46:40.176398
eginanjar,"👉 Momentum naik sedang terjadi
👉 Tapi belum masuk zona aman untuk trend naik
✅ Sudah rebound dari area 7.000-an
✅ Candle naik cukup kuat
✅ Harga sudah kembali ke atas EMA 21 Low
✅ RSI 7 sudah naik ke 70-an (cukup panas)
✅ RSI 21 sekitar 50 (netral-bullish awal)
Di chart daily, IHSG terlihat:
IHSG DAILY — REBOUND SEDANG TERJADI, TAPI BELUM AMAN",2026-04-18T08:24:01.000Z,https://www.threads.com/@eginanjar/post/DXRCTvomezt,IHSG,2026-05-05T16:46:40.731319
eginanjar,"Artinya:
👉 Weekly masih dalam fase pemulihan awal
👉 Belum masuk bullish kuat
RSI juga penting di sini:
RSI 7: baru bangkit dari oversold
RSI 21: sekitar 47–48 (masih lemah)
Yang terlihat:
📉 IHSG sempat breakdown tajam
📉 Harga sempat di bawah EMA 89
📈 Sekarang sedang mencoba rebound
Di chart weekly, kondisinya masih belum sepenuhnya sehat.
IHSG WEEKLY — MASIH DALAM FASE TEKANAN",2026-04-18T08:25:02.000Z,https://www.threads.com/@eginanjar/post/DXRCbIqmUVL,IHSG,2026-05-05T16:46:40.974892
uung__,"IHSG anjlok, rupiah melemah, Indo dalam kondisi genting, itu cuma kalian yang sudaah terbiasa konsumsi berita dan paham bagaimana kondisi negara. Banyak dari grassroot yang belum ngerasa dampak dan setelah ini kesusahan buat bertahan hidup. Saampaikan aja, sekarang krisis semua harga perlahan akan naik tanpa diikuti kenaikan pendapatan. Apa yang terjadi? Kaya dicekik makin lama makin erat. Terus kita bisa apa?",2026-04-27T09:56:03.000Z,https://www.threads.com/@uung__/post/DXoX_nrEUNV,IHSG,2026-05-05T16:46:41.432781
eginanjar,"Kalau sampai area ini disentuh, biasanya muncul technical rebound besar.
Ini adalah zona support besar weekly.
Jika tembus:
➡️ Potensi lanjut ke 6.640 — 6.488
Level penting:
Support kuat: 6.780
AREA PENTING IHSG (WEEKLY)",2026-05-01T08:58:15.000Z,https://www.threads.com/@eginanjar/post/DXykjzcmTGv,IHSG,2026-05-05T16:46:41.860462
ayirakhmana,Dari tadi rame baca IHSG crash ga smpt ngecek. Setelah dicek.. cringgggg nangis kejer 🤣🤣,2026-01-28T06:59:14.000Z,https://www.threads.com/@ayirakhmana/post/DUC5AyWE5MU,IHSG,2026-05-05T16:46:42.048371
davidcornelism,"Efek dominonya langsung terasa:
— Eropa sudah memperingatkan krisis jet fuel dalam 3 minggu. Dengan blokade total, timeline itu bisa jauh lebih pendek. — Harga bensin AS sudah $4.12/gallon dan akan naik lagi. — Trump mengancam tarif 50% ke China kalau Beijing bantu militer Iran. Artinya: perang dagang + konflik militer berjalan bersamaan. — Ini oil supply shock terbesar sejak 1973.",2026-04-12T16:18:24.000Z,https://www.threads.com/@davidcornelism/post/DXCb066lPdY,IHSG,2026-05-05T16:46:42.233336
davidcornelism,"Lalu apa dampaknya buat Indonesia?
Rupiah akan tertekan keras saat pembukaan Asia hari Senin. Dollar rally hampir pasti terjadi. Oil bill Indonesia naik signifikan — kita importir minyak, bukan eksportir.
Semoga IHSG tidak gap-down. Sektor paling rentan: penerbangan, transportasi, manufaktur, consumer goods. Yang mungkin bertahan atau naik: batubara dan emas — substitusi energi dan safe haven.",2026-04-12T16:18:27.000Z,https://www.threads.com/@davidcornelism/post/DXCb1RKFM6x,IHSG,2026-05-05T16:46:42.394907
happytrader.co,"Happy cuan semua hari ini mantep yaa,
Semoga besok ada good news 🔥
IHSG 12.000 didepan mata 🚀",2026-04-06T09:16:27.000Z,https://www.threads.com/@happytrader.co/post/DWyOxT7lL-k,IHSG,2026-05-05T16:46:45.378064
sharemystock,"#ihsg
#saham
#traderpemula
Pantauan untuk besok.",2026-04-14T13:03:04.000Z,https://www.threads.com/@sharemystock/post/DXHPD-zmnAh,IHSG,2026-05-05T16:46:45.548080
ismujurso,"Tiap IHSG koreksi/candle merah beranda selalu sepi orang flexing profit..
Apa cuma beranda Ike aja ya..
Bingun 😃😃
#ihsg #flexing #trading",2026-04-28T19:12:19.000Z,https://www.threads.com/@ismujurso/post/DXr8cuGE8pU,IHSG,2026-05-05T16:46:45.718075
seliniagrt,"Setelah ihsg anjlok kemarin sampe 2 hari berturut turut dan para dirut OJK dan BEI mengundurkan diri, apakah pasar saham indonesia senin nanti akan anjlok lagi atau malah akan lebih baik?",2026-01-31T00:14:24.000Z,https://www.threads.com/@seliniagrt/post/DUJ5ETBEuyh,IHSG,2026-05-05T16:46:45.993188
out.standjing,"Gw bandingin data historisnya dan ini faktanya…
Seberapa akurat indikator MU ini? Apakah memang valid atau hanya akal-akalan propaganda para pembenci KING EMYU
🤓☝️
MU-MOLOGY
Klo MU menang, IHSG Turun
Klo MU kalah, IHSG Naek
Coba seberapa sering lu nemu kata-kata kaya gini sekarang yg entah kenapa emang beneran aja kejadian wkwkwk
🗣️: MU MENANG, FIX IHSG MERAH!!",2026-04-19T08:20:23.000Z,https://www.threads.com/@out.standjing/post/DXTmsBZkjEk,IHSG,2026-05-05T16:46:46.204136
happytrader.co,Langsung pada ngac*ng semua 🚀🚀🚀,2026-04-07T03:27:12.000Z,https://www.threads.com/@happytrader.co/post/DW0LmKUmEcU,IHSG,2026-05-05T16:46:46.364243
michael.nathann,Padel.,2026-04-26T03:54:57.000Z,https://www.threads.com/@michael.nathann/post/DXlJ3_OEe2S,IHSG,2026-05-05T16:46:46.516478
danzjonathan,Bukannya ihsg?,2026-04-26T04:14:32.000Z,https://www.threads.com/@danzjonathan/post/DXlMHbuERf6,IHSG,2026-05-05T16:46:46.663779
q.ismyname,Rabu nanti mau take profit dan all in ke satu saham. BBRI apa BMRI ya? Atau ada ide lain? #saham #ihsg,2026-02-16T02:52:26.000Z,https://www.threads.com/@q.ismyname/post/DUzX3ufgVYj,IHSG,2026-05-05T16:46:46.824824
xynnn_wo,"Pantau saham ini, tunggu IHSG membaik dulu, nanti saham saham ini juga pullback",2026-03-17T10:28:16.000Z,https://www.threads.com/@xynnn_wo/post/DV-3FurFNoN,IHSG,2026-05-05T16:46:47.644861
cryptohill.idn,Ptro gmna,2026-03-18T08:12:41.000Z,https://www.threads.com/@cryptohill.idn/post/DWBMXpGEr-D,IHSG,2026-05-05T16:46:47.808965
its.jihaan_,"rupiah melemah, IHSG terjun, minyak naik, defisit melebar. btw porto kalian aman? klo gue sih uda merah merona😭",2026-03-09T07:02:28.000Z,https://www.threads.com/@its.jihaan_/post/DVp5LZ5Efsq,IHSG,2026-05-05T16:46:47.952014
hengky.lim.9,"GAP UP berhasil di tutup pagi ini, next? 😌😌😎
Update 24 April 26",2026-04-24T02:11:36.000Z,https://www.threads.com/@hengky.lim.9/post/DXf0dSpgbv5,IHSG,2026-05-05T16:46:48.249377
sripujiyanti,"Tapi sedih Indonesia ugal-ugalan ga ada ujungnya.
Ada omongan lain tapi ga bisa disebut di sini. Jadi ga kaget sama rating Morgan Stanley.
Ngobrol lah gw ama komisaris gw orang yang udah makan asam garam dunia lebih lama dan komen dia, “Saat ini fundamental saham kayaknya ga penting dan itu mengkhawatirkan kenapa bisa gitu”.
Keanehan BEI tuh dimulai pada saat IHSG naik gila-gilaan terus saham bluechips yang gw pegang malah merah semua.",2026-01-31T00:06:41.000Z,https://www.threads.com/@sripujiyanti/post/DUJ4LwlEmwA,IHSG,2026-05-05T16:46:48.716782
susandjie,"Ya Tuhan, doaku simple, plis IHSG naik dan sahamku hijau semua🍀🙏🏻",2026-04-08T05:07:01.000Z,https://www.threads.com/@susandjie/post/DW270JDGtvO,IHSG,2026-05-05T16:46:48.866317
mahasiswaelliotwave,"​#IHSG #MSCI #Investing #TradingSaham #BursaEfekIndonesia
​Pantau ketat penutupan market hari ini!
​Siapa kira-kira ""pemain"" yang bakal masuk daftar hitam ini? Apakah jagoan kalian aman atau malah jadi target utama? 🧐🔍
​Kalau emiten masuk daftar ini, siap-siap ditendang dari indeks MSCI dan di-banned selama 12 bulan! Peluang forced sell oleh fund besar makin nyata.
Kabar dari Bloomberg soal list High Shareholding Concentration (HSC) sore ini bisa jadi ""gempa"" buat bursa. 📉
mahasiswaelliotwave",2026-04-02T08:57:26.000Z,https://www.threads.com/@mahasiswaelliotwave/post/DWn5aggmaZr,IHSG,2026-05-05T16:46:49.404943
sucifitrianny,"Assalamualaikum IHSG💔
habis jual BBRI 100 lot minus 10jta, eh BBCA ga selamat juga😭",2026-01-29T06:07:47.000Z,https://www.threads.com/@sucifitrianny/post/DUFX61QAUD0,IHSG,2026-05-05T16:46:49.567493
sahamstockidn,"Tapi jika jebol di bawah 6,917…
Nanti lihat lagi di area 6,700-an dan 6,600.
Thesis gw hari ini IHSG akan close di area 6,900-7000an dan membentuk double bottom, memantul hari Senin.
Sesuai prediksi, berturut-turut.
IHSG ditutup ‘strong’ di atas 6,917, level yang udah diuji 4 kali dalam sebulan dan belum juga tembus (candle harian).",2026-04-30T09:06:05.000Z,https://www.threads.com/@sahamstockidn/post/DXwAqXNk9lG,IHSG,2026-05-05T16:46:52.808503
bimbimisme,"selama lu liat bbca belum under 5800, bbri belum under 3000, tlkm belum under 2500, bbni belum under 3000, bmri belum under 4000, asii belum under 4500, untr belum under 15000... sante!
banyak yang bingung market crash. ihsg masih di harga wajarnya. karena kenaikan kemarin terbilang SEMU ! karena yang naik itu saham konglo yang fundamentalnya ampas, dan sekarang mereka ngalami penurunan yang cukup jeru. even harga wajar ihsg sendiri itu 6500-6600an harusnya, jika saham konglo di harga yg wajar.",2026-03-09T18:05:39.000Z,https://www.threads.com/@bimbimisme/post/DVrFErNk1pf,IHSG,2026-05-05T16:46:53.010361
theferdians,"Siapin mental kalau IHSG bakal koreksi ke 7800 atau 7050.
Unpopular opinion :",2026-01-08T12:39:52.000Z,https://www.threads.com/@theferdians/post/DTQAGH_kszP,IHSG,2026-05-05T16:46:53.178445
ssamuel_rp,"Saham Pom² BAPA
*Saham volatil kelas bulu (bisa Ara-Arb) potensi msh perform :
ZATA, LAND, DEFI, BIPP, KUAS, INCF, RODA, ENZO, POLA, LCKM. CTTH, GRPH, KICI, BABY
*Saham volatil dng volume besar kemarin : BNBR, BRPT, BULL, KOTA, SSIA
*Saham2 yg dapat di perhatikan hr ini:
BMRI. BBCA
Perkiraan IHSG akan bergerak pada Rebu (22/4) antara 7400-7750",2026-04-22T01:26:49.000Z,https://www.threads.com/@ssamuel_rp/post/DXalvivgT9B,IHSG,2026-05-05T16:46:53.372147
happytrader.co,"IHSG kapan ke 12.000 nya iniiii hadehhh 🙈
Habis botuna terbitlah isriwil b*ngsaaaaaat,
Stop dulu anj 🤯",2026-04-08T16:06:11.000Z,https://www.threads.com/@happytrader.co/post/DW4HQBAlBD1,IHSG,2026-05-05T16:46:53.563560
ssamuel_rp,"Saham Pom Pom BAPA  Translate
*Saham volatil kelas bulu (bisa Ara-Arb) potensi msh perform :
KRYA, DEFI, MEDS, HALO, LCKM, BIPP, INDX, RODA, CSMI, ENZO. BAIK, KICI
*Saham volatil dng volume besar kemarin : MDIA, KOTA, BAPA
*Saham2 yg dapat di perhatikan hr ini:
BBRI. BBCA
Perkiraan IHSG akan bergerak pada Selasa (21/4) antara 7400-7750",2026-04-21T00:42:19.000Z,https://www.threads.com/@ssamuel_rp/post/DXX72xcAaht,IHSG,2026-05-05T16:46:54.261558
mas_hani_ahmad,"Screener untuk ihsg yang sedang rungkad ""buy-pump-dump""
Tetep harus dianalisa ya
DYOR  Translate 1/2",2026-02-07T11:47:38.000Z,https://www.threads.com/@mas_hani_ahmad/post/DUdJ9vdkvmQ,IHSG,2026-05-05T16:46:54.469034
firnandositanggang,"Pagi ini dapat rejeki nomplok 🤣
firnandositanggang",2026-04-21T02:08:13.000Z,https://www.threads.com/@firnandositanggang/post/DXYFr68CQrp,IHSG,2026-05-05T16:46:54.828119
m_arispujiyanto,"Pada tertarik ga dengan saham FCA? Kalau pada penasaran, bsok sabtu sama lusa coba saya bantu jelasin lewat stream. Karena emng banyak yang pada ga tau apa itu saham FCA.",2025-12-12T09:49:57.000Z,https://www.threads.com/@m_arispujiyanto/post/DSKLL_EAVky,IHSG,2026-05-05T16:46:55.003397
sinyaldata.id,"“Bursa” kembali berdarah! IHSG anjlok sampai 3% lebih cuma dalam satu sesi. Bayangin aja, ada sekitar 625 saham yang kompak terjun bebas, dan ini bukan cuma saham lapis tiga yang goyang, tapi hampir semua sektor kena pukul rata.",2026-04-24T05:58:46.000Z,https://www.threads.com/@sinyaldata.id/post/DXgOdJIEZcC,IHSG,2026-05-05T16:46:55.328993
isheoo,"Cuma liat dari driver shopee food, shopee instan, grab, gojek makin banyak perempuan!! Kalau perempuan kerja kasar, panas2 an artinya perempuan udh ngga safe dari segi ekonomi. Seorang ayah, suami, kakak adik laki2 blm mampu memenuhi kebutuhan keluarga mereka. Mau ga mau perempuan hrs ikut andil.
Pagi pagi udh dibikin khawatir sama ekonomi negara yang makin memburuk. Ngga liat dari chart ihsg, harga emas, abpn, apbd ataupun mbg.",2026-04-20T21:52:29.000Z,https://www.threads.com/@isheoo/post/DXXoa6Ok91p,IHSG,2026-05-05T16:46:55.657846
panji_64,"Emang kalo itu semua sekarang aman, kedepannya bakal aman? Dulu2 yg bapak sebutkan juga aman kan? Sekarang? Dan investor kabur itu investor apa? Jepang pun sekarang kerja sama dengan kita.. IHSG jatuh pun bukan sekali dua kali.. Toh ujung2nya menguat lagi ketika dunia pulih..
Bapak yg bilang jangan liat sekarang, liat ke depan.. Lah yg bapak sebutkan itu bapak liat sekarang.. 😅",2026-04-09T02:03:28.000Z,https://www.threads.com/@panji_64/post/DW5LmmnCQoB,IHSG,2026-05-05T16:46:55.817028
b3n4ndr4,Km cek chart ihsg ya ihsg itu mulai bergerak jatuh sejak prabowo dilantik tgl 20 oktober. Cek aja! Artinya investor tdk percaya negara ini arahnya akan bener dgn program2 pemerintah barunya yg buruk,2026-04-09T02:43:20.000Z,https://www.threads.com/@b3n4ndr4/post/DW5QKkUj0Ar,IHSG,2026-05-05T16:46:55.963958
tashahafidzanniswa,"Mari kita mengeheningkan cipta tuk ihsg hari ini 😆😂 tapi ada stu emiten menarik mnrutku tahan badai dari sejak trad halt pertmaa.. bukan untuk ajakan jual beli ya..DYOR !
Apakah ada yg udah punya emiten ini? 😁 klo aku blum sih bru pantau secara valuasi masih murah dan deviden lumayan juga
tashahafidzanniswa",2026-02-02T02:57:50.000Z,https://www.threads.com/@tashahafidzanniswa/post/DUPVXCpgbvM,IHSG,2026-05-05T16:46:59.134577
kik.satya,IHSG Sepertinya menolak merah hari ini. 🙏📈,2026-04-13T02:27:16.000Z,https://www.threads.com/@kik.satya/post/DXDhgbOGLmP,IHSG,2026-05-05T16:46:59.299861
arribath.zamrud,"Tutup Porto,close smua position,fokus latsar cpns. Ihsg bikin stress",2026-04-24T04:57:19.000Z,https://www.threads.com/@arribath.zamrud/post/DXgHbE4gZsA,IHSG,2026-05-05T16:46:59.467155
ismurhadi_rizki,"Ciri ciri bid offer perusahaan yang harganya di tahan, study kasus BNBR hari ini 15 april , pada saat IHSG merah, ada yang nahanin di bawah . Perhatikan juga volumenya . ini menentukan keputusan kita selanjutnya mau jual atau belum .
#sahamsyariah #saham #ihsg #investor #stock",2026-04-15T10:45:22.000Z,https://www.threads.com/@ismurhadi_rizki/post/DXJkGFsj4Kz,IHSG,2026-05-05T16:46:59.788103
arivian.f,Mantap sih saat Ihsg koreksi 🤣,2026-04-15T09:06:50.000Z,https://www.threads.com/@arivian.f/post/DXJY0pjkuW4,IHSG,2026-05-05T16:47:00.185798
strawhatonepiece8,"3. Indikator MACD: Masih menunjukkan sinyal negatif di seluruh timeframe utama, memperkuat indikasi downtrend.
2. Foreign Outflow: Aliran dana asing yang keluar masih cukup deras, mengindikasikan tekanan jual yang belum berakhir.
1. Proyeksi Pergerakan: IHSG diprediksi masih akan bergerak melemah. Fokus utama adalah pengujian area 7.080. Jika level itu tertembus, maka angka psikologis 7.000 akan menjadi target penurunan selanjutnya (magnet pasar).
Senin, 27 April 2026
strawhatonepiece8",2026-04-27T13:52:45.000Z,https://www.threads.com/@strawhatonepiece8/post/DXozFSaE_Mf,IHSG,2026-05-05T16:47:00.493155
ekjlifestory,"Note:
Tetap butuh konfirmasi kembali.
- Acara White House Dinner.
- Lokasi di hotel Washington.
- Bukan di Gedung White House.
- Ada 5-8 suara tembakan.
- Trump diamankan Secret Agent.
- Pelaku sudah ditangkap.
- Satu officer kena tembak.
BREAKING!: Ada tembakan di acara White House Trump. USA!",2026-04-26T08:00:31.000Z,https://www.threads.com/@ekjlifestory/post/DXll-mZE_BI,IHSG,2026-05-05T16:47:00.689580
whatsthat782,Besok IHSG ijo royo,2026-04-26T08:36:18.000Z,https://www.threads.com/@whatsthat782/post/DXlqEpmD5SA,IHSG,2026-05-05T16:47:00.827636
happytrader.co,"Market luar ijo pekat,
Besok IHSG gimana simpulkan sendiri 😎",2026-04-08T14:33:44.000Z,https://www.threads.com/@happytrader.co/post/DW38q1rlC4x,IHSG,2026-05-05T16:47:01.023932
rizkamaghfur,"Eh ini td jam 2an BELL , INOV, ESTI , ERTX
Naik alhamdulillah
Intinya apa ???
Klo trading musti tenang dan sabar
Klo saya, karena setiap hari liat porto saya merah semua jadi santai aja , malah fokus apa ini saham yg bisa cuan?
Bagi mereka yg tidak terbiasa liat porto merah
Mereka akan panik
Kepikiran , takut uangnya hbis dll
Tiba2 IHSG minus 1.3 merah merona
Otomatis longgsor dunk
Ndak main2 longsornya 10-15 tik
Buah Kesabaran itu CUAN
Tadi pagi jual beli BELL , ESTI, INOV",2026-01-21T07:37:47.000Z,https://www.threads.com/@rizkamaghfur/post/DTw72-MkRUd,IHSG,2026-05-05T16:47:01.226067
jessicajejess,ngeri gak tuh 😖😱🫣,2026-04-24T07:39:48.000Z,https://www.threads.com/@jessicajejess/post/DXgaBH5Efzf,IHSG,2026-05-05T16:47:01.378531
mutiacut12,IHSG turun terus kapan reboundnya 🥲 awal 2026 malah makin mumet.,2026-02-06T06:05:09.000Z,https://www.threads.com/@mutiacut12/post/DUZ9-gmktOB,IHSG,2026-05-05T16:47:01.518474
abiwidasmara,"Awas aja Mingdep Trump berulah lagi 🤬 lekas membaik IHSG 😚
IHSG hijau hari ini karena berita gencatan senjata sementara, tapi jangan senang dulu, secara price action IHSG perlu menembus WEMA, minimal tembus WEMA 5 di 7250an
IHSG HIJAU HARI INI 🤩",2026-04-08T06:20:00.000Z,https://www.threads.com/@abiwidasmara/post/DW3EKoMEzDb,IHSG,2026-05-05T16:47:01.709628
femstock_,"#IHSG #investasi #sahamindonesia #PasarModal #pasarmodalindonesia
Cobaan di tahun 2026, SEMANGAT‼️",2026-04-23T13:13:07.000Z,https://www.threads.com/@femstock_/post/DXebXcLEtm7,IHSG,2026-05-05T16:47:01.860151
nixmare2026,"Minggu depan off dulu dari IHSG. Cutloss semua sisa saham. Pejabat elit nya yang pada mundur itu bukan hanya ga becus kerja tapi ada sesuatu yang mereka ga sanggup betulin. Apalagi IHSG crash baru karena berita MSCI, belum kalo paman Trump tantrum. Reward nya ga sebanding dengan risk nya. Mending kehilangan duit berapapun hari ini daripada kehilangan uang lebih besar besok. Masuk lagi ketika IHSG sudah di reformasi. Peace Love & Gaul",2026-01-31T04:16:00.000Z,https://www.threads.com/@nixmare2026/post/DUKUt0Aj-__,IHSG,2026-05-05T16:47:02.017313
ekjlifestory,"Di sini aku bs bangun siang, IHSG open jam 12. Tp ya malem msh open market. Tunggu broksum keluar smpe jem 9 atau 10 malem. 😭
Semoga yg nyangkut2 di emiten konglo segera kejemput. IHSG pulih. 🔥 Sy tdr dl HAHAHA dah subuh.",2026-05-01T17:30:07.000Z,https://www.threads.com/@ekjlifestory/post/DXzfI3HCnlk,IHSG,2026-05-05T16:47:02.191988
adelonnataa,"NET FOREIGN BUY AND SELL MIDDAY
. Yuk smngat moga IHSG kita bangkit",2026-04-06T05:47:09.000Z,https://www.threads.com/@adelonnataa/post/DWx20ROjKe8,IHSG,2026-05-05T16:47:02.335023
ssamuel_rp,"Saham Pom² CHEM
*Saham volatil kelas bulu (bisa Ara-Arb) potensi msh perform :
MSIN, FORE, ESIP, POLA, FUTR, FPNI, GSMF
*Saham volatil dng volume besar kemarin : BUMI, DEWA, BIPI, BULL, CUAN
*Saham2 yg dapat di perhatikan hr ini:
BBRI
Perkiraan IHSG akan bergerak pada Selasa (7/4) antara 6900-7150",2026-04-07T01:52:31.000Z,https://www.threads.com/@ssamuel_rp/post/DW0AwoYgbb3,IHSG,2026-05-05T16:47:02.532510
rich_riyan,"sakit cuuk IHSG, abis smua saham kena SL wkwk. tersisa naga WBSA yang masih dikandang",2026-04-30T03:45:18.000Z,https://www.threads.com/@rich_riyan/post/DXvb84xEa7h,IHSG,2026-05-05T16:47:02.680826
hengky.lim.9,"IHSG masih belum nutup GAP AREA 7.527 nya , cukup banyak saham yg belum terbentuk support baru, solusinya jika tidak mau pakai support lama, bisa adjust menggunakan support 1 / 2 hari yg lalu ( break daily low candle)
Update 16 April 26",2026-04-16T06:22:59.000Z,https://www.threads.com/@hengky.lim.9/post/DXLq3fXgc7y,IHSG,2026-05-05T16:47:02.885901
jagosahamindonesia,"Proposal damai Iran sudah di meja, tapi kenapa IHSG dan Dollar belum bereaksi? Jawabannya: ""The Devil is in the details."" Kita lagi terjebak di Deadlock raksasa. 🧵
jagosahamindonesia",2026-04-28T07:50:57.000Z,https://www.threads.com/@jagosahamindonesia/post/DXquePACSg7,IHSG,2026-05-05T16:47:05.808640
robinhoodstocks,"Kenapa gua bisa yakin? Kalian bisa lihat data weighting IHSG kita dimana weighting saham konglo ini besar, bayangkan kalau seperti kata orang orang di luar sana yang bilang era saham konglo sudah BERAKHIR otomatis jangan harap IHSG bisa perform karena mana mungkin saham fundamental bisa gendong IHSG, bisa lihat data semenjak COVID, siapa yang gendong IHSG kalau bukan saham konglo, jadi jangan anti sama saham konglo
""IHSG akan ditopang saham konglo 2026""
Mungkin kalian ga percaya tapi bodo amat.",2026-03-20T15:37:02.000Z,https://www.threads.com/@robinhoodstocks/post/DWHIzy2CcN-,IHSG,2026-05-05T16:47:05.982643
ssamuel_rp,"Saham Pom² AGRO
*Saham volatil kelas bulu (bisa Ara-Arb) potensi msh perform :
KAQI, AGRO, IMJS, KRYA, NRCA, LABA, PJHB, LEAD, EMDE, AYLS, DEFI, CSMI
*Saham2 yg dapat di perhatikan hr ini:
ANTM
*Saham volatil dng volume besar kemarin : BNBR, BFIN
Perkiraan IHSG akan bergerak pada Jumat (17/4) antara 7400-7750",2026-04-17T01:25:37.000Z,https://www.threads.com/@ssamuel_rp/post/DXNtoXLAVbT,IHSG,2026-05-05T16:47:06.198317
galihmandalaaa,"Analisis kondisi IHSG yg sulit naik sulit naik, dikarenakan beberapa faktor:
1️⃣ Minyak Melambung: Brent $110 vs Asumsi APBN $70. Subsidi bengkak Rp 230T. Fiskal masuk “Survival Mode”.
2️⃣ Rupiah Terkapar: Kurs Rp 17.380/USD (Terlemah di ASEAN). Asing kabur dari Big Banks (BBCA, BMRI).
Brent $110 | Rupiah Rp 17.380
IHSG SAAT INI dipengaruhi sentimen global… khususnya berkaitan dengan IHSG dan MINYAK DUNIA",2026-04-30T06:20:05.000Z,https://www.threads.com/@galihmandalaaa/post/DXvtqdNGivh,IHSG,2026-05-05T16:47:06.756092
ssamuel_rp,"Saham Pom Pom KUAS
*Saham volatil kelas bulu (bisa Ara-Arb) potensi msh perform :
BNBR, INET, MINA, KUAS, KAQI, HUMI, PADI, GTSI, TRUE, YELO, RMKO, OASA, CYBR, MHKI, FWCT
*Saham volatil dng volume besar kemarin : BRPT, CUAN, BREN, BUMI, BRMS, PTRO, BIPI, AMMN, VKTR, RAJA, MBMA
*Saham2 yg dapat di perhatikan hr ini:
BBRI, BBNI, BBCA, BMRI
Perkiraan IHSG akan bergerak pada Rabu (9/4) antara 6900-7150",2026-04-09T00:52:50.000Z,https://www.threads.com/@ssamuel_rp/post/DW5DhQoAQuL,IHSG,2026-05-05T16:47:07.172733
hengky.lim.9,"CMON IHSG sedikit lagiii 😁😁 , yuk bisa yuk nutupppp 😝
Update 28 April 26",2026-04-28T02:12:53.000Z,https://www.threads.com/@hengky.lim.9/post/DXqHyNWgY6y,IHSG,2026-05-05T16:47:07.392302
aryaarifin48,"3 Kriteria ini cocok buat IHSG besok 🤣
Selat hormus baru di buka, udah di tutup lagi
Harga bensin solar non subsidi naik signifikan
MU semalem menang",2026-04-19T07:29:31.000Z,https://www.threads.com/@aryaarifin48/post/DXTg3cFkkBd,IHSG,2026-05-05T16:47:07.584042
syariahsaham,Aman ya 1 May dikasih panggung biar joget2 ajah. IHSG senin aman nih,2026-05-01T05:44:39.000Z,https://www.threads.com/@syariahsaham/post/DXyOZ4fAQa1,IHSG,2026-05-05T16:47:07.731360
algoresearch,MSCI recent announcement also gives clarity that Indonesia is unlikely to be downgraded to Frontier Market but will see substantial weight reductions with names like BREN and DSSA to be excluded.,2026-04-22T08:04:21.000Z,https://www.threads.com/@algoresearch/post/DXbTPOnk8Bt,IHSG,2026-05-05T16:47:07.916337
algoresearch,"But, IHSG is not ""out of the woods yet"" as technical could move lower where risks such as US-Iran war and fiscal deterioration still exist.",2026-04-22T08:04:21.000Z,https://www.threads.com/@algoresearch/post/DXbTPNjk-w1,IHSG,2026-05-05T16:47:08.099271
papaganbaa,"Pagi semua gimana weekendnya? hehe, kasih prediksi IHSG minggu ini dong.",2026-04-20T01:56:29.000Z,https://www.threads.com/@papaganbaa/post/DXVfjEuEvou,IHSG,2026-05-05T16:47:08.257839
stockbit,IHSG tadi sempat menyentuh 9.000 loh😇,2026-01-08T03:28:54.000Z,https://www.threads.com/@stockbit/post/DTPBCq1kg9m,IHSG,2026-05-05T16:47:08.427790
ivan.nover_,"IHSG bisa ke 7730
EMAS kalo koreksi bisa agak dalem (pola rising wedge) abis itu naik lagi
ENRG bisa ke 2300 (entry under 2000 masih menarik)
BULL support di 460, kalo bisa tembus 570 bisa lanjut naik
MDKA di angka sekarang udh bs masuk MSCI
Hindari saham konglo, masuk komoditas
INCO saham yang fundanya bagus
MBMA asing keluar, ditampung lokal
INDY asing beli di pucuk 3950. Area aman beli di 3700
AADI asing beli di harga tinggi
Money management
Live ko Michael Yeoh
@_michaelyeoh
2 Maret 2026",2026-03-02T15:46:39.000Z,https://www.threads.com/@ivan.nover_/post/DVYzmg8k97n,IHSG,2026-05-05T16:47:08.606900
hengky.lim.9,"Skenario update , gap 7.308 selesai di tutup, tinggal tersisa gap 7.022 , jika berhasil stop di area kotak merah tsb, maka IHSG akan rebound ke area 7.700 kembali, sebaliknya jika IHSG gagal bertahan di 6.917 maka lanjut ke area support selanjutnya di 6.690 ( skenario 2 )
Update 24 April 26",2026-04-24T03:47:31.000Z,https://www.threads.com/@hengky.lim.9/post/DXf_b0vAQjY,IHSG,2026-05-05T16:47:08.810119
prdhna_,"IHSG sesi pertama naik 0,65% ke 7.175,62. Yang menarik, bank jumbo rame transaksinya, tapi justru saham tambang yg jadi penarik utama indeks hari ini.",2026-04-28T04:00:16.000Z,https://www.threads.com/@prdhna_/post/DXqUDGXmH7L,IHSG,2026-05-05T16:47:08.955438
itsaquilla_,"Di kala IHSG merah, notifikasi seperti ini yang ku tunggu, lumayan lah ya buat ngopi😆",2026-04-08T00:50:47.000Z,https://www.threads.com/@itsaquilla_/post/DW2efYNEuvU,IHSG,2026-05-05T16:47:09.122663
markeapjeal,"ijo kak ihsg, kok merah?",2026-04-08T03:16:03.000Z,https://www.threads.com/@markeapjeal/post/DW2vHWHGJDS,IHSG,2026-05-05T16:47:09.266702
adelonnataa,Oftimis IHSG hijau royo 🚀✅📊,2026-04-14T01:47:39.000Z,https://www.threads.com/@adelonnataa/post/DXGBxL4CIwR,IHSG,2026-05-05T16:47:09.422016
ssamuel_rp,"Saham Pom Pom : LUCK/LCKM
*Saham volatil kelas bulu (bisa Ara-Arb) potensi msh perform :
ESIP, COAL, FORE, JAWA, RODA, LCKM, SDMU, MPIX, MEDS
*Saham volatil dng volume besar kemarin : DEFI, AMMN
*Saham2 yg dapat di perhatikan hr ini:
ANTM, EMAS
Perkiraan IHSG akan bergerak pada Seloso (28/4) antara 7000-7250",2026-04-28T01:24:57.000Z,https://www.threads.com/@ssamuel_rp/post/DXqCTHoAf4j,IHSG,2026-05-05T16:47:12.359344
hizkiakim,"Banyak yang minta IHSG balik ke harga COVID kan(?)
Giliran IHSG semakin mendekati harga COVID kok malah takut beli(?) 🤭",2026-03-16T05:22:46.000Z,https://www.threads.com/@hizkiakim/post/DV7vVU7D-v1,IHSG,2026-05-05T16:47:12.515971
voiceofmib,"Akhirnya IHSG koreksi juga. Setelah rally seminggu.
Saham milik pak PP, dan pak Bakrie juga drop dulu.
Anyway, ada yang belanja di saham PTRO tanggal 13 kemarin tuh.
INKP dan TOBA jadi kesayangan gue hari ini.",2026-04-15T11:28:36.000Z,https://www.threads.com/@voiceofmib/post/DXJpCrjkrgS,IHSG,2026-05-05T16:47:12.813380
agungpharm,"Pelemahan dipimpin saham konglomerat dan perbankan. Bahkan BBRI sempat jebol level psikologis 3.000 sebelum ditutup naik lagi ke 3010.
Kurs Rupiah terhadap dollar sekarang berada di 17.385, sedikit lagi menembus level 17.400.
Indeks Harga Saham Gabungan (IHSG) turun 2,46% menembus level support 7.000 dan sekarang berada di 6.926
Kondisi market sesi 1.",2026-04-30T05:14:39.000Z,https://www.threads.com/@agungpharm/post/DXvmLQugaHF,IHSG,2026-05-05T16:47:13.016607
adamubaid,"Maka BOOOM….IHSG akan terbang.
Yg kita tunggu adalah Real Negative Interest Rate.",2026-04-04T09:00:00.000Z,https://www.threads.com/@adamubaid/post/DWtDTAsARoE,IHSG,2026-05-05T16:47:13.176572
khemalmalik,"Rupiah makin lemah (17000an)
Asing outflow besar besaran
IHSG balik ke 7000an
Isu MSCI & Fitch rating negatif
Tekanan geopolitik luar
Lo sadar gak ekonomi di indonesia beneran lagi gak baik-baik aja?",2026-04-28T10:17:32.000Z,https://www.threads.com/@khemalmalik/post/DXq_P7flEhS,IHSG,2026-05-05T16:47:13.631144
aa.250516yy,"Aku masih lost sekitar 9% gara² IHSG Crash akhir Januari kemaren, beberapa saham konglo terjun bebas..
berharap bulan puasa nanti bisa segera naik saham² konglo .. dan portoku jadi hijau",2026-02-14T03:48:35.000Z,https://www.threads.com/@aa.250516yy/post/DUuUtN3ic_c,IHSG,2026-05-05T16:47:13.883238
saudagar_globaluno_,"Selamat pagi
Yg sudah subuhan ..
Siapkan mental anda jam 09.00
Senin IHSG dug dug weiii...🫣
saudagar_globaluno_",2026-04-26T21:50:39.000Z,https://www.threads.com/@saudagar_globaluno_/post/DXnE-pQkqXc,IHSG,2026-05-05T16:47:14.173115
ijal_idn,"Jakarta, Indonesia
#viral #fyp #ihsg #trading #bidoffer
Semoga membantu buat kalian yg mau belajar bid offer
Kejadian ini tanggal 19-11_2025
Kali ini kita bedah bid offer formasi nahan dan ada akumulasi saat itu
Yosshh kembali lagi ke konten edukasi",2025-12-19T04:16:42.000Z,https://www.threads.com/@ijal_idn/post/DSbmnEVkqMd,IHSG,2026-05-05T16:47:14.585010
kirabot.info,Gimana senin kalian aman? kalo mimin masih alhamdulillah ini bisa nyopet di pagi hari disaat ihsg masih aja merah🥹 coba komen udah berapa minus kalian tudey,2026-04-06T04:12:48.000Z,https://www.threads.com/@kirabot.info/post/DWxsBTiESrs,IHSG,2026-05-05T16:47:14.738701
hengky.lim.9,"BIG BANK tulang punggung IHSG yg kian renta ketika masuk ke area 5000an , kalau kita lihat penurunan saat ini masih belum akan selesai sampai muncul area konsolidasi kuat, jadi area support kuat BBCA selanjutnya ada di 5.400 - 5.425 yg merupakan support di akhir September 2020 artinya BBCA sampai ke harga terendah 6th lalu , jadi buat yg mau masuk BBCA bisa tunggu dlu yaa, jgn habis2kan peluru dlu 😁
Update 01 Mei 26",2026-05-01T00:57:07.000Z,https://www.threads.com/@hengky.lim.9/post/DXxtf3kAXm-,IHSG,2026-05-05T16:47:15.085330
ilsarinuy,"Sumpah lama2 kok serem njir
Ada nggak sih org indo yg belom masuk ke IHSG?",2026-01-19T19:06:15.000Z,https://www.threads.com/@ilsarinuy/post/DTtBDvmkrup,IHSG,2026-05-05T16:47:15.270102
vivikusuman,Apakah IHSG sudah bottom ?,2026-04-24T04:37:24.000Z,https://www.threads.com/@vivikusuman/post/DXgFJN9GTEB,IHSG,2026-05-05T16:47:15.420291
sotoaayaam,"Dulu gue mikir simpel, kalau rupiah melemah ya tinggal beli USD, SGD atau yg laen.
Investor Indo (termasuk gue):
“ini gue harus ngapain ya?”
Rupiah lagi melemah, IHSG loyo, tapi US stock malah ATH.",2026-04-26T09:10:13.000Z,https://www.threads.com/@sotoaayaam/post/DXlt9CUGQId,IHSG,2026-05-05T16:47:15.592826
galleryinov,"Level kesabaran gue meningkat di tahun ini .
Ihsg trading halt 2x .
Kebanyakan CL dripada TP .
Tapi setiap CL gue gak marah2 , paling puyeng dikit 😂🤣",2026-04-25T11:35:10.000Z,https://www.threads.com/@galleryinov/post/DXjZv4PE5oW,IHSG,2026-05-05T16:47:15.737098
hervandy09,Betting on Big 4 = Betting for Ekonomi Indo. Gitugaksih Om ?,2026-04-28T00:06:53.000Z,https://www.threads.com/@hervandy09/post/DXp5XXuk9aO,IHSG,2026-05-05T16:47:15.904894
insinyur.saham,"Kalau asumsi awal.untuk menurunkan ihsg pertama ya turunkan big capnya...jika dianggap sudah over value untuk sektor ini, dalam arti jika bisa turun lebih dalam yieldnya akan jauh menarik. Apalagi efek dolar menguat terhadap rupiah yieldnya harus dinaikkan agar lebih menarik jangan kalah sama inflasi versi kurs.",2026-04-28T00:51:14.000Z,https://www.threads.com/@insinyur.saham/post/DXp-cPSkhGZ,IHSG,2026-05-05T16:47:16.046053
muhammad_tohaaaa,"1. Analisis Teknikal & Level Kunci
* Support Krusial: Saat ini IHSG berada di kisaran **6.971**. Level *support* terdekat berada di **6.917**, dengan area pertahanan kuat di **6.745 – 6.849**.
Proyeksi IHSG per April 2026:
muhammad_tohaaaa",2026-04-09T17:04:34.000Z,https://www.threads.com/@muhammad_tohaaaa/post/DW6yucJFHoV,IHSG,2026-05-05T16:47:18.882619
daniel.tjeong,"Selain itu ada SRTG yg menarik karena ada kepentingan besarin freefloat 15%. Ga mungkin mereka mau besarin freefloat di discount to NAV 65% lebih, pasti harga atas.
BRMS MSCI -> BUMI yg di kejar naik
BREN MSCI -> PTRO yg di kejar naik
MDKA & EMAS masuk harusnya yg kejer naik ADRO.
Konglo udah kebelet mau masukin barangnya ke MSCI. MDKA & EMAS calon kuat masuk MSCI, selain BUMI.
Indonesia akan Bullish,",2026-03-24T04:11:03.000Z,https://www.threads.com/@daniel.tjeong/post/DWQNfHfEaiO,IHSG,2026-05-05T16:47:19.100062
yessi_tann,"walaupun ihsg gonjang ganjing
Tapi puji Tuhan 😫😫
Tiap malem rasanya capek banget harus analisa terus😭
Semoga perjuangan yg melelahkan ini menjadiii sukses",2026-03-11T11:14:00.000Z,https://www.threads.com/@yessi_tann/post/DVvfjfdEqUK,IHSG,2026-05-05T16:47:19.248430
belalianaaaa,"Sumpah sedih bgt baca berita negeri ini chaos banget! 😩
- Wagub BI ponakan RI1. Dimana ke- independent-an BI?!
- Indonesia gabung BoP & Iuran BoP diambil dari APBN
- Dana MBG 2026 smpe 335T
- Inget DPR Adies Kadir yg prnh blg kost DPR sehari 3jt, diangkat jd hakim MK.
- Ex mentri agama pengelapan dana jamaah haji blm diapapain
- Rupiah melemah&IHSG halt 2x, rebalancing MSCI, OJK BEI gak prevent dari kmrn. yakin kl org dlm hrsny udh notice kl emg saham bnyk digoreng, dikira MSCI diem aja apa.",2026-01-29T16:07:51.000Z,https://www.threads.com/@belalianaaaa/post/DUGclwbAXMn,IHSG,2026-05-05T16:47:19.434039
ocyyputri,IMHO nih ya. Sebagai pemula pendatang baru di dunia investasi saham ini. Ngeliat IHSG merah dan bbrapa emiten grafiknya merah kayanya itu moment yg bagus buat aku. Bener gak sih? Mungkin yg lain yang udah suhu bisa kasih masukan ke aku. No jokes ya tengkyuuu,2026-04-13T01:37:26.000Z,https://www.threads.com/@ocyyputri/post/DXDbza4GsRJ,IHSG,2026-05-05T16:47:19.696150
mas.alif8,"Tetap semangat menyisihjan duid
untuk nyangoni ponakan. 😊
Sedikit sharing dalam menghadapi crash :
1. Mencoba menguatkan diri, it means ga kuat-kuat banget 😂
2. Tetap tenang, karena yang membuat crash bukan ""fundamental"" perusahaan, tapi kepercayaan thd pengelolaan bursa serta yang menyertainya.
3. Sambil nunggu perlahan pulih, sembari banyak belajar di berbagai media.
Sudah take profit dikit-dikit.
DIBANTING IHSG.
Before : Kondisi Minus 2 Februari.
After : Kondisi 12 Februari 2026.",2026-02-12T10:09:24.000Z,https://www.threads.com/@mas.alif8/post/DUp2sr0E5xu,IHSG,2026-05-05T16:47:20.114268
susanasrihandayani,"Hah smua kena suspen?? Yg bener aja ini kena hack apa gemana IHSG
susanasrihandayani",2026-01-28T06:45:04.000Z,https://www.threads.com/@susanasrihandayani/post/DUC3Y7nCaWs,IHSG,2026-05-05T16:47:20.611832
hengky.lim.9,"closing sesi 1 berhasil ENTRY next stage area 2
Update 25 Maret 26",2026-03-25T06:24:21.000Z,https://www.threads.com/@hengky.lim.9/post/DWTBiN0gaHu,IHSG,2026-05-05T16:47:20.958241
susanasrihandayani,"ARCI
NCKL
GTSI
INCO
BUMI
DEWA
BULL
ASSA
mulai menghijau
Dan IHSG mulai banyak rebound
TEBE jangan telat angkat dividen trap .
Semangat hr ini lihat menghijau semua
susanasrihandayani",2026-04-08T02:12:02.000Z,https://www.threads.com/@susanasrihandayani/post/DW2nyfICUMz,IHSG,2026-05-05T16:47:21.301514
tristan.nelson_,"IHSG Turun, Emas Turun, Crypto Turun. Tapi ada yang Gak Pernah Turun, malah naik terus... yaitu BIAYA HIDUP, INFLASI, Kenaikan Biaya Medis, Kenaikan Biaya Sekolah Anak",2026-02-06T04:14:53.000Z,https://www.threads.com/@tristan.nelson_/post/DUZxW40kaeI,IHSG,2026-05-05T16:47:21.808541
prabaniswara,"Baik trader atau investor harus melihat full siklus 5 - 10 tahun. Pasar saham itu perjalanan panjang. Bukan cinta satu malam oh indahnya 😘
Kamu uda ngeluh kecewa di IHSG, bio baru join di stockbit 2025.
Terlama IHSG crash balik lagi butuh 3.2 tahun pasca krisis dot com bubble + 98. Bursa US juga sama kurleb.",2026-04-03T04:31:03.000Z,https://www.threads.com/@prabaniswara/post/DWp_uRxk8xY,IHSG,2026-05-05T16:47:22.016149
shintadwiaryanti__,"Looking at the screen today feels like watching a horror movie .
IHSG ditutup anjlok ke level 6.956 per 30 April 2026 .
Turun lebih dari 2% dalam sehari ! Pas banget sebelum libur May Day , market kasih kita ""hadiah"" warna merah merona . 🚩
shintadwiaryanti__",2026-05-01T00:48:52.000Z,https://www.threads.com/@shintadwiaryanti__/post/DXxsje3mYK-,IHSG,2026-05-05T16:47:22.628177
bintang.restu,perasaan kemarin banyak dukun market yang bilang hari ini open market pasti TRADING HALT? kok ilang 🧐,2026-03-25T10:05:29.000Z,https://www.threads.com/@bintang.restu/post/DWTa13gFCMN,IHSG,2026-05-05T16:47:22.794949
chemitz,"Jujur ini harga 'serok bawah' banget. Biasanya direct flight gini bisa 9jt++. Daripada boncos mikirin saham, mending amankan aset 'waras' buat investasi kenangan.
Garuda Indonesia CGK-HND (Tokyo) PP cuma 6,3 Juta!
Lagi pusing liat IHSG terjun bebas?
Mending liat ini deh. Buat yang lagi cari tiket ke Jepang.",2026-01-29T12:03:22.000Z,https://www.threads.com/@chemitz/post/DUGAnKyAa4z,IHSG,2026-05-05T16:47:23.294191
adelonnataa,IHSG kita hari ini,2026-04-24T03:43:31.000Z,https://www.threads.com/@adelonnataa/post/DXf--fxjEjr,IHSG,2026-05-05T16:47:26.327363
mang.amsi,IHSG SUDAH TURUN HAMPIR -25% DARI PUNCAKNYA… DI SINILAH CARA BERPIKIR INVESTOR SEBENARNYA TERLIHAT,2026-03-16T06:25:09.000Z,https://www.threads.com/@mang.amsi/post/DV72eMgkcZy,IHSG,2026-05-05T16:47:26.502559
gradhi42,tebak siapa yang jalan duluan,2026-04-27T02:56:05.000Z,https://www.threads.com/@gradhi42/post/DXnn7tjgemK,IHSG,2026-05-05T16:47:26.661396
hengky.lim.9,"yg di tunggu2 lilin kecil mulai terlihat, yups reversal JIKA IHSG BERHASIL CLOSING di atas 7.126 , maka IHSG berpeluang melanjutkan skenario 3 ya 😁 , mari kita kawal lilin ini supaya trus hijau dan ga padam 😝
Update 30 April 26",2026-04-30T00:21:07.000Z,https://www.threads.com/@hengky.lim.9/post/DXvElVJgZpR,IHSG,2026-05-05T16:47:26.868061
syaifullahdavidd,"Gara gara petinggi BEI ga becus kerja jadi kena badai MSCI, hanya dalam berapa hari porto yang tadinya FP jadi FL. Semoga IHSG bisa recovery…
syaifullahdavidd",2026-02-16T03:01:07.000Z,https://www.threads.com/@syaifullahdavidd/post/DUzY3Z-E7ID,IHSG,2026-05-05T16:47:27.490111
krisnaokkk,"DYOR🪱🪱🐉🐉  Translate
SLIDE 3 SCREENING SCALPING 2-7%🚀
IHSG REBOUND GESS🐲
Holder Bumi mana suaranya, jangan sampai hapus stockbit karena entry pucuk wkwk",2026-04-14T03:12:40.000Z,https://www.threads.com/@krisnaokkk/post/DXGLf3sH9gT,IHSG,2026-05-05T16:47:27.730005
samuelariton,"OMG $ 1 = Rp 17.298 🥹
Ada apa dengan Indonesia?
#rupiah #dolar #ihsg #ekonomi  Translate",2026-04-23T05:12:45.000Z,https://www.threads.com/@samuelariton/post/DXdkY4-k8Ij,IHSG,2026-05-05T16:47:27.888065
happytrader.co,"Hari ini udah cuan luber, Jangan lupa sedekah tel ✌️
Semoga botuna ga aneh aneh,
IHSG  12.000 didepan mata🚀
IHSG Positif Reversal 🔥",2026-04-10T04:51:28.000Z,https://www.threads.com/@happytrader.co/post/DW8Dn6eFCAO,IHSG,2026-05-05T16:47:28.094382
yusqiibrilliant,"Porto gw 3 hari yang lalu 🦁🚀
Porto gw hari ini 🤡💀",2025-10-17T12:39:19.000Z,https://www.threads.com/@yusqiibrilliant/post/DP6SDZ-k4Yi,IHSG,2026-05-05T16:47:28.273781
prameswari_indar,"Dalam kondisi IHSG saat ini sebaiknya disisain emiten yg mana aja?
prameswari_indar",2026-04-26T12:14:56.000Z,https://www.threads.com/@prameswari_indar/post/DXmDF-lCc26,IHSG,2026-05-05T16:47:28.457989
sitimarlina.jp,"Jujur, sebulan ini saya gak fokus disaham. Sebelumnya saya belajar setiap hari, sebulan ini enggak sama sekali.
Seharusnya bulan maret bagus buat belajar materi, karna IHSG kurang bagus, gak banyak praktek.
Alhamdulillah hari ini TP VKTR
Hari Jumat, rules nya Amankan cash.
belajarsahampemula",2026-04-10T02:20:03.000Z,https://www.threads.com/@sitimarlina.jp/post/DW7yS4_GuWi,IHSG,2026-05-05T16:47:28.662556
imamyogaaa,"REKAP: 📈 SESI 2 IHSG CUAN LUBER
BRPT +17%
CDIA +8%
CUAN +7%
DEWA +8%
BUMI +6%
KUAS +33%
PMJS +27%
KAQI +26%
URBN +23%
ARKO +9%
UVCR +5%
By Modul Screener Ultimate. 📦",2026-04-08T09:13:19.000Z,https://www.threads.com/@imamyogaaa/post/DW3YAG0kTJq,IHSG,2026-05-05T16:47:28.820095
hengky.lim.9,"Pagi ini akhirnya GAP tertutup 🤣🤣🤣 , selamatttt guysss
UPDATE 30 APRIL 26",2026-04-30T02:17:04.000Z,https://www.threads.com/@hengky.lim.9/post/DXvR2lsgegn,IHSG,2026-05-05T16:47:29.034434
aryapranadhi,"Jumat 17 April 2026, posisi telentang, FIX ALL IN!!! IHSG 50K to the moon, goooo....",2026-04-17T03:09:47.000Z,https://www.threads.com/@aryapranadhi/post/DXN5jXOkXj6,IHSG,2026-05-05T16:47:29.186894
imamyogaaa,"SESI 1 IHSG DONE ☕️
DATA +23%
PADI +17%
TPIA +8%
NRCA +10%
CUAN +7%
IATA +5%
EMTK +4%
WMUU +5%
NICL +5%
SIMP +5%
By Modul Screener Ultimate. 📈",2026-04-13T04:36:34.000Z,https://www.threads.com/@imamyogaaa/post/DXDwTcoEYg9,IHSG,2026-05-05T16:47:29.345940
indahade,"Lg meratapi market merah merona mendadak dapat kabar baik dr kantor, dapat kenaikan allowance 30%,, unit apartment sudah tersewa 😚 & dapat gain dr penjualan obligasi di secondary market 🤑. Alhamdulillah rejeki Ramadhan ❤️. Semangat pejuang cuan, market tidak selamanya merah. Mdh2an cepat pulih kembali, Aamiin YRA
Jgn pd jual g*njal ya liat ihsg 🤣🤣",2026-03-06T07:32:35.000Z,https://www.threads.com/@indahade/post/DViOPXQk5DV,IHSG,2026-05-05T16:47:29.507104
hengky.lim.9,"ALERT, BREAK SUPPORT AREA 7.481
Update 24 April 26",2026-04-23T03:18:37.000Z,https://www.threads.com/@hengky.lim.9/post/DXdXVQKAf7q,IHSG,2026-05-05T16:47:29.699795
novstories,"Bangun ges, IHSG dibawah 7.000 🫣",2026-04-07T02:40:01.000Z,https://www.threads.com/@novstories/post/DW0GMkoE9v2,IHSG,2026-05-05T16:47:32.628315
jurnaltrader.id,"Save aja dulu, atau tinggalin jejak. Biar nyarinya gampang... ☺
Kok tau...??? Ya dulu kan udah pernah kejadian juga. Di bawah langit tidak ada yg baru. Sejarah pasti terulang.
Palingan cuma butuh 18 - 24 bulan dari bottom. Hitungnya bener2 kalau udah ketemu bottom-nya ya.
Formasi ini namanya air terjun darah""... 😂
Kelihatan-nya doang serem.
Tapi ntar pas balik ke ATH biasanya cepet.
Pantauan closing market IHSG 16 Maret 2026.",2026-03-16T12:08:29.000Z,https://www.threads.com/@jurnaltrader.id/post/DV8dw35kkzA,IHSG,2026-05-05T16:47:32.864133
handokolie,"Hari liburnya banyak yaaaaa. Trader ihsg ga butuh libur, kami butuh cuan!! 🤣🤣",2026-02-12T15:28:23.000Z,https://www.threads.com/@handokolie/post/DUqbM8sE4h5,IHSG,2026-05-05T16:47:33.732699
kertas_digital_,"Waduh, IHSG di ujung tanduk. So kita bikin online meeting via gmeet nanti malam, dibagikan di grup komunitas, cek link di bio!!",2026-04-30T07:01:05.000Z,https://www.threads.com/@kertas_digital_/post/DXvyW1AFGV4,IHSG,2026-05-05T16:47:33.883760
dankristopher_,"IHSG +0.5% cmn 5 menit doang, langsung berbalik arah",2026-04-28T02:12:53.000Z,https://www.threads.com/@dankristopher_/post/DXqHyJgn11Z,IHSG,2026-05-05T16:47:34.022360
namastay80,"Di saat market kena halt karena IHSG anjlok 8 persen. Porto saya hanya jadi floating loss 3,65 persen. Tetap semangat yg masih minus banyak,semoga cepat rebound",2026-01-28T09:00:01.000Z,https://www.threads.com/@namastay80/post/DUDG1U7E51t,IHSG,2026-05-05T16:47:34.651648
wins.dixy,Hapcuu mdia kota emas admg masih malu malu mba ..😍,2026-04-20T08:53:21.000Z,https://www.threads.com/@wins.dixy/post/DXWPQQCEiyM,IHSG,2026-05-05T16:47:34.821172
andaraarie,"Barakallah ❤ Aku hari ini ambil bipp sama admg dulu mbak, tatuuut IHSG merah lagi 🤭😁",2026-04-20T09:18:00.000Z,https://www.threads.com/@andaraarie/post/DXWSE3FkjOD,IHSG,2026-05-05T16:47:34.979263
pangeran_gareng,"muncul berita ini too makanya tadi sempet naik, sekarang ihsg turu lagi 😴",2026-04-07T04:21:21.000Z,https://www.threads.com/@pangeran_gareng/post/DW0RyvtE37t,IHSG,2026-05-05T16:47:35.142869
raflansetyou,"dipaksa bersih"" dulu, sekalian libur panjang",2026-04-30T07:00:29.000Z,https://www.threads.com/@raflansetyou/post/DXvySW-lB9L,IHSG,2026-05-05T16:47:35.631449
hengky.lim.9,"Di buka dengan GAP DOWN dan IHSG closing di tarik menjauhi area gap yg sudah di bahas pagi tadi, akan menguji area 7.100 - 7.200 , Kalau besok bisa break high 7.403 maka IHSG berpotensi menutup gap nya, namun gap tersebut jg yg akan menjadi RESISTANCE saat ini, jadi jika IHSG besok bergerak menguat dan gagal closing di atas 7.486 maka IHSG akan bergerak zig zag BAWAH ( garis panah hijau)
Update 09 Maret 26",2026-03-09T14:54:05.000Z,https://www.threads.com/@hengky.lim.9/post/DVqvJqqgUda,IHSG,2026-05-05T16:47:36.165832
thisardian,"Apakah porto kamu juga ikut all time high seperti IHSG ini hehe
Masa IHSG alltimehigh, porto kita gak ikut kecipratan cuannya 😂
Kalau semuanya kompak hijau begini kan enak dilihat 😄",2025-11-27T02:37:36.000Z,https://www.threads.com/@thisardian/post/DRixyPUklXY,IHSG,2026-05-05T16:47:36.356868
aryaarifin48,"IHSG Indeks Harga Saham Gorengan🔥🔥🔥
Tahun ini Januari
Tahun Lalu April",2026-01-28T04:01:43.000Z,https://www.threads.com/@aryaarifin48/post/DUCksnpEp1e,IHSG,2026-05-05T16:47:36.563736
deicaannda,demi allah ihsg kaya saham gorengan dahh. porto gue bener-bener belum bisa ketolong ini merah semua udah 2 minggu😭.,2026-02-09T03:08:53.000Z,https://www.threads.com/@deicaannda/post/DUhYMFAEy-Q,IHSG,2026-05-05T16:47:36.719525
jagosahamindonesia,"IHSG hari ini: -3,05%.
Turun dari 7.338 ke 7.132 dalam satu sesi.
Dan ada satu data yang lebih menarik dari penurunannya sendiri.
psikologi trading
jagosahamindonesia",2026-03-13T10:33:03.000Z,https://www.threads.com/@jagosahamindonesia/post/DV0kdPnCRb6,IHSG,2026-05-05T16:47:36.946845
eginanjar,"Tapi ini masih rebound, bukan reversal.
Jika: IHSG reclaim 7.265
Maka potensi: Rebound ke 7.404 dan tes 7.770
🟩 Bullish Relief Scenario
Jika: IHSG gagal bertahan di 7.000
Maka target: 6.900 - 6640
SKENARIO IHSG KE DEPAN
🟥 Bearish Scenario (lebih dominan)",2026-05-01T09:02:15.000Z,https://www.threads.com/@eginanjar/post/DXylBIPGSt7,IHSG,2026-05-05T16:47:39.792070
eginanjar,"End of Utas ⛔
Cash adalah posisi terbaik.
Karena di market seperti ini:
Yang paling penting sekarang:
✔ Jaga cash
✔ Jangan agresif
✔ Tunggu struktur membaik
Belum ada tanda reversal valid.
IHSG sekarang:
MASIH DALAM TREND TURUN
🔥 KESIMPULAN BESAR",2026-05-01T09:02:58.000Z,https://www.threads.com/@eginanjar/post/DXylGVsGYr9,IHSG,2026-05-05T16:47:40.045333
bimbimisme,"kalo lu dengan RASIONAL seleksi beli saham yang BAGUS dan bukan yang HYPE, biar IHSG minus 6-10% pun SAHAM-mu yg genah akan tetep selamet.
inget bray, kita itu beli SAHAM-nya, bukan INDEX-nya.
banyak yg posting ihsg bakal turun dalam karena bla bla bla
wkwkwk
baru aja tadi muncul High Shareholding Concentration List / Konsentrasi Saham Kepemilikan Tinggi.",2026-04-02T19:52:41.000Z,https://www.threads.com/@bimbimisme/post/DWpEZpgk9ua,IHSG,2026-05-05T16:47:40.396295
viviverlisya,"Aku udah kebal dari announcement MSCI, FTSE dan institusi lainnya 🙂‍↕️✋  Translate
Harga oil balik ke $100+ ? Siap” perang baru?",2026-04-13T04:55:52.000Z,https://www.threads.com/@viviverlisya/post/DXDyg3GEvU6,IHSG,2026-05-05T16:47:41.053840
rinelrhy,"Ngumpulin oasa hampir 2 minggu dengan conviction dia udah di harga support dari double top sebelumnya. Lalu lock ara today✈️ kalau ga kebongkar dan ihsg reversal, bisa buat bsjp ini✅  Translate 1/2",2026-04-08T07:21:16.000Z,https://www.threads.com/@rinelrhy/post/DW3LLWMknIu,IHSG,2026-05-05T16:47:41.203391
___wambar.id,"Dah lah, tutup aplikasi, jalan2 cari siomay Bandung aja 😂  Translate 1/2
Cuma bisa menghela nafas liat IHSG",2026-01-23T02:11:28.000Z,https://www.threads.com/@___wambar.id/post/DT1gGurkiTG,IHSG,2026-05-05T16:47:41.380561
sphireeee,"kangen era market bullish. cape bgt IHSG merah terus😭
hari ini dapet 3k juga alhamdulillaah. gerakan IHSG hari ini cuma bagus di pagi doang😭🤏",2026-04-07T07:09:21.000Z,https://www.threads.com/@sphireeee/post/DW0lBP8jyKc,IHSG,2026-05-05T16:47:41.625695
d_hobbyzz,"Semangat investasi ya guys 💸💸
Porto saham US, lumayan dibanding porto saham Indo yg kebakaran 😄",2026-04-16T16:07:58.000Z,https://www.threads.com/@d_hobbyzz/post/DXMt0AjCSQR,IHSG,2026-05-05T16:47:41.854828
booktopia_id,"Sama nih. US udh mulai menghijau, ihsg masih merah menyala 😂",2026-04-16T22:26:19.000Z,https://www.threads.com/@booktopia_id/post/DXNZHHVE17P,IHSG,2026-05-05T16:47:42.000899
shdbike,"Alhamdulillah hari ini IHSG koreksi ..
bisa BOW 👍",2026-04-15T11:54:13.000Z,https://www.threads.com/@shdbike/post/DXJr-mTEeoY,IHSG,2026-05-05T16:47:42.160021
cuantanpariba,"​Secara teknikal, meskipun terkoreksi hari ini, IHSG masih dianggap berada dalam fase konsolidasi yang wajar setelah reli panjang. Area support terdekat diperkirakan berada di rentang 7.587–7.639.
Statistik Saham:
​Menguat: 391 saham
​Melemah: 67 saham
​Stagnan: 204 saham
Performa IHSG pada hari ini, Rabu, 15 April 2026, ditutup di zona merah, memutus tren penguatan (reli) yang sempat terjadi selama lima hari berturut-turut.",2026-04-15T11:27:10.000Z,https://www.threads.com/@cuantanpariba/post/DXJo4jbE25J,IHSG,2026-05-05T16:47:42.342652
leeyo.nk,"Sebelum crash terjadi, harga wajar IHSG itu berada di area 6000 an bahkan ada analis yang mengatakan bahwa IHSG kalau tidak ditopang saham konglo masih berada di area 5900-6700. Crash nya IHSG ini tentunya akan berakhir ketika sudah mencapai area deman kuatnya. Kalau berdasarkan analisis yang beredar, demand kuat nya berada di range 7000-7100 (kemarin sempat sentuh 7180)",2026-03-10T12:27:29.000Z,https://www.threads.com/@leeyo.nk/post/DVtDKvQkQlT,IHSG,2026-05-05T16:47:42.507248
eginanjar,"Disclaimer ya, keputusan jual beli tetap di tangan masing2
Perhatikan RSI 7 dari masing2 saham, kalau sudah di level 75 keatas sebaiknya TP dahulu
Bukan berarti saham yg kamu pegang akan koreksi juga, tapi ketika cuaca hujan biasanya semua ikut berhenti berteduh.
Di indikator ""BREAKOUT 21"" yang aku buat juga muncul sinyal TP, artinya apa? Artinya IHSG rawan koreksi, masih bisa naik tapi terbatas, apalagi hari ini langsung gap up.
Mau info aja, IHSG udah di level 75 utk RSI 7 nya.",2026-04-14T12:09:04.000Z,https://www.threads.com/@eginanjar/post/DXHI4fTGU1B,IHSG,2026-05-05T16:47:42.739942
valbury_futures,"Performa IHSG sepanjang tahun ini masih berada di bawah mayoritas pasar Asia. Di sisi lain, beberapa indeks global justru mencatat pertumbuhan yang lebih kuat.",2026-04-30T03:07:43.000Z,https://www.threads.com/@valbury_futures/post/DXvXphvD5E_,IHSG,2026-05-05T16:47:43.221145
0xnextzy,"No hopium. Data only. 📉
Tembus 6,800 → 6,400.
C = A equality. Level ini make or break.
✅ 5-wave impulse: done ~9,400
⬇️ Koreksi ABC zigzag aktif
🎯 Target Wave C: 6,800
IHSG Elliott Wave update.",2026-04-04T21:49:52.000Z,https://www.threads.com/@0xnextzy/post/DWubZuGE150,IHSG,2026-05-05T16:47:43.437274
febrianggelo,Day 1: Mau jadi investor saham. Baru masuk IHSG merah semua 😭,2026-04-30T15:07:46.000Z,https://www.threads.com/@febrianggelo/post/DXwqDaDiRPY,IHSG,2026-05-05T16:47:43.590970
emirparengkuan,"#BUMI #DEWA #saham #IHSG
Saham paling banyak pasukan gagal move on nya nihh 🫠 Siapa yang masih punya BUMI DEWA?",2026-04-19T13:10:53.000Z,https://www.threads.com/@emirparengkuan/post/DXUH7frDCz7,IHSG,2026-05-05T16:47:43.754036
wennyanggono,Ternyata bahagia itu sederhana: IHSG ijo terus 💚,2026-04-14T09:47:49.000Z,https://www.threads.com/@wennyanggono/post/DXG4uC3kjnX,IHSG,2026-05-05T16:47:43.899121
laluwahyurp,IHSG bener2 di hantam,2026-04-24T03:03:31.000Z,https://www.threads.com/@laluwahyurp/post/DXf6ZlaEWEz,IHSG,2026-05-05T16:47:44.502452
priceaction.id,"Rupiah melemah, All time low❌
Downweight MSCI ❌
Anggaran negara ❌
Ada lagi yang bikin IHSG drop?",2026-04-23T23:09:44.000Z,https://www.threads.com/@priceaction.id/post/DXffpPok4ss,IHSG,2026-05-05T16:47:47.321609
haikalmanggala,Walaupun IHSG sedang bergejolak setidaknya masih bisa profit…,2026-03-10T06:23:31.000Z,https://www.threads.com/@haikalmanggala/post/DVsZhDlkQLU,IHSG,2026-05-05T16:47:48.414297
wahana.print,"Terimakasih Pak Prabowo... 👍👍👍👍👍👍  Translate
tp negara kita baik2 saja, tidak ada Indonesia Gelap, yang ada Indonesia terang, menuju Indonesia Emas 2045💪💪
💵 Dolar AS tembus Rp 17.360
📅 17 Juli jatuh tempo utang Rp 833 T
🏦 Total utang Rp 9.658 T
💰 Bunga utang Rp 599 T
📉 IHSG anjlok ke 7.129
🏭 Harga plastik naik 50%
🔥 Gas LPG non-subsidi naik 18%
⛽ BBM non-subsidi naik 40–60%
Cuma mau kasih tau:",2026-04-30T16:47:53.000Z,https://www.threads.com/@wahana.print/post/DXw1grhCdRf,IHSG,2026-05-05T16:47:48.642416
kudusalto_11,"Kalau untuk trading halt kali ini (MSCI effect), kira kira butuh waktu berapa lama???
Tahun 2025, setelah terjadi trading halt, IHSG umumnya rebound dalam waktu singkat
- Pada kasus Maret 2025, rebound terjadi keesokan harinya (1 hari).
- Sedangkan pada April 2025 butuh waktu lebih lama, sekitar 11 hari sebelum pasar kembali stabil.",2026-01-28T07:48:34.000Z,https://www.threads.com/@kudusalto_11/post/DUC-qIdkluD,IHSG,2026-05-05T16:47:48.827228
syaiful_hasan_basri93,"Entah itu mitos atau fakta, IHSG itu dapat diprediksi berdasarkan hasil pertandingan Manchester United atau dapat di istilahkan dengan MUmology... 😅
Jika MU menang, IHSG akan merah. Namun jika MU kalah biasanya yang akan terjadi IHSG akan hijau pekat!!..
Kebetulan, MU kalah tadi malam. Mungkinkah hari ini IHSG akan....???
🤣🤣🤣
🚀🚀🚀
syaiful_hasan_basri93",2026-04-14T01:29:20.000Z,https://www.threads.com/@syaiful_hasan_basri93/post/DXF_q73kl31,IHSG,2026-05-05T16:47:48.979566
bapakpunyacerita,"Besok IHSG mau dibawa ke mana?
H2C alias HARAP-HARAP CEMAS.
bapakpunyacerita",2026-04-26T11:21:47.000Z,https://www.threads.com/@bapakpunyacerita/post/DXl9AwiH9PO,IHSG,2026-05-05T16:47:49.132104
idntimes,"IHSG Tancap Gas Pagi Ini, Intip Saham-saham yang Ngebut
IHSG Tancap Gas Pagi Ini, Intip Saham-saham yang Ngebut idntimes.com/busin…",2026-04-16T02:37:36.000Z,https://www.threads.com/@idntimes/post/DXLQ9XWDv-a,IHSG,2026-05-05T16:47:49.325839
kuntoajiw,"Sedang menimbang, cash ngendap di RDN ihsg buat siap-siap balik arah, atau beralih ke aset lain.",2026-03-27T07:35:39.000Z,https://www.threads.com/@kuntoajiw/post/DWYTSPLkbCV,IHSG,2026-05-05T16:47:49.484333
irwandiferry,alih aja udah,2026-03-27T08:38:47.000Z,https://www.threads.com/@irwandiferry/post/DWYagnykmuV,IHSG,2026-05-05T16:47:49.652677
say.saidi,"Kenapa ga di TP, lahah wong minus gede aja ga aku cutloss ahahha",2026-04-08T12:02:35.000Z,https://www.threads.com/@say.saidi/post/DW3rXv5ILT_,IHSG,2026-05-05T16:47:50.001097
lutfi22rhmn,"Mulai bermunculan ritel sok jago
Mntang2 IHSG rebound
Monyed pun untung klo beli tdi pagi",2026-04-08T15:56:49.000Z,https://www.threads.com/@lutfi22rhmn/post/DW4GLXqkcJG,IHSG,2026-05-05T16:47:50.163365
jurnaltrader.id,"Saatnya belum tiba buat kita. Biarin aja yg lain pd beli. Kita nanti... ☺
Aku blm mau masuk. Hanya monitor saja ketua. Org suruh beli ini beli itu, gw mah senyum doang. Gw tau apa yg bakal terjadi di depan. Jd mau tetep dng rencana gw.
Dari chart ini km sdh tau lah ya, arahnya mau kemana...
Hari ini beneran ijo, tapi cuma nutup gap. Sayang besok sudah libur.
Pantauan IHSG 17 Maret 2026 sesi pagi jam 10:40.",2026-03-17T03:52:58.000Z,https://www.threads.com/@jurnaltrader.id/post/DV-J2dbktWU,IHSG,2026-05-05T16:47:50.555066
ismaa_yl,Ihsg hancur saham di porto masih ada yang ijo juga udah alhamdulillah ya,2026-04-30T14:07:19.000Z,https://www.threads.com/@ismaa_yl/post/DXwjIrPGuHH,IHSG,2026-05-05T16:47:51.124366
ihsg_screener,"Kalau IHSG lagi bearish apa yang harus di lakukan ?
Cari Saham yang Undervalue ! Dan cari yang harga Wajar nya di bawah rata rata.
Cara nya ? Pakai screener , Ada screener free knapa nggak di manfaatkan.
Berikut adalah PnL dari saham saham yang undervalue, Rata Rata terhitung entry dari tanggal 15 Maret.
Semoga Bermanfaat 🙏🏻",2026-04-02T12:42:25.000Z,https://www.threads.com/@ihsg_screener/post/DWoTKRbGMi5,IHSG,2026-05-05T16:47:51.299421
rudiraind,"Kita baca :
terlalu banyak saham di IHSG “dikuasai oleh segelintir pihak”..
Masalah utama yang disorot adalah :
📌 Likuiditas
📌 Transparansi
📌 Free float saham",2026-04-04T03:51:35.000Z,https://www.threads.com/@rudiraind/post/DWsgAKdkTpJ,IHSG,2026-05-05T16:47:51.458661
rizkamaghfur,"Kita sama2 gorengan 😁😁😁😁
Jadi ke depane sesama gorengan jangan suka menghina 🙏
Klo saham mini2 yg goreng orang lokal
Cuma yg goreng orang asing 🤣🤣🤣
ternyata mereka juga jenis saham gorengan
Dari pengalaman IHSG crash 2 hari ini
Ternyata saham2 blue chip
Yg konon berfundamental kuat dll",2026-01-29T12:41:24.000Z,https://www.threads.com/@rizkamaghfur/post/DUGE9v7EaGr,IHSG,2026-05-05T16:47:51.701121
dimsnurudin,"Presiden kita malah kondangan cantik, mantap bukan jadi warga konoha.
dollar mau nyentuh 17.500, euro 20.000, IHSG anjlok jeblok, investor asing cabut, phk dmna-mna, bahan baku naik, bbm naik.",2026-04-27T14:03:14.000Z,https://www.threads.com/@dimsnurudin/post/DXo0SEtlE8g,IHSG,2026-05-05T16:47:54.902657
fahrurozidani,Kenapa market IHSG bisa TURUN CUKUP TAJAM lagi ? Apakah dampak ekonomi kita ? Dampak perang ? Dampak nolak pinjaman dana ?,2026-04-24T12:32:26.000Z,https://www.threads.com/@fahrurozidani/post/DXg7gbZE9M5,IHSG,2026-05-05T16:47:55.044719
isminhaf,"IHSG break 7.300, menuju 7.000 sih ini🙂🤙🏻",2026-04-24T04:37:10.000Z,https://www.threads.com/@isminhaf/post/DXgFHgzE0_5,IHSG,2026-05-05T16:47:55.195341
sahaminaja.id,"WILD PARAHHH, IHSG bakal terdampak juga😭
Total swing 3 triliun dolar dalam 56 menit.
Jam 8.00 pagi S&P 500 turun 120 poin. 1 triliun dolar market cap menguap.
27 menit kemudian Iran denial total. Tidak ada kontak dengan Amerika. Klaim Trump tidak benar.
Pasar langsung euforia. S&P 500 naik 240 poin dalam hitungan menit. Market cap bertambah 2 triliun dolar.
Jam 7.04 pagi Trump posting bilang Amerika dan Iran sudah ada diskusi produktif untuk akhiri perang.
MARKET US GILA!!",2026-03-23T14:04:15.000Z,https://www.threads.com/@sahaminaja.id/post/DWOsk6Bk8tP,IHSG,2026-05-05T16:47:55.448122
victoriaebrina,ini makin kacau bgt loh….. ihsg merah terus… dollar naik terus… apa iyah kita baik-baik saja🙂👍🏻,2026-04-24T07:03:08.000Z,https://www.threads.com/@victoriaebrina/post/DXgV0l6kVPf,IHSG,2026-05-05T16:47:55.592165
https4o2,"iHSG mau kemana? Prediksi saya IHSG
apakah analisa saya sejak 2 nov 2025 kembali terbukti benar?",2026-04-07T14:37:11.000Z,https://www.threads.com/@https4o2/post/DW1YRSJml7K,IHSG,2026-05-05T16:47:55.877339
https4o2,iHSG mau kemana? Prediksi saya IHSG,2025-11-03T01:55:20.000Z,https://www.threads.com/@https4o2/post/DQk53oHE--o,IHSG,2026-05-05T16:47:56.053181
henipurwasih,"Tiap hari liat IHSG bawaannya koq deg2an yaa naik deg2an, turun lebih deg2 seeerrr..",2026-04-30T07:56:21.000Z,https://www.threads.com/@henipurwasih/post/DXv4rkGmQgq,IHSG,2026-05-05T16:47:56.195920
gugusan.awan,"ribuan anak keracunan MBG, dollar hampir 17rb, keponakan jadi deputi gubernur BI, IHSG anjlok, pemimpinnya masuk circle trump zionist israel, tapi kalo dikritik dibilangnya barisan sakit hati. sehat? 🙂",2026-02-02T13:56:45.000Z,https://www.threads.com/@gugusan.awan/post/DUQgxIhEiXQ,IHSG,2026-05-05T16:47:56.843480
daniel.tjeong,"Low to medium Probability
EMAS, ANTM
High probability inclusion MSCI in May 2026
INKP, MDKA, BUMI",2026-03-29T07:40:21.000Z,https://www.threads.com/@daniel.tjeong/post/DWddaWBkdXk,IHSG,2026-05-05T16:47:57.044069
friendy.ap,Oktobear… but growth is growth 🐻📈,2025-10-29T13:57:07.000Z,https://www.threads.com/@friendy.ap/post/DQZUfywErDp,IHSG,2026-05-05T16:47:57.343972
tobenoo,"Tapi mari kita lihat chart. Tidak ada info penting yang bisa disembunyikan dari sebuah chart. Chart adalah x-ray di dunia medis. Atau google map dalam melihat route yang akan dituju. Tanpa itu, hanyalah sebatas kira-kira. Hanya meraba-raba.
Apakah IHSG tambah rungkad?
Yang jelas masih merah.",2026-04-07T23:41:37.000Z,https://www.threads.com/@tobenoo/post/DW2Wk2Ckykh,IHSG,2026-05-05T16:47:57.513555
leebull0708,Besok bisa merah nih,2026-04-29T14:29:03.000Z,https://www.threads.com/@leebull0708/post/DXuA09SlA5l,IHSG,2026-05-05T16:47:58.003018
uptrendtrading_,"masih potensial ijo kak. closing IHSG bagus, membentuk pola candle bullish harami didekat demand area dengan volume yang mulai meningkat lagi.",2026-04-29T22:07:08.000Z,https://www.threads.com/@uptrendtrading_/post/DXu1QEmEs8Y,IHSG,2026-05-05T16:47:58.153703
jayantiay,Ini belinya jam brp? Hrs pagi antri beli ngga?,2026-04-16T12:15:03.000Z,https://www.threads.com/@jayantiay/post/DXMTKHVgb9f,IHSG,2026-05-05T16:47:58.305308
rstsinggih,Open market jam 9an. Screening dlu di running trade sama di top gainer. Ga harus antri beli pas pra open. Pra open ihsg ijo pas open langsung merah juga bisa,2026-04-16T12:19:47.000Z,https://www.threads.com/@rstsinggih/post/DXMTsvdEsxx,IHSG,2026-05-05T16:47:58.448162
mocrama_10,"​Jadi ini murni tekanan ekonomi global atau emang ada ""perang dingin"" di balik layar? Yang jelas, jangan cuma fokus ke dramanya, perhatiin flow duitnya aja buat make money di market. Menurut lu gimana?🤬
Banyak yang bilang Rupiah hancur & IHSG merah karena pak pur terlalu keras ke IMF & World Bank kemarin. Kayak lagi ""ditekan"" balik gitu sama mereka.
IHSG merah gara-gara pak Purbaya 'sombong' ke IMF sama World Bank? 🤨",2026-04-26T05:35:25.000Z,https://www.threads.com/@mocrama_10/post/DXlVXzMkwG_,IHSG,2026-05-05T16:47:58.609220
buk4_mata,"MSCI Kemungkinan Pertahankan Kasta IHSG, Namun Bobot Dipangkas - Market
bloombergtechnoz.com
bloombergtechnoz.com/detai…
Ada aja bad news di bursa, klopun bobot berkurang semoga ga banyak outflow keluar apa lg shifting ke vietnam.",2026-04-16T14:54:22.000Z,https://www.threads.com/@buk4_mata/post/DXMlY-mE6DI,IHSG,2026-05-05T16:47:58.797824
monochrommostlife,"Silahkan berkicau..
Cuma mau kasih tau:
💵 Dolar AS tembus Rp 17.360
📅 17 Juli jatuh tempo utang Rp 833 T
🏦 Total utang Rp 9.658 T
💰 Bunga utang Rp 599 T
📉 IHSG anjlok ke 7.129
🏭 Harga plastik naik 50%
🔥 Gas LPG non-subsidi naik 18%
⛽ BBM non-subsidi naik 40–60%
monochrommostlife",2026-04-30T15:50:31.000Z,https://www.threads.com/@monochrommostlife/post/DXwu8fiD-f1,IHSG,2026-05-05T16:47:58.974961
sweetheart_caca,IHSG 6900 bang,2026-05-01T00:05:59.000Z,https://www.threads.com/@sweetheart_caca/post/DXxnpVfj3jC,IHSG,2026-05-05T16:47:59.135017
zabrinaraissa,"Good luck IHSG 💪🏻🤑
Semoga hal ini akan terjadi untuk hari-hari kedepan. Hari demi hari. Karena usaha, sabar dan disiplin tidak ada yg sia2.
Hari ini milyaran uang saya kembali hanya dalam 1 hari.
Jadi yauda kadang do nothing is also a position, daripada agresif lawan ego, nafsu sana sini.
Diam itu emas. Emas itu diam.
Di masa-masa indeks terjun, saham berguguran kmrn, mengajarkan saya banyak hal.",2026-04-01T13:34:47.000Z,https://www.threads.com/@zabrinaraissa/post/DWl0W7zAZ34,IHSG,2026-05-05T16:48:02.279362
rafiputra.7,"So kalo udah ""sell"" dari Januari, mau sell apalagi di Mei? 🤷‍♂️
Sedangkan kondisi kita sekarang? IHSG udah turun dari awal tahun. Asing udah cabut duluan. Rupiah bahkan terus tertekan.
Tapi tunggu dulu 👀
Pattern ini datang dari kondisi market yang udah rally duluan di awal tahun. Lalu investor taking profit di Mei
""Sell in May and Go Away""
Pattern lama dari Wall Street yang bilang market cenderung lesu dari Mei-Oktober.",2026-04-30T06:53:34.000Z,https://www.threads.com/@rafiputra.7/post/DXvxfxTjjVD,IHSG,2026-05-05T16:48:02.488461
meng_kim12,Saham BBRI ampun deh deviden 209/lembar eh dia turunnya sdh 250 😭😭 haiya mau cuan jd bocuan lho begini caranya 😭😭😭,2026-04-23T08:14:04.000Z,https://www.threads.com/@meng_kim12/post/DXd5JPhkts0,IHSG,2026-05-05T16:48:02.658042
edmonsong,"Selama kurs Rupiah masih melemah, maka selama itu pula besar kemungkinan IHSG, termasuk BBRI akan melemah.",2026-04-23T08:33:33.000Z,https://www.threads.com/@edmonsong/post/DXd7X7vnyJm,IHSG,2026-05-05T16:48:02.813651
uptrendtrading_,Okay closingnya IHSG valid pola Dark Cloud Cover yah. wkwk. Be carefull besok,2026-04-15T09:08:51.000Z,https://www.threads.com/@uptrendtrading_/post/DXJZDbXmA-e,IHSG,2026-05-05T16:48:03.280422
drstma,2 gap itu ada di harga brpa aja min?,2026-04-15T09:38:11.000Z,https://www.threads.com/@drstma/post/DXJcaUOEavp,IHSG,2026-05-05T16:48:03.423111
bss.sahamindonesia,"Sedihnya, BREN dan DSSA itu termasuk emiten penggerak IHSG. Semoga Senin aman ya🫣.
Cek lagi, dari 9 emiten ini, mana yang udah masuk di MSCI & dia bisa berpotensi di tendang dari index tsb di periode berikutnya.
BREN HSC 97,31% berarti yang bener2 bisa diperdagangin bebas cuman 2% an aja😬
Gembar Gembor terkait HSC ‼️
Akhirnya data HSC (High Shareholding Concentration) atas struktur kepemilikan rilis juga‼️
Berikut adalah Data HSC yang bisa merubah mekanisme pasar mulai Minggu Depan 🤭
bss.sahamindonesia",2026-04-02T19:42:20.000Z,https://www.threads.com/@bss.sahamindonesia/post/DWpDN5okigP,IHSG,2026-05-05T16:48:04.078017
nabung.dividen,"ADRO menjadi top loser lagi di portofolio setelah sebelumnya sempat hijau. Tapi berkat itu averagenya bisa saya turunkan lagi ke 2390an 😁
IHSG hari ini mini crash lagi.. portofolio untungnya masih ditopang saham-saham dengan fundamental yang baik. Pilihan saya untuk diversifikasi sepertinya terlihat membuahkan hasil saat seperti ini. Ketika mayoritas saham merah, masih ada PGAS dan AADI serta AVIA misalnya yang masih menghijau.",2026-02-02T06:02:35.000Z,https://www.threads.com/@nabung.dividen/post/DUPqgJWgcG5,IHSG,2026-05-05T16:48:04.262578
friskapuccaharun,"Malah ini yang terbaik yg terpilih untuk masa saat ini menurut saya...
friskapuccaharun",2026-04-28T23:04:42.000Z,https://www.threads.com/@friskapuccaharun/post/DXsXCwmEpLL,IHSG,2026-05-05T16:48:04.423206
wendyikr,"Apanya terbaik, rupiah meroket, IHSG ancur.",2026-04-28T23:21:36.000Z,https://www.threads.com/@wendyikr/post/DXsY-hPE41r,IHSG,2026-05-05T16:48:04.575361
yannn_zzz,"Ketidakpastian global akibat perang dagang dan ketegangan geopolitik masih membayangi ekspor dan investasi Indonesia di 2026.
Tapi gw tetap ngerasain dampaknya.
Gw bukan investor saham. Gw ga punya portofolio yang perlu gw panik-panikin tiap IHSG merah.
Perang dagang bikin IHSG terjun bebas. Rupiah tertekan. Dan gw yang cuma rakyat biasa ini akhirnya nemu satu cara buat tetap waras.",2026-05-01T07:59:59.000Z,https://www.threads.com/@yannn_zzz/post/DXyd5EPE9Rn,IHSG,2026-05-05T16:48:04.774467
hendrahenz22,"Sumber : Stockbit Sekuritas
IHSG turun ke 6.926,55 (-2,46%) dengan nilai transaksi Rp11,28T, asing masih mencatatkan net sell sebesar Rp977,08M. Top net foreign buy diisi BBNI, ADRO, dan INCO, sementara tekanan jual terbesar datang dari BBCA, BBRI, dan ANTM.
Update Foreign Flow Sesi 1
Date : Kamis, 30 April 2026",2026-04-30T05:38:36.000Z,https://www.threads.com/@hendrahenz22/post/DXvo6p4GT_O,IHSG,2026-05-05T16:48:04.969903
susanasrihandayani,"Makin turun -makin turun- makin turun😅
Tanda IHSG gak baik baik aja
Skrg sisa arci dan AADI yg hijau
Lainnya membara
ITMG swing udah TP
Sisa yg parkir menahun
susanasrihandayani",2026-03-14T02:37:29.000Z,https://www.threads.com/@susanasrihandayani/post/DV2S1Dlibhc,IHSG,2026-05-05T16:48:05.148353
eginanjar,"Karena saat IHSG lemah, saham lemah biasanya jatuh lebih dalam.
Jika saham sudah breakdown EMA 89
➡️ Waspada
➡️ Kurangi posisi saat rebound
Ada 2 kondisi:
Jika saham masih di atas EMA 89
➡️ Masih boleh ditahan
Kalau masih holding saham:",2026-05-01T09:00:26.000Z,https://www.threads.com/@eginanjar/post/DXykzyKmdNk,IHSG,2026-05-05T16:48:05.381449
pit_stock_,"Materi video study case bid offer, link nya di bio.
Karena harga juga gak di jaga sempurna, mau ga mau BRPT false break, kita jadiin pembelajaran aja study case kali ini.
Walaupun mostly match saat dimakan, tapi karena market gaada power & seller gede, akhirnya BRPT ikut keseret IHSG turun.
Ga semua break bagus pasti naik, walaupun beberapa poin bagus salah satu nya:
- Bid offer oke
- Cara makan 2100 pun bagus lanjut ke 2120
- Ada penjagaan lot setelah break
Dari BRPT gua belajar bahwa…",2026-05-01T03:57:05.000Z,https://www.threads.com/@pit_stock_/post/DXyCGDfkqOw,IHSG,2026-05-05T16:48:05.632066
rurs.thelapislazuli,"Pak Prabowo ini kangen kondisi 1998 kah? Sampai semua dibuat acak adul bgini? Utang jatuh tempo, Nilai rupiah hancur, IHSG anjlok...
rurs.thelapislazuli",2026-04-24T00:16:39.000Z,https://www.threads.com/@rurs.thelapislazuli/post/DXfnTU4kxuq,IHSG,2026-05-05T16:48:05.791120
ilhamwsp,"MeanWell
Malah Prabowo pergi ke kondangan el nyari rendang
Pas Nonton Berita :
- Ekonomi RI melamban
- Rupiah Anjlok Rp 17.300
- IHSG Ambrol 8 %",2026-04-27T09:56:46.000Z,https://www.threads.com/@ilhamwsp/post/DXoYE81iMQ8,IHSG,2026-05-05T16:48:05.960188
cecilliasantoso_,"IHSG Turun
Bitcoin Turun
Gold Turun
Silver Turun
Yang nggak turun cuma berat badan sama nafsu makan aja.
cecilliasantoso_",2026-02-02T07:30:33.000Z,https://www.threads.com/@cecilliasantoso_/post/DUP0kb6gCEy,IHSG,2026-05-05T16:48:06.111742
agungawicaksono,"Kebanyakan insider trading anjing, jadi gak seru ah IHSG.",2026-04-21T02:54:48.000Z,https://www.threads.com/@agungawicaksono/post/DXYLBGGAXPW,IHSG,2026-05-05T16:48:06.274799
regitaadc,"maaf gue nggak ngerti IHSG, frontier market, tpi gue baru denger berita pengaruh msci
ternyata sepengaruh itu, seserem itu dampaknya",2026-02-02T13:55:09.000Z,https://www.threads.com/@regitaadc/post/DUQglbvE-Wu,IHSG,2026-05-05T16:48:06.423193
sin_dau,"7.005 be like : "" welcome home IHSG ""
🤭🤭😌😌",2026-04-28T02:11:23.000Z,https://www.threads.com/@sin_dau/post/DXqHnKaE7b4,IHSG,2026-05-05T16:48:06.583809
thaanya__,"dua minggu ini setelah LK rilis, gua putusin buat bedah pake bantuan Claude Pro dan Gemini Pro, gua bedah bener2 dari QoQ, YoY, dsb, dan ternyata laporan keuangan bener2 salah satu cerminan pergerakan harga saham kenapa bisa terbang
waktu itu market gampang banget, tapi dari 2025, IHSG ngalamin 2x crash besar😂, mungkin ada yang masih floating loss meskipun ihsg udah rally beberapa hari ini,
Dari 2021 gua start belajar sampai sekarang, gua sadar satu hal, LAPORAN KEUANGAN itu ga pernah bohong",2026-04-14T12:14:00.000Z,https://www.threads.com/@thaanya__/post/DXHJcofj8CL,IHSG,2026-05-05T16:48:09.661954
myterminal.id,"Transaksi ini dilakukan dalam rentang harga Rp1.525-Rp1.580, yang berarti Prajogo Pangestu merogoh dana lebih dari Rp100 miliar untuk tujuan investasi pribadi.
Prajogo Pangestu, pengendali Barito Group, kembali melakukan akumulasi saham PT Petrindo Jaya Kreasi Tbk (CUAN) dengan memborong sekitar 84 juta saham pada Rabu, 29 Januari 2026, di tengah anjloknya Indeks Harga Saham Gabungan (IHSG).
Prajogo Pangestu Borong 84 Juta Saham Petrindo (CUAN) di Tengah Volatilitas Pasar",2026-01-29T05:24:31.000Z,https://www.threads.com/@myterminal.id/post/DUFS96ZkWzU,IHSG,2026-05-05T16:48:10.028867
_mmalik17,"[ A Thread ]
Gua bakal ngasih dua contoh case, yaitu contoh dari buku, dan contoh yang cukup dekat dengan kejadian di IHSG tahun ini.
Pelajaran Bab 1 buku Psychology of Money: Cara pandang mengenai uang tidak terlalu bergantung pada pendidikan, atau kecerdasan. Namun, lebih bergantung pada “sejarah pribadi”.
Kenapa ada orang yang berani all-in besar di pasar saham / crypto , sementara banyak juga yang terlalu berhati-hati? Padahal sama-sama belajar, dan sama-sama punya akses informasi.",2026-03-27T06:59:17.000Z,https://www.threads.com/@_mmalik17/post/DWYPH1Mk8Kn,IHSG,2026-05-05T16:48:11.082214
hive.magz,"Gue lihat banyak banget investor ritel yang panik luar biasa pas buka aplikasi saham minggu ini. Portofolio merah pekat di mana mana. IHSG tiba tiba rontok dan terjun bebas sampai ke level 7.200-an. Sebagian orang mikir ini cuma bandar yang lagi iseng nurunin harga buat serok di bawah. Pemikiran kayak gitu jelas terlalu naif. Kenyataannya pasar kita lagi kena hantaman tiga pukulan telak secara bersamaan.
IHSG anjlok April 2026 penyebab utama kenapa pasar saham kita berdarah parah. 📉🩸",2026-04-24T06:00:50.000Z,https://www.threads.com/@hive.magz/post/DXgOsMmAc-b,IHSG,2026-05-05T16:48:11.277162
reresshhh,Lupakan dan buka lagi pas ihsg 9000 adalah sebuah usaha menjaga kewarasan 😌,2026-03-06T04:22:09.000Z,https://www.threads.com/@reresshhh/post/DVh4cqXEdfq,IHSG,2026-05-05T16:48:11.422698
ai_newsrecap,"🔧 Faktor Penentu - Sentimen global, nilai tukar rupiah, suku bunga, dan stabilitas fiskal domestik. - MSCI masih menilai kredibilitas reformasi pasar modal RI: aturan free float, penerapan High Shareholding Concentration (HSC), konsistensi kebijakan. - FTSE Russell juga menilai kelayakan pasar dengan standar serupa. 🧭 Implikasi - Indonesia dalam fase pembuktian: efektivitas reformasi harus terlihat nyata di pasar, bukan sekadar kebijakan.",2026-04-30T01:27:22.000Z,https://www.threads.com/@ai_newsrecap/post/DXvMKnpHw6c,IHSG,2026-05-05T16:48:11.585532
ai_newsrecap,"- IHSG cenderung fluktuatif dengan bias melemah jika tekanan eksternal berlanjut. - Jika stabilitas makro (rupiah, inflasi) terjaga dan reformasi menunjukkan hasil konkret, kepercayaan investor bisa pulih bertahap. 💡 Strategi Investor - Jangka pendek: defensif, fokus pada saham berfundamental kuat dan likuid. - Menunggu kejelasan arah kebijakan global serta keputusan MSCI dan FTSE Russell berikutnya. ---",2026-04-30T01:27:22.000Z,https://www.threads.com/@ai_newsrecap/post/DXvMKoqn2RG,IHSG,2026-05-05T16:48:11.737050
angelica.jonatan,"Di sisi lain, kita bisa belajar dari konflik sebelumnya, seperti perang Ukraina-Rusia, di mana IHSG justru menguat karena didukung komoditas.
kesimpulan live tadi adalah, kita menghadapi eskalasi konflik antara Iran, Israel, dan Amerika, yang bisa mengganggu jalur transportasi komoditas, khususnya minyak. Efeknya, harga minyak berpotensi melonjak, yang tentunya akan memengaruhi pasar global.
Analisa Market saat ini
angelica.jonatan",2026-03-01T12:23:36.000Z,https://www.threads.com/@angelica.jonatan/post/DVV3khWEdkY,IHSG,2026-05-05T16:48:11.953869
alwanae,"Santai, april ini saatnya hunting barang. Barang yang bagus akan digoreng dulu sebelum masuk MSCI. Aku udah pick beberapa emiten kategori small & standart. Kalau lu udah nemu emitennya dan lu tau kalau free floatnya cakep, tinggal duduk manis aja dah jadi duit.
MSCI rules : AVTR, Real Free float, Market Cap & ga kena supend mendekati hari H.
Nih gua spill jagoan emiten alpha buat masuk MSCI berdasarkan para konglo :
Bakrie : BIPI & BNBR
HH : BUVA & ARKO",2026-04-06T09:06:49.000Z,https://www.threads.com/@alwanae/post/DWyNqtLj1uM,IHSG,2026-05-05T16:48:12.270024
alwanae,"Santai, april ini saatnya hunting barang. Barang yang bagus akan digoreng dulu sebelum masuk MSCI. Aku udah pick beberapa emiten kategori small & standart. Kalau lu udah nemu emitennya dan lu tau kalau free floatnya cakep, tinggal duduk manis aja dah jadi duit.",2026-04-02T05:03:09.000Z,https://www.threads.com/@alwanae/post/DWnemglD_T5,IHSG,2026-05-05T16:48:12.447828
dayoneinvesting.id,"Tulisan ini sebagai pengingat aja.., siapa tau lagi ada yang mau belanja buat invest / nata porto.
Inget ya.. ketika USD-IDR >Rp. 17.200, ada banyak emiten-emiten yang menghasilkan revenue dalam USD, dari sekian banyak emiten yang revenue dalam USD, cari yang revenue berpotensi tumbuh dan rasio utangnya kecil, lebih baik lagi yang utangnya dalam IDR.
dayoneinvesting.id",2026-04-24T07:16:02.000Z,https://www.threads.com/@dayoneinvesting.id/post/DXgXTDgkZNE,IHSG,2026-05-05T16:48:12.617494
saham.university,"#saham #ihsg #saham #indonesia #bursaefekindonesia
@saham.university
Salam profit konsisten
Komunitas yang sehat adalah mereka yang bisa saling mendukung bukan yang saling karung mengarungi
Trading itu bukan soal berapa besar keuntungan yang diperoleh tapi seberapa konsisten kamu memegang teguh strategi yang kamu pelajari dari setiap kerugian dan keuntunganmu
saham.university",2026-04-30T11:41:02.000Z,https://www.threads.com/@saham.university/post/DXwSZGxkt9l,IHSG,2026-05-05T16:48:12.835130
nicohutabarat_,"Anggap saja Negara selalu benar, hari ini IHSG -5% pasca DANANTARA sebagai pemegang saham BEI. By design or by accident?",2026-02-02T05:19:48.000Z,https://www.threads.com/@nicohutabarat_/post/DUPlmvZE4V_,IHSG,2026-05-05T16:48:13.007838
aurasho,"Woy bangun woy, IHSG tembus 9000.
Gokil pak Purbaya!",2026-01-14T04:15:24.000Z,https://www.threads.com/@aurasho/post/DTejIlIkrkf,IHSG,2026-05-05T16:48:13.168881
yos_zq,Senin kira kira IHSG kemana ? 😁,2026-04-18T00:03:32.000Z,https://www.threads.com/@yos_zq/post/DXQJCICgYSY,IHSG,2026-05-05T16:48:13.326747
hengky.lim.9,"IHSG yg di pikir akan bergerak menutup gap, malah sampai saat ini belum kejadian, yg ada konsolidasi di area 7.575 di atas area kotak merah tsb, seakan2 ""di buat"" mempertahankan di atas area tsb 😅 , utk Senin dengan di buka Selat Hormuz takutnya byk yg FOMOan 😂",2026-04-18T00:06:37.000Z,https://www.threads.com/@hengky.lim.9/post/DXQJYnrgXsL,IHSG,2026-05-05T16:48:13.471882
rinn.diani25,"liat IHSG hari ini yg kacau, kita butuh ANTEK-ANTEK ASING 😭",2026-02-02T03:23:27.000Z,https://www.threads.com/@rinn.diani25/post/DUPYSuwEjhu,IHSG,2026-05-05T16:48:14.153209
hive.magz,"Coba lo geser ke Slide 3.
Waktu IHSG crash bulan ini dan harga BBCA ikut terseret turun, semua grup saham langsung rame. ""Wah BBCA lagi diskon gede! Sikat buat nabung saham!""
Valuasi Price-to-Book (PBV) BBCA memang turun dari 4.7x ke 2.8x. Kelihatannya kayak deal abad ini, kan? Padahal, kalau lo melek data global, lo bakal sadar kalau lo masih kena ""Pajak Ketakutan"".
""BBCA Turun = Diskon Murah? Kenapa Lo Sebenarnya Masih Bayar Kemahalan."" 📉🏦",2026-04-24T12:58:19.000Z,https://www.threads.com/@hive.magz/post/DXg-eC6AVbk,IHSG,2026-05-05T16:48:14.359258
amaliaasnan,"Red day buat hari ini. CORETAX MERAH, IHSG MERAH, RUPIAH MERAH, EMAS MERAH, GUE MARAH.",2026-04-30T07:21:40.000Z,https://www.threads.com/@amaliaasnan/post/DXv0thGjlcZ,IHSG,2026-05-05T16:48:14.506407
itsyulis,Lucu bgt hari hari liat IHSG terjun trs wk dah bodo amat,2026-04-07T10:35:21.000Z,https://www.threads.com/@itsyulis/post/DW08mA4iavz,IHSG,2026-05-05T16:48:14.639502
ridhotholabi,"Aku pribadi nggak berharap perang terjadi berkepanjangan karena dampaknya bisa ke kita juga kayak sebelumnya harga terigu jadi mahal (Ukraina salah satu eksportir gandum terbesar).  Translate
Mungkin bisa dilihat kondisi tahun 2022 saat perang Ukraina dan Rusia terjadi. Ada beberapa komoditas jadi langka bahkan masuk ke supercycle. Bisa cek saja emiten-emiten komoditas di tahun 2022.
Kalo perang terjadi, IHSG bagaimana?",2026-02-28T11:51:30.000Z,https://www.threads.com/@ridhotholabi/post/DVTPGcPlPo5,IHSG,2026-05-05T16:48:17.976961
ekurniawan.id,"Semua market (gold, silver, ihsg, kripto) kompak kebakaran 🔥
Apa2an ini, entah instrumen mana lagi yang bisa dipercaya buat naroh uang dingin 🤔  Translate",2026-02-02T03:39:29.000Z,https://www.threads.com/@ekurniawan.id/post/DUPaIJCj_xC,IHSG,2026-05-05T16:48:18.479409
baypiero_,"Watchlist saya banyak mas, nunggu IHSG baikan dulu",2026-04-28T13:08:31.000Z,https://www.threads.com/@baypiero_/post/DXrS0NWlF6s,IHSG,2026-05-05T16:48:18.991385
shohibhazami,Get well soon IHSG 😁,2026-04-28T13:47:13.000Z,https://www.threads.com/@shohibhazami/post/DXrXPm7FNf1,IHSG,2026-05-05T16:48:19.131272
adelonnataa,"WL buat besok 27 April
BMTR
ARKO
BIPI
CUAN
DEWA
CDIA
BULL
WOWS
KOTA
DYOR ya guys ( semngat  buat bsok )",2026-04-26T04:44:38.000Z,https://www.threads.com/@adelonnataa/post/DXlPj5PjFSc,IHSG,2026-05-05T16:48:19.282715
hbzzzz_,matane ihsg besok merah,2026-04-26T06:18:23.000Z,https://www.threads.com/@hbzzzz_/post/DXlaSmPgR8n,IHSG,2026-05-05T16:48:19.416443
ekurniawan.id,"Habibiee,,,, ihsg ancur lebur, bentar lagi bbm naik, inflasi tinggi, mbg tetap berjalan, punya presiden hobi jalan-jalan keluar negeri terus. Fix indonesia segera krisis & bubar 🔥",2026-03-30T02:11:07.000Z,https://www.threads.com/@ekurniawan.id/post/DWfch1tD8-J,IHSG,2026-05-05T16:48:19.556123
abiwidasmara,"🚨 BREAKING: after 21 hours of negotiations with Iran JD Vance says NO DEAL could be reached! Not a good sign!
IHSG masih bisa turun lagi? Belum bottom nih?
Wakil Presiden AS JD Vance ga dapet Deal dari Iran",2026-04-12T03:36:26.000Z,https://www.threads.com/@abiwidasmara/post/DXBEoKYE3nC,IHSG,2026-05-05T16:48:19.862302
newssplashx,🚨 BREAKING: after 21 hours of negotiations with Iran JD Vance says NO DEAL could be reached! Not a good sign!,2026-04-12T01:42:10.000Z,https://www.threads.com/@newssplashx/post/DXA3hqhDHkk,IHSG,2026-05-05T16:48:20.021449
dtpratiw,"Abis mimpi buruk, IHSG anjlok sampe 2000",2026-04-30T20:55:21.000Z,https://www.threads.com/@dtpratiw/post/DXxR1JZggWC,IHSG,2026-05-05T16:48:20.181715
habil_abu_amara,Bagusnya masuk nunggu nutup gap dulu atau gimana koh  Translate,2026-04-18T03:04:11.000Z,https://www.threads.com/@habil_abu_amara/post/DXQdtKWiX-t,IHSG,2026-05-05T16:48:20.750497
jurnaltrader.id,"Reversal pattern sudah resmi patah ya. Balik ke mode bearish lagi. Support selanjutnya masih tetep di 6,915.
Chart IHSG closing market hari ini 27 April 2026.
Bestie... Yg tadi gw becandaaaa.
Sekarang mode serius nih.",2026-04-27T11:37:22.000Z,https://www.threads.com/@jurnaltrader.id/post/DXojlsyElE7,IHSG,2026-05-05T16:48:21.179860
wennyanggono,"Yang kaya makin kaya, aku makin kuat mental. Tiap hari diajak naik turun wahana IHSG 🎢",2026-02-24T07:28:36.000Z,https://www.threads.com/@wennyanggono/post/DVId1gmkoFV,IHSG,2026-05-05T16:48:21.333381
dayoneinvesting.id,"Dow Jones -> menyusul..
NIKKEI -> nyaris all time high.
KOSPI -> nyaris all time high.
IHSG?? -> ""pokoknya ada"" 🤣.
Ada yang sadar apa engga.. semalem NASDAQ (TradingView: NDX) sentuh level all time high di 26.400.
dayoneinvesting.id",2026-04-17T01:38:45.000Z,https://www.threads.com/@dayoneinvesting.id/post/DXNvIoWEolD,IHSG,2026-05-05T16:48:21.515730
marlonsuckitcrush12,"Besok senin oi IHSG atau $IHSG (Index Harga Saham Gabungan)
marlonsuckitcrush12",2026-04-12T06:39:51.000Z,https://www.threads.com/@marlonsuckitcrush12/post/DXBZnisk8Qo,IHSG,2026-05-05T16:48:21.863548
adelonnataa,"IHSG udah sentuh 9.000 🔥
Pelan-pelan tapi sampai.",2026-01-08T03:07:59.000Z,https://www.threads.com/@adelonnataa/post/DTO-pgJjHJI,IHSG,2026-05-05T16:48:22.029643
h.hafiz3008,Gimana kena gebuk IHSG lagi rasanya?,2026-02-02T02:31:58.000Z,https://www.threads.com/@h.hafiz3008/post/DUPSZjgkh4D,IHSG,2026-05-05T16:48:22.205461
farizabrf,"Alhamdulillah panen ludes bersih, selanjutnya main aman dulu pendek-pendek karena masih volatile, terimakasyiii IHSG ✨",2026-04-08T03:18:11.000Z,https://www.threads.com/@farizabrf/post/DW2vXAOkjhn,IHSG,2026-05-05T16:48:22.355616
ocep,Mungkin nyetirnya sambil mikirin IHSG pak 🥹,2026-04-25T09:27:20.000Z,https://www.threads.com/@ocep/post/DXjLHoIk3Xl,IHSG,2026-05-05T16:48:22.506962
hermantosardan,"Abis test drive BYD langsung naik golf lagi, blas belum ktemu istimewanya, ngga jadi beli
Ini soal overrated aja, Klo banyak bilang BYD lebih enak dibanding J5, artinya J5 biasa aja
Waduh, 2025 - 2026 cuan 300% om 😄, no worry IHSG, sudah digenggaman",2026-04-25T09:29:49.000Z,https://www.threads.com/@hermantosardan/post/DXjLZwplNl5,IHSG,2026-05-05T16:48:22.677187
arifbudimaneee,"​Menurut saya, skenario pertama yang paling mungkin terjadi, penurunanan bobot IHSG ke angka 1%. bren cuan dssa
​Skenario 3: MSCI menurunkan IHSG ke Frontier Market.
​Skenario 2: MSCI menurunkan bobot IHSG di bawah 1%.
​Skenario 1: MSCI menurunkan bobot IHSG dari 1,2% ke 1%.
Keputusan MSCI ada skenario yang akan mungkin terjadi:
​IHSG hijau dalam seminggu, tapi tdk ada inflow asing sama sekali. Asing kayaknya masih menunggu pengumuman MSCI tanggal12 Mei.
Feeling saya ke skenario 1",2026-04-19T07:08:23.000Z,https://www.threads.com/@arifbudimaneee/post/DXTecl7kwj8,IHSG,2026-05-05T16:48:22.931580
trilyunanpahala,Kesimpulan saat tanggal 12 jika skenario 1 terjadi? IHSG bakal naik atau turun bang? Walaupun masih di emerging market?🙏,2026-04-19T08:05:17.000Z,https://www.threads.com/@trilyunanpahala/post/DXTk9YZkofV,IHSG,2026-05-05T16:48:23.075173
nuranzka,"Rupiah 17.034, ihsg 6900 mungkin prabowo juga belum tau. Soalnya CEO Mbg taunya indonesia negara yang besar, rakyatnya terbahagia di dunia.
Kalo mulai banyak yg protes tinggal adain pesta rakyat, sembako gratis yg anggarannya “pokoknya ada”.",2026-04-06T08:38:48.000Z,https://www.threads.com/@nuranzka/post/DWyKddQEktk,IHSG,2026-05-05T16:48:23.245758
sobatporto,"Point penting yg perlu diperhatikan apakah benar ceasefire ini berujung dengan selesainya perang. Sampai saat ini ceasefire masih dilaksanakan. Harga minyak masih stabil di $93/brl.  Translate 1/2
Sudah terlihat kalau market mulai euphoria dan ihsg sudah mendekati resistancenya. Kemungkinan ada dua skenario, IHSG menembus resistancenya lalu breakout atau kepentok resistance dan koreksi dulu ke area 7300-7500 (koreksi sehat).
Market Update 17 April 2026",2026-04-17T03:46:12.000Z,https://www.threads.com/@sobatporto/post/DXN9uA-kTL1,IHSG,2026-05-05T16:48:24.173607
wealthporto.id,"Catat Tanggal penting terkait IHSG, ini rangkumannya  Translate 1/3",2026-04-07T08:15:27.000Z,https://www.threads.com/@wealthporto.id/post/DW0slU5EVgQ,IHSG,2026-05-05T16:48:24.342711
yusufashar,Senin bikin notes kalau ihsg berpotensi lower low ke 6900-6800 dan beneran ke 68xx tanggal 30 april 2026 . Mau optimis indonesia baik2 saja tapi lihat berita dan chart kok lain arahnya 🥲.  Translate,2026-04-30T06:53:30.000Z,https://www.threads.com/@yusufashar/post/DXvxfTcAXuD,IHSG,2026-05-05T16:48:27.829625
hendrahenz22,"IHSG masih ada gap di 5900… dari seorang market maker, saya belajar… gak ada gap yang gak ketutup…",2026-03-09T15:16:01.000Z,https://www.threads.com/@hendrahenz22/post/DVqxqUggYTR,IHSG,2026-05-05T16:48:28.179706
salmanabilla__,"Emas lg turun
Ihsg lg kebakaran
Masih waras kah teman teman?  Translate",2026-02-02T06:47:50.000Z,https://www.threads.com/@salmanabilla__/post/DUPvrlhk-J2,IHSG,2026-05-05T16:48:28.327743
aerilucu,IHSG bobrok bgt astagaaaa. MINA gue kapan rebound nya😭 makin dalem aja😭  Translate,2026-02-06T03:05:54.000Z,https://www.threads.com/@aerilucu/post/DUZpdmCERuy,IHSG,2026-05-05T16:48:28.500933
minakautsarr,"Ihsg lagi turun, kalian buy apa gais?",2026-04-24T13:41:42.000Z,https://www.threads.com/@minakautsarr/post/DXhDbtDFFpq,IHSG,2026-05-05T16:48:28.640086
milando29,"Rupiah jebol 17.300
IHSG ancur berhari hari. Hari ini aja mines 3%++
Presiden sibuk ngurusin MBG disetiap pidatonya.
Wakil presiden.. ah negara rusak.  Translate 1/2",2026-04-24T04:55:54.000Z,https://www.threads.com/@milando29/post/DXgHQoND3Bc,IHSG,2026-05-05T16:48:28.815669
reinaldomh2009,"Gw perhatiin medsos akan mulai rame dan isi mencak-mencak kalo IHSG turun.
Kelas menengah lagi terancam  Translate",2026-04-24T05:47:12.000Z,https://www.threads.com/@reinaldomh2009/post/DXgNIWvlPtw,IHSG,2026-05-05T16:48:28.970809
jagosahamindonesia,"Bukan cuma soal inflasi biasa, tapi ada angka yg jarang dibahas di berita: Kurs Yuan (CNY) terhadap Rupiah.
Pernah kepikiran gak kenapa harga barang-barang di sekitar kita makin “ajaib” harganya? 🤔
jagosahamindonesia",2026-04-14T14:23:43.000Z,https://www.threads.com/@jagosahamindonesia/post/DXHYSvJCRHM,IHSG,2026-05-05T16:48:29.595375
jagosahamindonesia,"Kalau “belanja” ke mereka makin mahal, ya otomatis margin perusahaan-perusahaan di IHSG bisa ikut tertekan.
Sekarang, Yuan sudah tembus angka 2.500. Padahal China itu ibarat 'Toko Grosir' terbesar buat Indonesia. Hampir 44% barang yg kita pakai bahan bakunya dari sana.
jagosahamindonesia",2026-04-14T14:23:41.000Z,https://www.threads.com/@jagosahamindonesia/post/DXHYScAiTaJ,IHSG,2026-05-05T16:48:29.753915
nabung.dividen,"Saat seperti ini krusial mana perusahaan yg bisa bertahan di tengah kondisi ekonomi yang ga menentu, dan mana yang malah akan tumbang. Kalau perusahaan bisa bertahan kinerjanya, berarti perusahaan yg cocok untuk jangka panjang.
Tetap perhatikan fundamental.
IHSG hari ini turun cukup dalam. Ytd sudah minus hampir 20%. Apakah waktunya serok?",2026-04-30T05:55:25.000Z,https://www.threads.com/@nabung.dividen/post/DXvq11tgbFv,IHSG,2026-05-05T16:48:29.951565
rifaarif,"Lanjut ⬇️
Banyak orang yang skeptis dengan pergerakan harga di kripto, katanya digerakin bandar lah, banyak manipulasi harga lah, jadi mereka bilang ""kripto scam, mending masuk di saham indo"".
Sebelum terjun ke kripto, saya masuk di pasar saham indo, dan kecewa sama pergerakan saham saat itu, yang dimana analisa teknikal menurut saya banyak yg melenceng bahkan terlalu dimanipulasi.
Saya mau bahas sedikit IHSG yg drop signifikan hari ini dan dibekukan dari indeks saham global.",2026-01-28T14:59:21.000Z,https://www.threads.com/@rifaarif/post/DUDv9N_E44W,IHSG,2026-05-05T16:48:30.153176
v.rora_,kenapa niii kaaa,2026-04-19T06:23:48.000Z,https://www.threads.com/@v.rora_/post/DXTZWE8lHmv,IHSG,2026-05-05T16:48:30.320196
susanasrihandayani,"Perang mulai reda jadi asing akan masuk lagi, nah yang bikin market IHSG kita naik kan dana asing kak, krn issue perang asing pada keluar makanya ambles
susanasrihandayani",2026-04-19T06:39:19.000Z,https://www.threads.com/@susanasrihandayani/post/DXTbHxpiaJb,IHSG,2026-05-05T16:48:30.465484
hamdalahcuan,"Benarlah yang bilang kl IHSG itu G nya adalah Gorengan.
Mirisnya, pola kayak gini masih terus kejadian.
Yang masuk telat, jadi tukang cuci piring. Kl ada yang bilang ada mafia di bursa, gw mah percaya
Secara chart, ini bukan growth tapi distribusi. Lihat LK, ROE -9%. Harga naik, padahal gak lagi profit. Macam emak² sosialita posting jalan² padahal banyak tagihan.
Setelah BEI rilis list HSC, lihat salah satu aja. SOTS, price actionnya kaya gini. Harga 400 jadi 5000, balik 900an hitungan bulan.",2026-04-03T00:38:14.000Z,https://www.threads.com/@hamdalahcuan/post/DWplFJNktiD,IHSG,2026-05-05T16:48:31.061904
tradeplan.id,"Congratulations dan salam cuan, jangan lupa berbagi.  Translate 1/2
Semoga di bulan Mei kondisi bursa IHSG kita membaik, secara teknikal sudah menunjukkan bottom, semoga rebound di pertengahan bulan Mei, serta tetap jaga money management untuk mencicil saham incaran.
Dari total 5 trading ideas, ada 1 saham yang terkena cutloss, dan 2 saham yang baru dibeli di akhir April masih di hold.
[Summary April 2026 - Trading Ideas]",2026-05-01T14:49:02.000Z,https://www.threads.com/@tradeplan.id/post/DXzMs_wiaiD,IHSG,2026-05-05T16:48:31.277469
pandhuadjisurya,"Tapi..
Tidak selalu..
Artinya ada area kosong (gap) di bawah harga sekarang.
Kenapa ini penting?
Karena gap sering jadi magnet. Harga biasanya akan kembali ke sana untuk ""menutup gap"".
IHSG kemarin membentuk gap up besar.Harga lompat dari sekitar 6.971 → 7.162 tanpa transaksi di tengah.",2026-04-08T23:39:37.000Z,https://www.threads.com/@pandhuadjisurya/post/DW47JA4Ex85,IHSG,2026-05-05T16:48:31.494045
pandhuadjisurya,"Ini justru paling bullish (harapan semua orang).
Area turun yang masih sehat :
Open -> 7200 -> 7180 -> 7160 -> lanjut rebound rally uptrend.
IHSG tidak menutup gap -> langsung lanjut naik -> gap berubah jadi support.
Skenario 1
Bullish kuat.",2026-04-08T23:39:37.000Z,https://www.threads.com/@pandhuadjisurya/post/DW47JB9k5D6,IHSG,2026-05-05T16:48:31.669574
mahdiahmddd,Modal awal 200 ribu setelah lose main forex dan binomo tahun 2023 lalu berhenti...2025 pertengahan balik invest kesaham sudah mulai pulih hasil lose dibinomo dan forex semoga ihsg /pasar modal kita cepat bulish biar bisa kaya bareng amiiin ya robbal alamin 🤲🤲🤲,2026-03-20T18:08:06.000Z,https://www.threads.com/@mahdiahmddd/post/DWHaGT2D43J,IHSG,2026-05-05T16:48:31.825639
mrsetyadji,"Adakah yang ingat kejadian 15 Agustus 2025 lalu, saat pidato kenegaraan tiba-tiba IHSG untuk pertama kalinya dalam sejarah menyentuh level 8000 ketika RI-1 masih di atas podium. Walau sore harinya di-tutup di level 7898 tapi itu membuktikan 1 hal ... bahwa grafik dan pergerakan candle mungkin bisa dinganu! 🙊
Sepertinya kita harus menunggu pidato Presiden jelang HUT ke-81 RI 4 bulan lagi.",2026-04-24T09:42:13.000Z,https://www.threads.com/@mrsetyadji/post/DXgoBvFkSEa,IHSG,2026-05-05T16:48:32.431314
insinyur.saham,"Secara teori sudah terjadi titik balik. Per kemrin. Hal ini ditandai degan close gap up. Dan posisi sudah diarea over sold. BB % bottomnya secara historis. Semoga kedepan lflownya benar benar konsisten, selected emiten tetap dengan yang flow ++saja dahulu...
Saat ihsg akan titik balik,saya baru bisa memproyeksi paling Tidka 1 hari setelahnya. Karena memerlukan data dan pengecekan rotasi.. hal ini pun diprogeknya hanya untuk satu siklus time frame saja.
Namun ada yg bisa memproyeksi sampai dengan 2027. Penasaran ilmu chart seperti apa yang dipakai...",2026-04-08T08:56:32.000Z,https://www.threads.com/@insinyur.saham/post/DW3WFJBETcr,IHSG,2026-05-05T16:48:32.707823
insinyur.saham,"Secara teori sudah terjadi titik balik. Per kemrin. Hal ini ditandai degan close gap up. Dan posisi sudah diarea over sold. BB % bottomnya secara historis. Semoga kedepan lflownya benar benar konsisten, selected emiten tetap dengan yang flow ++saja dahulu...",2026-03-18T10:28:42.000Z,https://www.threads.com/@insinyur.saham/post/DWBb7yikXkV,IHSG,2026-05-05T16:48:32.875352
vinapatrice,"OMG berasa lagi naik roller coaster, tp kita lagi di pucuknya, mau menuju turun 😱😱
24 jam terkahir yang sliweran
- Tawaran Bisnis Takeover
- aset di jual murah
- Toko2 pada hengkang dari marketplace
- Market crash : rupiah melemah, IHSG anjlog, Gold juga sale",2026-05-01T00:56:32.000Z,https://www.threads.com/@vinapatrice/post/DXxtbmPkgxR,IHSG,2026-05-05T16:48:33.068453
___wambar.id,"Busyet, open IHSG langsung minus 2%",2026-02-06T02:01:20.000Z,https://www.threads.com/@___wambar.id/post/DUZiEtTktjQ,IHSG,2026-05-05T16:48:33.245172
wulanmiulan,"Tetep disyukuri hasilnya bulan keempat belajar Saham 🥳
Jadi pengalaman baru & pelajaran untuk gak panik Selling kalo trading halt lagi. Dan mulai disiplin agar bisa manage resiko dg lebih baik lagi..
Agak syok kmrn jd CL CL takut hari ini Arb lagi, Ternyata hari ni IHSG bangkit…
Pemulaa kena mental pas Trading Halt, dari profit 44jt jadi 19jt 🥹 hampir semua saham Arb 2 hari berturut2…",2026-01-30T04:54:30.000Z,https://www.threads.com/@wulanmiulan/post/DUH0U4ZE_mj,IHSG,2026-05-05T16:48:33.450669
halo_ijah,"sekarang ihsg merah, tp bisa kok tetep konsisten kaya awal bulan😚🤗
kurang-kurangin julid, lebih baik perbanyak ilmu💖
kemaren-kemaren posting profit pas ihsg ijo ada yang bilang
"" halah ihsg ijo ritel2 mulai pada keluar ""
"" ihsg ijo, monyet beli pun pasti profit "" demi apapun ada yg komen gini🙂‍↔️",2026-04-23T04:52:28.000Z,https://www.threads.com/@halo_ijah/post/DXdiEs6D64Q,IHSG,2026-05-05T16:48:33.623306
toserba_spill,"IHSG ANJLOK
EMAS NAIK
PRESIDEN JOIN ISRAEL
selamat datang dunia tipu tipu 🔥🔥🔥",2026-01-28T12:36:20.000Z,https://www.threads.com/@toserba_spill/post/DUDflu6EZPo,IHSG,2026-05-05T16:48:33.787459
kaptensaham707,Mungkin besok IHSG menutup gapnya di 7000.,2026-04-27T08:42:27.000Z,https://www.threads.com/@kaptensaham707/post/DXoPkpNkZsp,IHSG,2026-05-05T16:48:36.871637
ferlina_sari,"IHSG segonjang ganjing ini, ga berani ambil resiko, ijo dikit lngsung Tp, alhamdulillah masih bisa cuan dikala IHSG merah, mayanlah 600 rebu buat bu ibuu 😉🤪",2026-04-28T09:10:41.000Z,https://www.threads.com/@ferlina_sari/post/DXq3mNHkaLW,IHSG,2026-05-05T16:48:37.043214
widipardiyawan,"Perundingan damai AS-Iran di Islamabad menemui jalan buntu. Pakistan sudah siapkan segalanya, keamanan ditingkatkan, Hotel Serena disiapkan, jalan bandara dijaga ketat. Tapi Iran tidak datang. Teheran minta AS cabut blokade pelabuhan dulu sebelum mau berunding. Wakil Presiden JD Vance akhirnya tunda perjalanannya. 1/3",2026-04-25T00:38:24.000Z,https://www.threads.com/@widipardiyawan/post/DXiOlndE0Wg,IHSG,2026-05-05T16:48:37.713697
frd_tech9,Byk koq Market Outlook kek gini biasanya yg ngeluarin perusahaan sekuritas atau analisis independen pada Minggu malam atau Senin pagi sebelum pasar dibuka..  Translate,2026-05-01T22:49:38.000Z,https://www.threads.com/@frd_tech9/post/DX0DtAiCqtd,IHSG,2026-05-05T16:48:37.878024
frd_tech9,"Kondisi Pasar Saham (IHSG)Tren Bearish: IHSG mengawali Mei 2026 dengan tekanan yang cukup berat, mencatat pelemahan signifikan sekitar 19,55% sejak awal tahun (year-to-date) hingga level 6.956,80 pada akhir April..  Translate",2026-05-01T23:01:20.000Z,https://www.threads.com/@frd_tech9/post/DX0FCsDihHx,IHSG,2026-05-05T16:48:38.020342
profgilang,"*note: bukan rekomendasi jual beli saham, siap jadi badut IHSG 🤡* 1/2
When was the last time this happened? Maybe the last time is this year. Seatbelts fastened.
To me, it's the perfect time to rotate and diversify after the rally in commodity and energy stocks. And I'm diving in to collect banks on the dip. Seeing double-digit dividend yields on liquid heavyweights is a total anomaly in IHSG history.
Bracing for turbulence before the landing.",2026-04-23T16:59:40.000Z,https://www.threads.com/@profgilang/post/DXe1S1zD3i0,IHSG,2026-05-05T16:48:38.212945
imamyogaaa,"Artinya, ""Free Float"" riil sangat sempit!
Ini adalah bom waktu bagi pergerakan IHSG pada Senin, 6 April 2026.  Translate 1/3
Data terbaru menunjukkan 9 emiten (ROCK, BREN, DSSA, dll) memiliki kepemilikan terpusat hingga 99%.
SKANDAL KONSENTRASI SAHAM: IHSG DALAM BAHAYA?",2026-04-03T03:15:27.000Z,https://www.threads.com/@imamyogaaa/post/DWp3EmVkY7e,IHSG,2026-05-05T16:48:38.401618
agungpharm,"Nanti kita bahas terus IPO ini
Kalian ikut IPO teman-teman? Berharap ARA berapa kali?
Dengan banyaknya antrian IPO karena ini IPO pertama tahun 2026, harga saham kodenya sama dengan RLCO yaitu 168 jadi ekspektasi ritel akan sama dengan RLCO
Kemungkinan antrian IPO 800K keatas. Prediksi ARA sejauh ini minimal 5x ARA di harga 550 tapi semoga bisa dapat 10x ARA di harga 1.460
Ikut IPO setelah IHSG tutup hari ini, tadinya sisa cash sebagian mau beli big bank tapi lebih baik ke IPO dulu.",2026-04-07T09:47:20.000Z,https://www.threads.com/@agungpharm/post/DW03GWSgSyH,IHSG,2026-05-05T16:48:38.628796
patriayudha_uk,"Doa saya singkat malam ini, semoga IHSG hijau.. Amin yang kenceng ya gais..",2026-04-26T13:39:32.000Z,https://www.threads.com/@patriayudha_uk/post/DXmMxohCd__,IHSG,2026-05-05T16:48:38.776341
risyana_talk,"Nonton aja deh 😊☕☕
Tandanya apa?? Yaitu masih WNS dengan segala kondisi yang ada.
Naik nya hanya di dominasi saham saham Gorengan ( Small Market Caps) dan juga market sangat sepi di bandingkan dengan biasanya.
Pagi ini Market naik. Diluar dari espektasi.",2026-04-27T08:15:12.000Z,https://www.threads.com/@risyana_talk/post/DXoMdA_GdiY,IHSG,2026-05-05T16:48:38.978920
profitmen.id,"Salam kenal mari belajar bareng, dari gua yg udah lewatin beberapa kali kejamnya bear market hahah
Jujur agak resah liat timeline isinya pamer cuan doang, tapi jarang yang bahas risk management atau psikologis pas lagi nyangkut. Kasian yang baru mulai, dikira bursa saham isinya duit kaget semua.
Akun ini gua dedikasikan buat teman-teman ""Retail Polos"" biar kita bisa survive bareng di IHSG yang kadang engga ngotak ini.",2025-12-20T07:34:01.000Z,https://www.threads.com/@profitmen.id/post/DSeh_WUEdIN,IHSG,2026-05-05T16:48:39.154533
pandhuadjisurya,"Ini juga normal. Bahkan sehat.
Area turun yang kalo bisa, jangan kaget.
Open -> 7120 -> 7080 -> 7050
IHSG retrace dikit -> menutup sebagian gap -> lanjut rebound rally uptrend naik.
Skenario 2
Retrace sehat.",2026-04-08T23:39:37.000Z,https://www.threads.com/@pandhuadjisurya/post/DW47JCSk9Bh,IHSG,2026-05-05T16:48:39.367157
pandhuadjisurya,"Ini yang paling enggak diharapkan. Struktur berubah total.
IHSG turun ke 7000 -> 6970 lalu gagal reclaim ke 7120.
Skenario 3.
Dead cat bounce, bull trap.",2026-04-08T23:39:37.000Z,https://www.threads.com/@pandhuadjisurya/post/DW47JCIEwBK,IHSG,2026-05-05T16:48:39.553733
nectar_circle,"IHSG ditutup turun ke 7,559 (-0.46%), tertekan keputusan MSCI yang masih membekukan rebalancing Mei 2026. Pasar juga mencermati evaluasi terkait transparansi data dan rencana kenaikan free float, serta potensi penghapusan saham dengan konsentrasi kepemilikan tinggi. Meski begitu, kekhawatiran penurunan status pasar mulai mereda.
IHSG melemah di tengah sentimen MSCI dan ketidakpastian geopolitik (21/4)",2026-04-21T17:07:30.000Z,https://www.threads.com/@nectar_circle/post/DXZsmf4ARCQ,IHSG,2026-05-05T16:48:39.729583
stockalpha.id,Pesan dr Tirta buat kamu yang pake alasan IHSG crash buat ini itu 😂😅,2026-03-13T06:16:38.000Z,https://www.threads.com/@stockalpha.id/post/DV0HHB7iYS7,IHSG,2026-05-05T16:48:39.890354
kimura.academy,"#InvestasiCerdas #ConfirmationBias #KimuraCapital #TradingPsychology #SmartMoney
Link di bio untuk briefing lengkap setiap pagi 🏯
Smart money tidak cari alasan untuk benar — mereka cari alasan untuk salah.
Itulah confirmation bias: kamu cari info yang membenarkan posisimu, bukan yang menguji ketajamannya.
IHSG +2.34%, BTC +4.79% — semua orang tiba-tiba jadi analis bullish.",2026-04-14T14:02:28.000Z,https://www.threads.com/@kimura.academy/post/DXHV3JeAeKK,IHSG,2026-05-05T16:48:40.095132
nazfat,"⚠️ Threads ini hanya berbagi pengalaman investasi dg modal kecil, bukan rekomendasi saham.
Berhubung sudah membaik, maka saya topop 500rb supaya lebih agile invest/trading
TRUE baru belu langsung ARA 🚀
DAY 12 - Invest Saham Target 100jt dalam 1 Tahun
Modal Awal: 1.000.000
Modal Tambahan: 500.000
Total Asset Saat Ini: 1.525.745
Ini catatan saham kemarin, baru sempat saya update hari ini
Alhamdulillah market membaik, IHSG naik, dan porto saya sudah nutupin minus saat crash.",2026-02-12T14:22:21.000Z,https://www.threads.com/@nazfat/post/DUqTpUYCbaL,IHSG,2026-05-05T16:48:40.297196
hengky.lim.9,"habis nutup GAP lanjut retest support 6.816 guys 😂 , skenario 1 dan 3 gagal pisan, tinggal skenario 2 yaaa
UPDATE 30 April 26",2026-04-30T03:06:29.000Z,https://www.threads.com/@hengky.lim.9/post/DXvXge5gVQB,IHSG,2026-05-05T16:48:40.492448
alfathesyar,"dirut BEI sama petinggi OJK pada mundur, saham IHSG anjlok, rupiah nyentuh 17.000 per 1USD, emas nyentuh 3 juta per gram, presiden memilih bayar 17 triliun buat masuk organisasi zionis ketimbang mikirin rakyatnya sendiri, apa yang mau diharapkan lagi?",2026-01-30T16:55:21.000Z,https://www.threads.com/@alfathesyar/post/DUJG0iiknlH,IHSG,2026-05-05T16:48:41.263082
emirparengkuan,"#IHSG #saham #tradingsaham
Make sure kalian tonton sampai akhir.",2026-04-30T05:50:35.000Z,https://www.threads.com/@emirparengkuan/post/DXvqSN0DD-v,IHSG,2026-05-05T16:48:44.017053
_michaelyeoh,"#ihsg #saham #buddhist #motivasi
May all beings have happy minds
Dimana sy tidak memiliki kapasitas unruk membahas itu karna sy blm sampai di tahap tersebut
Yg keempat adalah keseimbangan batin
Ada 4 ajaran dari Brahmavihara",2026-02-11T04:44:01.000Z,https://www.threads.com/@_michaelyeoh/post/DUmsqlnE65T,IHSG,2026-05-05T16:48:44.380449
nullprofile99,Dengan kondisi ekonomi Indonesia sekarang (rupiah all time weak di 17.300 dan IHSG di 6.900) should we go in or wait?,2026-04-30T13:05:50.000Z,https://www.threads.com/@nullprofile99/post/DXwcGW-k9C9,IHSG,2026-05-05T16:48:44.519415
whyurzky1,"31 maret vs 16 april
Mulai comeback, dan jujur gatau harus ngapain ke dewa, mau avgd takut koreksi lagi, mau cl ihsg bakal naik  Translate",2026-04-16T11:19:54.000Z,https://www.threads.com/@whyurzky1/post/DXMM2OlgW7_,IHSG,2026-05-05T16:48:45.159637
im.ddewa,"Trump mengumumkan gencatan senjata tanpa batas waktu
Me : alah si moncong trump kacau mania 🦜
Apakah hari ini IHSG 📈 bisa jadi??  Translate",2026-04-22T00:53:12.000Z,https://www.threads.com/@im.ddewa/post/DXah5SKgb56,IHSG,2026-05-05T16:48:45.310692
diannsriii_,si tukang ngekor IHSG🥲,2026-04-30T06:46:06.000Z,https://www.threads.com/@diannsriii_/post/DXvwpEWkytk,IHSG,2026-05-05T16:48:45.455520
ajiwijanarko,"Hari ini marketnya seru, dari pre opening ihsg turun sampai rebound.
Profit ga maksimal walaupun hampir semua emiten yg kepegang naik. Ga maksimalnya karena pengen ngejar prosentase tinggi, dan akhir sesi 2 junam 😂🤭
Kiranya begitu untuk hari ini 🙏🏾  Translate",2026-04-13T09:21:22.000Z,https://www.threads.com/@ajiwijanarko/post/DXEQ5XtD4u7,IHSG,2026-05-05T16:48:45.609453
imamyogaaa,"Jangan HAKA. DYODD. 📈  Translate
Yang sudah entry dari screener kemarin sekarang waktunya manage posisi.
Bisa mulai pasang TP atau TS. 📊
Ini watchlist — bukan sinyal masuk. Tunggu konfirmasi support dan volume.
WATCHLIST IHSG PAGI RILIS. 🔍
PKPK | NCKL | DKFT | BAPA",2026-04-20T01:10:12.000Z,https://www.threads.com/@imamyogaaa/post/DXVaQJHk_j-,IHSG,2026-05-05T16:48:45.803020
alphaplaymaker,"#sahamindonesia
#ihsg
#tradingsaham
#cuan  Translate
Harap di chek kembali (DYOR) bukan ajakan jual dan beli.
Bantu screening saham untuk tanggal 20 April 2026 dengan kriteria sbb:
1. Harga >= EMA20
2. EMA20 > EMA50
3. RSI 45 - 65
4. Volume Spike
5. Sedang di Akumulasi
6. Masuk dalam Net Foreign Buy",2026-04-19T23:26:40.000Z,https://www.threads.com/@alphaplaymaker/post/DXVOZ2AE2Lr,IHSG,2026-05-05T16:48:46.007206
_michaelyeoh,"#ihsg
Welcome Pak Purbaya!
Berhubung penjelasan tidak bisa diringkas, perhitungan IHSG ke 36.000 akan sy buat di part 2",2025-09-12T10:37:32.000Z,https://www.threads.com/@_michaelyeoh/post/DOf8S1ek-zb,IHSG,2026-05-05T16:48:46.188943
alphavestor.id,"Baca sampe akhir kalau kalian mau liat forecasting harga IHSG jika skenario diatas terjadi dan ga pengen porto kalian kebakaran [Threads] 👇
BEI baru rilis data: 9 saham punya konsentrasi kepemilikan di atas 95%.
BREN: 97.31%. DSSA: 95.76%.
Pertanyaan yang belum ada yang jawab dengan bener: Kalau dua saham ini crash 50%, IHSG jatuh berapa?",2026-04-03T08:40:37.000Z,https://www.threads.com/@alphavestor.id/post/DWqcSOVD9Wa,IHSG,2026-05-05T16:48:46.403762
hafidzoaya,Menurutku harga normalnya ihsg itu emang 7000an sih,2026-04-03T12:05:33.000Z,https://www.threads.com/@hafidzoaya/post/DWqzvHrD6Qb,IHSG,2026-05-05T16:48:46.997943
asepszs_,"Pencopet handal 😂 wkwkw sempet ngerasain moment IHSG spike bentar, amankan cuan langsung lanjut kerja lagi 😂 dari awal udah curiga kalo ini cuma prank",2026-04-27T03:00:08.000Z,https://www.threads.com/@asepszs_/post/DXnoZX1ESX6,IHSG,2026-05-05T16:48:47.332493
diki.mulijanto,"Liat di stream stockbit ngeri2 pamer portonya, byk yg sampai minus diatas 50%
Emng sih kebykan saham2 gorengan ditambah gonjang ganjing IHSG tambah nyungsep
Semoga bisa balik lg deh",2026-02-06T06:48:56.000Z,https://www.threads.com/@diki.mulijanto/post/DUaC_MKknxH,IHSG,2026-05-05T16:48:47.521768
happytrader.co,"Prediksi IHSG Merah hari ini 🔴
Turun -+ 2% 😭",2026-03-09T01:03:50.000Z,https://www.threads.com/@happytrader.co/post/DVpQIwkk-uw,IHSG,2026-05-05T16:48:47.693009
mbejisipon,"GW DI PIHAK GENCATAN PURA-PURA PERMANEN, 3.5 TAHUN.
CHINA BAKALAN PUSH DIAM-DIAM DR BELAKANG BUAT GENCATAN SENJATA.
PERANG LAGI ATAU GENCATAN PERMANEN?
CUMAN WAKTU, BERJALAN CEPAT.
MASIH 2 MINGGU KURANG LAGI.
NEGO PERTAMA NO DEAL!
-------------------
Vice President JD Vance in a dramatic statement now from Pakistan:
“We failed to reach an agreement with the Iranians, we are now returning to the USA.”
‐‐------------------
BESOK IHSG MERAH LAGI, TAPI INGET INI MASIH NEGO PERTAMA.
sign of the times",2026-04-12T01:48:50.000Z,https://www.threads.com/@mbejisipon/post/DXA4UGpj8tM,IHSG,2026-05-05T16:48:47.922629
algoresearch,We expect IHSG to trade sideways in the near-term as upside catalysts are still lacking while downside is supported by light positioning.,2026-04-22T08:04:21.000Z,https://www.threads.com/@algoresearch/post/DXbTPMOEwrG,IHSG,2026-05-05T16:48:50.713732
herlambangsandy_,"Contoh orang yg main saham maunya Ijo terus🫵🤡 badutt badut
herlambangsandy_",2026-04-26T08:29:54.000Z,https://www.threads.com/@herlambangsandy_/post/DXlpVwnE4yS,IHSG,2026-05-05T16:48:50.888153
hmzhid,"Penyebab IHSG Melemah 3% - Market
bloombergtechnoz.com
bloombergtechnoz.com/detai…
IHSG paling merah se-Asia: indikasi trust pasar ke pemerintah melemah. Stabilitas ekonomi tidak terjamin karena OJK dan BI minta swasta turut bantu program pemerintah yang sudah ramai dikritik. Efek trickle down tidak dirasakan. Dollar tembus 17.300. Kalau main sahamnya waras, dengan memperhatikan iklim politik (baca: buku pelajaran Ekonomi kelas 11), ini udah alarm banget.",2026-04-26T08:45:03.000Z,https://www.threads.com/@hmzhid/post/DXlrEv5iQSm,IHSG,2026-05-05T16:48:51.091410
agungpharm,Dibaca lah dulu. Ini bukan hanya sektoral saham yang kena. Fiskal kita ambyar ini karena ada program MBG yang menelan dana 200T.,2026-04-25T03:45:04.000Z,https://www.threads.com/@agungpharm/post/DXij8vwgU2j,IHSG,2026-05-05T16:48:51.248010
tzu_ghe_eng,"dan IHSG akan terus tumbuh. saya yakin bisa di atas 10ribu.
kapan ? tunggu saja, persis kayak covid yg lebih parah itu, tapi ihsg bisa ath sampai 9100an.
kalau anda ikuti sejarah ihsg sejak tahun 1995 sd sekarang, kisahnya selalu berulang saja
secara historis kejadian seperti ini sudah sering terjadi.
nanti kalau IHSG balik 9000 an, apakah data karena MBG ini valid ? gak kan.",2026-04-29T00:05:02.000Z,https://www.threads.com/@tzu_ghe_eng/post/DXsd8szknvr,IHSG,2026-05-05T16:48:51.436085
happytrader.co,"Semoga ya semoga 🚀
Optimis 10000% FTSE RUSSEL Review IHSG stay in Emerging Market 🔥
Waktu WNS sampai 07 April 2026✌️",2026-03-31T14:05:38.000Z,https://www.threads.com/@happytrader.co/post/DWjTGD4lFFO,IHSG,2026-05-05T16:48:51.623252
ekjlifestory,Saham kita seharusnya jg 🚀🚀🚀🚀🚀,2026-04-08T01:02:39.000Z,https://www.threads.com/@ekjlifestory/post/DW2f2U5mVQ7,IHSG,2026-05-05T16:48:52.377843
lat_group,"Gak bakal naik saham kita sih, udah sekenarionya MSCI mau menghancurkan IHSG dan rupiah biar MSCI dan Soros dapat Saham murah untuk Himbara, dan BUMN minerals. Jalan satu2nya ya kita jadi investor di negeri sendiri supaya IHSG tetep sehat. Secara yang Thailand ekonomi lagi gonjang ganjing aja Bath bisa menguat masak ekonomi Indonesia yg stabil Rupiah malah melemah gak masuk akal.",2026-04-08T02:35:35.000Z,https://www.threads.com/@lat_group/post/DW2qfAcmK7M,IHSG,2026-05-05T16:48:52.587259
dailyfact_ss,"kebanyakan kritik pemerintah, sampe gk sadar kalo 1 dunia ini emg lg susah gk cuma indo aja.",2026-04-06T05:48:36.000Z,https://www.threads.com/@dailyfact_ss/post/DWx2-5uk4gw,IHSG,2026-05-05T16:48:52.752987
rianes.s,"Bkn gitu jg... Memang IHSG naik turun hal biasa tp kl turun terus berarti ada yg tdk beres, plus mata uang melemah terus. Berhubungan dgn kepercayaan jg jd kl turun terus berarti pihak luar tdk percaya.. RM menguat, RMB menguat... Kl Rp melemah terus, lama2 cadangan BI turun jg. Mau sampe kapan bs bertahan??? Karna kebijakan pemerintah MBG, Kopdes, hobi beli alat militer dll disaat kas negara lg sekarat, hutang sejibun dll & saat ini global lg susah jg..  Translate",2026-04-06T10:18:29.000Z,https://www.threads.com/@rianes.s/post/DWyV3jWAcHR,IHSG,2026-05-05T16:48:52.901080
susanasrihandayani,"12 day di market > target gajian di IHSG pokoknya 3 digit. AADI sisain 500 lot , yang buat trading sell , ASII exit dl nanti entri lagi pas turun, indy TP dulu dikit2 mina TP sebagian.happy cuan di sela2 kerjaan banyak
susanasrihandayani",2026-01-12T22:46:10.000Z,https://www.threads.com/@susanasrihandayani/post/DTbYqSME_yd,IHSG,2026-05-05T16:48:53.066243
adrisqi_,"Mbg diapain?
Rupiah ke 15.000 rb
IHSG ke 10.000 rb
Trump mundur
halusinasi saat ini :",2026-04-07T09:15:08.000Z,https://www.threads.com/@adrisqi_/post/DW0zacLEVeg,IHSG,2026-05-05T16:48:53.254869
rivan.kurniawan,"#ihsg #nikel #bahlil #fyp #portoantibadai
Dari sentimen ini, kira2 mana yang bakalan jadi emiten nikel jagoan kalian nih guys?
Coba komen dibawah yaa 🔥🙌",2026-04-15T11:40:29.000Z,https://www.threads.com/@rivan.kurniawan/post/DXJqaGjCYQB,IHSG,2026-05-05T16:48:53.428902
diki.mulijanto,"IHSG hari ini ditutup hijau di 7.307,59 naik 0,39% dari hari kemarin
Tapi asing masih mencatatkan net sell sebesar 1,74 T
Sebagian besar saham bank dan konglo merah menyala
Kenaikan IHSG ditopang oleh emiten2 Papi PP, HT, & DSSA yang mengalami kenaikan yang cukup lumayan, walaupun sebenarnya asing tetap banyak distribusi di emiten2 tsb, hanya CUAN dan TPIA yg tercatat diakumulasi asing",2026-04-09T13:17:57.000Z,https://www.threads.com/@diki.mulijanto/post/DW6YynakhXD,IHSG,2026-05-05T16:48:53.586575
rifqiatt_,"Ya walaupun kedepannya tidak menutup kemungkinan kita bisa balik ke level april 2025 ya
Tapi uniknya ya bang, perhatiin chart april 2025 deh, disitu ada Gap lebar juga loh IHSG, tapi bisa rally tuh sampe 9K.",2026-04-08T06:41:21.000Z,https://www.threads.com/@rifqiatt_/post/DW3Gm_9kxMs,IHSG,2026-05-05T16:48:53.762665
theferdians,"Tapi setelah diliatin sih emg ada bbrp gap di april '25, mungkin ini saatnya
jujur kalo saya nggak terlalu ngeliatin gap sih, tapi lebih ke market structurenya dulu aja. Selama IHSG blm bisa keluar dari channel downtrend, selalu ada kemungkinan dia akan turun makin dalem.",2026-04-08T07:03:49.000Z,https://www.threads.com/@theferdians/post/DW3JLjIFHBd,IHSG,2026-05-05T16:48:53.928325
notesbymaru,"Itu artinya: saham-saham lain mungkin turun lebih sedikit atau bahkan menguat. Penting buat lo tahu: apakah portofolio lo mengikuti indeks atau ada yang outperform hari ini?
Saham-saham yang paling narik IHSG ke bawah: BBRI, BMRI, BBNI, TLKM, ASII, BUMI, DEWA. Tujuh saham ini collectively menggeret indeks paling dalam.
IHSG turun 2,19% hari ini. Tapi penurunan ini nggak merata — ada saham-saham tertentu yang jadibeban terberat.",2026-04-03T03:36:21.000Z,https://www.threads.com/@notesbymaru/post/DWp5bLkidE6,IHSG,2026-05-05T16:48:54.110592
dckyadp,"berita baiknya IHSG dipercaya msci, data lebih terbuka ke ritel, berita buruknya outflow asing besar besaran 🥲 IHSG anjlok",2026-04-02T13:38:18.000Z,https://www.threads.com/@dckyadp/post/DWoZjm-GJ7q,IHSG,2026-05-05T16:48:54.271118
hrlinda_ks,"Klo bren sm dssa ARB dah pasti ihsg junam, karena 2 itu bobotnya besar penggendong ihsg.",2026-04-02T13:59:38.000Z,https://www.threads.com/@hrlinda_ks/post/DWob_zFGlgW,IHSG,2026-05-05T16:48:54.407684
nabung.dividen,"Dividen tahun ini estimasi dapet 19jutaan, atau sekitar 1,6juta sebulan. Ditengah IHSG yang anjlok, portofolio masih menunjukkan ketahanan. Sesuai rancangannya, portofolio ini didesain untuk jangka panjang. Total ada 36 saham dalam portofolio ini.
Tepat 2 tahun yang lalu, Maret 2024, mulai nabung beli saham tiap hari. Total per hari ini sudah 464 hari. Per hari kalau dirata2 nabung 380ribuan.
Total yang ditabung 178jutaan. Nilai portofolio jadi 245jutaan. Naik 37,6% dari modal disetor.",2026-03-16T08:11:25.000Z,https://www.threads.com/@nabung.dividen/post/DV8CoitAbRu,IHSG,2026-05-05T16:48:54.905919
aldwinnv,"Sejak market IHSG merah, frekuensi saya menulis di Threads jadi meningkat karena gabut",2026-04-30T05:16:16.000Z,https://www.threads.com/@aldwinnv/post/DXvmXJjj_j-,IHSG,2026-05-05T16:48:55.081080
rizkamaghfur,"Xixixi selamat berjuang kawan2
Ssmoga tetap cuan hari ini
Tp kata orang2 trader yg handal tidak lahir d laut yang tenang dan bullish
🤣🤣 eh pelaut ya itu
Sepertinya IHSG akan koreksi lagi
Hahaha
Gasss perang lagi ... 🤕🤕
Eh ternyata perundingan iran usa gagal
Baru aja membayangkan pasar saham enak ni hari senin, semangat ...",2026-04-12T20:24:33.000Z,https://www.threads.com/@rizkamaghfur/post/DXC3_y1Ez1p,IHSG,2026-05-05T16:48:55.316981
abang_oek,"exit IHSG
lalu masuk ke Vietnam
apakah investor global berpotensi exit semakin besar dr IHSG ?
mohon bantuan POVnya
@dayoneinvesting.id",2026-04-08T03:20:14.000Z,https://www.threads.com/@abang_oek/post/DW2vl9niSNT,IHSG,2026-05-05T16:48:55.588571
abang_oek,"exit IHSG
lalu masuk ke Vietnam",2026-04-08T03:17:03.000Z,https://www.threads.com/@abang_oek/post/DW2vOoPiapN,IHSG,2026-05-05T16:48:55.776639
rikopedia.research,"Saham yang paling disorot DSSA dan BREN. Konsentrasi kepemilikan BREN  97.31% & DSSA 95.76%. BREN dan DSSA termasuk saham yang selama ini membuat bobot Indonesia di indeks terlihat besar, tetapi free float efektifnya rendah. Kalau MSCI benar-benar menerapkan exclusion untuk HSC, dua saham ini menjadi kandidat utama terdampak.
rikopedia.research",2026-04-30T04:05:19.000Z,https://www.threads.com/@rikopedia.research/post/DXvePb2k03x,IHSG,2026-05-05T16:48:59.936653
rikopedia.research,"Jika BREN dan DSSA dikeluarkan dari MSCI tekanan IHSG masih akan berlanjut.. 3/3
rikopedia.research",2026-04-30T04:05:19.000Z,https://www.threads.com/@rikopedia.research/post/DXvePfdk_y6,IHSG,2026-05-05T16:49:00.128992
rudiyanto_zh,"Jakarta, Indonesia
BUKAN REKOMENDASI BUY SELL HOLD
Berikut perkiraannya dalam data dan angka
Yang menjadi pertanyaan, berapa perkiraan IHSG akan turun dan dana asing yang net sell?
Paska pengumuman HSC, investor mengkhawatirkan akan terjadi penurunan IHSG dan net sell oleh investor asing",2026-04-05T14:12:40.000Z,https://www.threads.com/@rudiyanto_zh/post/DWwL3-7EiA2,IHSG,2026-05-05T16:49:00.394064
susanasrihandayani,"Kalau saham US gold , copper , silver naik
Di IHSG juga naik
Kenapa bisa begitu ya , kolerasinya apa ya
susanasrihandayani",2026-04-01T04:46:11.000Z,https://www.threads.com/@susanasrihandayani/post/DWk33YsCRBb,IHSG,2026-05-05T16:49:00.893878
indrahw,"Mudah2an Senin rebound 😆.
Belanjaan hari ini 😛.
Hari ini IHSG Flash Sale.",2026-04-24T13:54:44.000Z,https://www.threads.com/@indrahw/post/DXhE7O2kcvQ,IHSG,2026-05-05T16:49:01.189341
aadoubleuer,apa saham bursa yang bagus,2026-04-14T04:33:18.000Z,https://www.threads.com/@aadoubleuer/post/DXGUuVjn6V5,IHSG,2026-05-05T16:49:01.403390
openportosaham,Beli IHSG aja udah di bottom,2026-04-14T05:42:43.000Z,https://www.threads.com/@openportosaham/post/DXGcq22EV1h,IHSG,2026-05-05T16:49:01.559013
notesbymaru,"IHSG nutup di 8859, all time high. 446 saham naik, 246 turun, 115 stak. Finansial plus 1,42 persen, energi plus 2,31 persen, bahan baku plus 2,62 persen. Transportasi plus 2,02 persen, kesehatan plus 1,62 persen. Tapi teknologi minus 0,07 persen dan properti cuma plus 0,41 persen.
Rupiah di 17ribuan per dolar, melemah 0,12 persen. IHSG hijau, rupiah merah. Pasar saham pesta, nilai tukar nangis. Investor asing bisa kabur kalau rupiah terus melemah dan bikin capital flight ke USD.",2026-04-02T11:33:22.000Z,https://www.threads.com/@notesbymaru/post/DWoLN72k0Lf,IHSG,2026-05-05T16:49:01.709591
lukmanul_1792,"Dan MBG masih jalan, ditambah pejabat masih totot wutwut.
IHSG turun lagi.
Dollar udah Rp 16.948
Utang luar negeri 9600T.
Harga dada ayam 55000/kg
Pertamax 12.300",2026-03-09T10:21:20.000Z,https://www.threads.com/@lukmanul_1792/post/DVqP77VEXVE,IHSG,2026-05-05T16:49:01.934276
rendirendikaa,"2026 financial market will be even more interesting. Let’s see what happens next. 😬
- Bitcoin crashed 77k
- IHSG trading halt 2x
- Gold dropped. 16%
- Silver dropped 39%
- Rupiah slipped to 17K.
- Ketua The Fed diganti.
- Pejabat BI mengundurkan diri.
- Pejabat OJK mengundurkan diri.
This Week, Financial Market Is Going Crazy",2026-01-31T21:05:26.000Z,https://www.threads.com/@rendirendikaa/post/DUMIPFFk-H7,IHSG,2026-05-05T16:49:02.128295
rizkamaghfur,"Semoga besok ihsg ijo
walau sepertinya mustahil
Apapun hasilnya alhamdulillah
Masih ada ijo2
D market yg merah kena bom iran vs usa
Melewatkan peluang d sico padahal pas gerak2 tahu saya tp ndak beli
Hari ini serakah d KaQi sudah 5% masih mau lebih malah hampir zonk banyak td
Untung d kasih kesempatan kedua 😁
Semoga perang cepat berakhir
2-3-26
Sesuai prediksi klo ada perang
IHSG pasti merah 2.5 %",2026-03-02T09:42:44.000Z,https://www.threads.com/@rizkamaghfur/post/DVYJ9FBEbO3,IHSG,2026-05-05T16:49:02.368371
jonathankeaneee,"Semoga Bermanfaat
3️⃣ dari contoh gambar bisa diliat sisanya ada
$TRIN $AMRT $ARTO $ARNA $INDS $TCPI $ADMR $ROTI
2️⃣ yang ada di list oversold rsi 30-50 asing bisa dieliminasi dari list oversold rsi 30-50 jadi sisa emiten itu jadi watchlist kedepan
1️⃣Dari list oversold rsi 30-50 isinya campuran oversold oleh ritel sama asing
Screener untuk rsi 30-50 &
Screener untuk rsi 30-50 (oversold asing) cara aku jadiin watchlist mana yang perlu dipantau kalau ihsg lagi merah
Dual Screener Untuk IHSG 🔴",2026-04-23T07:23:29.000Z,https://www.threads.com/@jonathankeaneee/post/DXdzWxzEmAG,IHSG,2026-05-05T16:49:05.510314
andriandavinta_,"Bukan cuma return harian — ini weekly momentum.
Cocok buat cari saham yang lagi trending atau yang mau reversal.
Langsung lihat saham yang naik & turun paling kencang dalam 5 hari terakhir.
📈 Top Gainers & Top Losers
apa aja yang bisa kamu lihat 👇
Kita baru launch fitur GRATIS yang biasanya cuma ada di platform premium:
Market Highlights — 9 kategori sinyal pasar IHSG, update tiap hari setelah market close.
Update baru di Volara!",2026-05-01T09:40:56.000Z,https://www.threads.com/@andriandavinta_/post/DXypca1FHdi,IHSG,2026-05-05T16:49:05.751456
uptrendtrading_,":
guys, be carefull yah. Ketatin TSnya untuk posisi yang sudah FP, kaya gak enak ini naiknya. Kalo gak hari ini, besok sepertinya koreksi ini. Di timeframe H1 ada bearish divergence, mulai melemah naiknya. Target dailynya juga sudah hampir kena sesuai analisa sebelumnya.
seperti analisa sebelumnya, kalo gak kemarin hari ini berpotensi koreksi ternyata bener dikasi koreksi 😂
The Power of Supply Area. Be carefull kalo closingnya dengan candle merah kaya gitu, closingnya diarea body candle ijo yang kemarin sampai diarea tengah bodynya terkonfirmasi besok peluang koreksinya menguji demand area dibawah itu besar.",2026-04-15T08:46:27.000Z,https://www.threads.com/@uptrendtrading_/post/DXJWfXGGN-4,IHSG,2026-05-05T16:49:06.075007
uptrendtrading_,":
guys, be carefull yah. Ketatin TSnya untuk posisi yang sudah FP, kaya gak enak ini naiknya. Kalo gak hari ini, besok sepertinya koreksi ini. Di timeframe H1 ada bearish divergence, mulai melemah naiknya. Target dailynya juga sudah hampir kena sesuai analisa sebelumnya.",2026-04-14T02:43:56.000Z,https://www.threads.com/@uptrendtrading_/post/DXGINVGmOwC,IHSG,2026-05-05T16:49:06.435116
kanalaid,"#pgeo #sahampgeo #rupspgeo #pertaminageothermalenergy #pertaminageothermal #sahamindonesia #rups #ihsg #reviewsaham #investorsaham
Datang rups pgeo dapat apa?
Hmmm… yang pasti dapat dividen deh kalau kamu pegang sahamnya sampai cum date.
Lumayan yield 4,8%an….",2026-04-21T11:30:35.000Z,https://www.threads.com/@kanalaid/post/DXZGCicE6-E,IHSG,2026-05-05T16:49:06.616806
jessicajejess,2 menit pertama IHSG hari ini lgsg 2% an . kiblat trump 🤌🏻,2026-04-08T02:03:12.000Z,https://www.threads.com/@jessicajejess/post/DW2mxwJmD3d,IHSG,2026-05-05T16:49:06.766276
fangdessy,"Ada 3 jenis GAP :
1. Common gap (Muncul tanpa alasan besar, sering dan gampang ketutup)
2. Breakaway gap (Terbentuk saat tren baru dimulai, butuh waktu lama untuk ditutup dan tanda awal trend kuat)
3. Exhaustion gap (tanda trend mau selesai. Biasanya muncul di ujung tren dan menjadi sinyal pembalikan arah)
Dalam technical analysis, GAP adalah jarak kosong / celah pada chart karena harga ‘loncat’ / naik signifikan.",2026-03-31T08:05:52.000Z,https://www.threads.com/@fangdessy/post/DWip7DjE1hY,IHSG,2026-05-05T16:49:06.950399
fangdessy,"Disclaimer
Akan kah kedua area GAP ini akan tertutup?
Masih ada 2 area GAP yang belum tertutup, yakni di area :
1. 6538-6590 yang terbentuk di tgl 23 April 2025
2. 6087-6146 yang terbentuk di tgl 11 April 2025
yang menarik, saat ini IHSG sedang mengujii support dari area GAP yang sebelumnya terbentuk.
Gap terbentuk: Juli 2025 (recovery pasca crash tarif Trump)
Gap tertutup : 16 Maret 2026 (War Iran vs US)",2026-03-31T08:05:52.000Z,https://www.threads.com/@fangdessy/post/DWip7DAkzDy,IHSG,2026-05-05T16:49:07.165809
wulanmiulan,"Apa kabar Porto temen2 di thread?? Punya ku merah menyalaa 🔥🔥
2 hari IHSG kebakaran, target 1jt/ hari dari saham belum realized 🥹 Beberapa saham masih floating loss…",2026-01-22T09:05:28.000Z,https://www.threads.com/@wulanmiulan/post/DTzqsGZk1yW,IHSG,2026-05-05T16:49:08.321587
angelica.jonatan,"Ada yang bisa bantu jawab?
IHSG NAIK = trader jadi...
IHSG turun = trader jadi...
Efek IHSG gonjang ganjing turun jadi bikin kebanyakan orang jadi .... apa gimana ya 🙏🥲
angelica.jonatan",2026-02-06T14:34:57.000Z,https://www.threads.com/@angelica.jonatan/post/DUa4UbQCZ-F,IHSG,2026-05-05T16:49:08.509907
cecilliasantoso_,"Setelah ngeliat chart, dan mikir ketinggian kayaknya entry sekarang.
Ya udahlah, masuk dulu beberapa lot CDIA. Mumpung cash ada, sisanya all in di PTRO di avg 6.450 😅😅😅
Padahal kemarin aku bilang nggak tertarik ambil CDIA, definisi kemakan omongan sendiri 🙄🙄
cecilliasantoso_",2026-04-14T08:55:01.000Z,https://www.threads.com/@cecilliasantoso_/post/DXGyrOkAQUn,IHSG,2026-05-05T16:49:08.679278
ferrybudhi26,Hati2 ihsg ada gap nya,2026-04-14T09:06:03.000Z,https://www.threads.com/@ferrybudhi26/post/DXGz8ImkQ9x,IHSG,2026-05-05T16:49:08.830642
shdqckl,Ada satu permohonan MSCI ke BEI yang ga di rilis ke publik:,2026-03-06T04:15:29.000Z,https://www.threads.com/@shdqckl/post/DVh3rwUk4oZ,IHSG,2026-05-05T16:49:09.167939
kurniawanarif_,"Drama ESSA, dimulai di akhir 2024 memutuskan masuk lagi ke market setelah 2 tahunan vakum & dengan pedenya corat coret sok sok an analisa masuk ke saham ini di harga yang sangat tinggi, harga 945, wkwkw. (Analisa bisa dilihat disini : stockbit.com/post…)
Drama belum selesai, ternyata saham sekarang ada MSCI, ada Free Float dll yang saya sama sekali tidak paham itu. Si ESSA dibanting turun sampai harga 500 an.",2026-04-15T14:27:28.000Z,https://www.threads.com/@kurniawanarif_/post/DXJ8-CciUP1,IHSG,2026-05-05T16:49:09.321271
nafisgn14,Are you ready guys?,2026-04-06T00:38:48.000Z,https://www.threads.com/@nafisgn14/post/DWxTh6mgaIt,IHSG,2026-05-05T16:49:09.511062
nectar_circle,"2. View teknikal, MACD histogram negatif mulai menyempit, tekanan jual mereda
Sisi positif:
1. Rupiah justru menguat ke Rp16.904/US$, melawan tren pelemahan mata uang Asia
Pemicunya: aksi profit taking + ketidakpastian geopolitik AS-Iran yang bikin investor wait and see.
AS klaim perundingan damai sudah berjalan, Iran justru membantah. Sinyal yang kontradiktif ini bikin pasar regional juga ikut fluktuatif.
IHSG ditutup -138,03 poin di level 7.164 (-1,89%), koreksi wajar setelah reli kemarin.",2026-03-26T11:22:57.000Z,https://www.threads.com/@nectar_circle/post/DWWIgEvgYPs,IHSG,2026-05-05T16:49:09.729752
dhebanditos,"Indeks Harga Saham Gabungan (IHSG) turun dan 9.100 di bulan Januari 2026 dan sempat menyentuh 7.400 di bulan April 2026.
Sisa Anggaran Lebih (SAL) di BI tinggal Rp 120 Trilyun.
Defisit APBN Maret Rp 240 Trilyun.
Defisit APBN Febuari Rp 135 Trilyun
Defisit APBN Januari Rp 54 Trilyun
Bunga Utang 2026 Rp 599 Trilyun
Utang jatuh tempo
Rp 833 Trilyun
Total Utang
Rp 9.638 Trilyun
EKONOMI INDONESIA HARI INI DALAM ANGKA (23 April 2026)",2026-04-23T08:03:07.000Z,https://www.threads.com/@dhebanditos/post/DXd349lFAAB,IHSG,2026-05-05T16:49:10.011983
dlquantbot,"3. Jika asing melakukan outflow, maka biasanya saham saham Big Cap perbankan : BBCA,BMRI,BBRI,BBNI yang pertama tertekan, yang banyak di jual asing.
2. Biasanya dana outflow dari Emerging Markets (termasuk Indonesia) untuk dipindahkan ke US Treasury atau Emas. Ini akan menyebabkan pelemahan Rupiah dan penurunan IHSG dalam jangka pendek
1. jika senin terjadi panic selling , jangan ikut panic, wait and see.paling aman tunggu 1 jam pertama.",2026-02-28T10:03:59.000Z,https://www.threads.com/@dlquantbot/post/DVTCzCdkUDv,IHSG,2026-05-05T16:49:10.253493
bawonosuryo,"tunggu aja ihsg bakal naik lagi...
dunia masih baik2 saja...
pabrik juga masih pada produksi...
kapal2 jg masih berlayar seperti biasa...
sawit juga masih di panen dan dijadikan minyak...
terbakar...tp tenang aja itu cuman di layar hp atau laptop...
market crash??
jangan panik..",2026-01-28T04:22:28.000Z,https://www.threads.com/@bawonosuryo/post/DUCnEhWkyLT,IHSG,2026-05-05T16:49:10.462982
radioactive_90,"Better kalau ada cash wait and see dulu, kita ngga bisa timing the market, ngga ada jaminan IHSG naik terus, sama kayak saham yg kalian pegang. Santai saja market ngga bakal kemana-mana ngga usah takut ketinggalan kereta.
Influencer saham yg ditengah IHSG merah bilang ini waktunya malah tambah muatan dll, ngga usah didengerin.",2026-01-23T14:06:41.000Z,https://www.threads.com/@radioactive_90/post/DT2x9Klkepz,IHSG,2026-05-05T16:49:10.623571
theferdians,"Tapi liat nanti aja, at the end of the day, market is always right.
Kalo skrg blm kebukti, tapi menurut gue IHSG masih bisa turun ke bawah 7000 (bahkan mungkin ke 6300).
Agak mirip kaya dulu di Januari, lagi bullish banget, otw 10.000, gue remind ke khalayak ramai kalau IHSG ada potensi ke 7000, ramailah publik mencaci.",2026-03-26T13:05:28.000Z,https://www.threads.com/@theferdians/post/DWWUO-JFNeH,IHSG,2026-05-05T16:49:14.302912
bimoksmh,Bila berkenan boleh dishare mas hasil analisis IHSG bisa turun ke bawah 7000 bahkan ke 6300 👏🏼,2026-03-26T13:11:33.000Z,https://www.threads.com/@bimoksmh/post/DWWU7m3ExM1,IHSG,2026-05-05T16:49:14.443808
arifbudimaneee,"inget jangan FOMO karena IHSG udah naik sekitar 10% dari bottom nya
Nanti koreksi, kalian bisa re-entry harga yang lebih bawah
Strateginya sekarang
Kalau IHSG sudah menyentuh area 7853, mulai cicil sell (khusus Swing)
Gue akan update lg kalau udah mulai muncul sinyal koreksi terutama setelah IHSG mendekati target Fibonya 7853
IHSG masih berada di fase Wave 3 & belum terlihat tanda koreksi. Seperti yg kita tahu, dalam teori EW, Wave 3 adalah wave terpanjang dibanding Wave 1 & 5",2026-04-15T02:15:56.000Z,https://www.threads.com/@arifbudimaneee/post/DXIpzKYEzAo,IHSG,2026-05-05T16:49:14.654071
igitpermanasigart,"Masa iyaa jga BBRI disalip BUVA ntar harganya, BMRI disalip MINA 🤣🤣🤣
Mungkin Om happy Hapsoro & pak PP harus akuisisi BBNI, BBRI, BMRI supaya banking kesayangan naik ke 50.000 😂🤣😂
sekarang yg naikin IHSG mayoritas konglo Dan emiten yg naik kenceng jga rata rata emiten konglo😂
kemarin Saham konglo DIHINA HINA pas ARB berjamaah dan bikin IHSG rontok 😂
igitpermanasigart",2026-02-11T13:49:06.000Z,https://www.threads.com/@igitpermanasigart/post/DUnrC_qklRw,IHSG,2026-05-05T16:49:14.883712
mwillyfebri,"sekedar saran, untuk saat ini hindari dlu emiten konglo
DYOR 🙏
ketika IHSG merah, market maker pada take profit, dan sebaliknya jika IHSG hijau MM sedang buy dan akumulasi yg mana suatu saat akan mereka ambil profitnya
Disaat market crash seperti ini, solusinya cuma 1
ketika profit langsung TP, atau swing mid long term di 3-4 emiten dari semua equity
saya ada rekomen emiten swing , tapi bole dianalisa kembali",2026-01-23T03:26:36.000Z,https://www.threads.com/@mwillyfebri/post/DT1os_zgR0c,IHSG,2026-05-05T16:49:15.054299
jagosahamindonesia,"Source: Bloomberg
RRG Analysis:
Berdasarkan grafik rotasi sektor, IDXBASIC masih cukup kuat di area Leading, sedangkan IDXTECH masih terpuruk di zona Lagging. Sektor finansial (IDXFIN) terlihat mulai merangkak naik menuju area Improving.
IHSG hari ini tertekan cukup dalam sebesar 1,89% ke level 7164,09 ￼
jagosahamindonesia",2026-03-26T12:56:44.000Z,https://www.threads.com/@jagosahamindonesia/post/DWWTPDbCUKe,IHSG,2026-05-05T16:49:15.223365
annisarif24,katakan alhamdulillah masih bisa take profit disaat IHSG merah 😇,2026-01-21T11:09:15.000Z,https://www.threads.com/@annisarif24/post/DTxUD2ECRJs,IHSG,2026-05-05T16:49:15.362639
agungpharm,"Kemungkinan saat ini dipegang manual lagi oleh hedge fund. Saya yakin mereka juga kaget AI mereka eksekusi sell bersamaan.
Ternyata sebagian besar transaksi di market kita dijalankan oleh algoritma AI, jadi bisa transaksi bersamaan dalam jumlah besar berturut-turut. Botnya melakukan eksekusi bersamaan sekaligus di semua emiten besar.
Wow shock terapi di market, Tiba-tiba portofolio ambles dalam dan kemudian rebound lagi.
Ternyata tadi IHSG dapat kejutan dari 9.000 ke. 8.715",2026-01-12T08:04:49.000Z,https://www.threads.com/@agungpharm/post/DTZzzIFgaBS,IHSG,2026-05-05T16:49:15.531759
rizkamaghfur,"Gmn trading kalian hr ini?
Bagi saya 2-3% konsisten itu menunjukan metode nya work
Sekarang boleh kecil
Tahun depan harus lebih besar 🌟
Cukup 2-3 % tp sering
Dari pada 50-100% tp jarang2
Tp memang hukum alamnya gitu,modal sisa dikit harus lebih
💪semangattt
⚡sat set
Knp?
Ya krn cuma 10 lot/transaksi
1. Masih takut crash lagi
2. modal nyangkut d stok
Hihihi untuk dapat 600rb+
Saya butuh 45 trades
🤣 padahal orang lain cukup 1x trade dah jutaan
3-2-26
Alhamdulillah IHSG dah +2%",2026-02-03T09:34:22.000Z,https://www.threads.com/@rizkamaghfur/post/DUSniOAkUQg,IHSG,2026-05-05T16:49:15.797828
pinepick.id,"Indonesia Stock Exchange
#UDNG #CBRE #BUVA #ATAP #PADA #PIPA #IRSX #MGNA #TRUE #INET #sahampemula #saham #pasarmodal #infosaham #sahamgocap #IHSG #investasi
Tahun ini saham gocap apa yang bisa jadi multibagger? 😲",2026-01-10T10:41:13.000Z,https://www.threads.com/@pinepick.id/post/DTU8GxKgRC-,IHSG,2026-05-05T16:49:16.001534
