username,text,timestamp,url,keyword,scraped_at
meizerofficial,"IHSG udah bottom bgt ini, tunggu nutup gap setelah itu 🚀",2026-04-23T05:00:31.000Z,https://www.threads.com/@meizerofficial/post/DXdi_keGfVA,IHSG,2026-05-05T16:55:01.859001
happytrader.co,"Apa yang akan terjadi dengan IHSG ? 🧐
Dag Dig Dug seeeer 🤯
Nanti malem Trump,
Besok pagi FTSE ...",2026-04-07T10:23:34.000Z,https://www.threads.com/@happytrader.co/post/DW07PtzFFhB,IHSG,2026-05-05T16:55:01.987138
arirarii,"Dan satu hal yang pasti indonesia ga bakal masuk ke frontier dan tetap di emerging market. Optimis IHSG 10.000 🚀
Hal ini juga menandakan bahwa posisi ihsg sudah bottom dan sedang mencari titik rebound.
Banyak yang mengira ihsg bakal trading halt. Ternyata tidak seburuk itu.",2026-04-06T05:04:08.000Z,https://www.threads.com/@arirarii/post/DWxx5QYEyVU,IHSG,2026-05-05T16:55:02.320197
sahamcuan_everyday6,"SUDAH SIAP DENGAN IHSG BESOK ? GAS YA RAPATKAN. JIKA ADA YANG MENARIK MAMANG SPIL. HATI HATI AJA LOTNYA JANGAN DULU OVER. KARENA TRENDNYA SUDAH PATAH KEMBALI.  Translate 1/2
sahamcuan_everyday6",2026-04-26T15:55:51.000Z,https://www.threads.com/@sahamcuan_everyday6/post/DXmcYCElLr3,IHSG,2026-05-05T16:55:02.466595
thepitchbull,"Atau ngobrolin bola kuyy, gw hobi juga.  Translate
Ask me anything about stocks / market.
Siapa gw?
• Trader saham sejak 2013, mayoritas saham Indo dan sedikit US
• Finance background. 8 tahun lebih berkarir di pasar modal sebagai analyst
Akun ini gw bikin buat sharing ilmu dan info seputar saham.",2026-04-12T13:40:37.000Z,https://www.threads.com/@thepitchbull/post/DXCJxVrmuW8,IHSG,2026-05-05T16:55:02.652065
mang.amsi,IHSG TURUN TERUS… DAN BANYAK YANG BARU SADAR SAAT SUDAH DI BAWAH  Translate 1/9,2026-04-06T02:58:58.000Z,https://www.threads.com/@mang.amsi/post/DWxjkhQEdbm,IHSG,2026-05-05T16:55:02.776355
priceaction.id,"Market kek gini tuh mendingan stay away dari saham.
Belajar lagi, perbaiki plan, perbaiki emosi biar next gak gampang fomo atau cuma ikut beli karena ada yang posting.
Belajar market luar negeri juga, peluang tu gak cuma di IHSG.
Gw sendiri trader, bukan spekulan.
Gw entry penuh perhitungan, analisa makro - sektoral - teknikal.
Gak asal entry krn sinyal grup..  Translate",2026-04-30T04:55:56.000Z,https://www.threads.com/@priceaction.id/post/DXvkCOaDhwF,IHSG,2026-05-05T16:55:02.901020
baypiero_,"Awal Tahun 2026 yang cukup berat untuk IHSG
Saham Konglo maupun Saham Fundamental Rungkad semua 🫠😭🔥📈
Sudah Minus brp portofolio kalian teman-teman?  Translate",2026-04-28T03:51:58.000Z,https://www.threads.com/@baypiero_/post/DXqTH3rlNh-,IHSG,2026-05-05T16:55:02.999750
adiyatnaagung,Saham di IHSG hancur ginih waktunya pesta saham boy thohir dan dan hari tanoe  Translate,2026-04-05T09:34:15.000Z,https://www.threads.com/@adiyatnaagung/post/DWvsAznE8X7,IHSG,2026-05-05T16:55:03.112021
mahasiswaelliotwave,"IHSG saat ini sedang dalam proses membentuk struktur koreksi, bukan sudah selesai sepenuhnya. Tinggal menunggu rejection aja nih di area2 penting. Selama gk break invalid area ya, jadi tetap hati-hati jgn 1 shoot yaa kalo entry 👌  Translate
mahasiswaelliotwave",2026-04-24T03:17:03.000Z,https://www.threads.com/@mahasiswaelliotwave/post/DXf78q-mVJ6,IHSG,2026-05-05T16:55:03.224701
diki.mulijanto,"Kenapa ya di saat IHSG naek 4,42%, asing tetap distribusi BBRI & BMRI dan masuk top 3 net foreign sell?
Sedangkan BBNI dan BBCA malah masuk top 5 net foreign buy...  Translate",2026-04-08T14:17:03.000Z,https://www.threads.com/@diki.mulijanto/post/DW36wqVEgW3,IHSG,2026-05-05T16:55:03.355492
raahady_,"Letsgo bottom IHSG 🚀🚀  Translate 1/2
Bottom IHSG tahun lalu tgl 8 april dan hari ini pas banget umumin mau gencatan senjata dan juga hasil dari ftse lumayan bagus karena kita masih berada di frontier market.",2026-04-08T00:33:08.000Z,https://www.threads.com/@raahady_/post/DW2ceFekqgp,IHSG,2026-05-05T16:55:03.470989
pandhuadjisurya,"Kalo menurut kalian bottom IHSG di area mana? Udah deket nih, tipis-tipis menuju bisa bikin reversal atau jatuh lebih dalam.  Translate",2026-04-28T03:53:57.000Z,https://www.threads.com/@pandhuadjisurya/post/DXqTWbokaog,IHSG,2026-05-05T16:55:03.586083
hamzaini5604,Senyum merekah merona Holder saham BRMS.,2025-10-29T11:04:40.000Z,https://www.threads.com/@hamzaini5604/post/DQZAwxYj9iT,IHSG,2026-05-05T16:55:03.699814
kokoteknikal,"Menurut kalian masih ok untuk hold atau udah pada mulai bersih2 lagi? 🤔🤔
Support terdekat ada di 7440-7540 sekaligus EMA10, kalau jebol ini artinya trend akan berubah lagi dalam jangka pendek.
Setelah rally 5 hari berturut2, IHSG hari ini ditutup turun setelah menyentuh MA50 di daily chart.
Tugas kita harus siap bereaksi dengan skenario mana yang terjadi.
Skenario B: Gagal breakout MA50 dan jebol support 7440-7540 serta EMA10, melanjutkan downtrend IHSG
Skenario A: Level support 7440-7540 sekaligus EMA10 bertahan dan IHSG lanjut naik breakout MA50 menuju resistance selanjutnya
IHSG hari ini mengalami rejection di area support 7440-7540 dan EMA10 nya.",2026-04-21T10:20:07.000Z,https://www.threads.com/@kokoteknikal/post/DXY9-vQiZNj,IHSG,2026-05-05T16:55:03.945415
kokoteknikal,"Menurut kalian masih ok untuk hold atau udah pada mulai bersih2 lagi? 🤔🤔
Support terdekat ada di 7440-7540 sekaligus EMA10, kalau jebol ini artinya trend akan berubah lagi dalam jangka pendek.
Setelah rally 5 hari berturut2, IHSG hari ini ditutup turun setelah menyentuh MA50 di daily chart.",2026-04-15T13:46:36.000Z,https://www.threads.com/@kokoteknikal/post/DXJ410IiSLx,IHSG,2026-05-05T16:55:04.080266
jundiabdillah,"#DYOR
Tetapi tetap ada potensi nutup gap atas dulu di area 7.870- 7.930, setelah itu koreksi kembali.
Perhatikan aja area-area ini untuk beli saham atau jual
Perhatikan harga disana, Ketika menutup gap yang di buat hari ini ataupun tidak, bisa manfaatkan beli saham-saham yang ke area retestnya, Banyak kalau kalian bisa cek perlahana saham-saham yang sering di tradingkan
$IHSG update
Hari ini IHSG buat gap lagi, kemungkinan akan ada koreksi sehat mendekati area 7.520-7.600",2026-04-14T12:40:06.000Z,https://www.threads.com/@jundiabdillah/post/DXHMb3VkyzZ,IHSG,2026-05-05T16:55:04.220360
aashrrafff,"apakah sudah nutup gap down IHSG di bulan Mei akan rally naik? mohon pencerahannya ahli nujum,pakar ekonomi hehe",2026-04-30T10:26:05.000Z,https://www.threads.com/@aashrrafff/post/DXwJ0O-kahG,IHSG,2026-05-05T16:55:04.321314
diki.mulijanto,"Tau2 uda minus 2% aja ini IHSG,
Tenang man teman jangan panik ini cuma ""KOREKSI SEHAT""
Kalau GA SEHAT panggilkan dokter 😅",2026-04-23T08:08:33.000Z,https://www.threads.com/@diki.mulijanto/post/DXd4gxjEupa,IHSG,2026-05-05T16:55:04.419175
pandhuadjisurya,"Mari kita lihat dari chart saja.
Pertanyaannya:
Ini awal bullish?
Atau cuma dead cat bounce / bull trap?
IHSG kemarin ditutup +4.42% ke 7.279.Kenaikan besar. Naik hampir seharian. Close di dekat high.
Kemana arah IHSG hari ini?",2026-04-08T23:39:38.000Z,https://www.threads.com/@pandhuadjisurya/post/DW47JJiE6VV,IHSG,2026-05-05T16:55:04.550373
fangdessy,"Ternyata level 7200 masih terlalu sakral bagi IHSG untuk dilewati 🥴🤧
1. Pidato Trump
2. Data HSC yang akan di rilis oleh BEI
Dua faktor yang menyebabkan pelemahan IHSG hari ini.",2026-04-02T09:30:18.000Z,https://www.threads.com/@fangdessy/post/DWn9LJPk4m6,IHSG,2026-05-05T16:55:04.670333
didiariani,"Warga threads..Knp hari ini IHSG terjun bebas merah merona membara, ada kejadian apa ya?kira2 hold ANTM posisi -7% atau biarin aja ya?mohon pencerahannya",2026-04-30T05:18:55.000Z,https://www.threads.com/@didiariani/post/DXvmqeHFCf_,IHSG,2026-05-05T16:55:04.770675
pandhuadjisurya,"Kalau IHSG Merah, second liner bisa jadi pilihan.
Sebagian besar yang bentuk double bottom udah di neckline, tunggu konfirmasi.
Kenapa? Karena akan banyak ditemukan pattern double bottom. Pattern yang kebentuk karena :
- Rally IHSG di area 8000-9000ish (+)
- Sentimen MSCI, FTSE akhir Januari (-)
- Recovery di Februari (+)
- Konflik US Iran di Maret (-)
- Recovery lagi di April (+)
Secara teknikal emang sebenernya mayoritas saham di IHSG sekarang dalam “trend / confirmed to bullish”.",2026-04-21T08:31:40.000Z,https://www.threads.com/@pandhuadjisurya/post/DXYxkWUEbbf,IHSG,2026-05-05T16:55:04.892543
aditia.permana_,akankah minggu depan IHSG akan golden cross ke area 7800-8000?,2026-04-11T17:46:46.000Z,https://www.threads.com/@aditia.permana_/post/DXABJPZDwrC,IHSG,2026-05-05T16:55:04.994480
hermantosardan,"Intinya ngga ada deal ya gaess, bsok pagi pegangan lagii
Sementara POV Iran, mereka menolak pola keserakahan US dan permintaan berlebihan dari US seperti kontrol bersama selat Hormuz dan pemusnahan program nuklir Iran
UPDATE ! No deal. No breakthrough. Wapres US JD Vance mengkonfirmasi perundingan 21 jam dengan Iran, berakhir tanpa kesepakatan apapun. Iran menolak ""Red Lines"" dari US dan tdk menerima term apapun dari US",2026-04-12T03:48:50.000Z,https://www.threads.com/@hermantosardan/post/DXBFXLbEQ8q,IHSG,2026-05-05T16:55:07.663179
agungpharm,"Malamnya Indeks S&P 500 turun, sektor IT dan perbankan di US ikutan turun dan selasa IHSG dapat efek merah dari market US di senin malam.
Besok pagi sektor komoditas rally lagi, sektor perbankan dan konglo koreksi, dan IHSG merah.",2026-04-12T04:14:21.000Z,https://www.threads.com/@agungpharm/post/DXBI95rAZQP,IHSG,2026-05-05T16:55:07.777103
hanif_zuu,"IHSG (indeks saham indo) hari ini anjlok parah karena MSCI (lembaga asing) menganggap pasar saham indo tidak kredibel, banyak manipulasi.
So lengkap sudah prestasi kita :
• IHSG anjlok
• Rupiah melemah sepanjang masa
• APBN defisit
• Utang meroket
• Bencana dimana2",2026-01-28T08:12:33.000Z,https://www.threads.com/@hanif_zuu/post/DUDBZwkgW9N,IHSG,2026-05-05T16:55:07.885543
dikkaantons,"Watchlist: ADRO ENRG EMTK SCMA RAJA RATU
Flow (jangka pendek) akan kembali ke beberapa emiten “war related”, sebelum kembali lagi ke konglo stocks yg bisa bikin IHSG kembali naik dan hit target di 7.500 - 7.800 dulu.",2026-04-12T17:48:59.000Z,https://www.threads.com/@dikkaantons/post/DXCmMdhAYBt,IHSG,2026-05-05T16:55:08.021320
baypiero_,"Banyak saham yang menarik tapi IHSG lagi tidak menarik, untuk aliran swing seperti saya saat kondisi market seperti sekarang hanya bisa bersabar menunggu momentum 🫠🤧😵‍💫",2026-04-28T16:09:06.000Z,https://www.threads.com/@baypiero_/post/DXrneyUFG1T,IHSG,2026-05-05T16:55:08.114424
tsaqibputra,Menurut abang IHSG akan merah sampai kapan?,2026-04-28T16:13:59.000Z,https://www.threads.com/@tsaqibputra/post/DXroCkfk1ed,IHSG,2026-05-05T16:55:08.205043
isodulll,"IHSG anjok sampai 7000an
Pada yakin bisa balik ATH gak?",2026-04-23T01:15:10.000Z,https://www.threads.com/@isodulll/post/DXdJNJ8D09y,IHSG,2026-05-05T16:55:08.299376
crisliung,IHSG udh berhasil breakout dari downtrend nya dengan volume besar. Saatnya masuk atau tunggu koreksi?,2026-04-14T09:50:19.000Z,https://www.threads.com/@crisliung/post/DXG5AU5kSco,IHSG,2026-05-05T16:55:08.402922
pandhuadjisurya,"Artinya, selama market belum rusak total, area bawah justru mulai mendekati zona average value.
Kalau mau lebih jujur, VWAP BIPI ada di sekitar ~211.
Jika asumsi bahwa IHSG sedang mencari bottom untuk menutup gap adalah benar, maka area sekarang menarik untuk diperhatikan.
Holder BIPI tentu paham, emiten ini cukup sering bergerak mengikuti arah index.
Opini pribadi. DYOR.",2026-04-26T22:17:20.000Z,https://www.threads.com/@pandhuadjisurya/post/DXnICFGEx33,IHSG,2026-05-05T16:55:08.538011
diki.mulijanto,"IHSG digendong Papi PP lagi 🚀
Selamat untuk holder Papi PP
Salam cuan 🤑",2026-04-13T05:19:08.000Z,https://www.threads.com/@diki.mulijanto/post/DXD1LOHkius,IHSG,2026-05-05T16:55:08.649956
muhbadruzaman,"Sabar ya tel
Telah terjadi pembegalan tragis kemarin.
Alhamdulillah gua bisa lolos karna tidak greedy.
dan sudah pasti ada yang menjadi Avatar The Legend of IHSG ""the last WMUU buyer"" 🥲",2026-04-17T23:43:17.000Z,https://www.threads.com/@muhbadruzaman/post/DXQGtzCkz_o,IHSG,2026-05-05T16:55:08.936773
diki.mulijanto,"Makin sore makin junam aja ini IHSG 😅
Top net foreign sell sesi 1 hari ini juaranya dipegang oleh 2 bank BUMN kesayangan kita semua BBRI & BMRI ✌️",2026-04-23T07:21:28.000Z,https://www.threads.com/@diki.mulijanto/post/DXdzH8yEuZl,IHSG,2026-05-05T16:55:09.056045
prengky09,analisis nya kak.... IHSG apakah besok akan junam lagi,2026-04-23T07:34:15.000Z,https://www.threads.com/@prengky09/post/DXd0lk8E1Cq,IHSG,2026-05-05T16:55:09.164741
indahade,"Yuklaah IHSG udahan donk dropnya 🙄 & td nambah bbca di 5825, dan skrg mulai naik 😌
Adro kuat euy 👏👏, habis cumdate drop dikit & lanjut naik sesi ke 2",2026-04-30T07:35:55.000Z,https://www.threads.com/@indahade/post/DXv2V4RlO9p,IHSG,2026-05-05T16:55:09.281475
priceaction.id,"IHSG kembali drop, tembus kebawah EMA 20.
Outflow hari ini lumayan gede.
gue pilih out juga & TP semua yang ada💰.",2026-04-23T03:38:37.000Z,https://www.threads.com/@priceaction.id/post/DXdZnzWD_m-,IHSG,2026-05-05T16:55:09.403766
widipardiyawan,"BEI resmi merombak kriteria indeks LQ45, IDX30, dan IDX80 per 21 April 2026, berlaku efektif hari bursa pertama Mei 2026. Ini respons langsung terhadap keputusan MSCI yang mempertahankan pembatasan terhadap saham Indonesia. Langkah BEI sangat cepat, hanya sehari setelah pengumuman MSCI.",2026-04-24T00:21:25.000Z,https://www.threads.com/@widipardiyawan/post/DXfn2Q2k8rN,IHSG,2026-05-05T16:55:09.499770
viviverlisya,"Anggaran MBG gak boleh di cut tetep yak 😋
Rupiah terlemah sepanjang sejarah, IHSG breakdown, APBN defisit",2026-04-24T03:28:00.000Z,https://www.threads.com/@viviverlisya/post/DXf9M1Rkpv5,IHSG,2026-05-05T16:55:09.625455
ekjlifestory,"Jgn terus jadi penonton. 🦅
Kalo besok merah, dua hari lg merah, siapkan posisi. Masuk cicil. Minggu depan dikasih hijau? Ya TEPE TEPE TEPE. 🍕🍺
BUSET!!! IHSG naik 3%? Nikmati! 🍺
Jgn lupa TEPE TEPE TEPE.",2026-04-08T05:56:01.000Z,https://www.threads.com/@ekjlifestory/post/DW3Ba7JGXvx,IHSG,2026-05-05T16:55:09.742551
diki.mulijanto,"Siang ini IHSG merah lagi dengan penurunan 0,51% ke harga 7.585, dikala bursa Asia lainnya banyak yg hijau,
Feelingmology sesi 2 bakal rebound krn sudah banyak yg TP dr kemarin
Semoga ya... 😂",2026-04-16T04:53:17.000Z,https://www.threads.com/@diki.mulijanto/post/DXLgme4ErC2,IHSG,2026-05-05T16:55:09.841824
anxietyyismee,"Ada dua kemungkinan yang kedua adalah terjun ke 6700 tempat terakhir turun Juni 2025 lalu naik signifikan sampai 9000, apakah akan ter-ulang?, Double Bottom bulanan Maret - April pada IHSG gagal breakout walaupun dalam ilmu double bottom setelah naik sedikit akan ada koreksi sehat sedikit juga setelah itu dan lanjut naik signifikan, tapi untuk IHSG kali ini tidak. Semoga membaik ya dengan adanya Double Bottom baru di 6900, DYOR koreksi jika salah.",2026-04-25T14:00:59.000Z,https://www.threads.com/@anxietyyismee/post/DXjqb6tCskS,IHSG,2026-05-05T16:55:09.934699
bewithayu,"- 22 Mei 2026 (FTSE Semi-Annual Review)
Penentuan perubahan komposisi saham Indonesia dalam indeks global untuk implementasi Juni.
- 12 Mei 2026 (MSCI Review)
Momentum paling dinanti karena keputusan MSCI sebelumnya sempat menekan IHSG.
- 7 April 2026 (FTSE Russell Review)
Penentuan klasifikasi Indonesia, apakah tetap di kategori Emerging Market atau berisiko turun ke Frontier Market.
*3 Tanggal Penting yang Perlu Kamu Perhatikan*",2026-04-01T14:22:55.000Z,https://www.threads.com/@bewithayu/post/DWl53edEskY,IHSG,2026-05-05T16:55:10.061823
jurnaltrader.id,"Coba terjemahkan dengan bahasa teknikal kerenmu... ☺
Ini chart IHSG pagi ini.
Katanya sebuah gambar lebih berarti dari sejuta kata.",2026-04-23T03:43:17.000Z,https://www.threads.com/@jurnaltrader.id/post/DXdaJ7HEqjn,IHSG,2026-05-05T16:55:10.173777
bayuwij_,The best decision I ever made: mindahin aset dari IDX ke saham US. Kalau IHSG lagi turun terus ada yang tanya porto aman? Gue senyum aja 🤭,2026-04-24T10:22:40.000Z,https://www.threads.com/@bayuwij_/post/DXgsp__Gu9p,IHSG,2026-05-05T16:55:13.279641
thepitchbull,"💡Ada 2 faktor yg lo perlu tau…
IHSG masih bisa tutup ijo hari ini padahal ada bad news gagalnya deal AS-Iran.",2026-04-13T11:10:25.000Z,https://www.threads.com/@thepitchbull/post/DXEdYFbGiaK,IHSG,2026-05-05T16:55:13.390869
imamyogaaa,"UPDATE: 📈 FTSE Index belum ada update. Mau ihsg di emerging / freeze tetap optimis, bukti kita masih bisa cuan dari modul screener ultimate & analisis teknikal.",2026-04-07T00:24:27.000Z,https://www.threads.com/@imamyogaaa/post/DWz2rspk6fv,IHSG,2026-05-05T16:55:13.488934
susanasrihandayani,"Happy week end
Liburan dulu kita
Di tutup dengan penahan IHSG hr ini nggak sampe roboh dalam
BUMI
ADRO
AADI
ITMG
PGAS
INCO
MINA
ANTM
ARCI
Untung pemegang2 saham2 ini bukan yang panikan cutloss .
susanasrihandayani",2026-04-30T10:01:27.000Z,https://www.threads.com/@susanasrihandayani/post/DXwG_2SCZaL,IHSG,2026-05-05T16:55:13.592928
viviverlisya,"Whats next?
setelah beberapa hari stagnan, IHSG breakdown 7500.",2026-04-23T03:12:32.000Z,https://www.threads.com/@viviverlisya/post/DXdWorfEgC4,IHSG,2026-05-05T16:55:13.713521
jonathanewaldo,Menunggu investor or ahli saham baru yang akan muncul ketika ihsg lagi ijo gini💆🏻‍♂️,2026-04-15T02:08:44.000Z,https://www.threads.com/@jonathanewaldo/post/DXIo-YEkrDe,IHSG,2026-05-05T16:55:13.801841
theferdians,"(bukan rekomendasi jual beli ya)
BREN : 6000
BRPT : 2700
CDIA : 1450
CUAN : 1500
PTRO : 7000
TPIA : 6000
BREN badan segede gitu naik 12.5% tp IHSG naik ""cuma"" 0.25%, berarti lagi ada yang nyungsep banget ini 🙄
BREN CUAN otw euy.",2026-04-09T08:44:49.000Z,https://www.threads.com/@theferdians/post/DW55iIYlNIl,IHSG,2026-05-05T16:55:13.976578
theferdians,"(bukan rekomendasi jual beli ya)
BREN : 6000
BRPT : 2700
CDIA : 1450
CUAN : 1500
PTRO : 7000
TPIA : 6000",2026-04-07T03:32:35.000Z,https://www.threads.com/@theferdians/post/DW0MNm3Ehrh,IHSG,2026-05-05T16:55:14.087136
pandhuadjisurya,"DYOR.
Tinggal tunggu demand benar-benar muncul. Let’s fuckin go!
Satu hal, jangan sampai close dibawah 6934. Itu saja, selebihnya secara teori kita boleh optimis.
Close dekat zona sekarang juga bagus secara struktur, masuk demand zone.
Kalau mau patuh dan percaya teknikal, jika IHSG hari ini sentuh 6934 akan bentuk double bottom. Ini layak dipantau hari ini.",2026-04-30T03:25:53.000Z,https://www.threads.com/@pandhuadjisurya/post/DXvZuoEkURJ,IHSG,2026-05-05T16:55:14.200939
galuhyudha,"untuk sementara, saham-saham bank layak untuk dihindari. makanya gua udah gak tertarik lagi bagi dividend dari beberapa saham bank. kemarin IHSG anjlok cukup parah dipengaruhi oleh saham-saham konglo dan big banks yang mayoritas merah 🙈",2026-04-25T00:22:06.000Z,https://www.threads.com/@galuhyudha/post/DXiMuK2k4fn,IHSG,2026-05-05T16:55:14.283541
di_alur_rasa,"Siapa yang simpan uang di bibit?
Ngerasa ga, performa reksadana pasar uang lagi ga bagus? Padahal ihsg mau nyentuh 9000.
Modal lumayan banyak masa returnnya cuma 100ribuan.
Apa yang salah ya? Bantu insight dong suhu.",2026-01-09T14:46:32.000Z,https://www.threads.com/@di_alur_rasa/post/DTSzYs5khmG,IHSG,2026-05-05T16:55:14.560718
jagosahamindonesia,"Di tengah rupiah yang nyaris Rp17.200 dan sentimen global yang masih abu-abu asing milih keluar dari big cap, tapi masuk ke komoditas & packaging.
Ini rotasi defensif.
Tapi ada yang diam-diam diborong asing:
🟢 CUAN +76M saham
🟢 PACK +76M saham
🟢 BRMS +42M saham
Asing paling agresif jual:
🔴 BUMI -246M saham
🔴 BNBR -161M saham
🔴 GOTO -91M saham
🔴 BBCA -22M saham
🔴 BBRI -22M saham
Artinya?
Lokal yang nahan indeks biar nggak ambles.
Asing jual Rp453 miliar di sesi 1 hari ini. IHSG tetap +0,20%.
jagosahamindonesia",2026-04-17T06:55:32.000Z,https://www.threads.com/@jagosahamindonesia/post/DXOTYwkifPj,IHSG,2026-05-05T16:55:14.684781
fitpost.id,"Pergerakan IHSG kembali menunjukkan tekanan kuat setelah gagal bertahan di level psikologis 7.000. Sempat dibuka menguat di 7.103, indeks langsung berbalik arah dan turun hingga ke area 6.990, menandakan tekanan jual yang cukup dominan di pasar. Aktivitas transaksi memang tinggi dengan nilai mencapai Rp1,53 triliun, namun mayoritas didorong oleh aksi jual, terutama dari investor asing yang masih mencatatkan net sell.
Masih Aman atau Siap Lanjut Turun?",2026-04-30T05:01:54.000Z,https://www.threads.com/@fitpost.id/post/DXvkt1JiYpa,IHSG,2026-05-05T16:55:14.770939
widipardiyawan,"Konteks lebih luas kenapa IHSG terus tertekan. Fitch sudah turunkan outlook sovereign Indonesia ke negatif sejak Maret 2026 karena ketidakpastian kebijakan dan kekhawatiran fiskal. Moody's bahkan lebih dulu melakukan hal serupa di Februari 2026. Sekarang Fitch lanjut turunkan outlook empat bank besar. Kalau sovereign rating benar-benar di-downgrade, keempat bank otomatis ikut turun.",2026-04-24T09:52:20.000Z,https://www.threads.com/@widipardiyawan/post/DXgpL1QlADZ,IHSG,2026-05-05T16:55:14.865359
mr.gincall,"List saham bukan investing tapi swing atau day trade saja. IHSG masi kurang oke untuk swing mid term
List Saham minggu depan
- ICON
- KAQI
- PSKT
- ASHA
- COAL",2026-05-01T03:52:44.000Z,https://www.threads.com/@mr.gincall/post/DXyBmGVEc9m,IHSG,2026-05-05T16:55:14.955402
buildportosaham,"Kasih hiburan meme ihsg hari ini dong, biar kita ga gila sendirian..",2026-01-28T05:29:36.000Z,https://www.threads.com/@buildportosaham/post/DUCuwQNEWMB,IHSG,2026-05-05T16:55:15.038206
zhuanmologi,"#KIJA
Sudah membentuk 'dasar' setelah sideway kurang lebih 1bulan (dari bulan Maret). Berpotensi untuk rally, dengan target resistance terdekat di MA100&MA200
Buy 181
Stoploss 167
Take Profit @210
#IHSG
#saham
#tradingidea",2026-04-10T04:49:01.000Z,https://www.threads.com/@zhuanmologi/post/DW8DWDCgZ-c,IHSG,2026-05-05T16:55:15.133780
nabung.dividen,"Pertama, potensi pertumbuhannya menurut saya terbatas sesuai pertumbuhan ekonomi. Sebetulnya justru itu keunggulan perbankan, yaitu growthnya jelas dan dpt diukur. Yg suka emiten yang aman dan jelas akan suka sektor ini.
Sekalian bahas kenapa saya ga pegang perbankan krn banyak yg nanya.
Kinerja portofolio per hari ini +73,71%, sedikit lagi akan balik ke all time high di 76,39%. Kalau IHSG kembali ke all time high, mungkin portofolio ini bisa bagger? 😆",2026-04-22T13:37:01.000Z,https://www.threads.com/@nabung.dividen/post/DXb5TwgAagk,IHSG,2026-05-05T16:55:15.249063
andriandavinta_,"Jadi apa sih Volume Profile?
Baca sampai habis biar kamu ngerti dan ga ketinggalan rally seperti BNBR lagi ⬇️
Jawabannya ada di Volume Profile dan ini salah satu tool paling powerful yang jarang dipakai investor ritel IHSG 😄.
BNBR sempat sideways lama di range 100-120, terus tiba-tiba tembus dan langsung naik ke 200 dalam beberapa hari.",2026-04-20T01:00:29.000Z,https://www.threads.com/@andriandavinta_/post/DXVZI8HjWW_,IHSG,2026-05-05T16:55:18.256935
indonesia_info__,"Sementara itu,
BGN beli 25.000 sepeda listrik senilai 49 juta per motor, atau total 1,22 T
- Rupiah melemah di 17.063 per 1 USD
- IHSG anjlok di 6.971
- Tabungan pemerintah di BI tersisa 120T
Update negara kecintaan kita hari ini:
indonesia_info__",2026-04-07T18:06:21.000Z,https://www.threads.com/@indonesia_info__/post/DW1wNMrgTI9,IHSG,2026-05-05T16:55:18.373188
jurnaltrader.id,"Titik krusial IHSG hari ini di 7,575.",2026-04-20T08:28:03.000Z,https://www.threads.com/@jurnaltrader.id/post/DXWMXEXEneD,IHSG,2026-05-05T16:55:18.477679
leeyo.nk,"List Penyebab IHSG koreksi
1. MSCI Index
2. Moodys Rating
2. Perang AS-Iran
3. Rupiah melemah
4. Next...?",2026-04-23T08:01:23.000Z,https://www.threads.com/@leeyo.nk/post/DXd3sXZEdqU,IHSG,2026-05-05T16:55:18.578813
gunawandy,"Selat Hormuz Dibuka Penuh Selama Gencatan Senjata, Apa Efeknya Untuk IHSG Senin? 😏",2026-04-17T13:44:54.000Z,https://www.threads.com/@gunawandy/post/DXPCPAPlNkV,IHSG,2026-05-05T16:55:18.688650
widipardiyawan,"Saham yang berpotensi terdepak dari LQ45 karena aturan baru. BREN, free float 12,30%, market cap Rp722 triliun, return YTD minus 44%. DSSA, free float 20,46%, market cap Rp483 triliun, return YTD minus 36%. PGEO, free float 11,08%. ADMR, free float 11,55%. SCMA, free float paling kecil di 5,64%, paling rentan terdepak.",2026-04-24T00:23:10.000Z,https://www.threads.com/@widipardiyawan/post/DXfoDEzE1LR,IHSG,2026-05-05T16:55:18.783899
danangdm_,senin besok menurut kalian IHSG akan ke arah mana ?,2026-04-26T07:37:29.000Z,https://www.threads.com/@danangdm_/post/DXljV5jD6q4,IHSG,2026-05-05T16:55:18.883059
tania.yunitaa,"IHSG bakal ke 6.800 an dan mungkin bakal mulai rebound di bulan mei
Semoga saya salah😭",2026-03-12T10:27:06.000Z,https://www.threads.com/@tania.yunitaa/post/DVx--zZkwRK,IHSG,2026-05-05T16:55:19.087737
riyoirfans,"Beberapa sudah ada yg hampir menuju peak, tp msh ada upside naik lagi, sebelum koreksi lagi buat konsol.
Jujur, kalau market gini, merem aja beli yang tahun lalu hype juga bakal untung. Cm yg haka pucuk, ya jangan ngarep ara gitu aja.
IHSG msh konsol menuju ath lagi, setelah target 7600 tembus, next resist ada di 7900-8000, habis itu koreksi lagi, baru full rally ke ath.",2026-04-14T09:46:48.000Z,https://www.threads.com/@riyoirfans/post/DXG4mlykyAo,IHSG,2026-05-05T16:55:19.254505
widipardiyawan,"IHSG Jumat 24 April 2026 anjlok 3,30% ke level 7.134. Dari total saham yang diperdagangkan, 625 saham melemah, hanya 94 yang menguat, dan 95 stagnan. Seluruh sektor saham memerah tanpa terkecuali. Saham-saham big caps berguguran, AMMN turun 6,6%, BBCA turun 5,8%, BREN turun 4,3%, TLKM turun 3,5%. Tiga sektor jadi beban terbesar yaitu energi, finansial, dan basic material.",2026-04-24T09:50:31.000Z,https://www.threads.com/@widipardiyawan/post/DXgo-iKlHHc,IHSG,2026-05-05T16:55:19.365192
uptrendtrading_,"Secara teknikal, IHSG sekarang mengarah ke area 6965–7000 & 6855–6910 untuk retest sekaligus validasi bullish divergence sebelumnya. Kalau area ini nggak kuat, potensi lanjut turun ke 6590–6675 (lower trendline falling wedge).
2 hari terakhir, IHSG turun dengan bearish marubozu, bahkan 2 demand area langsung ditembus. Buat trader baru, ini biasanya momen paling bikin bingung: cutloss atau tahan?
IHSG lagi merah tajam—dan banyak yang panik jual di bawah. Kamu juga?",2026-04-27T06:08:49.000Z,https://www.threads.com/@uptrendtrading_/post/DXn9_YYEe1G,IHSG,2026-05-05T16:55:22.245020
happytrader.co,"Buru meninggoy aja deh botuna sialan pfft
Baru kali ini ada satu orang sakit,
Satu dunia seneng wkwk",2026-04-05T14:31:20.000Z,https://www.threads.com/@happytrader.co/post/DWwOAsJlED_,IHSG,2026-05-05T16:55:22.372116
sobatporto,"Minyak juga masih stabil di <$110/brl. Dimana ruang utk ihsg rebound masih sempit. Kalau IHSG <$80 dan Indonesia bertahan di emerging market, sudah dipastikan IHSG akan reversal
Hari ini Trump ngancem Iran kalau tidak membuka selat Hormuz sampai jam 12 malam waktu setempat maka akan meratakan infrastruktur penting Iran. Perang terlihat masih ekskalasi belum terlihat tanda2 selesai.
IHSG disuapin banyak bad news, namun bertahan cukup kuat dengan hanya koreksi 0.53%.
Market Update 7 April 2026",2026-04-07T01:19:26.000Z,https://www.threads.com/@sobatporto/post/DWz8-UREweU,IHSG,2026-05-05T16:55:22.498038
neliminja,"Yuk rebound yuk 🥹
Gap udah tertutup, tp buangan msh deres.
Losdol IHSG ga ada yg nahan.. Big banks merah, Konglo pun sama 🤦‍♀️",2026-04-30T03:48:30.000Z,https://www.threads.com/@neliminja/post/DXvcUTAGaBW,IHSG,2026-05-05T16:55:22.605831
usamah_27,"setelah sekian lama akhirnya ihsg kembali menghijau dan sampe 3%an, katanya gara” gencatan senjata as-iran, dan itu berdampak positif bagi saham kita, nah skrg gua bingung apakah ihsg udah mulai turnaround atau ini cuma sementara aja?, dan saham gua itu blom kejemput setelah kenaikan hari ini, so better gua cutloss aja atau hold dulu aja ya?🥲🙏",2026-04-08T06:43:45.000Z,https://www.threads.com/@usamah_27/post/DW3G4ncE5B0,IHSG,2026-05-05T16:55:22.703959
lianmaulian,"IHSG:
1. Setelah mengenai target double bottomnya, belum mampu untuk keluar dari downtrend price channelnya
2. Mode waspada, kita lihat besok lebih ke arah bearish reversal atau sideways",2026-04-16T09:05:40.000Z,https://www.threads.com/@lianmaulian/post/DXL9e9UlMo6,IHSG,2026-05-05T16:55:22.804103
papaganbaa,"mari berdiskusi, setelah news Iran dan US yg gagal sepakat pada pertemuanya, kemana arah IHSG? jika dilihat dari teknikalnya, saat IHSG rebound kemarin membuat dua gap di sekitar 7000-7100 dan gap kecil 7300-7350, akan kh minggu depan akan menguji level suport disekitar 6900 atau hanya akan menutup gap saja?",2026-04-12T05:01:07.000Z,https://www.threads.com/@papaganbaa/post/DXBOUXuEjCW,IHSG,2026-05-05T16:55:22.901121
susanasrihandayani,"Nafas pelan
Tarik dalam dalam
Henbus kan dikit dikit
Mandi keramas
Beli es cendol
Bayangkan RDN, dan porto kita hanya sebatas angka😃
Semarang kaline banjir
IHSG dino iki ojok di pikir😃
susanasrihandayani",2026-04-30T06:53:04.000Z,https://www.threads.com/@susanasrihandayani/post/DXvxcC3ifhp,IHSG,2026-05-05T16:55:23.003325
lianmaulian,"IHSG setelah menutup gap terakhir lalu sideways, ada kabar apa kira-kira yg ditunggu?",2026-04-22T08:54:02.000Z,https://www.threads.com/@lianmaulian/post/DXbY7GrFBi8,IHSG,2026-05-05T16:55:23.095134
jurnaltrader.id,"Yg penting kan semua sama intinya. Bahwa bursa saham kita sedang tidak baik2 saja. Jadi tetap waspada dan hati - hati. Masa depan, kita tidak mengerti. Yg penting selalu minum tolak angin.
Mau all in krn sudah bottoming, silahkan.
Mau skeptis krn dollar naik banyak juga bebas.
Hari ini ditutup merah merona di 6,956.
Sudah masuk area support 6,954.
IHSG closing market hari ini.
Akhir bulan, tanggal 30 April 2026.",2026-04-30T09:41:14.000Z,https://www.threads.com/@jurnaltrader.id/post/DXwErzbE5AY,IHSG,2026-05-05T16:55:23.310807
sulistiana.kakadede,"Mirip kayak tetanggaku mau jual tanah, ditawar 2m gak mau, maunya 2,5m.
Pdhl belinya 400jt an.
Lalu akhirnya dia mau 2m, tp orang nya udah gak mau.
Ada yg nawar 1,5m. Dia g mau. Akhirnya
Mundur2
Dr situ belajar, jika sudah untung. Cukupkan, dan tarik ajah.
Krn market gak tahu tiba2 anjlok.
Dapat cerita dari temanku, dia terjun ke pasar saham.
Dr modal 200jt.
Ada 1 emiten, yang dia itu profit gain 100jt
Tp tdk dia jual. Dia nunggu multi bagger. Naik lagi.
Tp malah ihsg anjlok kemarin ilang.
sulistiana.kakadede",2025-11-09T00:25:17.000Z,https://www.threads.com/@sulistiana.kakadede/post/DQ0MVWvElIg,IHSG,2026-05-05T16:55:26.146367
itsrimaas,"WnS Akankah mampu melawan IHSG yg lg merah? Ini hanya coba-coba scalping, please jangan dibully ""duit imut gitu aja sok-sok.an beli saham"" 🙏🏻 Soalnya siapa tahu dari imut gini tiap hari bisa buat beli kopi supaya ga ngantuk dikantor😁",2026-04-21T06:17:31.000Z,https://www.threads.com/@itsrimaas/post/DXYiN04lFcA,IHSG,2026-05-05T16:55:26.279630
gugusharin,"Ada analis yg bilang kalau pertengahan bulan Mei bahkan IHSG bisa menyentuh 6.500, kalau saya lumayan percaya ya. Kalian gmna?",2026-04-24T08:04:38.000Z,https://www.threads.com/@gugusharin/post/DXgc2_MAb_c,IHSG,2026-05-05T16:55:26.495965
jagosahamindonesia,"Ini bukan sekadar berita, ini soal trust global.
MSCI masih “nahan” Indonesia di review Mei 2026… tapi BEI bilang ada progres 👀
IHSG pernah jatuh 7% dalam sehari gara-gara satu isu.
Sekarang, ceritanya belum selesai.
jagosahamindonesia",2026-04-21T04:55:18.000Z,https://www.threads.com/@jagosahamindonesia/post/DXYYzqViQ8t,IHSG,2026-05-05T16:55:26.665218
happytrader.co,"Disclaimer on
MSCI seperti make it sure untuk tidak ""dikadalin"" lagi,
MSCI: Dont play me again or ill destroy IHSG.
Ada sebuah indikasi/sinyal positif dengan adanya ""penundaan"", yang saya artikan seperti tambahan waktu untuk Indonesia berbenah.
BEI & OJK fight habis habisan untuk benerin case ini,
Untuk tetep bisa keep up.
In my opinion terkait berita MSCI yang barusan keluar,",2026-04-21T00:56:11.000Z,https://www.threads.com/@happytrader.co/post/DXX9cRgkzlm,IHSG,2026-05-05T16:55:26.855617
rellparkerr,"$MINA akan ekspansi cold storage baru di bitung. kapasitas tambah 5.000 ton
ARA KAN NDAR🚀
pantes ihsg junam dia kuat ya HAHAAHA
tinggal ngopi aja tunggu ke 600
liat broksum ES top buyer gengs",2026-04-30T13:15:51.000Z,https://www.threads.com/@rellparkerr/post/DXwdPnNkjGP,IHSG,2026-05-05T16:55:26.988340
heyblueees,"IHSG hari ini ijo tipis, alhamdulillah saham gorengan kejual semua",2026-04-10T02:43:14.000Z,https://www.threads.com/@heyblueees/post/DW708tdEQpw,IHSG,2026-05-05T16:55:27.091528
happytrader.co,"Sebenernya hari ini sudah keliatan...
YTTA 😜
Besok ada review FTSE...
Klo review nya positif, IHSG meroket 🚀
Klo review nya negatif, IHSG ancur 🤯",2026-04-06T05:36:57.000Z,https://www.threads.com/@happytrader.co/post/DWx1ph_FH4Z,IHSG,2026-05-05T16:55:27.236885
anggarasadana,Enak bgt beli saham AS. iHSG merah saham AS ga ikut merah. IHSG ijo saham AS malah makin ijo. Mana ijonya kenceng2 pula,2026-04-16T15:11:24.000Z,https://www.threads.com/@anggarasadana/post/DXMnVxUEoBO,IHSG,2026-05-05T16:55:27.341704
hayyy2316,"Baruuu belajar bibit dengan saldo yg segitu duluuu, eh malah merah🥹 keknya dampak IHSG lagiii turun …",2025-10-15T03:23:22.000Z,https://www.threads.com/@hayyy2316/post/DP0I1zRkSkq,IHSG,2026-05-05T16:55:30.231938
priceaction.id,"Screening saham pake stockbit, nemu yang menarik.
MINA
Bertahan beberapa hari diatas ma 20 saat IHSG drop.
MACD juga positif, tapi buying pressure belum kuat.
Still good selama dia bertahan diatas ma 20.
Drop kebawah = cabut.",2026-05-01T00:22:47.000Z,https://www.threads.com/@priceaction.id/post/DXxpkcyDzEp,IHSG,2026-05-05T16:55:30.346094
putrynoviana,"Setelah istirahat jam makan siang, bagaimana prediksi IHSG?",2026-04-27T05:24:24.000Z,https://www.threads.com/@putrynoviana/post/DXn46A5k2E7,IHSG,2026-05-05T16:55:30.446209
diki.mulijanto,"IHSG hari ini diprediksi akan hijau karena ada berita terbaru tentang MSCI dan dari geopolitik timur tengah yang sudah tidak terlalu berpengaruh ke bursa Asia, bisa dilihat bursa Asia lainnya banyak yang hijau.
Biarpun pagi ini IHSG dibuka merah tapi lebih karena imbas BBRI yang ex date hari ini turun 5%
Ditambah kemarin juga asing sudah mencatatkan net buy sebesar 124 M
Semoga ya... ✌️",2026-04-21T02:19:28.000Z,https://www.threads.com/@diki.mulijanto/post/DXYG-VwkgUs,IHSG,2026-05-05T16:55:30.545028
halo_ijah,"dan mumpung ihsg mulai reborn, semangat belajarnya biar portofolio juga ikut bertumbuh
sekarang setelah banyak evaluasi dan belajar, money managementnya dipake, dan mengutamakan analisa dulu sebelum entry saham, sekarang bisa konsisten take profit. ya karena ihsg juga mendukung📈
sebagai ritel, aku udah pernah difase ambisius dan serakah yang mengakibatkan jadi banyak cutloss.",2026-04-10T04:49:34.000Z,https://www.threads.com/@halo_ijah/post/DW8DZ_xj4r5,IHSG,2026-05-05T16:55:30.652807
theferdians,"Ya 5000 pun belum tentu kejadian, ujung-ujungnya market kok yang bener, chill aja ya gaes 😆
Inget ga after market open setelah lebaran, pada euforia IHSG +2.75%?
Abis itu, kumulatif hampir -5% sampai kemarin.
kocak amat sih pada marah-marah sampai berkata kasar dibilangin IHSG ((BISA)) ke 5000 🤣",2026-04-08T15:19:42.000Z,https://www.threads.com/@theferdians/post/DW4B7jjFAV-,IHSG,2026-05-05T16:55:30.769925
panji.malik,yg aku sesali ketika ihsg terjun yaitu amunisi habis 🙃,2026-03-30T02:47:19.000Z,https://www.threads.com/@panji.malik/post/DWfgrCrkpi5,IHSG,2026-05-05T16:55:30.860541
abideenzz,IHSG bakal membentuk double bottom disaat 6900-7000 itulah saatnya masuk secara agresif.,2026-04-24T10:31:07.000Z,https://www.threads.com/@abideenzz/post/DXgtn5_EV8b,IHSG,2026-05-05T16:55:30.959037
papaganbaa,"hari ini saya pasang SL di NCKL dan TRON mengingat sptnya masih ada koreksi lanjutan dr IHSG, ingat invest di saham itu yg pertama batasi resiko sebelum bicara keuntunganya, GZCO karena sudah profit 20% saya pasang TS10%. kemarin sore tidak ada yg menarik buat BSJP semoga hari ini ada ya😊",2026-04-20T23:15:02.000Z,https://www.threads.com/@papaganbaa/post/DXXx3g-khI8,IHSG,2026-05-05T16:55:31.056837
imeiiii_,"dalam 1 bulan IHSG -15.38%
Kalau begitu terus, seharusnya Indonesia udah di zona merah,
Rekor dunia gak sih ini?",2026-03-16T02:10:20.000Z,https://www.threads.com/@imeiiii_/post/DV7ZT6aD5AR,IHSG,2026-05-05T16:55:31.169159
happytrader.co,"Sucor Sekuritas says: ""IHSG 14.000 🚀""
Botuna botuna,
semoga segera bertemua sang pencipta...
Tenang di neraka 🥲
Jujur niii, udah berasa liat postingan cewek galau bjir..
Ngancem ngancem di sosmed 😅
Setelah ngancem 48 jam....
sekarang sisa 24 jam kah ?",2026-04-04T23:54:41.000Z,https://www.threads.com/@happytrader.co/post/DWupr7BE1Si,IHSG,2026-05-05T16:55:31.393504
diki.mulijanto,"Harga minyak dunia pagi ini terpantau masih sama seperti kemarin di kisaran $96-97 / barrel
Tapi liat bursa Asia pembukaan pagi ini merah semua 🔥
Ditambah berita2 selat Hormuz mau ditutup Iran lagi gara2 Israel nyerang Lebanon dan Teheran
kayaknya hari ini IHSG bakal junam lagi,
Semoga ga dalem aja sih cuma koreksi sehat krn kmrn sempet naek 4%",2026-04-09T01:58:35.000Z,https://www.threads.com/@diki.mulijanto/post/DW5LC5Nkk9-,IHSG,2026-05-05T16:55:31.490086
booktopia_id,"Yuk bisa yuk bulan ini kejemput semua 😂
Saham US perlahan udah mulai hijau, IHSG masih kebakaran 🔥",2026-04-23T03:15:18.000Z,https://www.threads.com/@booktopia_id/post/DXdW89OAcoo,IHSG,2026-05-05T16:55:31.584179
lianmaulian,IHSG 24 April 2026 menuju support berikutnya menutup gap,2026-04-24T08:56:51.000Z,https://www.threads.com/@lianmaulian/post/DXgi1d-FIKp,IHSG,2026-05-05T16:55:31.674154
happytrader.co,"Kang fear STFU jangan brisik & nakutin ritel 😜
Ingeet tel,
Kalau besok IHSG ijo pekat lagi artinya IHSG sudah REVERSAL,
Sudah botttttoooommm, Bikini bottom tom tom",2026-04-08T13:47:36.000Z,https://www.threads.com/@happytrader.co/post/DW33Y7EFBJd,IHSG,2026-05-05T16:55:31.789177
bumimataharisenja,"Ternyata benar, there’s no such thing as a free lunch. Reli IHSG ke 9.000 itu cuma mimpi, nilai wajarnya ya tetap di 6.000. Selama anggaran negara habis buat bagi-bagi makan gratis (MBG) dan duo Prabowo-Purbaya belum sadar buat cutloss kebijakan yang bikin sesak napas fiskal, jangan harap bursa kita sehat. Kita cuma sedang menunggu waktu buat terjun bebas.
bumimataharisenja",2026-03-09T03:55:59.000Z,https://www.threads.com/@bumimataharisenja/post/DVpj1l3iaK1,IHSG,2026-05-05T16:55:31.898154
titis_putri,"Ko bisa ya reksadana saham ttp +? Pdhl ihsg lg jeblok, apakah sebagus itu manajer investasi?",2026-02-02T13:36:19.000Z,https://www.threads.com/@titis_putri/post/DUQebf5k7fd,IHSG,2026-05-05T16:55:32.001291
fangdessy,"Happy Good Friday everyone! 😃🥰
View hari senin, yes kemungkinan besar IHSG akan terkontraksi, saham2 lain juga akan ikut koreksi, namun juga akan jd opportunity utk saham2 yg masih masuk kriteria MSCI dan yg memiliki fundamental yg baik. Jadi IHSG drop dulu di sesi 1, sesi 2 kita liat apakah ada inflow untuk saham2 tertentu di sesi 2? Hehe
Mau reminder, kurang lebih ada 700-800 emiten di BEI, dan itu semua bukan punya group PP dan DSSA aja isinya.",2026-04-03T06:51:32.000Z,https://www.threads.com/@fangdessy/post/DWqPzMcE4Fn,IHSG,2026-05-05T16:55:32.116104
nekerway,"Yang jadi pertanyaan. Ada apakah ini ?
Apakah Indonesia bener2 mau dibuang ke frontier market ?
Outflow asing sudah lebih dalem lagi dari outflow pas crash Covid dulu.",2026-04-23T06:58:53.000Z,https://www.threads.com/@nekerway/post/DXdwigtgcSg,IHSG,2026-05-05T16:55:34.960585
alphavestor.id,"ADA BEBERAPA EMITEN DI IHSG YANG BAKAL LANGSUNG KENA SENTIMEN POSITIFNYA.
SPILL DI AKHIR 👇
AKHIRNYA PEMERINTAH TURUNKAN BEA MASUK LPG DARI 5% KE 0%.",2026-04-29T13:14:47.000Z,https://www.threads.com/@alphavestor.id/post/DXt4VAhD_Tu,IHSG,2026-05-05T16:55:35.059865
etarina1701,"Kondisi IHSG hari ini kyaknya bikin aku makin yakin, klo saham Indonesia gak bisa buat investasi disimpan lebih dari 1- 2thn. Paling cocok buat swing trading, atau scalping. Kalau mau invest sistem nabung, mending invest ke saham US. Bener gak para expert saham?
Stress bgt pengen bisa sukses di saham, gmn sih cara dpt info saham mau big IPO? Soalnya saham2 IPO ini kebanyakan aku masuk telat pas sdh pada terbang. 🥺",2026-04-24T05:12:32.000Z,https://www.threads.com/@etarina1701/post/DXgJKhEEfDF,IHSG,2026-05-05T16:55:35.161332
nabhi.marhaen,"Udah gak paham lagi....
Sementara itu,
BGN beli 25.000 sepeda listrik senilai 49 juta per motor, atau 1,22 T in total.
- kurs rupiah: 17.070 per dollar
- IHSG minus 24% selama Q1
- harga barang udah mulai pada naik
- investor pada cabut
- Tabungan pemerintah di BI tersisa 120T",2026-04-07T15:34:10.000Z,https://www.threads.com/@nabhi.marhaen/post/DW1eypNEd8u,IHSG,2026-05-05T16:55:35.281085
theferdians,"Coba tolong ya besok-besok jangan sebenci itu sama saham konglo.
Di saat saham andalan kalian merah darah gini, saham-saham konglo lah yang ngegendong IHSG.
Chill aja, semua ada waktu dan gilirannya 🙃",2026-04-09T08:49:10.000Z,https://www.threads.com/@theferdians/post/DW56CEaFBfm,IHSG,2026-05-05T16:55:35.379476
jonathanewaldo,6000 dl ga sih?,2026-04-15T03:32:40.000Z,https://www.threads.com/@jonathanewaldo/post/DXIylPJEnTO,IHSG,2026-05-05T16:55:35.558264
irapuspita_n,"Dengan kesadaran penuh aku ijin ke paksu pengen belajar dan mengelola uang bulanan yang dia kasih , nah sebagian aku pake jual beli di pasar jawabanya
👨🏻 : boleh sayang itu kan udah jadi uang kamu mau di pake buat apa juga boleh ajah asalkan kamu seneng ga jadi beban ke kamu nya
👩🏻 : Allahumabarik meskipun di siksa sama ihsg mencoba bertahan dengan ilmu yang di ajarin papi dan kelas kelas yang aku ikutin Alhamdulillah bangga bgt aku gais 🙏🏻✨",2026-04-26T04:05:54.000Z,https://www.threads.com/@irapuspita_n/post/DXlLIQskkBB,IHSG,2026-05-05T16:55:35.662133
cakinvestmentclub,"#dewa #ipo #sahamindonesia #ihsg #CAKinvestmentclub
Menurut lo, ini peluang atau masih terlalu early?
Tapi tetap, timeline & eksekusi jadi kunci 👀
Kalau berhasil, ini bisa ubah positioning DEWA dari sekadar kontraktor jadi pemain resource yang lebih besar.
DEWA makin agresif ekspansi 🔥
IPO GMR jadi langkah penting buat unlock value dari aset mineral mereka.
cakinvestmentclub",2026-04-14T08:59:46.000Z,https://www.threads.com/@cakinvestmentclub/post/DXGzOFqE9RD,IHSG,2026-05-05T16:55:35.800269
aji_setiawan9224,"Alhamdulillah sudah terjun di saham saat ATH IHSG di 9000 & mengalami beberapa kali koreksi besar, shg mendapat banyak pelajaran & pengalaman.
Mulai cara entry itu bertahap, jangan all-in di satu harga, sabar masuk, sabar keluar, belajar compounding, belajar enggak greedy, hingga belajar trading plan.
Semoga di minggu terakhir April bisa nambah2 yg bisa di TP.
aji_setiawan9224",2026-04-25T10:26:59.000Z,https://www.threads.com/@aji_setiawan9224/post/DXjR8b_Enpq,IHSG,2026-05-05T16:55:35.900801
handierawan,"Kalau IHSG bertahan di range 6900-7000 hingga mei, maka ini adalah last dance IHSG ke 9800-10.000",2026-04-08T13:12:30.000Z,https://www.threads.com/@handierawan/post/DW3zX3fE44b,IHSG,2026-05-05T16:55:38.887548
aldieysh,"#fyp #saham #tradingsaham #ihsg #bursasaham
Hayo siapa yang BSJP ini wkwk gw pilih APLN",2026-04-29T12:37:22.000Z,https://www.threads.com/@aldieysh/post/DXt0Cu0koY7,IHSG,2026-05-05T16:55:38.981803
bismibf,saya dengan sadar tetap memutuskan membeli 2 lot saham BBCA ditengah minusnya IHSG :(,2026-04-10T03:58:19.000Z,https://www.threads.com/@bismibf/post/DW79iqhEnX0,IHSG,2026-05-05T16:55:39.076048
daniel.elliottician,"Kalau pun mau ke arah sana, pasti ihsg bikin tanda dulu.. sama kaya ada mendung sebelum hujan.. tetaplah berpikir rasional dikala orang-orang berpikir irasional
Dari trading jaman 2010 sampai sekarang, behaviour retail ternyata ga pernah berubah.. over fear dan over greedynya selalu tetap eksis.. ada yang bilang ihsg 6000, ihsg 5000, ihsg 12000 tanpa dasar analisa yang jelas..
daniel.elliottician",2026-04-06T03:27:57.000Z,https://www.threads.com/@daniel.elliottician/post/DWxm4x8khS1,IHSG,2026-05-05T16:55:39.182703
aldieysh,"Tetapi beneran lho kalau ihsg closing dengan hammer dan kaki panjang itu sexy, biasanya pembalikan arah",2026-04-30T07:49:57.000Z,https://www.threads.com/@aldieysh/post/DXv38s8EwIa,IHSG,2026-05-05T16:55:39.277969
idn.successo,"Beginilah kondisi market penuh dengan ketidakpastian.
Manfaatkan lah kondisi IHSG sekarang ini, walaupun saya yakin belum aman 100%.",2026-04-14T09:24:27.000Z,https://www.threads.com/@idn.successo/post/DXG2Cz4k1bo,IHSG,2026-05-05T16:55:39.384946
fahmidarmawan7,"Ini tanda market lagi “ditekan”. Dan yang bikin bahaya… banyak yang masih berharap: “Senin pasti hijau.” Padahal kalau lihat data: IHSG sudah turun sejak 20 April (7.594) Lanjut turun ke 7.541 Jatuh lagi ke 7.378
Bukan cuma 1 hari.
👉 4 hari berturut-turut turun
👉 Dari 7.600-an → ke 7.300-an
👉 Bahkan sempat kena tekanan jual besar di akhir pekan Ini bukan koreksi biasa.
IHSG baru aja jatuh tajam.",2026-04-24T05:38:38.000Z,https://www.threads.com/@fahmidarmawan7/post/DXgMJnOiSu5,IHSG,2026-05-05T16:55:39.599889
happytrader.co,"Semangat buat hari ini, stay strong 💪
Clue kemaren dipake semua ya,
Yang dipake dulu yang kedua, TP TP dulu .
habis itu baru yang pertama.
Pagi ritel IHSG,
Prediksi IHSG hari ini pagi gap down(merah),
Siang recovery (hijau pekat)",2026-04-19T22:55:06.000Z,https://www.threads.com/@happytrader.co/post/DXVKyjJE2D9,IHSG,2026-05-05T16:55:39.792370
papaganbaa,"#DYOR #IHSG Bukan ajakan jual beli saham
1. GZCO saya pilih karena sentimen mandatory penggunaan B50.
2. JGLE saya pilih karena sentime rencana Right Issue di harga Rp,50
nantikan perjalanan investasi kami ya, jadilah saksi perjalanan kami.
Halo saya seorang papah yg sedang berusaha merubah THR anak saya dari 3jtann diusahakan menjadi xxxjuta 😎,mari ikuti perjalanan investasi saya kedepanya. Ini adalah hasil rekap dari perjalan investasi minggu ini 😊.",2026-04-10T09:34:48.000Z,https://www.threads.com/@papaganbaa/post/DW8kDIskgyG,IHSG,2026-05-05T16:55:39.940496
stocks_ninja.id,"IHSG closing dibawah 7000, otw 6000 kah ini gess 😭",2026-04-06T09:37:37.000Z,https://www.threads.com/@stocks_ninja.id/post/DWyRMQhD8gM,IHSG,2026-05-05T16:55:40.050996
morningglory_idn,"Setiap kali Rupiah melemah, IHSG menguat! Aneh? Iya! Tapi datanya bilang begitu
Sore wargaa, pasti penasaran sama kabar IHSG?
Jujur, kita juga penasaran karena apa betul 'IHSG junam' tiap kali Rupiah goyang? Jadi, kita mutusin buat narik data 10 tahun terakhir dan nguji pake Multi-Regresi. Dan ternyata, hasilnya objektif: Baik Kurs IDR/USD maupun Indeks Dollar (UUP) punya hubungan Linier Positif terhadap IHSG!
morningglory_idn",2026-04-24T09:19:19.000Z,https://www.threads.com/@morningglory_idn/post/DXglZ8fmQyJ,IHSG,2026-05-05T16:55:43.216520
shafeeyeah,Kenapa ya BEI ini ikutan libur pas kita libur? IHSG jd bursa yang paling banyak libur di dunia deh kayanya,2026-04-30T23:20:04.000Z,https://www.threads.com/@shafeeyeah/post/DXxiZHpE3Yg,IHSG,2026-05-05T16:55:43.322039
hikhman,"Semoga sejahtera bersama
Saya pun meyakini ini, siapkan cash dan tambah posisi di saham yang berfundamental kuat, memiliki pertumbuhan yang potensial dan undervalue.
Ada indikasi yang kuat selama 2 tahun ke belakang. Saat IDR paling lemah terhadap USD maka disitu lah letak titik bottom IHSG.",2026-04-24T04:08:02.000Z,https://www.threads.com/@hikhman/post/DXgByGPmkCD,IHSG,2026-05-05T16:55:43.485180
happytrader.co,"Mana udah CL CL 🥲
Ini IHSG jadi 6000 ga sih ?
Sumpah ini gatel banget tangan pengen all in wkwkk",2026-04-06T02:45:25.000Z,https://www.threads.com/@happytrader.co/post/DWxiBR3mPkh,IHSG,2026-05-05T16:55:43.599353
wiekoko,"Saya duluan yah, average 8.700, floating loss 30% 😁
'Raksasa' IHSG pun sahamnya menurun terus. Penasaran nih, kira2 teman2 Average nya si angka berapa?",2026-04-24T04:33:39.000Z,https://www.threads.com/@wiekoko/post/DXgEtw4kiKu,IHSG,2026-05-05T16:55:43.712006
09_bangal,"#bipi #bangal09 #09_bangal #analisabangal09 #ihsg
Jangan lupa follow akun ini untuk mendapatkan analisa berikutnya
BIPI
kemungkinan turun dlu pada gambar ke 1 nguji area 228 dg target 320, namun pada gambar ke 2 areanya buy sama spt gambar ke 1 di 228 namun dg target 320 dan jika harga ini sulit ditembus bsa turun dulu menguji area 278-284, sebelum lanjut kembali 320 bahkan melanjutkan trend bullishnya di 346-350.",2026-04-19T02:48:13.000Z,https://www.threads.com/@09_bangal/post/DXTArKJmgOX,IHSG,2026-05-05T16:55:43.821311
umma.mima2,"Masuk pasar saham sejak juni 2024, tanpa terasa hampir 2 tahun aja. Kadang cuan kadang belum cuan. Kuncinya sabar dan disiplin trading plan. Apa kabar temen2 lainnya masih bertahan dengan ihsg kah?",2026-04-13T06:23:22.000Z,https://www.threads.com/@umma.mima2/post/DXD8hqUCZAm,IHSG,2026-05-05T16:55:43.914584
nabung.dividen,"Semoga.
Ga sabar menunggu April. Karena April akan menjadi pembuka musim dividen buat portofolio ini. Semoga keadaan juga semakin membaik dan bulan April bisa ditutup hijau.
Hari terakhir di bulan Maret. Untuk bulan ini minus 3,24%. Jauh lebih baik dibanding IHSG yang minusnya 12%. Ga bisa pamer realized gain karena ga jual beli. Cuma beli aja. Dan bulan ini ga dapet dividen. Jadi pamernya unrealized aja ya.",2026-03-31T09:18:38.000Z,https://www.threads.com/@nabung.dividen/post/DWiyQAjgZcF,IHSG,2026-05-05T16:55:44.033749
dikkaantons,"Dalam negeri:
Data High Shareholding Concentration (HSC) summary = BAD SENTIMENT, ini DSSA & BREN masuk kesini bisa outflow gede. High probability dikeluarin dari MSCI, fund & ritel berebut kabur = gap down Senin besok.
Bahayanya BREN & DSSA ini top 3 big caps, pembobotan ke IHSG berat = jadi indeks bakal keseret merah = trigger algo asing untuk ikutan sell = turun makin parah. Sampai kapan? Belum tau harus cek realtime.
Update kondisi terbaru ada beberapa sentimen dalam & luar negeri.",2026-04-05T17:15:20.000Z,https://www.threads.com/@dikkaantons/post/DWwgxzjgTdb,IHSG,2026-05-05T16:55:44.119384
algoresearch,"IHSG: What Comes Next? Tactical. Algo Research Alpha Plays
algoresearch.id/conte…
Our tactical call for IHSG since last week has been fruitful with alpha stocks such as AMMN, BNBR, ARKO, ESSA and PTRO outperforming relative to the index.",2026-04-22T08:04:21.000Z,https://www.threads.com/@algoresearch/post/DXbTPOsEyD9,IHSG,2026-05-05T16:55:44.223978
handierawan,"ini jelek atau ngga? menurut gua, kalau pointnya adalah agar marketnya rebound, ada dua pilihan, saham-saham banking yang dinaikan, atau saham pak pp dkk.
IHSG dicarry sama pak PP lagi.",2026-04-13T03:08:18.000Z,https://www.threads.com/@handierawan/post/DXDmM-Kk9Uf,IHSG,2026-05-05T16:55:44.318807
mocrama_10,"The Great Rotation atau emang lagi zonk aja nih? Wkwk 🤣
​Tapi kalau dipikir lagi, uang itu kan sifatnya cair, selalu mengalir ke tempat yang lebih murah dan menarik. Secara logika, makin mahal Wall Street, makin gede peluang modal lari ke market yang ""lagging"" tapi fundamentalnya masih oke kaya kita.
Agak kontras ya liat US Market pesta di ATH, sementara IHSG kita masih anteng di bawah.",2026-04-23T01:39:06.000Z,https://www.threads.com/@mocrama_10/post/DXdL8bxk3nz,IHSG,2026-05-05T16:55:44.413045
indahade,"Kali ini gk kecele, menunggu 2jam lg market dibuka. Morning semua, ☕️ yukkk
Gmn IHSG hari ini? Apa lanjut naik? Kmrn sempat TP yg bisa di jual, jd ada pegangan cash utk jaga2 kl dibawa turun lagi. Lumayan FL sudah berkurang jd 5,66%. Yg masih prihatin bbri 👀. Gpplah menunggu uang duka buat nambah lot & avg down",2026-04-09T01:11:32.000Z,https://www.threads.com/@indahade/post/DW5FqSbkx-p,IHSG,2026-05-05T16:55:44.497887
priceaction.id,"Alasan gw blm mau entry saham Indonesia, kondisi IHSG masih kek gini.
Dibawah ma 20❌
Macd merah merona❌",2026-04-30T02:18:44.000Z,https://www.threads.com/@priceaction.id/post/DXvSC1zDwR_,IHSG,2026-05-05T16:55:44.590923
hendrahenz22,"Review index market Indonesia (IHSG) oleh FTSE Russell untuk bulan Maret 2026 DITUNDA. Alasan utama penundaan ini karena ada kesulitan teknis dalam menentukan free float (saham yang benar benar beredar di publik). Oleh karena itu, status Indonesia…",2026-04-07T03:43:31.000Z,https://www.threads.com/@hendrahenz22/post/DW0NdpRgcaU,IHSG,2026-05-05T16:55:44.679887
galuhyudha,update tengah malam! harga minyak brent kembali naik dan harga emas pun kembali turun. nasib IHSG hari ini gimana nih setelah 2 hari merah merona? ☺️,2026-04-16T17:57:29.000Z,https://www.threads.com/@galuhyudha/post/DXM6WLvEzRD,IHSG,2026-05-05T16:55:44.760235
unrenhub,"Isue IHSG jebol lagi besok senin karena iran dan US tidak sepakat? Nah itulah kenapa kemarin saya bilang cutloss 1/4 atau 1/2 dulu kalau nyangkut. Kalau ada cash, mau jebol lebih dalam, ya ga masalah karena kamu pegang uang cash.",2026-04-12T11:26:39.000Z,https://www.threads.com/@unrenhub/post/DXB6cIFkbj0,IHSG,2026-05-05T16:55:44.838753
growingtrade.saham,"Ini belum ketambahan panic selling lainnya.
Kita para trader masih fullcash, siap buat sikat mancing dibawah 💪🏻
DSSA BREN Bobot hampir 10%
Apabila open market langsung ARB, maka IHSG akan dibuka minimal -2%.
IHSG besok senin open minimal -2%???
growingtrade.saham",2026-04-05T05:52:29.000Z,https://www.threads.com/@growingtrade.saham/post/DWvSoiZkkma,IHSG,2026-05-05T16:55:44.938421
stocks_ninja.id,"#ihsg
Kalau dari news yang beredar, harusnya hari ini news nya positif, semoga ijo tebel 🚀",2026-04-06T23:45:47.000Z,https://www.threads.com/@stocks_ninja.id/post/DWzyQXrkiKk,IHSG,2026-05-05T16:55:47.916047
crisliung,"Kalo IHSG benar di downgrade ke frontier market, siapa yang paling marah? Jelas Pak Prabowo.",2026-04-03T04:38:22.000Z,https://www.threads.com/@crisliung/post/DWqAj2lEdIh,IHSG,2026-05-05T16:55:48.116495
rich.ritel,"Kondisi seperti ini bukan ajakan panik, juga bukan ajakan sok berani bottom fishing.
Siapa yang terlalu penuh saham.
Siapa yang pakai leverage tanpa ruang napas.
Siapa yang beli karena ikut ramai.
Siapa yang punya cash, rencana, dan mental buat nunggu.
Yang kelihatan adalah posisi.
Waktu IHSG turun, rupiah tembus level psikologis, minyak naik, dan asing keluar besar-besaran, yang kelihatan bukan cuma angka di portofolio.",2026-04-30T14:29:50.000Z,https://www.threads.com/@rich.ritel/post/DXwltjnkYvU,IHSG,2026-05-05T16:55:48.357065
bangabangabnah,Guyss ihsg kira2 bagaimana bisa ga balik ke 6900an lagi? Atau mentok2 di berapa sih?,2026-04-15T12:55:46.000Z,https://www.threads.com/@bangabangabnah/post/DXJzBbCmYLZ,IHSG,2026-05-05T16:55:48.442209
pututrisna27,"Kokk pada pusing IHSG turun, kan ini momen untuk serok dan ini bukan kali pertama terjadi scr historis teknikal selalu rebound. Ini pentingnya perkuat sektor rill agar tidak berdampak signifikan ke ekonomi sendiri.",2026-04-25T09:48:31.000Z,https://www.threads.com/@pututrisna27/post/DXjNitxlAln,IHSG,2026-05-05T16:55:48.543122
top.guntraders,"IHSG Koreksi dalam, adanya kesempatan untuk rebound
Dapatkan informasi hal stockpick, tanya jawab dengan gabung di Top Gun Trader Club",2026-04-30T04:38:17.000Z,https://www.threads.com/@top.guntraders/post/DXvh7kAk01M,IHSG,2026-05-05T16:55:48.633814
calon_milyarder97,"Apakah disini ada yang masuk bursa saham ihsg era covid 2019-2020? Kalau ada coba sharing dong sekarang masih bertahan apa sudah gugur.
calon_milyarder97",2026-04-27T14:14:57.000Z,https://www.threads.com/@calon_milyarder97/post/DXo1n9WEtiW,IHSG,2026-05-05T16:55:48.729511
widipardiyawan,"Maaf Maaf ketiduran, berikut prediksi IHSG 27 April 2026
koraninvesta.netlify.app
Akurat ya
valid ✅",2026-04-27T10:34:36.000Z,https://www.threads.com/@widipardiyawan/post/DXocZ9GlO9R,IHSG,2026-05-05T16:55:51.780415
widipardiyawan,"Maaf Maaf ketiduran, berikut prediksi IHSG 27 April 2026
koraninvesta.netlify.app",2026-04-26T22:14:57.000Z,https://www.threads.com/@widipardiyawan/post/DXnHwoWkyQT,IHSG,2026-05-05T16:55:51.890486
susanasrihandayani,"Gold , copper , silver US ada kenaikan
Apakah IHSG mengikuti ?
ANTM
ARCI
PSAB
BRMS
susanasrihandayani",2026-04-17T01:04:29.000Z,https://www.threads.com/@susanasrihandayani/post/DXNrNpSiX8p,IHSG,2026-05-05T16:55:52.080965
stockwise.id,"Nasib IHSG hari senin gimana guys? 🫣
#saham #beritasaham #sahamindonesia",2026-04-02T16:24:53.000Z,https://www.threads.com/@stockwise.id/post/DWosnq6GB-l,IHSG,2026-05-05T16:55:52.270627
susanasrihandayani,"IHSG menuju 6000
Siap2 bangsal rawat inap di buka💆‍♀️
Nungguin
ANTM
UNTR
ELSA
ASII
PGAS
TINS
ARCI
apalagi ?
susanasrihandayani",2026-03-16T02:05:42.000Z,https://www.threads.com/@susanasrihandayani/post/DV7YyAAiccT,IHSG,2026-05-05T16:55:52.483814
thetrifood,"Ihsg merah, rupiah hancur tembus 17.300. bahan pokok sembako, bbm semua naik. Jakarta mati listrik 2,5 jam hari ini tgl 23 april 2026. Ini kali kedua, setelah sebelumnya tgl 31 maret 2026 jg prnah mati lampu 1jam. Hadehhhh, gini amat ya woy. Makin relate aja nih dr yg pernah kubaca di teori2 konspirasi tntang agenda elit global. Ya Allah lindungilah bangsa ini",2026-04-23T06:45:58.000Z,https://www.threads.com/@thetrifood/post/DXdvD7PkgiP,IHSG,2026-05-05T16:55:52.610893
tools.saham,"IHSG hari ini kembali koreksi, banyak saham under 100 mulai gerak dari kemarin. Harus lebih selektif pilih emiten biar gk ngekos lama kalau dibawa menyelam😇
Menu BSJP hari ini (23-4-2026), DYOR",2026-04-23T08:29:04.000Z,https://www.threads.com/@tools.saham/post/DXd63GbjzVG,IHSG,2026-05-05T16:55:52.765767
susanasrihandayani,"Lagi meeting nengok IHSG seger bener
Hijau2
Apalagi
MINA
INCO
GTSI
HUMI
LSIP
ARCI
ANTM
PTRO
INDF
Dll
susanasrihandayani",2026-04-14T02:25:13.000Z,https://www.threads.com/@susanasrihandayani/post/DXGGETvCaoV,IHSG,2026-05-05T16:55:52.889930
1ce_jo,"Saham $KOTA dan $MDIA masih ada narasi. Saham $BNBR right issue, $MINA ada narasi, dan $BUMI juga akuisisi tambang emas. So, mana saham pilihanmu?
Gw percaya tiap ada hari buruk pastilah nanti akan ada hari baik pula. So, IHSG sekarang masih junam GAIS. Gimana portomu saat ini? Masih hold apa?
SAHAM KOTA, MDIA, BUMI, BNBR, MINA",2026-05-01T07:12:17.000Z,https://www.threads.com/@1ce_jo/post/DXyYbtjk-hF,IHSG,2026-05-05T16:55:53.009276
ssamuel_rp,"Saham Pom² KUAS
IPO WBSP
*Saham volatil kelas bulu (bisa Ara-Arb) potensi msh perform :
MSIN, ESIP, MSKY, SWID, LAPD, CTTH, SDMU, , PEGE, PMUI, HDFA
*Saham volatil dng volume besar kemarin : DSSA, KUAS, BREN, TPIA, OASA
*Saham2 yg dapat di perhatikan hr ini:
TLKM
Perkiraan IHSG akan bergerak pada Jumat (10/4) antara 7100-7400",2026-04-10T01:54:41.000Z,https://www.threads.com/@ssamuel_rp/post/DW7vZJVEZdj,IHSG,2026-05-05T16:55:56.177590
dzdn12,"Mumet juga yah baca berita soal negara dongeng hari ini, rupiah anjlok ke 17300, IHSG turun hampir 2%, BBM naik, kebutuhan pokok naik, dll. Semoga kita smua kuat yah WNI 🗿🤣",2026-04-23T08:03:58.000Z,https://www.threads.com/@dzdn12/post/DXd3_PqCUYe,IHSG,2026-05-05T16:55:56.278255
1ce_jo,"Semenjak IHSG lagi nggak karuan dan asyik ngajak nyilem, gw mulai putar otak. Daripada maksa trading di market yang lagi nggak kondusif, gw milih mulai lirik US Stock sambil sabar nunggu IHSG nemu bottom-nya.",2026-04-26T15:32:27.000Z,https://www.threads.com/@1ce_jo/post/DXmZstyE0jT,IHSG,2026-05-05T16:55:56.368923
d3uqaliniuz,"Pesan moral:
money management nomor 1, likuiditas sangat penting jangan sampai nyangkut, jangan takut CL
Saatnya ke saham US, kita cari dividen n growth di ETF, sambil nunggu asing inflow balik ke komoha yg entah kapan
Pegang rupiah melemah trus, untung porto masih hijau tipis dan super liquid.
IHSG rontok, Rupiah babak belur, saham perbankan berguguran, mau nyicil BBCA ga jelas kapan naiknya, mau nyerok BBRI sama aja kaya nyumbang ke MBG dan KOPDES.",2026-04-26T09:47:07.000Z,https://www.threads.com/@d3uqaliniuz/post/DXlyLVIj9aw,IHSG,2026-05-05T16:55:56.509996
helenaquinnzz,"Gila sih ini ekonomi parah banget, kurs dollar udh 17.300, IHSG turun ke 7rban.. harga semua naik dan ngerasa kok pemerintah spt diam aja... Apa gw doang yg merasa begini ya??",2026-04-24T05:28:19.000Z,https://www.threads.com/@helenaquinnzz/post/DXgK-C1E-F-,IHSG,2026-05-05T16:55:56.611837
hengky.lim.9,"CLOSING DAY menjelang libur panjang dan pelaku pasar memilih amankan posisi ,IHSG kembali ke area support setelah kemarin berhasil di tutup di atas, trima kasih Papi Trump suka2 mu lah buat statement 🙃 , jadi IHSG kita kembali akan menguji area support 7.020 , 6.945 & 6.917
Update 02 April 26",2026-04-02T09:42:11.000Z,https://www.threads.com/@hengky.lim.9/post/DWn-iQwgRQ_,IHSG,2026-05-05T16:55:56.736880
happytrader.co,"Jujur aja saya juga dapet fearnya,
sampai mau jualan cilok didepan SD 😭
Banyak ritel yang hapus sekuritas dan panik sell 😅
Buat ritel pada umunya apa ga panik tuhh buka sosmed isinya influencer saham mengatakan demikian🙈
Inget banget dihari hari itu banyak banget kang fear yang memprediksi IHSG bakal ke 6500, 6000 bahkan ada yang 5000 ....
Kalau IHSG beneran reversal,
Artinya bottom/palung IHSG di 6920 ....",2026-04-10T12:55:03.000Z,https://www.threads.com/@happytrader.co/post/DW8690iFAL9,IHSG,2026-05-05T16:55:56.880051
seroksaham,"klo bsok lanjut merah jgn lupa tadangin pasang bid buva di 900 , bumi di 200 🤭",2026-04-25T10:52:30.000Z,https://www.threads.com/@seroksaham/post/DXjU3XqEouV,IHSG,2026-05-05T16:55:57.092085
jurnaltrader.id,"Nah kamu masuk golongan yg mana???
Tapi ada juga yg udah masuk full porto.
Ada yg bilang mau tunggu turun dulu di 7,300-an.
Ada yg bilang mulai masuk wave 2.
Sebagian bilang udah bottoming. Ada pattern triple bottom.
IHSG naik banyak ya?
Chart nya kaya gitu Bestie.
Menurutmu aman ga tuh?",2026-04-20T06:11:34.000Z,https://www.threads.com/@jurnaltrader.id/post/DXV8vVRklK7,IHSG,2026-05-05T16:55:57.241628
rizkikak,IHSG saat ini sehancur ini kah? Kapan bangkitnya?,2026-04-30T03:33:32.000Z,https://www.threads.com/@rizkikak/post/DXvamopiYhk,IHSG,2026-05-05T16:55:57.329303
09_bangal,"#ihsg #saham #09_bangal #analisabangal09 #ihsgupdate
IHSG kemarin sorei ditutup di 7106, sesuai proyeksi sebelumnya yang sempat mengarah ke 7107. Dengan kondisi ini, peluang rebound masih terbuka karena gap down mulai tertutup meski belum sepenuhnya (7026–7001). Selama area ini bertahan, potensi rebound awal Mei cukup besar. Namun jika tembus dan turun ke 6907–6816, kemungkinan rebound mundur ke pertengahan Mei bahkan awal Juni.",2026-04-28T00:10:28.000Z,https://www.threads.com/@09_bangal/post/DXp5xoHE2sg,IHSG,2026-05-05T16:55:57.430134
kikikumisss,"Ihsg dr kmrn & hari ini retest 7.700 gagal lagi hahaha
BIPI lg coba break 304??????????????? kl ga berhasil ya turun dulu deh.
Enak ternyata cuma mantengin 1 saham😂",2026-04-16T04:13:39.000Z,https://www.threads.com/@kikikumisss/post/DXLcESDj7i8,IHSG,2026-05-05T16:55:57.517704
farahanans,hari ini crash lagi yak IHSG + rupiah juga makin nyungsep😭,2026-04-24T03:54:05.000Z,https://www.threads.com/@farahanans/post/DXgAL8Pkph_,IHSG,2026-05-05T16:55:57.625929
dewamahesadirgantara,"Tapi ingat…
IHSG naik ≠ semua saham naik.
IHSG turun ≠ gak ada peluang.
Gak perlu lihat satu-satu saham,
cukup lihat IHSG → udah kebaca kondisi market.
IHSG (Indeks Harga Saham Gabungan) itu kumpulan saham di Bursa Efek Indonesia yang dijadiin satu angka.
• Naik → banyak yang cuan
• Turun → banyak yang minus
• Diam → lagi nunggu arah
Simpelnya, IHSG itu “suasana” pasar saham Indonesia.
Sering denger IHSG naik turun, tapi gak paham?
IHSG Naik Turun, Sebenarnya Itu Apa Sih?
dewamahesadirgantara",2026-04-24T01:31:09.000Z,https://www.threads.com/@dewamahesadirgantara/post/DXfv1Eek8V3,IHSG,2026-05-05T16:55:57.806755
momshappyspace,"Ceritanya jadi IRT yang mau mulai belajar Trading saham di akhir2 Januari 2026
Eh bbrp hari kemudian anjlok 😅. floating lost lgsung panik. jual rugi. Wlo cm tus2 ribu sih. feb mulai lg.. eh turun lg. cutloss lg.
Trus maret.. tau2 perang.. nyungsep lg. Baru jg mulai pas pula kondisi ihsg tak menentu. sambil belajar2 sendiri. Lihat2 broker flow. Lihat chart.dll
Pgen pintar analisa
April naik turun saham, bisa dpt segini (modal 8 jt). Lumayan😍. Pgn nambah modal, kira2 IHSG udah bottom blm ya?",2026-05-01T03:30:19.000Z,https://www.threads.com/@momshappyspace/post/DXx_B-BkaoL,IHSG,2026-05-05T16:55:57.903018
yasril.imam,"#DYOR #IHSG #SAHAM
Kalau dilihat IHSG di timeframe 1D & 1M saya memilih untuk “stay cash” jangan asal serok. IHSG berpotensi turun ke support paralel chanel nya di area 6600 sd 6200 an untuk timeframe 1M namun kalau dilihat-lihat dari history sebelumnya support ini sangat kuat dari beberapa krisis seperti krisis 2008 sd tarif trump 2025. Untuk timeframe 1D akan menguji level 6900 sd 7000 dan saya berharap bisa mantul dan membentuk “DOBOTT”
Reminder “Tidak trading bagian dari trading plan”",2026-04-26T13:48:37.000Z,https://www.threads.com/@yasril.imam/post/DXmN0M6D5iF,IHSG,2026-05-05T16:56:00.838142
happytrader.co,"Kalau sampai IHSG turun ke Frontier Market saya mau CL semua saham terus dagang cilok aja didepan SD,
Kalau kalian mau ngapain ?",2026-04-01T11:50:07.000Z,https://www.threads.com/@happytrader.co/post/DWloYT2lLsM,IHSG,2026-05-05T16:56:00.949447
gabycellin,"alhamdulillah masya allah di tengah2 IHSG junam, masih ada satu emiten penopang IHSG berikut🤗",2026-04-24T10:29:12.000Z,https://www.threads.com/@gabycellin/post/DXgtZyJDyKy,IHSG,2026-05-05T16:56:01.047233
ssamuel_rp,"Saham Pom Pom BAPA
*Saham volatil kelas bulu (bisa Ara-Arb) potensi msh perform :
PADA, BAPA, DEFI, MDIA, INDX
*Saham volatil dng volume besar kemarin : CUAN. KETR, DOOH
*Saham2 yg dapat di perhatikan hr ini:
ANTM, AADI
Perkiraan IHSG akan bergerak pada Senin (19/4) antara 7400-7750",2026-04-20T01:40:01.000Z,https://www.threads.com/@ssamuel_rp/post/DXVdqdcgXqq,IHSG,2026-05-05T16:56:01.178104
adtysndntr,"DYOR
Hal ini di dukung isu ekstern (MSCI) dan intern (Dollar)
IHSG akan bentuk DOUBLE BOTTOM menurut prediksi dan analisis saya
Saya sudah menghitung dan menganalisa sebelumnya, dan yaps, gap pertama di bayar lunas kemarin. Porto saya 15 April Profit sampai 20% lebih dikit. Dan hari ini kena FL turun ke level 2%. Untuk mengimbangi segalanya, saya masih rutin AVG Down dan bidik emiten kapitalisasi gede biar ketika DOUBLE BOTTOM terjadi, Porto tetap stabil (maximal -5%).",2026-04-23T03:31:35.000Z,https://www.threads.com/@adtysndntr/post/DXdY0PKEigO,IHSG,2026-05-05T16:56:01.309668
happytrader.co,"Apakah IHSG besok senin terjadi ? 🙈
ingin berkata kasar sumpah 🤯",2026-04-02T14:02:50.000Z,https://www.threads.com/@happytrader.co/post/DWocXV3FNS5,IHSG,2026-05-05T16:56:01.428393
vpatrickd,Explain to me like I’m 5 yrs old. Kenapa IHSG sampe di suspend? MSCI itu apa.,2026-01-28T11:48:53.000Z,https://www.threads.com/@vpatrickd/post/DUDaKO7ATmY,IHSG,2026-05-05T16:56:01.538612
sfa.saa,"Rupiah melemah di 17.063 per 1 USD
IHSG anjlok di 6.971
Tabungan pemerintah di BI tersisa 120T",2026-04-08T00:22:59.000Z,https://www.threads.com/@sfa.saa/post/DW2bTx0Eqmh,IHSG,2026-05-05T16:56:01.629522
happytrader.co,"Saya jadi tambah yakin 1000% MSCI ACC & IHSG stay di Emerging Market 🔥
Thanks untuk BEI & OJK yang mengusut permasalahan ini serta mengatasi secara serius 🫡
HSC ini juga pernah dilakukan di bursa hongkong guys, dan karena itu MSCI ACC.",2026-04-02T13:29:32.000Z,https://www.threads.com/@happytrader.co/post/DWoYjZSlFrG,IHSG,2026-05-05T16:56:01.761499
buk4_mata,"Purbaya tolak pinjaman IMF, and now... IHSG outflow. Dikerjain kah??",2026-04-25T07:02:49.000Z,https://www.threads.com/@buk4_mata/post/DXi6lE9Ez7C,IHSG,2026-05-05T16:56:01.875183
raahady_,"2 Bullish dan 1 Bearish.
Ada 3 skenario untuk IHSG:",2026-04-27T07:48:44.000Z,https://www.threads.com/@raahady_/post/DXoJbMgIE3B,IHSG,2026-05-05T16:56:05.013140
sin_dau,"Target KAQI : 140
Target PJHB : 410
Target MINA : 384
Target COAL : 103
🔥🔥🔥🔥🔥🔥",2026-04-30T02:30:20.000Z,https://www.threads.com/@sin_dau/post/DXvTXsvk0JQ,IHSG,2026-05-05T16:56:05.251690
kaptensaham707,IHSG ada gap di 6100 & 6500.,2026-04-24T03:15:32.000Z,https://www.threads.com/@kaptensaham707/post/DXf7xi7EXI4,IHSG,2026-05-05T16:56:05.390923
richamir_ar,"#itrade #trading #saham
Alhamdulillah sesi satu 4 trade 💹, meskipun IHSG 🔥",2026-04-09T05:48:37.000Z,https://www.threads.com/@richamir_ar/post/DW5lXnWEtlT,IHSG,2026-05-05T16:56:05.513699
izzatikusumawardani,"IHSG = Ini Hari Sedang Gelap 😭😭😭😭😭ya Allah lindungi BBCA .. ya Allah lindungi BBRI
izzatikusumawardani",2026-04-27T08:54:36.000Z,https://www.threads.com/@izzatikusumawardani/post/DXoQ9miAQYX,IHSG,2026-05-05T16:56:05.638996
happytrader.co,"HIDUP RITEEEEEEEL 🤣🤣
Walaupun merah tapi ritel pesta wkwk
IHSG merah karena DSSA & BREN,",2026-04-21T02:45:51.000Z,https://www.threads.com/@happytrader.co/post/DXYJ_eVmH-T,IHSG,2026-05-05T16:56:05.758797
ulinta_girsang,"Kemudian datang berbagai macam badai, trading halt lah, perang lah, msci lah, porto minus 50%,
Akhirnya saya sadar, saya hanyalah retail fomo 🤣
Sekitar bulan oktober 2025, ihsg bullish, profit gila gilaan, saya suka pamer profit, berasa oke banget, kayaknya bisa nih buka kelas , 😂",2026-04-16T11:44:18.000Z,https://www.threads.com/@ulinta_girsang/post/DXMPo2HExPX,IHSG,2026-05-05T16:56:05.875979
mang.amsi,IHSG TURUN SEJAK AWAL TAHUN… TAPI YANG PALING TURUN SEBENARNYA BUKAN ANGKANYA,2026-04-02T11:06:40.000Z,https://www.threads.com/@mang.amsi/post/DWoINCskZqt,IHSG,2026-05-05T16:56:05.973943
uptrendtrading_,"Hari ini juga sepertinya IHSG berpotensi ijo, melihat closingan big banks kemarin.
- BBCA closing diarea demand meskipun masih merah dan distribusi tapi selling pressurenya mulai melemah. Ada peluang untuk dia rebound dulu.
- BBRI juga closing kemarin diarea demand. 2 hari terakhir membentuk pola candle inverted hammer dan hammer dengan volume yang mulai meningkat meskipun masih distribusi juga.",2026-04-28T23:09:19.000Z,https://www.threads.com/@uptrendtrading_/post/DXsXkl-EuVf,IHSG,2026-05-05T16:56:06.070684
profitmen.id,"Better entry di jam 15:50 waktu IEP
Jual pagi hari ✍️
TP Secukupnya
SL ketat 3%
Disclaimer on men, IHSG Kebakaran jangan lupa kurangi porsi jaga modal dan jangan lupa analisa kembali 🔥
• PSDN
• HYGN
• BNBR
BSJP
Jum'at 24 - 04 - 2026",2026-04-24T08:34:00.000Z,https://www.threads.com/@profitmen.id/post/DXggOCVkfJm,IHSG,2026-05-05T16:56:08.890862
bayumingga,"Watchlist pagi ini Selasa 28 April 2026, biarpun tahu IHSG hari ini akan merah, tapi cukup pantau.
PTMP
NPGF
JAST
BABY (HR)
MPIX (HR)
DIVA (HR)
dyor
*analisa kembali
*bukan ajakan jual/beli
*Pasang SL, TP secukupnya",2026-04-28T00:00:01.000Z,https://www.threads.com/@bayumingga/post/DXp4lAEEtHQ,IHSG,2026-05-05T16:56:08.978971
happytrader.co,"Itulah pentingnya analisa dan mental 😎
Kok berani serok dan yakin IHSG tidak turun lagi ?
Terus udah mulai HOLD,",2026-04-10T06:05:09.000Z,https://www.threads.com/@happytrader.co/post/DW8MDnBFE58,IHSG,2026-05-05T16:56:09.084483
ssamuel_rp,"Saham Pom² KOBX
*Saham volatil kelas bulu (bisa Ara-Arb) potensi msh perform :
LAND, ATLA, PADA, REAL, CTTH, BABY, HOPE. BAIK. GULA, AYLS, ESTA
*Saham volatil dng volume besar kemarin : KOTA, MDIA, BULL, SSIA, BDMN, KETR, COAL
*Saham2 yg dapat di perhatikan hr ini:
BMRI
Perkiraan IHSG akan bergerak pada Kemis (23/4) antara 7400-7750",2026-04-23T01:20:58.000Z,https://www.threads.com/@ssamuel_rp/post/DXdJ3mHAS4k,IHSG,2026-05-05T16:56:09.209897
rinn.diani25,"perkiraan IHSG stabil kapan ya guys?
mau masuk takut kejebak :)) skrg terlalu gorengan bgt IHSG wkwk",2026-02-09T04:07:23.000Z,https://www.threads.com/@rinn.diani25/post/DUhe4j-ki_w,IHSG,2026-05-05T16:56:09.408075
priceaction.id,"Belum ada tanda reversal di IHSG.
Aku bukan spekulan, jadi lebih milih full cash, wait and see, menunggu makro membaik dan juga kabar FTSE & MSCI.",2026-04-06T13:57:40.000Z,https://www.threads.com/@priceaction.id/post/DWyu8_mDywB,IHSG,2026-05-05T16:56:09.510221
im.ddewa,"Kayaknya MSCI kezell
Udh di HSC bukanya rungkad biar bisa beli harga bawah/murah mereka
Malah IHSG rebound naik 🤣",2026-04-21T01:36:04.000Z,https://www.threads.com/@im.ddewa/post/DXYCAfEAcBo,IHSG,2026-05-05T16:56:09.613040
bayumingga,"Watchlist 29 April 2026
- PADA
- DOOH
- INDO
- MAHA
- NPGF
*DYOR
*bukan ajakan jual/beli
🚨Tetap hari hati IHSG belum pulih dan kemarin belum tutup GAP",2026-04-29T00:47:42.000Z,https://www.threads.com/@bayumingga/post/DXsi1Njkg_I,IHSG,2026-05-05T16:56:09.704884
tyasinaga20,"Dari hanasui ke makeover
Gais ceritain kondisi ekonomi kalian tanpa harus menjelaskan keadaan sebenarnya
Aku duluan ya.",2026-05-01T09:16:39.000Z,https://www.threads.com/@tyasinaga20/post/DXymqjDASAB,IHSG,2026-05-05T16:56:09.819415
lexxo04,Apakah saya udah lulus sebagai investor dadakan?😂,2026-04-26T11:41:13.000Z,https://www.threads.com/@lexxo04/post/DXl_PEMkX-9,IHSG,2026-05-05T16:56:10.018442
fitpost.id,"Menteri Keuangan Purbaya Yudhi Sadewa menyatakan optimisme bahwa Indeks Harga Saham Gabungan (IHSG) berpotensi mencapai level 10.000 pada tahun ini, meskipun sempat mengalami tekanan signifikan dengan penurunan sekitar 3,38% ke level 7.129 pada akhir April 2026. Penurunan tersebut dinilai sebagai dampak sementara dari sentimen global, bukan mencerminkan pelemahan fundamental ekonomi domestik.
IHSG Ditargetkan Tembus 10.000, Pemerintah Yakin Fundamental Ekonomi Tetap Kuat",2026-04-27T02:17:20.000Z,https://www.threads.com/@fitpost.id/post/DXnjf7ACVz_,IHSG,2026-05-05T16:56:10.118025
hengky.lim.9,"salah satu pemberat IHSG, yg menekan cukup dalam hingga menutup area gap yg ada, support 1 di 6.375 jebol, selanjutnya menuju area support 2 di 6000 , jika lanjut jebol kembali, maka BBCA akan menguji area support 5.425 , semakin menarikk yaaa 😍
Update 24 April 26",2026-04-24T06:24:30.000Z,https://www.threads.com/@hengky.lim.9/post/DXgRZl-Aaxw,IHSG,2026-05-05T16:56:10.246132
sahamstockidn,"DYOR
Outlook FTSE pada tanggal 9 nanti bisa jadi katalis strong buy jika tidak ada issue signifikan.
IHSG stay strong di area support 6,900. Sudah menguji 3x dan belum jebol. Walupun banyak “badai.”",2026-04-06T09:03:06.000Z,https://www.threads.com/@sahamstockidn/post/DWyNPdNk3GL,IHSG,2026-05-05T16:56:10.357648
wawan_aris,"Dollar hampir menyentuh 17.500, euro 20.000, IHSG Anjlok, Investor asing cabut, PHK dimana-mana, BBM naik, Bahan Baku Makanan Pokok Naik, Bijaklah dalam mengatur keuanganmu kedepan gaes….",2026-04-27T22:37:56.000Z,https://www.threads.com/@wawan_aris/post/DXpvL25Epb3,IHSG,2026-05-05T16:56:10.455564
ismurhadi_rizki,"Tebak apa yang terjadi ke esokan harinya ? Dan apa yang terjadi sampai akhir tahun ?
Setahun yang lalu IHSG kita crash, trading halt sampe ke titik 5900 . Semua orang frustasi karena tarif trump .",2026-04-08T09:30:48.000Z,https://www.threads.com/@ismurhadi_rizki/post/DW3aABKjzdB,IHSG,2026-05-05T16:56:10.563868
danniardha,"Mau kemana ini IHSG, jebol atau rebound??",2026-04-30T07:24:53.000Z,https://www.threads.com/@danniardha/post/DXv1FFvAV_4,IHSG,2026-05-05T16:56:10.855755
sahamimpian.id,"""Let's say (katakanlah), sekarang (IHSG) 7.000 lah. Ekspansi kita akan berlangsung sampai 2029-2030. Itu saya bilang bisa 4-5 kali.
Purbaya menilai, target tersebut sangat masuk akal jika berkaca pada rekam jejak pertumbuhan indeks di masa lalu.
Menteri Keuangan, Purbaya Yudhi Sadewa meyakini Indeks Harga Saham Gabungan (IHSG) memiliki potensi besar untuk melesat hingga ke level 28.000 pada periode 2029-2030, seiring dengan ekspansi ekonomi nasional yang berkelanjutan.",2026-04-27T08:44:53.000Z,https://www.threads.com/@sahamimpian.id/post/DXoP2esjpkK,IHSG,2026-05-05T16:56:13.978865
alice.jean17,bener2 udah gua jualin 2 hari lalu dia malah naek tinggi 😭😭😭😭😭🙏🏻,2026-01-15T03:00:05.000Z,https://www.threads.com/@alice.jean17/post/DTg_T1KD7we,IHSG,2026-05-05T16:56:14.080710
neliminja,"Klo liat Index luar pada menghijau. Tp ntahlah dgn IHSG nanti.
Karna minggu lalu baru ada pengumuman HSC list, agak ga yakin market kita ikutan menghijau.. 😔😔",2026-04-05T23:09:34.000Z,https://www.threads.com/@neliminja/post/DWxJUVIkmvK,IHSG,2026-05-05T16:56:14.173821
imeiiii_,"Jangan bilang coba dulu 2 tahun,
Ini omongan dari 10 tahun yang lalu
Jangan bilang mau siapapun presidennya, nyari duit tetep sendiri.
Jangan bilang program nya bagus, tapi pelaksana nya yang korup.
Logic nya Kalo program bagus, gak akan ada celah buat korup.
1. dolar tembus 17300an,
2. Defisit APBN 240T per maret
3. IHSG MINUS 17.55% DALAM KURUN WAKTU 4 BULAN
4. Koperasi merah putih
5. Pembelian ribuan motor buat SPPG
6. Coming soon
Rekap kinerja buruk prabowo gibran",2026-04-25T16:14:09.000Z,https://www.threads.com/@imeiiii_/post/DXj5rM9D1X4,IHSG,2026-05-05T16:56:14.291380
happytrader.co,"Ternyata benar,
Ritel cuma tau luarnya doang.
Real smart money sudah paham sampai ke akar masalah, respect koh
@_michaelyeoh
Mulai make sense apa yang dikatakan Koh MY bahwa bottom IHSG 6000 🥲
2x 3x ARB bisa sih emiten di daftar HSC 🙈",2026-04-03T01:53:28.000Z,https://www.threads.com/@happytrader.co/post/DWptsGkFG-k,IHSG,2026-05-05T16:56:14.396741
joshua_pasaribu,Ini IHSG pada naik kenapa BIGBANK kek cipet gini ya😒,2026-04-13T07:37:40.000Z,https://www.threads.com/@joshua_pasaribu/post/DXEFB04kZOQ,IHSG,2026-05-05T16:56:14.479002
atlitsaham,"IHSG merah lgi kah.
Pasar us merah.. brent merah..",2026-04-30T01:14:29.000Z,https://www.threads.com/@atlitsaham/post/DXvKsO5E1iS,IHSG,2026-05-05T16:56:14.557150
alvinantoniow,Akhirnya IHSG naik 😭 dari berita perang timur tengah udah reda ya? Butuh temen diskusi,2026-04-08T06:13:01.000Z,https://www.threads.com/@alvinantoniow/post/DW3DXg7Ce4n,IHSG,2026-05-05T16:56:14.636327
adistialuksida,"mau jadi apa ini dunia investasi 😂😂😂
rupiah melemah, emas turun , saham bigbank anjlok, ihsg ya pastinya mengikuti",2026-04-24T05:51:28.000Z,https://www.threads.com/@adistialuksida/post/DXgNnsgkxr8,IHSG,2026-05-05T16:56:14.732413
esmeraldaa_a,"Jujur udah di fase lelah lihat IHSG. Di obok2 mulu gess. Hari ini hijau besok merah, repeat.
Udah kayak saham gorengan aja 😭",2026-04-07T09:27:47.000Z,https://www.threads.com/@esmeraldaa_a/post/DW003IEGnOO,IHSG,2026-05-05T16:56:14.937401
yenni_84,Klu keadaan global udah adem ihsg rebound 3 saham itu cpt kekereknya,2026-04-30T09:15:12.000Z,https://www.threads.com/@yenni_84/post/DXwBtFzkbQf,IHSG,2026-05-05T16:56:17.956879
ekjlifestory,"Kuncinya hanya sabar. IHSG dr 9k ke 7k, tunggu saat IHSG meleduar. Di sana kita sujud sukur. 🔥",2026-04-30T10:14:25.000Z,https://www.threads.com/@ekjlifestory/post/DXwIey7mXpX,IHSG,2026-05-05T16:56:18.045614
widowati_maisarah,"Rupiah merosot sampai 17.500 per dollar, IHSG jeblok, investor pada pergi, PHK meningkat, cari kerja makin susah, harga sembako naik terus...
Tapi MBG jalan terus, media nasional malah live streaming nikahan selebritis, zulkifli hasan bilang siswa² yg keracunan itu cuma acting, dan presiden kita pulang lawatan langsung kondangan.
BISA GAK KITA BERJAMAAH DOAIN PARA PEJABAT NEGARA INI???
widowati_maisarah",2026-04-27T04:15:51.000Z,https://www.threads.com/@widowati_maisarah/post/DXnxD_rk1fD,IHSG,2026-05-05T16:56:18.337195
jakbal_thrift,Asing sudah pindah ke Vietnam🥹,2026-04-25T03:40:43.000Z,https://www.threads.com/@jakbal_thrift/post/DXijc64E_wZ,IHSG,2026-05-05T16:56:18.430958
afif_abu_ibrohim_latin,"Memang seperti itu uang berputar. Vietnam lagi bullis, IHSG lagi otw bottom, nanti saat IHSG rebound, 100% asing masuk lagi.
afif_abu_ibrohim_latin",2026-04-25T03:58:07.000Z,https://www.threads.com/@afif_abu_ibrohim_latin/post/DXilcU_ETmG,IHSG,2026-05-05T16:56:18.517681
andriandavinta_,"DYOR. Analisa kembali, atur risk management, dan punya trade plan.
Knp aku prefer Spring? Karena tanda ad demand di sahamnya sprt HMSP, WIIM, MBMA, dll
dgn kriteria ini kita entry saham diharga banyak transaksi & blm rally sehingga mengurangi risiko loss. Aku prefer SUPA karena lbh liquid.
Apa saja kriterianya?
1. Wyckoff Spring
2. Relative Volume > 3x Vol MA 20
3. harganya di bawah POC Volume Profile
ini aku share pantauan dari screener aja.
Pantauan Saham IHSG 29 April",2026-04-29T11:11:32.000Z,https://www.threads.com/@andriandavinta_/post/DXtqOUOFP3o,IHSG,2026-05-05T16:56:18.656261
bqmira19,"Kalo konten saham udah mulai rame lagi d thread, artinya ihsg mulai rebound🤣🤣🤣",2026-04-14T05:53:36.000Z,https://www.threads.com/@bqmira19/post/DXGd6lMEYNa,IHSG,2026-05-05T16:56:18.759980
stocks_ninja.id,"IHSG hari ini naik 4.42%, perlu hati-hati ada gap lumayan besar di range 7000 - 7125.",2026-04-08T10:01:12.000Z,https://www.threads.com/@stocks_ninja.id/post/DW3dercEs7m,IHSG,2026-05-05T16:56:18.868022
kuntoajiw,"Sedang menimbang, cash ngendap di RDN ihsg buat siap-siap balik arah, atau beralih ke aset lain.",2026-03-27T07:35:39.000Z,https://www.threads.com/@kuntoajiw/post/DWYTSPLkbCV,IHSG,2026-05-05T16:56:21.936349
irwandiferry,alih aja udah,2026-03-27T08:38:47.000Z,https://www.threads.com/@irwandiferry/post/DWYagnykmuV,IHSG,2026-05-05T16:56:22.039329
sobatporto,"$IHSG
Kondisi IHSG masih berada di area resist",2026-04-20T01:47:43.000Z,https://www.threads.com/@sobatporto/post/DXVei11k2c-,IHSG,2026-05-05T16:56:22.138485
imamyogaaa,"Saya sudah rangkumin poin-poin krusialnya di sini.""
Catatan penting dari sesi Live Koh MY: Ada satu pola Price Action.
Ketakutan terbesar muncul dari isu geopolitik dan kebijakan energi global yang mencekik.
Banyak yang mengira ini akhir dari market Indonesia karena penurunan mencapai -23%.
IHSG SEDANG BERDARAH DAN SEMUA ORANG PANIK JUAL RUGI.",2026-03-29T05:13:38.000Z,https://www.threads.com/@imamyogaaa/post/DWdMnyfEU9k,IHSG,2026-05-05T16:56:22.275659
rumatela05,"Kata gemini israel punya 90 hulu ledak nuklir. 3 saja yang tembakin ke Iran, gencatan senjata batal, oil lompat ke 200, IHSG terjun 4000.",2026-04-08T01:18:21.000Z,https://www.threads.com/@rumatela05/post/DW2hpROkmKI,IHSG,2026-05-05T16:56:22.384426
robbyyyyy_21,"Purbaya hari ini proyeksikan IHSG tembus 28.000 di 2030. Banyak yang ketawa. Gue sih enggak. Lihat datanya dulu. 2002 IHSG di level 400. 2009 udah di 2.500, naik lebih dari 6x dalam 7 tahun. Itu bukan kebetulan, itu siklus ekspansi ekonomi yang berjalan penuh. Sekarang kita di 7.000. Kalau ekspansi berlanjut sampai 2029-2030 dengan pertumbuhan ekonomi di atas 5-6%, bahkan target 8% yang disebut pemerintah, secara historikal indeks bisa naik 4-5x dari titik sekarang.",2026-04-27T12:52:26.000Z,https://www.threads.com/@robbyyyyy_21/post/DXosLfOCYqB,IHSG,2026-05-05T16:56:22.494217
naamanwewin,"RITEL:
“😱😱😱Pak Purbayaa, tolooooonngggg !!!!”
INFLUENCER SAHAM:
Bye,tutup porto, jalan2 dulu ✈️🚗🗽🚊🌄🌉.
Kala IHSG merah:",2026-03-16T04:07:11.000Z,https://www.threads.com/@naamanwewin/post/DV7mrtvDMMm,IHSG,2026-05-05T16:56:22.611429
widipardiyawan,"prediksi ihsg dan menu besok akan di update nanti malam ya, semoga ga keturon 😆",2026-04-29T08:53:28.000Z,https://www.threads.com/@widipardiyawan/post/DXtabA1FHlt,IHSG,2026-05-05T16:56:22.809331
happytrader.co,"Ritel udah pada kebelet IHSG ke 12.000 ✌️
Semoga ada deal dari kedua belah pihak 😎
IRAN dan USA mau ada pertemuan lagi untuk membahas negoisasi lebih lanjut,
Dengan adanya pertemuan sudah bertanda baik dengan turunnya harga minyak.",2026-04-21T00:21:50.000Z,https://www.threads.com/@happytrader.co/post/DXX5gqmk7Qu,IHSG,2026-05-05T16:56:22.923356
ininana735,IHSG merah tapi running trade kok rame yg itu2 lagi,2026-04-26T07:28:25.000Z,https://www.threads.com/@ininana735/post/DXliTbTE3Zs,IHSG,2026-05-05T16:56:23.007512
ombentrader,"Penurunan IHSG 2 hari secara masif adl bukti berlakunya gaya gravitasi bumi
Itulah sebabnya kalo naik butuh proses lama, turun nya cepet
Sebagai ritel cerdas kita hindari jargon ""SAYA AKAN LAWAN !!!""",2026-04-24T09:59:40.000Z,https://www.threads.com/@ombentrader/post/DXgqBjZE3oX,IHSG,2026-05-05T16:56:25.908775
zhuanmologi,"#PADI
Uptrend masih terjaga dengan harga bertahan di atas MA200, dan saat ini sudah kembali ke atas MA50 dan berpotensi menuju 179
Buy @125
Stoploss
@113
Take Profit 179
#saham
#IHSG
#tradingidea",2026-04-10T04:48:41.000Z,https://www.threads.com/@zhuanmologi/post/DW8DTlQAZIJ,IHSG,2026-05-05T16:56:26.104473
imamyogaaa,"Tanpa penguatan perbankan besar, porto ritel yang tidak siap akan ikut terbakar.
Beban indeks sangat berat karena BREN & DSSA masuk list HSC. IHSG hanya bisa selamat jika BBCA, BBRI, BMRI, BBNI, dan
TLKM kompak naik minimal 5% sekaligus.
IHSG BISA MERAH TOTAL SENIN 6 APRIL, APAKAH PORTO KAMU SIAP?",2026-04-03T12:32:56.000Z,https://www.threads.com/@imamyogaaa/post/DWq23srEcOu,IHSG,2026-05-05T16:56:26.216250
bunga11_11,"Tanya pak.. apa maksud kalimat "" IHSG hanya bisa selamat jika BBCA,BBRI,BMRI,BBNI dan TELKOM kompak naik minimal 5% sekaligus?
Apa itu artinya harga saham 5 emitten tsb bakal naik?",2026-04-03T14:33:00.000Z,https://www.threads.com/@bunga11_11/post/DWrEnElGfhv,IHSG,2026-05-05T16:56:26.308779
viviverlisya,"Semoga ini awal mula utk IHSG kembali bullish dan capai 10k ya 🙏
R selanjutnya di 7500, ada potensi akan koreksi dulu, sblm membentuk pola IHNS dgn target 8000 😆
IHSG kembali rally, di lead dengan saham konglo favorit ritel unyu 👌🏻",2026-04-10T03:15:25.000Z,https://www.threads.com/@viviverlisya/post/DW74oc7EjkD,IHSG,2026-05-05T16:56:26.420934
wuchun2987,"Woyy, ini IHSG kenapa dahh?? Katanya klo lagi perang, sektor oil dan emas hrsnya kan naik ya..tp ini knp pada anjlok semua 🤧 pdhl harga oil dunia udh naik..",2026-03-04T08:36:05.000Z,https://www.threads.com/@wuchun2987/post/DVdL6xqE7wT,IHSG,2026-05-05T16:56:26.514783
hijklm.family,"btw kyknya mending aku belajar scalpingan saham King Belpin aja mulai skrg 😆
tp tangan gatel ya, kmrn entry KIJA 10 jutaan dibawa turun,
eh malah ada bid order 5 jt yg lupa kehapus jg
alhasil dobel order KIJA 😆
cutloss gak ni?
sebenernya sejak liat yutub Pak Gema, aku udah jarang bgt trading
mending simpen cash buat persiapan IHSG crash lebih dalam",2026-04-23T08:03:21.000Z,https://www.threads.com/@hijklm.family/post/DXd36u1kieH,IHSG,2026-05-05T16:56:26.825399
happytrader.co,"Saya setujuu 1000% 👌
Ci Tjoeay dengan tegas dan lugas mengatakan IHSG tidak mungkin turun ke frontier 🔥
Keren ci
@tjoeay",2026-04-06T13:45:38.000Z,https://www.threads.com/@happytrader.co/post/DWytkwxlDqa,IHSG,2026-05-05T16:56:27.335735
fdnzl24,Lebih serem IHSG tahun lalu apa tahun ini geys? wkwk,2026-02-02T07:57:35.000Z,https://www.threads.com/@fdnzl24/post/DUP3qcfkaNe,IHSG,2026-05-05T16:56:30.337660
rifa.ahmd,"10 votes · Poll ended
So pasti tidak bisa berharap ke big banks, krn ada potensi kita dibawa ke frontier market dan pasti big banks jadi bulan bulanan kalo itu jadi😁.
Gaes, kalo bener target Menkeu IHSG 10rb akhir tahun, 2030 IHSG 28rb, kira2 konglo mana yg bakal jadi “backbone” IHSG menemani BREN TPIA nya pak PP + DSSA nya Sinarmas? Karena kmrn IHSG ke 9000an digendong mereka😁.",2026-05-01T13:13:52.000Z,https://www.threads.com/@rifa.ahmd/post/DXzB0CKk6Rg,IHSG,2026-05-05T16:56:30.485867
pangeran_gareng,"Kalau kalian gimana, suka saham tipe gini juga 😬
Bekicot disini maksud ane, kalau temen temen perhatiin chart hariannya beuh cuma sisiran doang, trading halt juga minus tipis ada gonjang ganjing news IHSG ya anteng pokoknya bekicot 😆✌🏻 <== atau biasanya disebut saham anti badai
Jujur ane sebagai penganut aliran dividen investing seneng banget kalau nemu saham yang kalau ditarik 3 atau 5 tahun kebelakang harganya itu ndak sideways di range harga itu saja ✌🏻😆
Saham Bekicot Penghasil Dividen 🐌💸",2026-04-20T05:30:32.000Z,https://www.threads.com/@pangeran_gareng/post/DXV4C32kyH7,IHSG,2026-05-05T16:56:30.605813
gemathebillionaire,"So, hati-hati guys untuk sekarang ini
Dan di fase seperti ini:
1. Yang buru-buru entry → biasanya nyangkut
2. Yang ikut berita → sering salah arah
3. Yang tidak punya timing → cuma jadi penonton yang panik
Tapi yang akan kita hadapi kedepan adalah market yang sideways dan akan semakin chaos karena sentimen yang terus berubah ubah.
IHSG sudah menjalankan skenario yang kemarin saya sampaikan.
ABC correction terjadi… dan market merespon sesuai timingnya.
gemathebillionaire",2026-04-10T04:02:55.000Z,https://www.threads.com/@gemathebillionaire/post/DW7-EDBky16,IHSG,2026-05-05T16:56:30.738718
ekjlifestory,"DYOR!!!! 😆
Intinya:
Index AS sudah ATH. Perang ini secara hasil AS di atas angin. Terlepas ada impactnya atau tidak ke negara kita, semoga kondisi2 begini cpt hilang. Jadi faktor2 yg bisa memengaruhi IHSG berkurang dulu. HAHAHAHA.
- Alasan: buang2 waktu & kerja WKWK.
- Iran dinilai terpecah scr internal.
- Tidak jelas siapa pemimpinnya.
- AS merasa pegang kendali.
- Kalau butuh, mereka yg undang AS.
UPDATE!: Trump tunda diskusi ke Islamabad. 😅",2026-04-26T05:00:49.000Z,https://www.threads.com/@ekjlifestory/post/DXlRafGAQjM,IHSG,2026-05-05T16:56:30.868515
mirzaidhams,"Mulai merasakan enak nih, beli saham pas murah2. Skrng turun lagi, apakah waktunya belanja?
Selama 5 tahun, BBNI kasih deviden Yield sekitar 14%/tahun, belum lagi kenaikan harga saham setiap tahun.
Pas jaman Covid, aku beli saham BBNI diharga 2468 itupun aku ragu apakah masih bisa turun lagi? Yaudah deh all in kesitu.
Nyobain beli saham di masa IHSG turun",2026-03-26T00:15:47.000Z,https://www.threads.com/@mirzaidhams/post/DWU8JrAElSl,IHSG,2026-05-05T16:56:31.006695
si_penggembira,"Ada yang mau nambahin?
Top 4 film terhoror minggu ini :
1. BBCA 5850
1. BBRI 2990
3. IHSG < 7000
4. Rupiah 17.350.",2026-04-30T11:08:43.000Z,https://www.threads.com/@si_penggembira/post/DXwOskyiWHA,IHSG,2026-05-05T16:56:31.134029
meng_kim12,"Tidak tahulah ya apa yg akan terjd nanti. Semoga semua baik2 saja...yg jelas IHSG makin nyungsep 👎👎
Kemungkinan besar tgl 4 Mei 2026 dollar jadi 17.400 - 17.500
Solarpun mulai antri panjang.",2026-04-30T06:20:25.000Z,https://www.threads.com/@meng_kim12/post/DXvts-ZEqU9,IHSG,2026-05-05T16:56:31.250064
fahrurozidani,Kenapa ketika saham Pak PP realy IHSG langsung ijo Royo Royo apakah saham pak PP penopang IHSG ? 😆,2026-04-13T12:58:24.000Z,https://www.threads.com/@fahrurozidani/post/DXEpu8Jk4Q4,IHSG,2026-05-05T16:56:31.337463
sahamstockidn,"Pertanyaannya:…
Walaupun menurut gw mencapai IHSG di angka 14.000 terlalu optimis, tp saya cukup yakin IHSG bisa tembus ATH lagi yg pernah dicapai di angka 9.100an di tahun ini.
Dengan latar belakang gw di bidang ekonomi, video dari Sucor Sekuritas ini menurut gw cukup menarik.",2026-04-03T06:23:53.000Z,https://www.threads.com/@sahamstockidn/post/DWqMot3EyMY,IHSG,2026-05-05T16:56:31.465413
angelica.jonatan,"*Source : bloombergbusiness
IRAN mengumumkan bahwa Selat Hormuz dibuka sepenuhnya untuk komersial 🔥🔥
Semoga senin IHSG to the moon 🚀
angelica.jonatan",2026-04-17T14:11:36.000Z,https://www.threads.com/@angelica.jonatan/post/DXPFSmLEW6k,IHSG,2026-05-05T16:56:31.738051
wahyutaufik_,Ayolah IHSG segerakan 6900 nya,2026-04-29T02:06:15.000Z,https://www.threads.com/@wahyutaufik_/post/DXsr0fiGj-M,IHSG,2026-05-05T16:56:31.953985
rudiraind,"Pasar kita punya ciri khas likuiditas tidak merata. 📌 Banyak saham dikendalikan pihak tertentu..
Apa masalah utamanya?
Bukan di harga.
Bukan di ekonomi makro.
Tapi di Struktur pasar.
1. IDENTIFIKASI MASALAH
Kenapa tiba-tiba Indonesia sibuk dengan MSCI?
Karena ada satu kekhawatiran besar yaitu IHSG terlihat kuat, tapi mungkin tidak “setahan itu”
Mari kita bedah pelan-pelan, bukan dari berita, tapi dari struktur.
Siapa yang sebenarnya menopang pasar kita?",2026-04-04T04:30:52.000Z,https://www.threads.com/@rudiraind/post/DWskfyWEcE3,IHSG,2026-05-05T16:56:32.079685
hizkiakim,"Hari ini IHSG serem banget ya, BBCA bakal dibawah 6k kyknya 🤭",2026-04-24T04:35:21.000Z,https://www.threads.com/@hizkiakim/post/DXgE6NED51X,IHSG,2026-05-05T16:56:32.167881
verona.valencia99,"Lumayaan belanja hari ini..
verona.valencia99",2026-04-28T11:09:52.000Z,https://www.threads.com/@verona.valencia99/post/DXrFPMbCYgx,IHSG,2026-05-05T16:56:32.265680
agungpharm,"Bahkan di tahun 2026 jelas sekali akan tumbuh lagi karena dapat efek menguntungkan dari kondisi geopolitik
Aset tumbuh 6,24%
Ekuitas tumbuh 15,9%
Dengan ROA 18,39%
ROE 30,36%
Pendapatan tumbuh 28,73%
Laba bersih tumbuh 34,04%
Baru selesai baca manual laporan keuangan tahunan full year 2025 sebuah perusahaan sebanyak 392 halaman, Laporan keberlanjutan (ESG) sebanyak 246 halaman.",2026-04-10T05:53:16.000Z,https://www.threads.com/@agungpharm/post/DW8Ksj_gR1M,IHSG,2026-05-05T16:56:32.390975
ekjlifestory,"Note:
Hati2. IHSG sy mau hijau tp gak tau market setuju atau tdk. Jgn mengkhayal saat eksekusi emiten. Stay waras. Screener di bio! ⚠️
ASPR
MEDS
AKRA
D***
L***
Cek screener
Cek screener
Cek screener
Cek screener
Cek screener",2026-04-28T00:00:25.000Z,https://www.threads.com/@ekjlifestory/post/DXp4n7oj04c,IHSG,2026-05-05T16:56:32.494766
cecilliasantoso_,"IHSG Positif.
Positif anjlok 🫠🫠🫠
Satu²nya yang oke hari ini, dapat uang duka dari BBNI, tapi buat avgd BBNI 😂
Gitu aja terus sampai Trump jadi budeg atau ketimpuk rudal 🤧
cecilliasantoso_",2026-04-07T02:18:59.000Z,https://www.threads.com/@cecilliasantoso_/post/DW0DydFAeUp,IHSG,2026-05-05T16:56:32.593851
virgo.invest,"Senin bakalan berdarah parah, Total dana asing paling minim keluar dari indonesia jika mengikut kurs saat ini sekitar 42,7 Triliun rupiah 😢
#ihsg #saham #market #",2026-04-26T13:59:15.000Z,https://www.threads.com/@virgo.invest/post/DXmPBq5E_5J,IHSG,2026-05-05T16:56:35.512932
happytrader.co,"Semoga IHSG hijau pekat
US dan IRAN setuju genjatan senjata selama 2 minggu
Harga Oil turun signifikan",2026-04-07T23:57:52.000Z,https://www.threads.com/@happytrader.co/post/DW2YbyTk5dC,IHSG,2026-05-05T16:56:35.623760
karyawanbercuan,"Ini bukan bull market. Ini:
fragile rally di atas ketidakpastian
Kenapa IHSG masih bisa naik ke 7500–7600?
Simple:
liquidity + positioning
Tapi:
inflasi naik
demand turun
geopolitik gagal deal
Sekarang lu harus jujur baca kondisi
Market sekarang:
Naik karena harapan de-eskalasi
Ini sinyal klasik:
foreign belum balik → trust belum ada
Rupiah masih lemah
17,000-an",2026-04-13T13:47:53.000Z,https://www.threads.com/@karyawanbercuan/post/DXEvZaJidK6,IHSG,2026-05-05T16:56:35.748032
ssamuel_rp,"Saham Pom² BAPA
*Saham volatil kelas bulu (bisa Ara-Arb) potensi msh perform :
OPMS, MDIA, PIPA, PADA, DIVA, BPTR, TRUK, BAPA
*Saham volatil dng volume besar kemarin : BNBR, PADI, TPIA, MINA
*Saham2 yg dapat di perhatikan hr ini:
BBCA, BMRI, BBRI
Perkiraan IHSG akan bergerak pada Senin (13/4) antara 7200-7500",2026-04-13T01:44:05.000Z,https://www.threads.com/@ssamuel_rp/post/DXDckFsAQZF,IHSG,2026-05-05T16:56:35.881562
adelonnataa,"Serangan terjadi pukul 23:50 waktu Kuwait, 5 April.
Market belum buka… tapi sentimen sudah hancur duluan.
Besok IHSG siap-siap longsor.",2026-04-05T21:11:11.000Z,https://www.threads.com/@adelonnataa/post/DWw7xO0jJQP,IHSG,2026-05-05T16:56:35.974913
candra_jayadii,"Siapa lagi yg akan downgrade ya ?
Catatan 2026 IHSG crash dari 9000
Dimulai end January 28
1. MSCI mology per VOC dah Hancur.
2. Moody downgrade
3. S&P downgrade
4. Perang Iran, blokade Selat Hormuz
5. Fitch downgrade
6. ???",2026-03-04T05:31:20.000Z,https://www.threads.com/@candra_jayadii/post/DVc2xkIEt_h,IHSG,2026-05-05T16:56:36.089823
serli_sara2200,"IHSG kenapa sih 🥹, buka portofolio bikin mental down 😭",2026-04-24T04:10:16.000Z,https://www.threads.com/@serli_sara2200/post/DXgCCb3iZvg,IHSG,2026-05-05T16:56:36.176961
dyocta_ngopi,"Di balik IHSG yang koreksi, ada asing yang lagi asik koleksi 🤫
FYI, net buy asing hari ini tembus 1,1T. Bukan angka yang kecil untuk transaksi 1 hari",2026-03-09T12:41:10.000Z,https://www.threads.com/@dyocta_ngopi/post/DVqf8MHEVin,IHSG,2026-05-05T16:56:36.453256
jagosahamindonesia,"Trump ""nyenggol"" Iran, harga minyak Brent futures Juni langsung meroket ke $126/barel. Level tertinggi sejak 2022. Market global lagi chaos, dan IHSG kena getahnya terjun ke 6.900. Rupiah? Patah hati di Rp17.400. Mari kita bedah logikanya. ☕️
jagosahamindonesia",2026-04-30T08:57:51.000Z,https://www.threads.com/@jagosahamindonesia/post/DXv_t9Wid8i,IHSG,2026-05-05T16:56:36.598143
alditama,"Anjlok bgt ini saham BCA, average gw di 10,169 🥲 banyak investor asing pada jual krn pindah ke emiten emas. Bank lain juga kena imbasnya. Ada yang senasib ga nih?",2025-09-08T15:28:51.000Z,https://www.threads.com/@alditama/post/DOWKdABkwqq,IHSG,2026-05-05T16:56:39.929130
mang.amsi,"AWAL TAHUN OPTIMIS… SEKARANG PORTOFOLIO MALAH BIKIN ""NANGIS""?",2026-04-07T09:51:40.000Z,https://www.threads.com/@mang.amsi/post/DW03mFFkZPX,IHSG,2026-05-05T16:56:40.065842
mang.amsi,"Sampai akhirnya sekarang di bawah 7.000. Dan di titik ini, banyak yang baru sadar: ini bukan sekadar koreksi biasa.
Dari awal tahun 2026, IHSG tidak langsung jatuh. Dia turun pelan. Dari 9.000-an, sempat dianggap “koreksi sehat."" Lalu turun lagi, dibilang “kesempatan buy.""",2026-04-07T09:51:40.000Z,https://www.threads.com/@mang.amsi/post/DW03mHTkSbB,IHSG,2026-05-05T16:56:40.196502
mgmpekonomijt1,IHSG kita sedang buruk bung. Ada yang tahu penyebany apa?,2026-05-01T00:51:38.000Z,https://www.threads.com/@mgmpekonomijt1/post/DXxs3sOj_L2,IHSG,2026-05-05T16:56:40.329440
a.ily__,"Dan akhirnya boom!
Harga Normal IHSG sebenarnya 7rb an. Namun pak Menkeu memaksa IHSG naik hanya beberapa bulan tembus 9.000 untuk mendapatkan pujian dari pada investor dan akhirnya MSCI curiga kalau sebenarnya saham di Indonesia kebanyakan ga jelas.
Yang buat IHSG turun bukan Karena MSCI, tapi karena PEMERINTAH.",2026-02-02T14:07:32.000Z,https://www.threads.com/@a.ily__/post/DUQiABkkmyE,IHSG,2026-05-05T16:56:40.462055
prdhna_,"Kalau ditarik pelan, ini nyambung ke problem yg lebih gede, IHSG sesi pertama naik 0,65% ke 7.175,62. Yang menarik, bank jumbo rame transaksinya, tapi justru saham tambang yg jadi penarik utama indeks hari ini.",2026-04-30T04:00:14.000Z,https://www.threads.com/@prdhna_/post/DXvdpPfmBcY,IHSG,2026-05-05T16:56:40.555070
bang.mentari,"IHSG lagi seger banget naik sampe 4 persenan gara-gara sentimen global. Lumayanlah buat yang punya portofolio saham, bisa senyum dikit hari ini. Ekonomi pelan-pelan stabil semoga dampaknya berasa sampe ke kita yang rakyat biasa.",2026-04-09T02:42:13.000Z,https://www.threads.com/@bang.mentari/post/DW5QA0ZE-v0,IHSG,2026-05-05T16:56:40.651052
rahma.nadk1,IHSG berdarah 📉 dollar naik 📈 pertanda apa ini ? 🫣,2026-04-23T03:54:54.000Z,https://www.threads.com/@rahma.nadk1/post/DXdbe-ik99Z,IHSG,2026-05-05T16:56:40.749549
salim_dinata,"Nasib WNI
Tapi kata pemimpin kita ""Indonesia Terang"" yg bilang Indonesia Gelap disuru kabur dulu aja
Rupiah melemah sampai hampir 17.400
IHSG jeblok di bawah 7.000",2026-04-30T04:16:53.000Z,https://www.threads.com/@salim_dinata/post/DXvfkLDkfVo,IHSG,2026-05-05T16:56:40.864722
ferwij,"Mohon advice suhu2. Hehe
Waktunya entry beli saham ga nih? Mumpung IHSG lg jeblok. Atau masih bakal jeblok lg?",2026-01-30T00:48:55.000Z,https://www.threads.com/@ferwij/post/DUHYOMikxsk,IHSG,2026-05-05T16:56:40.964369
dhiahft,"Ihsg anjlok
Apakah investasi di konoha ini sudah ga worth it?",2026-04-30T03:08:25.000Z,https://www.threads.com/@dhiahft/post/DXvXutdmcwW,IHSG,2026-05-05T16:56:41.056316
tonnikho,"Warbyasah IHSG✨
Opening pagi ini ga jebol bikin gap down dalem kayak gold spot 😂.",2026-04-13T02:07:50.000Z,https://www.threads.com/@tonnikho/post/DXDfSCMktsX,IHSG,2026-05-05T16:56:43.686511
kikirizkymeilinda,"Kak ini besok masih ada kemungkinan turun kah?
kikirizkymeilinda",2026-04-13T02:22:14.000Z,https://www.threads.com/@kikirizkymeilinda/post/DXDg7nJkVhj,IHSG,2026-05-05T16:56:43.778486
rudiraind,"Hari ini saya start cicil pelan-pelan EMAS, AADI, NCKL, dengan pertimbangan sebagai berikut :
Gak apa, artinya rezekinya segitu, toh sudah sesuai target..
Ternyata pagi ini IHSG naik lebih dari +1%, luar biasa, padahal saya sudah banyak keluar posisi kemarin, menduga IHSG akan koreksi, ternyata salah..",2026-04-14T03:11:42.000Z,https://www.threads.com/@rudiraind/post/DXGLYygkRX4,IHSG,2026-05-05T16:56:44.015508
hengky.lim.9,"Penutupan menjelang libur akhir pekan, IHSG berhasil di bawa naik 3 hari berturut2 meninggalkan area GAP UP dan juga kenaikan hari ini tepat berada di bawah TRENDLINE RESISTANCE KUAT 7.486 , jadi skenario besok SENIN,
* IHSG kemungkinan masih akan menguji area resistance tsb, bisa juga di dorong oleh sektor perbankan dan saham2 konglo lainnya yg masih belum bergerak tinggi.
* IHSG bergerak koreksi membuat area pijakan baru nya d sekitar area 7.150 & 7.300 ( gap up)
Update 10 April 26",2026-04-10T09:55:23.000Z,https://www.threads.com/@hengky.lim.9/post/DW8mZ6wARgF,IHSG,2026-05-05T16:56:44.138988
rizkiakbr,ASTAGAAA INI SAHAM BEGINI SEMUA HARI INI?! KAPAN DAH IHSG 9 REBU LAGI 🥺,2026-04-30T04:17:43.000Z,https://www.threads.com/@rizkiakbr/post/DXvfqOBk-_G,IHSG,2026-05-05T16:56:44.217970
maufiqur,"Udah rugi setengah ember,
Lebaran kali ini gabisa beli baju baru dulu",2026-03-09T03:22:39.000Z,https://www.threads.com/@maufiqur/post/DVpgBecAVIK,IHSG,2026-05-05T16:56:44.309079
motheroftwosholihboy,"Market IHSG lagi gak baik2 aja. Bersyukur sblm libur long weekend udah tutup posisi. Mending CL sblm makin anjlok. Gatau deh senin kaya gimana #IHSG
motheroftwosholihboy",2026-04-03T03:22:32.000Z,https://www.threads.com/@motheroftwosholihboy/post/DWp34e-mpdF,IHSG,2026-05-05T16:56:44.396254
skystocks_,"Mumpung IHSG lagi merah waktunya nyerok nih 🥰
Siapa yang gajian bulan ini pengen masukin semua ke saham? 😂
Haloo warga threads, porto kalian aman?",2026-04-30T10:31:58.000Z,https://www.threads.com/@skystocks_/post/DXwKfZsieFT,IHSG,2026-05-05T16:56:44.487430
defriscreamo,"*IHSG*
Struktur Candlestick Terakhir
- Terlihat downtrend jangka pendek setelah gagal bertahan di area ±7.700
- Candle merah beruntun → tekanan jual dominan
- Harga sekarang di sekitar 7.070 (area psikologis 7.000)
➡️ Ini menunjukkan market sedang fase distribusi / koreksi, bukan sekadar pullback ringan",2026-04-29T01:27:20.000Z,https://www.threads.com/@defriscreamo/post/DXsnXhEAUxX,IHSG,2026-05-05T16:56:44.563084
hengky.lim.9,"Berikut analisa iseng2 aja pas lg asik screening saham, trnyta ada 1 saham banking yg sudah dekat area TREND KUAT sepanjang masa nya.
Update 24 April 26",2026-04-24T12:30:28.000Z,https://www.threads.com/@hengky.lim.9/post/DXg7SDiAce8,IHSG,2026-05-05T16:56:44.666422
hengky.lim.9,"Notes : analisa ini jika IHSG MASUK SKENARIO 1
ada yg menarik dari BBRI, kalau pakai time frame monthly, maka bisa di lihat TRENDLINE SUPPORT KUAT BBRI ada di area 2.850 - 2.950 ( kurang lebih di range ini ) , sebagai area terkuat sepanjang masa nya di 2014 , 2020 & 2026 , jadi penurunan kali ini kemungkinan masih ada 1x lagi dekat area tsb, dimana IHSG masih ada area gap trakhir di 7.022 ( jika skenario 1 ) lalu rebound masuk ke fase BULLISH kembali.
Update 24 April 26",2026-04-24T12:30:31.000Z,https://www.threads.com/@hengky.lim.9/post/DXg7SYIgYwB,IHSG,2026-05-05T16:56:44.772375
abiwidasmara,"Awas lu Trump, jangan berulah minggu depan 🤬
IHSG perlu menembus WEMA 8 untuk melanjutkan kenaikan, kalo bisa tembus semua WEMA biar bull market lagi wkwk 😂
IHSG HIJAU LAGI 🤩 APAKAH SUDAH BOTTOM?",2026-04-10T03:43:46.000Z,https://www.threads.com/@abiwidasmara/post/DW774Ickxy7,IHSG,2026-05-05T16:56:44.871066
fajararif_07,kapan terakhir kali ihsg naik 4% dan stabil keatas grafiknya🗿,2026-04-08T09:01:41.000Z,https://www.threads.com/@fajararif_07/post/DW3Wq42kW0F,IHSG,2026-05-05T16:56:44.951320
sitimarlina.jp,"Semakin saya belajar, semakin saya nyantai untuk trading.
Karna saya belajarnya satu2 dan harus back test analisa saya sendiri, jadi ya harus sabar.
Belajar dari kesalahan selama ini:
1. Saya harus patuh ke trading plan yang saya buat sendiri
2. Jangan kejar harga yg udah naik.
Setelah analisa swing, akhirnya saya nitip sendal.
Yang namanya nitip sendal ya sedikit aja, kalau sesuai analisa bisa langsung nambah muatan, kalau gak sesuai analisa ya CL.
belajarsahampemula",2026-04-29T03:21:15.000Z,https://www.threads.com/@sitimarlina.jp/post/DXs0Z0Nihqm,IHSG,2026-05-05T16:56:45.060502
friskapuccaharun,"Malah ini yang terbaik yg terpilih untuk masa saat ini menurut saya...
friskapuccaharun",2026-04-28T23:04:42.000Z,https://www.threads.com/@friskapuccaharun/post/DXsXCwmEpLL,IHSG,2026-05-05T16:56:45.231890
wendyikr,"Apanya terbaik, rupiah meroket, IHSG ancur.",2026-04-28T23:21:36.000Z,https://www.threads.com/@wendyikr/post/DXsY-hPE41r,IHSG,2026-05-05T16:56:45.313433
ajiwijanarko,"Mulai dari 9 februari, kena msci dll. Hari ini ihsg turun jadi 7.129 🥹
Berharap senin back to the moon. Jika drop terpaksa merelakan profit buat CL🥹",2026-04-24T11:36:26.000Z,https://www.threads.com/@ajiwijanarko/post/DXg1GTwD4fV,IHSG,2026-05-05T16:56:45.391731
bayuardiyan,Ada apa nih dengan market? Seumur-umur baru ngerasain IHSG sehancur ini,2026-01-28T05:02:25.000Z,https://www.threads.com/@bayuardiyan/post/DUCrpKfAYFv,IHSG,2026-05-05T16:56:45.473904
davidcornelism,"Efek dominonya langsung terasa:
— Eropa sudah memperingatkan krisis jet fuel dalam 3 minggu. Dengan blokade total, timeline itu bisa jauh lebih pendek. — Harga bensin AS sudah $4.12/gallon dan akan naik lagi. — Trump mengancam tarif 50% ke China kalau Beijing bantu militer Iran. Artinya: perang dagang + konflik militer berjalan bersamaan. — Ini oil supply shock terbesar sejak 1973.",2026-04-12T16:18:24.000Z,https://www.threads.com/@davidcornelism/post/DXCb066lPdY,IHSG,2026-05-05T16:56:45.579229
davidcornelism,"Lalu apa dampaknya buat Indonesia?
Rupiah akan tertekan keras saat pembukaan Asia hari Senin. Dollar rally hampir pasti terjadi. Oil bill Indonesia naik signifikan — kita importir minyak, bukan eksportir.
Semoga IHSG tidak gap-down. Sektor paling rentan: penerbangan, transportasi, manufaktur, consumer goods. Yang mungkin bertahan atau naik: batubara dan emas — substitusi energi dan safe haven.",2026-04-12T16:18:27.000Z,https://www.threads.com/@davidcornelism/post/DXCb1RKFM6x,IHSG,2026-05-05T16:56:45.682077
saudagar_globaluno_,"Selamat pagi
Yg sudah subuhan ..
Siapkan mental anda jam 09.00
Senin IHSG dug dug weiii...🫣
saudagar_globaluno_",2026-04-26T21:50:39.000Z,https://www.threads.com/@saudagar_globaluno_/post/DXnE-pQkqXc,IHSG,2026-05-05T16:56:45.769748
sarisaokta,"Ihsg anjlok jadi baiknya nabung dimana ini? 😭
Atau beralih ke saham AS aja ya? Tp blm pernah beli saham AS , please warga threads kasih paham dong saham AS apa yg bs hold untuk jangka panjang",2026-05-01T08:43:30.000Z,https://www.threads.com/@sarisaokta/post/DXyi3vvjyWL,IHSG,2026-05-05T16:56:48.637713
greenstocktrader,"Yuk kita simak ⤵️⤵️⤵️
Sebagai seorang trader, kita harus gimana saat IHSG ""merah""?
greenstocktrader",2025-09-09T09:19:52.000Z,https://www.threads.com/@greenstocktrader/post/DOYFBaDk57W,IHSG,2026-05-05T16:56:48.750933
meiza.aditya,"2. 💰 Aksi Asing (Foreign Flow)
• Asing cenderung net sell tipis
• Biasanya ini bikin saham big caps kayak:
1. 🌏 Sentimen Global Masih Nahan
• Pasar lagi nunggu arah suku bunga dari Federal Reserve
• Yield obligasi US masih relatif tinggi → bikin dana asing agak hati-hati masuk ke emerging market kayak Indonesia
Kenapa? Ini faktor utamanya:
IHSG hari ini cenderung bergerak campuran (sideways) dengan kecenderungan agak melemah tipis di sesi akhir.
📊 Kondisi IHSG Hari Ini sangat menarik🔥",2026-04-14T11:24:50.000Z,https://www.threads.com/@meiza.aditya/post/DXHD0mRmoqD,IHSG,2026-05-05T16:56:48.879353
debiiqbal7,"Ini IHSG kenapa ?
Hei orang orang pinter.",2026-04-30T03:55:37.000Z,https://www.threads.com/@debiiqbal7/post/DXvdIXAAVmG,IHSG,2026-05-05T16:56:48.990337
aziss321,Apakah Sudah Bottom dan menuju new ATH?,2026-04-14T04:12:23.000Z,https://www.threads.com/@aziss321/post/DXGSVMWgY8z,IHSG,2026-05-05T16:56:49.088185
vereshanz,"#LK Q3 2025 #BUAH 🤩
Source :Mirrae Asset",2025-10-27T10:31:58.000Z,https://www.threads.com/@vereshanz/post/DQTzbbvAeG5,IHSG,2026-05-05T16:56:49.180646
ruangsaham,Dala seminggu terakhir IHSG -6% jadi yang terburuk se-asia 😭🫣,2026-04-26T11:22:16.000Z,https://www.threads.com/@ruangsaham/post/DXl9ENSDwGT,IHSG,2026-05-05T16:56:49.285182
sitimarlina.jp,"Next target ZATA kira2 sampe mana ya minggu ini??
Hari ini saya nunggu ZATA di 79-88 ternyata dia gak sampe kesana.
Dan inget ya kemarin saya TP HRTA seuprit karna takut diajak turun ke palung mariana.
Tadi pagi saya TP lagi seuprit lagi.
Alhamdulillah bisa buat beli bakso semangkok.
Tadi pagi ikutan webinar BEI IDX Jawa timur, memperingati hari Kartini.
Selamat hari Kartini untuk para wanita Indonesia.
IHSG - 21.04.2026
belajarsahampemula",2026-04-21T09:39:22.000Z,https://www.threads.com/@sitimarlina.jp/post/DXY5UREirWg,IHSG,2026-05-05T16:56:49.430068
theferdians,"Tapi kalo sekalinya patah, turunnya juga bisa dalem banget.
Belum ada patah trend.
Masih. Bullish. Banget.
Ini chart weekly IHSG. Ngeliat chartnya sih keliatannya ada potensi buat ngetes support panjangnya dari 2008, yaitu di sekitar 6000 - 6200. Itu kalo trend jangka panjang yang masih bullish banget.
Nggak pengen spoil the fun, atau fear mongering atau apa lah namanya.",2026-04-14T00:45:35.000Z,https://www.threads.com/@theferdians/post/DXF6qftEnZa,IHSG,2026-05-05T16:56:49.571804
leeyo.nk,"Kayanya kalau dilakukan survey di IHSG, 70% Scalper, 20% Swing/ Day trade, 10% nya lagi memang benar” Investing.",2026-04-23T14:42:54.000Z,https://www.threads.com/@leeyo.nk/post/DXelpGnjyL8,IHSG,2026-05-05T16:56:52.736568
divideninvesting.id,"Dan tdk ngapa2ain
Melihat saham2 lain terbang
Diam diri di pojokan
Apa yg dilakukan?
IHSG utamanya Indeks DIVI30 dalam pekan ini relatif hijau
divideninvesting.id",2026-04-10T04:15:55.000Z,https://www.threads.com/@divideninvesting.id/post/DW7_jk1EmHu,IHSG,2026-05-05T16:56:52.978631
igitpermanasigart,"Untung nya aku gak pegang 1pun saham pak PP 🫩
Kalau dipikir pikir kasian pak PP ya, udah bikin everybody happy dari 2024an sekarang ujung nya gini 🫩
US Stock drop, kepemilikan konsentrasi tinggi di buka, saham saham pak PP entah gimana kabarnya Senin. Semoga gak ARB berjilid jilid tapi kemungkinan besar pasti Out MSCI 🫠
Gak kebayang besok Jumat kalau BURSA buka, IHSG udah pasti kena bantai 😐😐
igitpermanasigart",2026-04-02T13:50:59.000Z,https://www.threads.com/@igitpermanasigart/post/DWobAeSIEYc,IHSG,2026-05-05T16:56:53.106475
sahamstockidn,"Tapi jika jebol di bawah 6,917…
Nanti lihat lagi di area 6,700-an dan 6,600.
Thesis gw hari ini IHSG akan close di area 6,900-7000an dan membentuk double bottom, memantul hari Senin.",2026-04-30T05:42:50.000Z,https://www.threads.com/@sahamstockidn/post/DXvpZtlk9-A,IHSG,2026-05-05T16:56:53.329521
nixmare2026,Perundingan Iran - AS gagal. Malam ini BTC turun. Gold turun. Artinya besok IHSG pasti turun. Good,2026-04-12T15:07:19.000Z,https://www.threads.com/@nixmare2026/post/DXCTsVdD1Hn,IHSG,2026-05-05T16:56:53.418671
liannichh,Fixx senin udah jelas nanti IHSG Hijauu.yang beli sektor oil sabar yaa besok kalau porto merahh wkwk,2026-04-18T06:20:10.000Z,https://www.threads.com/@liannichh/post/DXQ0Ip9GKG6,IHSG,2026-05-05T16:56:53.512633
putra_tamura,"Even today is thursday, not Friday
😮‍💨😮‍💨😮‍💨😮‍💨
Why in the end of weekday always red....",2026-04-30T03:42:10.000Z,https://www.threads.com/@putra_tamura/post/DXvbl1SmuUT,IHSG,2026-05-05T16:56:53.639078
bewithayu,"fantasy liar lo saat ini?
IHSG 10.000
BBCA 9.800
BBNI 8.000",2026-04-06T14:40:21.000Z,https://www.threads.com/@bewithayu/post/DWyz1ickqhO,IHSG,2026-05-05T16:56:53.746841
kokotrader.id,"Aku buat platform ini untuk bisa belajar bareng, kalo kalian serius mau belajar bisa komen aja ya
IHSG drop begini pada bingung harus apa?
Biasanya pada bingung:
- Cutloss atau hold
- Serok saham apa",2026-03-06T06:32:27.000Z,https://www.threads.com/@kokotrader.id/post/DViHW7lEhon,IHSG,2026-05-05T16:56:56.869480
suwastika_03,Aku hari ini dah nadzar klo MDIA ARA . Alhamdulillah ara 😍 saatnya menunaikan nadzar .,2026-04-20T09:08:17.000Z,https://www.threads.com/@suwastika_03/post/DXWQ9pIj-Q6,IHSG,2026-05-05T16:56:56.969934
ekjlifestory,Mantap!!! Panutan sy ini! IHSG merah tetap dijambak jg 🤣🤣🤣,2026-04-20T09:11:41.000Z,https://www.threads.com/@ekjlifestory/post/DXWRWnOGeO8,IHSG,2026-05-05T16:56:57.061227
alpabelle,"Gue heran kenapa beritanya jelek kok bisa IHSG ijo kuat ya ?
Padahal pagi tadi udah ga mood scalping
Mungkin ada yang mau bantu tambahin penjelasannya ? 🙏🏻",2026-04-14T06:31:14.000Z,https://www.threads.com/@alpabelle/post/DXGiOLGlIZc,IHSG,2026-05-05T16:56:57.335868
eginanjar,"Disclaimer
Bisa cek saham kalian masing2 sedang di area RSI mana ya.
Minggu ini belum selesai, masih ada 2 hari bursa lagi, ada 2 kemungkinan :
1. Index akan coba test break level 7600 utk kemudian lanjut ke 7900-8000
2. Index akan ambil napas dulu ke level 7400
Di weekly dia juga udah ""kejedot"" EMA 89 (garis biru) di level 7600
sesuai yg aku info kemarin ya Gaes, RSI 7 Daily IHSG udah masuk area OVERBOUGHT, artinya akan koreksi.
Bahas IHSG hari ini",2026-04-15T12:25:49.000Z,https://www.threads.com/@eginanjar/post/DXJvmB6mRo0,IHSG,2026-05-05T16:56:57.741907
ekjlifestory,Wkwkwkwkwkwk disetop IHSG,2026-04-23T03:41:53.000Z,https://www.threads.com/@ekjlifestory/post/DXdZ_pemSUF,IHSG,2026-05-05T16:56:57.851089
prengky09,IHSG drop knp bang?,2026-04-23T03:52:47.000Z,https://www.threads.com/@prengky09/post/DXdbPjNE6s6,IHSG,2026-05-05T16:56:57.945927
sopiewdyn,"Dengan hormat,
Dimohon untuk anteng ya sampe IHSG tembus 12.000🙏🏻🙏🏻🙏🏻 mohon kerjasamanya ini mah🙏🏻🙏🏻🙏🏻
Kepada
Yth. Bapak Trump
Ditempat.",2026-04-08T14:16:35.000Z,https://www.threads.com/@sopiewdyn/post/DW36tQQEwrv,IHSG,2026-05-05T16:56:58.058513
ssamuel_rp,"Saham Pom² BAPA (FCA)
*Saham volatil kelas bulu (bisa Ara-Arb) potensi msh perform :
TOOL, ASPR, OASA, GDST, ICON, INOV
*Saham volatil dng volume besar kemarin : ESIP, BNBR, APLN, BDMN, BAPA, KOTA
*Saham2 yg dapat di perhatikan hr ini:
TLKM
Perkiraan IHSG akan bergerak pada Kemis (30/4) antara 7000-7250",2026-04-30T01:52:44.000Z,https://www.threads.com/@ssamuel_rp/post/DXvPEZbAU4K,IHSG,2026-05-05T16:56:58.188613
suta.wuragil,"*Pengingat kita sebagai yang terjun di PerSahaman
Dan, akhirnya mulai nyampai angka 7,500 lebih. Euforia orang-orang mulai muncul kembali.
IHSG kemarin - kemarin naik tinggi, kemudian turun tertekan sampai 6rban.",2026-04-29T21:16:18.000Z,https://www.threads.com/@suta.wuragil/post/DXuvbvZk0Mx,IHSG,2026-05-05T16:56:58.306600
irwandiferry,IHSG senin apa kabar? portonya apa kabar? 🥀😭,2026-02-28T16:47:12.000Z,https://www.threads.com/@irwandiferry/post/DVTw8PTkhr_,IHSG,2026-05-05T16:57:01.283332
zhuanmologi,"#INET
Masih berpeluang melanjutkan uptrend dengan tertahan di MA200. Buy on Weakness
Buy @294
Stoploss @262
Take Profit 406-438
#IHSG
#saham
#tradingidea
#stockpick",2026-04-13T08:01:13.000Z,https://www.threads.com/@zhuanmologi/post/DXEHuZ4gbyd,IHSG,2026-05-05T16:57:01.389450
ezpada_trader,"Semoga King pom-pom sedunia tidak berulah lagi ya supaya IHSG makin terbang.. 🚀🚀🚀
Berikut adalah kondisi Bid Offer yg menarik yg bisa admin tangkap sebelum kenaikan lebih lanjutnya..
Yaitu di MBMA, VKTR, MINA... 🥳
Admin sendiri sampai bingung harus entry dimana karena mayoritas saham pantauan admin ketika open market langsung gap up.. 🚀
Gilakkkk.. IHSG hari ini close hingga +4.42%... 🔥",2026-04-08T10:22:59.000Z,https://www.threads.com/@ezpada_trader/post/DW3f-WgEr59,IHSG,2026-05-05T16:57:01.514703
viviverlisya,"Semoga bertahan sampe closing ya 🙏
Bukan pecinta gapup, tapi uda LAMA banget gak liat IHSG naik segini dengan transaksi yang 6T+ dlm 30 menit opening 🥹",2026-04-08T02:39:03.000Z,https://www.threads.com/@viviverlisya/post/DW2q4WPEt-F,IHSG,2026-05-05T16:57:01.795264
miuka_gallery,"Buset, ini brent to the moon
Apakabar ihsg besok",2026-04-29T13:43:52.000Z,https://www.threads.com/@miuka_gallery/post/DXt7p_nkT09,IHSG,2026-05-05T16:57:01.941474
tastas.662,Bulan pertamaku disaham dan ancur ancuran dihantam IHSG. Ada juga kah ngerasain hal yang sama?,2026-03-16T09:24:01.000Z,https://www.threads.com/@tastas.662/post/DV8K8UCkT3a,IHSG,2026-05-05T16:57:02.110960
vereshanz,#IHSG #9000 soon?,2025-11-28T01:25:50.000Z,https://www.threads.com/@vereshanz/post/DRlOXbXgR6J,IHSG,2026-05-05T16:57:02.232549
silviaquratul,"View aku yak, IHSG sebenernya dari kemarin cukup oke. Cuma keseret merah karna saham2 yang big cap turun banyak.",2026-04-22T01:57:16.000Z,https://www.threads.com/@silviaquratul/post/DXapOh3k9iN,IHSG,2026-05-05T16:57:02.336496
melynsitorus,"Ada yang bisa bantu jelaskan kenapa IHSG kemarin ijo dan hari ini merah ? Monmaap orang awam , mungkin para suhu bisa bantu memberikan pencerahan informasi",2026-04-09T03:19:14.000Z,https://www.threads.com/@melynsitorus/post/DW5URkdkesY,IHSG,2026-05-05T16:57:02.470733
hengky.lim.9,"GAP UP berhasil di tutup pagi ini, next? 😌😌😎
Update 24 April 26",2026-04-24T02:11:36.000Z,https://www.threads.com/@hengky.lim.9/post/DXf0dSpgbv5,IHSG,2026-05-05T16:57:02.599853
say.saidi,"Kenapa ga di TP, lahah wong minus gede aja ga aku cutloss ahahha",2026-04-08T12:02:35.000Z,https://www.threads.com/@say.saidi/post/DW3rXv5ILT_,IHSG,2026-05-05T16:57:05.464463
lutfi22rhmn,"Mulai bermunculan ritel sok jago
Mntang2 IHSG rebound
Monyed pun untung klo beli tdi pagi",2026-04-08T15:56:49.000Z,https://www.threads.com/@lutfi22rhmn/post/DW4GLXqkcJG,IHSG,2026-05-05T16:57:05.558034
galihmandalaaa,IHSG saat ini memerah seperti semburan naga 🤓 🐉,2026-04-30T06:21:10.000Z,https://www.threads.com/@galihmandalaaa/post/DXvtycYGhzG,IHSG,2026-05-05T16:57:05.889356
hengky.lim.9,"Setelah kemarin sempat drop mendekati area support 6.917, dimana ketakutan soal aturan HSC ini yg blg IHSG akan trading halt ternyata tidak kejadian ya guys, IHSG kita masih mencoba untuk bertahan, yuk mari kita support dengan memberikan aura positif untuk IHSG kita 😍 , pergerakan IHSG masih dalam range area zig zag ya guys
Update 07 April 26",2026-04-06T23:58:10.000Z,https://www.threads.com/@hengky.lim.9/post/DWzzrIWAWp7,IHSG,2026-05-05T16:57:06.023676
lyovivo_,"Kapan drama IHSG ini berakhir.
Penutupan Bursa Saham kemarin, floating loss kerugian gw minus 146 juta 😭😭😭",2026-03-18T11:07:24.000Z,https://www.threads.com/@lyovivo_/post/DWBgXMLmc0Q,IHSG,2026-05-05T16:57:06.251972
hengky.lim.9,"kemarin berhasil di tutup dengan break high, maka IHSG berpotensi melanjutkan penguatan dengan menguji area resistance 7.323 , dan masih menyisakan area gap yg blm tertutup
Update 10 April 26",2026-04-09T23:00:52.000Z,https://www.threads.com/@hengky.lim.9/post/DW7bgI5gQEs,IHSG,2026-05-05T16:57:06.365881
archivenikko,Kok bisa pas ya WBSA suspended pas IHSG seanjlok ini wkwkwk,2026-04-24T04:44:21.000Z,https://www.threads.com/@archivenikko/post/DXgF8I7kbq2,IHSG,2026-05-05T16:57:06.462991
_michaelyeoh,"Dan ini membuat GAP yg lebar..baik dari return saham, maupun return investor..
Tapi faktanya, kebanyakan saham berada dalam zona merah, dan yg hijau berada di angka yg jauh 3 digit..
IHSG mencatatkan kenaikan YTD +22,12%..
Secara teori, seharusnya semua saham mengalami kenaikan yg dekat dengan angka 22%..",2025-12-23T04:51:08.000Z,https://www.threads.com/@_michaelyeoh/post/DSl9u-LEQ1h,IHSG,2026-05-05T16:57:06.711293
tzuchihospital.ind,"Saran kak Izin, di Tzu Chi Hospital ada dokter Spesialis Kejiwaan, siapa tau butuh temen curhat ❤️❤️ FYI Dokter Sp.KJ itu dokter yang fokus membantu kesehatan mental dan emosional seseorang. Jadi bukan cuma soal gangguan berat aja kok ❤️❤️❤️❤️❤️❤️
tzuchihospital.ind",2026-04-24T01:10:20.000Z,https://www.threads.com/@tzuchihospital.ind/post/DXftcj0kv4c,IHSG,2026-05-05T16:57:06.828643
yapdefu,Admin tzuchi siap2 terima pasien ihsg jg,2026-04-24T09:22:33.000Z,https://www.threads.com/@yapdefu/post/DXglxqpk0OL,IHSG,2026-05-05T16:57:06.914204
ver_shiina_,"Bursa Efek Indonesia (BEI) terus berupaya meningkatkan daya tarik pasar modal, salah satunya melalui penyesuaian aturan batas minimal saham publik atau Free Float. Per 31 Maret 2026, aturan baru yang mewajibkan emiten memiliki porsi free float minimal 15% mulai diberlakukan secara bertahap.
""Menakar Dampak Aturan Baru Free Float 15% Terhadap Likuiditas IHSG""",2026-04-03T10:32:50.000Z,https://www.threads.com/@ver_shiina_/post/DWqpIDNGl1B,IHSG,2026-05-05T16:57:07.011356
khoirulan0609,"#sahamindonesia
#ihsg
#tradingsaham
#cuan
Harap di chek kembali (DYOR) bukan ajakan jual dan beli.
Screening saham untuk tanggal 20 April 2026 dengan kriteria sbb:
1. Harga >= EMA20
2. EMA20 > EMA50
3. RSI 45 - 65
4. Volume Spike
5. Sedang di Akumulasi
6. Masuk dalam Net Foreign Buy",2026-04-20T01:54:34.000Z,https://www.threads.com/@khoirulan0609/post/DXVfVCfkXuu,IHSG,2026-05-05T16:57:07.249656
theferdians,"Jujur gue malah lebih kuatir kalo IHSG gas terus, koreksinya bisa makin dalem 🥲",2026-01-08T12:40:52.000Z,https://www.threads.com/@theferdians/post/DTQANdFEhyn,IHSG,2026-05-05T16:57:07.453150
_awrsans,"Dalam waktu dekat ini.
BBM naik, Gas melon langka, semua bahan makanan dan harga barang bakal naik, IDR melemah, APBN Jebol sehingga banyak program berhenti/mangkrak, IHSG merosot tajam, metals dan Logam Mulia turun (sementara), banyak sektor pekerjaan wajib WFH, Sekolah daring, pengangguran naik, program konversi listrik. Persiapkan diri kalian :)",2026-03-21T06:54:51.000Z,https://www.threads.com/@_awrsans/post/DWIx2I3iS5O,IHSG,2026-05-05T16:57:07.643720
eginanjar,"‼️ Kalau 7.000 gagal dipertahankan, market bisa masuk fase panic lanjutan.
Level krusial saat ini:
Resistance terdekat: 7.265 – 7.404
(area EMA 21 High–Low)
Resistance mayor: 7.770
(EMA 89 — resistance besar)
Support sekarang: ± 7.000
Support berikutnya:
6.900 — 6.850
Jika gagal bertahan, potensi lanjut turun.
AREA PENTING IHSG (DAILY)",2026-05-01T08:56:14.000Z,https://www.threads.com/@eginanjar/post/DXykVAYma_L,IHSG,2026-05-05T16:57:10.493490
eginanjar,"RSI Weekly:
RSI turun ke area 39
Artinya: momentum naik sudah melemah signifikan.
Yang terlihat:
IHSG rejection keras dari area 9.200
Breakdown EMA 21 Weekly
Harga sekarang mengarah ke EMA 89 Weekly
Struktur mulai berubah dari uptrend → koreksi besar
Di timeframe weekly, situasinya lebih serius.‼️
IHSG WEEKLY — STRUKTUR MULAI RUSAK",2026-05-01T08:57:34.000Z,https://www.threads.com/@eginanjar/post/DXykexGGY3V,IHSG,2026-05-05T16:57:10.618249
rizkamaghfur,"Insyllah
Sabar, tenang dan disiplin TP 2-3%
Trader receh ndak buru2
Tp konsisten bungkus cuan walaupun kecil2 🙏🙏
Maaf ya kecil2 dulu
Semoga d kumpulin pelan2
lama2 jadi banyak
Akhirnya trading lagi
Definisi ngumpulin receh
54x trade win
10-20 lot an per trade
Rata2nya per transaksi dapat 7000 an
25-3-26
IHSG ijo, semoga ijo terus sampek 10k",2026-03-25T09:11:29.000Z,https://www.threads.com/@rizkamaghfur/post/DWTUqYdkQX5,IHSG,2026-05-05T16:57:10.740363
mich_stg,": Plan IHSG next week.
Semoga tetap di area sideways 7,858-8,015. Kalau breakdown tembus 7770 kembali ke downtrend.
Kita menunggu FED cut rate & BI cut rate.
Note : semoga ga ada perang ataupun demo anarkis. Tetap kita dukung tuntutan rakyat 17+8 ya
Cashku bakal habis minggu depan, semoga gain sesuai prediksi. Happy weekend sobat investor.
Ihsg closing 12 Sept = 7854, wrong prediction.
Next week sptnya cekungan terakhir sebelum fase bullish create new ATH.",2025-09-15T03:41:51.000Z,https://www.threads.com/@mich_stg/post/DOm7G6OEr5q,IHSG,2026-05-05T16:57:10.917071
mich_stg,": Plan IHSG next week.
Semoga tetap di area sideways 7,858-8,015. Kalau breakdown tembus 7770 kembali ke downtrend.
Kita menunggu FED cut rate & BI cut rate.
Note : semoga ga ada perang ataupun demo anarkis. Tetap kita dukung tuntutan rakyat 17+8 ya
Cashku bakal habis minggu depan, semoga gain sesuai prediksi. Happy weekend sobat investor.
Ihsg closing 12 Sept = 7854, wrong prediction.
Next week sptnya cekungan terakhir sebelum fase bullish create new ATH.",2025-09-13T11:42:03.000Z,https://www.threads.com/@mich_stg/post/DOioeROkshP,IHSG,2026-05-05T16:57:11.026081
seroksaham,gelo ihsg bisa jebol 7200 ini gap brikutnya 7000,2026-04-24T03:22:56.000Z,https://www.threads.com/@seroksaham/post/DXf8nzIky-5,IHSG,2026-05-05T16:57:11.111103
theferdians,"Siapin mental kalau IHSG bakal koreksi ke 7800 atau 7050.
Unpopular opinion :",2026-01-08T12:39:52.000Z,https://www.threads.com/@theferdians/post/DTQAGH_kszP,IHSG,2026-05-05T16:57:11.220508
annstwr,"Para suhu IHSG, financial experts, dan teman-temannya...mau tanya kemana kah arah IHSG saat ini?",2026-04-30T08:15:59.000Z,https://www.threads.com/@annstwr/post/DXv67V7E6Xl,IHSG,2026-05-05T16:57:11.319847
raahady_,IHSG udah sentuh 9000 tapi saham diportomu Banking semua,2026-01-08T03:34:18.000Z,https://www.threads.com/@raahady_/post/DTPBqUOkhr2,IHSG,2026-05-05T16:57:11.414864
happytrader.co,Langsung pada ngac*ng semua 🚀🚀🚀,2026-04-07T03:27:12.000Z,https://www.threads.com/@happytrader.co/post/DW0LmKUmEcU,IHSG,2026-05-05T16:57:11.520495
halalflow.id,Keadaan trader (dan holder BUMI) di IHSG seminggu kebelakang,2026-02-02T02:36:04.000Z,https://www.threads.com/@halalflow.id/post/DUPS3p3kfRO,IHSG,2026-05-05T16:57:11.624249
raahady_,Mau keluarin berita apalagi nih IHSG kelihatan udah strong pertanda bottom sudah didepan mata,2026-04-06T04:10:08.000Z,https://www.threads.com/@raahady_/post/DWxrtrUoP1S,IHSG,2026-05-05T16:57:11.870123
eginanjar,"Tapi ini masih rebound, bukan reversal.
Jika: IHSG reclaim 7.265
Maka potensi: Rebound ke 7.404 dan tes 7.770
🟩 Bullish Relief Scenario
Jika: IHSG gagal bertahan di 7.000
Maka target: 6.900 - 6640
SKENARIO IHSG KE DEPAN
🟥 Bearish Scenario (lebih dominan)",2026-05-01T09:02:15.000Z,https://www.threads.com/@eginanjar/post/DXylBIPGSt7,IHSG,2026-05-05T16:57:14.996820
eginanjar,"End of Utas ⛔
Cash adalah posisi terbaik.
Karena di market seperti ini:
Yang paling penting sekarang:
✔ Jaga cash
✔ Jangan agresif
✔ Tunggu struktur membaik
Belum ada tanda reversal valid.
IHSG sekarang:
MASIH DALAM TREND TURUN
🔥 KESIMPULAN BESAR",2026-05-01T09:02:58.000Z,https://www.threads.com/@eginanjar/post/DXylGVsGYr9,IHSG,2026-05-05T16:57:15.175504
shobry11,"📉 IHSG Tumbang Dalam, Market Lagi Nggak Ramah…
Hari ini bukan soal cuan… tapi soal bertahan IHSG ditutup di 7,129 (-3.37%), tekanan jual brutal, merahnya nggak nanggung.
🔴 1.080 saham turun 🟢 Cuma 138 yang naik 💸 Value 24T, tapi dominan distribusi Chart-nya?
Turun pelan tapi pasti… kayak kepercayaan investor yang mulai goyah.
📌 Artinya apa? Ini bukan sekadar koreksi biasa — ini tanda market lagi risk-off mode. Big money keluar, retail cuma bisa nonton… atau ikut panik.",2026-04-24T13:40:04.000Z,https://www.threads.com/@shobry11/post/DXhDP14iXKh,IHSG,2026-05-05T16:57:15.270965
ismujurso,"Tiap IHSG koreksi/candle merah beranda selalu sepi orang flexing profit..
Apa cuma beranda Ike aja ya..
Bingun 😃😃
#ihsg #flexing #trading",2026-04-28T19:12:19.000Z,https://www.threads.com/@ismujurso/post/DXr8cuGE8pU,IHSG,2026-05-05T16:57:15.726187
sphireeee,kangen era market bullish. cape bgt IHSG merah terus😭,2026-04-07T04:23:57.000Z,https://www.threads.com/@sphireeee/post/DW0SF1dj5LN,IHSG,2026-05-05T16:57:15.822769
voiceofmib,"#saham #MIB #IHSG #VoiceofMIB #PADI
Biasanya kalau big player gerak begini, ada skema di balik layar yang kita nggak tahu. Menurut kamu arahnya ke mana?
Lagi rame soal PADI. Entitas Happy Hapsoro hilang dari daftar pemilik saham pas banget momen mau right issue.",2026-04-14T04:26:06.000Z,https://www.threads.com/@voiceofmib/post/DXGT5nbFC8N,IHSG,2026-05-05T16:57:15.931809
ilhamwsp,"MeanWell
Malah Prabowo pergi ke kondangan el nyari rendang
Pas Nonton Berita :
- Ekonomi RI melamban
- Rupiah Anjlok Rp 17.300
- IHSG Ambrol 8 %",2026-04-27T09:56:46.000Z,https://www.threads.com/@ilhamwsp/post/DXoYE81iMQ8,IHSG,2026-05-05T16:57:16.040002
hengky.lim.9,"Skenario update , gap 7.308 selesai di tutup, tinggal tersisa gap 7.022 , jika berhasil stop di area kotak merah tsb, maka IHSG akan rebound ke area 7.700 kembali, sebaliknya jika IHSG gagal bertahan di 6.917 maka lanjut ke area support selanjutnya di 6.690 ( skenario 2 )
Update 24 April 26",2026-04-24T03:47:31.000Z,https://www.threads.com/@hengky.lim.9/post/DXf_b0vAQjY,IHSG,2026-05-05T16:57:16.169723
julianacynthiaa,"rupiah melemah
oil 108
besok libur
IHSG merah sudah🤣
dahlah tutup aja🤣🤣",2026-04-30T03:09:38.000Z,https://www.threads.com/@julianacynthiaa/post/DXvX3kkEhwr,IHSG,2026-05-05T16:57:16.275302
happytrader.co,"Market luar ijo pekat,
Besok IHSG gimana simpulkan sendiri 😎",2026-04-08T14:33:44.000Z,https://www.threads.com/@happytrader.co/post/DW38q1rlC4x,IHSG,2026-05-05T16:57:19.196554
imamyogaaa,"Begini 3 cara cepat baca arah market IHSG besok pagi agar kamu gak salah langkah! 👇
Perundingan 21 jam di Islamabad berakhir buntu. JD Vance: ""Bad news for IRAN."" Sentimen global memang memanas, tapi jangan asal tebak.
BREAKING: AMERIKA & IRAN GAGAL DEAL! IHSG BAKAL LANJUT BERDARAH?",2026-04-12T04:59:22.000Z,https://www.threads.com/@imamyogaaa/post/DXBOHlXEXbc,IHSG,2026-05-05T16:57:19.501751
wins.dixy,Hapcuu mdia kota emas admg masih malu malu mba ..😍,2026-04-20T08:53:21.000Z,https://www.threads.com/@wins.dixy/post/DXWPQQCEiyM,IHSG,2026-05-05T16:57:19.602936
andaraarie,"Barakallah ❤ Aku hari ini ambil bipp sama admg dulu mbak, tatuuut IHSG merah lagi 🤭😁",2026-04-20T09:18:00.000Z,https://www.threads.com/@andaraarie/post/DXWSE3FkjOD,IHSG,2026-05-05T16:57:19.692748
bedahsaham.idx,"Coba diskusi di kolom komentar 👇👇
🚨 Tapi jangan lupa, kenaikan kemarin juga buat 3 gap up. Menurut kalian yang mana aja yang bakal ditutup nihh
Gimana guys akhirnya IHSG merah kembali setelah seminggu berturut-turut ijo terus 🤣",2026-04-15T10:52:57.000Z,https://www.threads.com/@bedahsaham.idx/post/DXJk98HmIyz,IHSG,2026-05-05T16:57:19.811701
shdbike,"Alhamdulillah hari ini IHSG koreksi ..
bisa BOW 👍",2026-04-15T11:54:13.000Z,https://www.threads.com/@shdbike/post/DXJr-mTEeoY,IHSG,2026-05-05T16:57:19.915005
dtpratiw,"Abis mimpi buruk, IHSG anjlok sampe 2000",2026-04-30T20:55:21.000Z,https://www.threads.com/@dtpratiw/post/DXxR1JZggWC,IHSG,2026-05-05T16:57:20.015276
michael_cleota,"IMPC, RMKE, UDNG, MORA dll
narasinya kuat, labanya mungkin bakalan naik menurut konsensus, ceritanya juga panjang.
Masalahnya yaitu valuasi sudah terlalu jauh di depan realita.
Tapi pasar sering lupa satu hal bahwa harga tetap harus masuk akal.
Semua orang suka narasi bagus dan narasilah yang menggerakkan harga saham.
Hi gw user stockbit dengan nama Michael1970,
Gw pengen sharing2 pendapat gw tentang saham-saham di IHSG belakangan ini,",2026-02-06T16:37:34.000Z,https://www.threads.com/@michael_cleota/post/DUbGWd8gQVt,IHSG,2026-05-05T16:57:20.142203
angelica.jonatan,"ada yang udah mulai BEP dari sangkut kemarin? atau malah udah cuan?
WOWWW IHSG 2,2%
strong yaa
angelica.jonatan",2026-04-14T03:50:10.000Z,https://www.threads.com/@angelica.jonatan/post/DXGPyfEEa3o,IHSG,2026-05-05T16:57:20.249623
emirparengkuan,"#PTRO #saham #IHSG
Yok bahas PTRO, siapanihh yang masih hold?",2026-04-16T13:36:11.000Z,https://www.threads.com/@emirparengkuan/post/DXMccGYDlOw,IHSG,2026-05-05T16:57:20.405779
ineeeed_,Wah amin dah mina,2026-04-22T06:07:13.000Z,https://www.threads.com/@ineeeed_/post/DXbF1UZlPIr,IHSG,2026-05-05T16:57:20.508922
growingtrade.saham,"ES udah mulai muncul nahan harga, bid udah keisi bigplayer 🚀
Syarat IHSG tidak breakdown 7500
growingtrade.saham",2026-04-22T06:19:58.000Z,https://www.threads.com/@growingtrade.saham/post/DXbHSo4Ellw,IHSG,2026-05-05T16:57:20.598524
eginanjar,"👉 Momentum naik sedang terjadi
👉 Tapi belum masuk zona aman untuk trend naik
✅ Sudah rebound dari area 7.000-an
✅ Candle naik cukup kuat
✅ Harga sudah kembali ke atas EMA 21 Low
✅ RSI 7 sudah naik ke 70-an (cukup panas)
✅ RSI 21 sekitar 50 (netral-bullish awal)
Di chart daily, IHSG terlihat:
IHSG DAILY — REBOUND SEDANG TERJADI, TAPI BELUM AMAN",2026-04-18T08:24:01.000Z,https://www.threads.com/@eginanjar/post/DXRCTvomezt,IHSG,2026-05-05T16:57:20.932880
eginanjar,"Artinya:
👉 Weekly masih dalam fase pemulihan awal
👉 Belum masuk bullish kuat
RSI juga penting di sini:
RSI 7: baru bangkit dari oversold
RSI 21: sekitar 47–48 (masih lemah)
Yang terlihat:
📉 IHSG sempat breakdown tajam
📉 Harga sempat di bawah EMA 89
📈 Sekarang sedang mencoba rebound
Di chart weekly, kondisinya masih belum sepenuhnya sehat.
IHSG WEEKLY — MASIH DALAM FASE TEKANAN",2026-04-18T08:25:02.000Z,https://www.threads.com/@eginanjar/post/DXRCbIqmUVL,IHSG,2026-05-05T16:57:21.063868
hi.grc,"Wah kadang suka bingung ya… 🤔
Klo buka Threads byk yg cerita lagi berat bisnis turun, keuangan ketat, PHK di mana2, harga BBM, bahan pokok, dll naik semua. Bahkan IHSG dan Gold jg lagi anjlok.
Tapi di Instagram… masih keliatan fine2 aja.. Chanel C25 yg harganya 100jtan++ masih sangat laku, raket padel yg harga 5jt++ masih laku, liburan ke luar negeri + shopping luxury masih banyak.
Jadi ini… realita lagi beda2, atau kita cuma lihat sisi yang berbeda dari kehidupan orang? 🫠",2026-04-27T06:06:30.000Z,https://www.threads.com/@hi.grc/post/DXn9ubXEQnJ,IHSG,2026-05-05T16:57:21.161787
syariahsaham,Aman ya 1 May dikasih panggung biar joget2 ajah. IHSG senin aman nih,2026-05-01T05:44:39.000Z,https://www.threads.com/@syariahsaham/post/DXyOZ4fAQa1,IHSG,2026-05-05T16:57:21.402999
aryapranadhi,"Jumat 17 April 2026, posisi telentang, FIX ALL IN!!! IHSG 50K to the moon, goooo....",2026-04-17T03:09:47.000Z,https://www.threads.com/@aryapranadhi/post/DXN5jXOkXj6,IHSG,2026-05-05T16:57:21.585365
skidipap389,"Gak bisa nyalahin konglo juga karena tanpa mereka IHSG itu cuma 5000,apakah ini akhir kisah supir angkot IHSG??? Sedang mempersiapkan diri untuk bencana di hari Senin.",2026-04-05T03:33:49.000Z,https://www.threads.com/@skidipap389/post/DWvCw0gD66o,IHSG,2026-05-05T16:57:24.452855
onniechi,"Mereka yang sirik sama saham konglo, silahkan bopong IHSG sendiri deh eh ada Danatara katanya tp belom jelas keberadaannya. Masih sebatas bacot saja. Kita tnggu sampe bsk, skrg boleh tutup laptop. wakakaka",2026-02-02T04:37:39.000Z,https://www.threads.com/@onniechi/post/DUPgyIDkn4U,IHSG,2026-05-05T16:57:24.796190
uung__,"IHSG anjlok, rupiah melemah, Indo dalam kondisi genting, itu cuma kalian yang sudaah terbiasa konsumsi berita dan paham bagaimana kondisi negara. Banyak dari grassroot yang belum ngerasa dampak dan setelah ini kesusahan buat bertahan hidup. Saampaikan aja, sekarang krisis semua harga perlahan akan naik tanpa diikuti kenaikan pendapatan. Apa yang terjadi? Kaya dicekik makin lama makin erat. Terus kita bisa apa?",2026-04-27T09:56:03.000Z,https://www.threads.com/@uung__/post/DXoX_nrEUNV,IHSG,2026-05-05T16:57:24.899403
mchlgerald,"Belum ada narasi yg cukup kuat utk meningkatkan probabilitas menuju uptrend dr situasi sekarang. Kemungkinan Maret & April akan jd bulan yg though.
Technical-wise chart udh patah trend & menuju bearish. Masih byk gap dlm chart yg blm tertutup di area <7000
sooner or later we'll see IHSG go below 7000.
Conviction: IHSG will go under 7000",2026-03-11T13:39:04.000Z,https://www.threads.com/@mchlgerald/post/DVvwKBDAQ8Q,IHSG,2026-05-05T16:57:25.258076
petercantropoes,"Trauma main saham
Kemudian ihsg menyentuh 6.900
Waktu ihsg rally sampai ke 9.000
Semua pada euphoria
Banyak yang ga pakai stoploss & trailing stop
Akhirnya bertebaran porto yang minus sampai 50%
Ada 2 phrase ketika bull
1. Everyone is genious in a bull market
2. Even monkey can make money in bull",2026-04-15T08:08:18.000Z,https://www.threads.com/@petercantropoes/post/DXJSIAPCc1r,IHSG,2026-05-05T16:57:25.490181
vania_berliana,Trauma main saham,2026-04-14T15:56:01.000Z,https://www.threads.com/@vania_berliana/post/DXHi20iDwrK,IHSG,2026-05-05T16:57:25.617314
rizkyrichkaka,"Semua metode benar, yang salah itu yang gak hafal Pancasila
Kalo posisi IHSG turun gini, scalper senyum2 yang sudah TP pagi, Daytrader harap-harap cemas, Swinger : Wait and See, Investor : Bodo Amat",2026-04-23T05:13:37.000Z,https://www.threads.com/@rizkyrichkaka/post/DXdkfhuEyxK,IHSG,2026-05-05T16:57:25.727227
09_bangal,"#IHSG #SahamIndonesia #ShortsSaham #AnalisaSaham #TradingSaham MarketUpdate BUMI BRPT RAJA BBYB TBLA AKRA BelajarSaham
Komentar di bawah 👇
💬 Kamu tim mana:
A. Koreksi
B. Lanjut turun
C. Sideways
👉 masih wajar atau warning?
BUMI, BRPT, RAJA, BBYB, TBLA, AKRA
juga ikut tertekan…
👉 ini cuma koreksi
atau mulai bahaya?
IHSG sudah turun 2 hari beruntun…",2026-04-24T13:16:15.000Z,https://www.threads.com/@09_bangal/post/DXhAhCGkxyr,IHSG,2026-05-05T16:57:25.867050
buk4_mata,"MSCI Kemungkinan Pertahankan Kasta IHSG, Namun Bobot Dipangkas - Market
bloombergtechnoz.com
bloombergtechnoz.com/detai…
Ada aja bad news di bursa, klopun bobot berkurang semoga ga banyak outflow keluar apa lg shifting ke vietnam.",2026-04-16T14:54:22.000Z,https://www.threads.com/@buk4_mata/post/DXMlY-mE6DI,IHSG,2026-05-05T16:57:25.985496
firnandositanggang,"Pagi ini dapat rejeki nomplok 🤣
firnandositanggang",2026-04-21T02:08:13.000Z,https://www.threads.com/@firnandositanggang/post/DXYFr68CQrp,IHSG,2026-05-05T16:57:28.913098
hermantosardan,"PR tinggal review mei saja, selanjutnya bullish !
Gmnpun asing akan jaga IHSG, gmn mereka mau cuan lagi klo ada kepanikan besar2an di market
Klo liat netsell BBCA BBRI last 1 year, rasanya asing yg mengacu MSCI udah bertahap jualan, jadi review mei ini, semua sudah dekat priced-in, ngga banyak outflow lagi
Menggunakan keterbukaan 1% dan klasifikasi investor KSEI terbaru, kemungkinan MSCI akan pake opsi 1, dimana kategori others juga diobok2 sebagian tdk dianggap frefloat
MSCI masih jaga IHSG",2026-04-01T08:10:00.000Z,https://www.threads.com/@hermantosardan/post/DWlPMNulITY,IHSG,2026-05-05T16:57:29.156386
panji_64,"Emang kalo itu semua sekarang aman, kedepannya bakal aman? Dulu2 yg bapak sebutkan juga aman kan? Sekarang? Dan investor kabur itu investor apa? Jepang pun sekarang kerja sama dengan kita.. IHSG jatuh pun bukan sekali dua kali.. Toh ujung2nya menguat lagi ketika dunia pulih..
Bapak yg bilang jangan liat sekarang, liat ke depan.. Lah yg bapak sebutkan itu bapak liat sekarang.. 😅",2026-04-09T02:03:28.000Z,https://www.threads.com/@panji_64/post/DW5LmmnCQoB,IHSG,2026-05-05T16:57:29.250107
b3n4ndr4,Km cek chart ihsg ya ihsg itu mulai bergerak jatuh sejak prabowo dilantik tgl 20 oktober. Cek aja! Artinya investor tdk percaya negara ini arahnya akan bener dgn program2 pemerintah barunya yg buruk,2026-04-09T02:43:20.000Z,https://www.threads.com/@b3n4ndr4/post/DW5QKkUj0Ar,IHSG,2026-05-05T16:57:29.337278
isheoo,"Cuma liat dari driver shopee food, shopee instan, grab, gojek makin banyak perempuan!! Kalau perempuan kerja kasar, panas2 an artinya perempuan udh ngga safe dari segi ekonomi. Seorang ayah, suami, kakak adik laki2 blm mampu memenuhi kebutuhan keluarga mereka. Mau ga mau perempuan hrs ikut andil.
Pagi pagi udh dibikin khawatir sama ekonomi negara yang makin memburuk. Ngga liat dari chart ihsg, harga emas, abpn, apbd ataupun mbg.",2026-04-20T21:52:29.000Z,https://www.threads.com/@isheoo/post/DXXoa6Ok91p,IHSG,2026-05-05T16:57:29.443116
gdebp,"IHSG rontok.
Emas terbang.
Crypto jungkir balik.
Properti ke mana?
Tenang. Dia nggak ke mana-mana. Dan justru itu poinnya.
Real Estate Investment",2026-01-30T22:32:06.000Z,https://www.threads.com/@gdebp/post/DUJtXD5E1pz,IHSG,2026-05-05T16:57:29.553818
ssamuel_rp,"Saham Pom Pom BAPA
*Saham volatil kelas bulu (bisa Ara-Arb) potensi msh perform :
SIMP, DATA, TRUE, FILM, BAPA, COCO, GZCO, DFAM, PSDN, BEER. CITY, TRUK. DPUM, KOBX, ATAP
*Saham volatil dng volume besar kemarin : PTRO, BRPT, ENRG, BNBR, CDIA, FORE
*Saham2 yg dapat di perhatikan hr ini:
BBCA, BMRI, BBRI
Perkiraan IHSG akan bergerak pada Selasa (14/4) antara 7200-7600",2026-04-14T00:35:39.000Z,https://www.threads.com/@ssamuel_rp/post/DXF5hzLgdp7,IHSG,2026-05-05T16:57:29.688943
chemitz,"Jujur ini harga 'serok bawah' banget. Biasanya direct flight gini bisa 9jt++. Daripada boncos mikirin saham, mending amankan aset 'waras' buat investasi kenangan.
Garuda Indonesia CGK-HND (Tokyo) PP cuma 6,3 Juta!
Lagi pusing liat IHSG terjun bebas?
Mending liat ini deh. Buat yang lagi cari tiket ke Jepang.",2026-01-29T12:03:22.000Z,https://www.threads.com/@chemitz/post/DUGAnKyAa4z,IHSG,2026-05-05T16:57:29.813992
wahana.print,"Terimakasih Pak Prabowo... 👍👍👍👍👍👍
tp negara kita baik2 saja, tidak ada Indonesia Gelap, yang ada Indonesia terang, menuju Indonesia Emas 2045💪💪
💵 Dolar AS tembus Rp 17.360
📅 17 Juli jatuh tempo utang Rp 833 T
🏦 Total utang Rp 9.658 T
💰 Bunga utang Rp 599 T
📉 IHSG anjlok ke 7.129
🏭 Harga plastik naik 50%
🔥 Gas LPG non-subsidi naik 18%
⛽ BBM non-subsidi naik 40–60%
Cuma mau kasih tau:",2026-04-30T16:47:53.000Z,https://www.threads.com/@wahana.print/post/DXw1grhCdRf,IHSG,2026-05-05T16:57:29.931129
susianilou,"Kalau BBCA masih berani cicil buy
Beda dengan BUMN terutama BBRI
Sejak IHSG anomali, saya sudah sering buat story jauhi big bank terutama BBRI. Kalau mau BUMN mending BMRI. Dulu kalau beli BBRI biasanya swing 2 - 3 bulanan. Biasanya naik 20 - 25% dia akan koreksi bisa sampai 10 - 20%. Makanya gak pernah saya simpen lama kayak BBCA bertahun². Dulu cinta sama bbri Krn nurut gampang di prediksi. Sekarang anomali. Retail buy, asing kabur. Selama kebijakan pemerintah masih kayak skr, mending bye dl",2026-04-24T13:50:08.000Z,https://www.threads.com/@susianilou/post/DXhEZgNEYuL,IHSG,2026-05-05T16:57:30.034270
femstock_,"#IHSG #investasi #sahamindonesia #PasarModal #pasarmodalindonesia
Cobaan di tahun 2026, SEMANGAT‼️",2026-04-23T13:13:07.000Z,https://www.threads.com/@femstock_/post/DXebXcLEtm7,IHSG,2026-05-05T16:57:30.132089
muhammadreza199,"#ihsg
sudah minus berapa kalian hari ini?",2026-03-11T11:14:43.000Z,https://www.threads.com/@muhammadreza199/post/DVvfovNk0qv,IHSG,2026-05-05T16:57:30.261293
rumatela05,"​Menurut gua, skenario kedua yang paling mungkin terjadi, penurunanan bobot IHSG ke angka 0,5% atau 0,6%.
​Skenario 3: MSCI turunin IHSG ke Frontier Market.
​Skenario 2: MSCI pangkas bobot IHSG di bawah 1%.
​Skenario 1: MSCI menurunkan bobot IHSG dari 1,2% ke 1%.
Terkait MSCI, ada tiga menurut gua skenario yang akan terjadi:
​IHSG hijau pekat dalam seminggu terakhir, tapi gk ada inflow asing sama sekali. Asing kayaknya masih menunggu pengumuman MSCI tanggal12 Mei.",2026-04-19T03:40:40.000Z,https://www.threads.com/@rumatela05/post/DXTGrVCkic_,IHSG,2026-05-05T16:57:30.404699
hengky.lim.9,"IHSG selisih 10 perak dr GAP,sah2 aja ya?🤣🤣 gmn pendapat kalian? 😆 , congratulations yg uda siapin peluru di area2 bottoming yg sudah di bahas kemarin yaa 😎",2026-04-28T09:30:38.000Z,https://www.threads.com/@hengky.lim.9/post/DXq54bbAba6,IHSG,2026-05-05T16:57:30.503781
adiyatnaagung,"IHSG Merah
Besok saham yg akan turun dalam saham pak PP, DSSA, yg free floatnya dibawah 10% pada turun dalam. Mungkin ada efeknya ke yg lain, karena BREN dan DSSA market capnya besar.",2026-04-05T12:43:20.000Z,https://www.threads.com/@adiyatnaagung/post/DWwBpmoE2qc,IHSG,2026-05-05T16:57:30.601820
andriandavinta_,"#saham #ihsg
Anchored VWAP ⬇️
1. Volume Profile
bisa dilihat POC di 285 yang juga merupakan HVN (High Volume Node) -> byk transaksi terjadi dmn dominan sell (lihat bar hijau & merah). 24 April jebol hingga 256 artinya terjadi Take profit / Panic selling.
Di range 248 - 261 persentase volume cukup signifikan bisa dipakai sbg entry / support.
Aku pakai contoh BIPI karena salah satu porto juga & aku tarik 20 bars karena swing.
Volume Profile + Anchored VWAP pakai Volara
Analisis Saham BIPI",2026-04-26T11:25:24.000Z,https://www.threads.com/@andriandavinta_/post/DXl9bQJFGAb,IHSG,2026-05-05T16:57:30.740341
hengky.lim.9,"Setelah di buka menguat dengan GAP UP dan berhasil sampai break resistance 7.714, closing sesi 2 hari ini ditutup bergerak di zona merah, diwarnai aksi profit taking saham2 KONGLO setelah sepekan IHSG bergerak nanjak 😃 , jadi besok kemungkinan cm 2 :
1. IHSG lanjut bergerak ke area GAP di 7.527-7.592 ( area kotak merah)
2. IHSG Rebound di atas kotak merah dan menguji kembali resistance baru nya di 7.773
Update 15 April 26",2026-04-15T14:02:10.000Z,https://www.threads.com/@hengky.lim.9/post/DXJ6nvRgVaz,IHSG,2026-05-05T16:57:30.866638
emirparengkuan,"#saham #IHSG
Hari ini IHSG koreksi walaupun ga terlalu dalem dan member2 udah pada TP sebagian. Kalo kalian gimana?",2026-04-15T11:04:07.000Z,https://www.threads.com/@emirparengkuan/post/DXJmPcumHf2,IHSG,2026-05-05T16:57:30.960317
eginanjar,"MSCI, Perang Iran- Israel USA, libur panjang lebaran membuat Big Money ramai2 keluar dari bursa. Tapi tetap ada harapan, bagaimana caranya? Kuuuyyy Lanjut ⬇️⬇️⬇️
IHSG dalam hampir 2 bulan terakhir mengalami masa perubahan dari bulan madu ke masa yg kelam. Untuk para Trader baru ini seperti pukulan telak, dimana mimpi ubah 1 jt jadi 1 milyar jadi berantakan.
UTAS : BAGAIMANA CARA UNTUK MEMILIH SAHAM KETIKA BEARISH, SECARA TEKNIKAL",2026-04-01T08:53:35.000Z,https://www.threads.com/@eginanjar/post/DWlULYlmcsy,IHSG,2026-05-05T16:57:33.849542
kaptensaham707,Mungkin besok IHSG menutup gapnya di 7000.,2026-04-27T08:42:27.000Z,https://www.threads.com/@kaptensaham707/post/DXoPkpNkZsp,IHSG,2026-05-05T16:57:33.962684
imamyogaaa,"SIAP UNTUK SESI 2 IHSG 📈
SESI 1 CUAN DI SAHAM:
LCKM +34% ARA 🚀
LAND +29% ✅
BIPP +23% ✅
RODA +21% ✅
KOTA +20% ✅
ENZO +14% ✅
By Modul Screener Ultimate - Ara Hunter. 📦",2026-04-21T05:17:31.000Z,https://www.threads.com/@imamyogaaa/post/DXYbWUokXa9,IHSG,2026-05-05T16:57:34.061107
happytrader.co,"Amin paling kenceng teeeeel 🚀
Semakin cepat lebih baik ...
MSCI beres
Perang kelar
IHSG reversal
Doa dibulan April:",2026-04-05T13:24:55.000Z,https://www.threads.com/@happytrader.co/post/DWwGaJAFCK3,IHSG,2026-05-05T16:57:34.548378
laluwahyurp,IHSG bener2 di hantam,2026-04-24T03:03:31.000Z,https://www.threads.com/@laluwahyurp/post/DXf6ZlaEWEz,IHSG,2026-05-05T16:57:34.637274
samiacyn,"Ya ampun, baca berita IHSG pagi ini kok rasanya kayak lagi nonton drama Korea yang episodenya nggak kelar-kelar ya. Katanya sih berpotensi melemah gara-gara sentimen global. Jadi, kayaknya pasar kita lagi ngikutin mood-nya luar negeri gitu deh. Dolar AS naik, harga minyak juga lagi nggak stabil, belum lagi urusan geopolitik yang bikin deg-degan. Duh, pusing juga ya ngikutinnya. Rasanya pengen tarik selimut aja deh daripada mikirin angka-angka yang naik turun nggak jelas gini.",2026-04-23T05:14:09.000Z,https://www.threads.com/@samiacyn/post/DXdkiXeGFas,IHSG,2026-05-05T16:57:34.725151
ilsarinuy,"Sumpah lama2 kok serem njir
Ada nggak sih org indo yg belom masuk ke IHSG?",2026-01-19T19:06:15.000Z,https://www.threads.com/@ilsarinuy/post/DTtBDvmkrup,IHSG,2026-05-05T16:57:34.830520
happytrader.co,Kalau bukan karena BREN DSSA BBRI hari ini IHSG hijau pekat sih 🤣,2026-04-21T04:07:06.000Z,https://www.threads.com/@happytrader.co/post/DXYTSrUlIRy,IHSG,2026-05-05T16:57:34.938872
mr_prutect,"Ini penyebabnya merut asumsi gw.
Faktanya :
Asing udh outflow dari tahun lalu.. Liat noh ihsg turun beberapa banyak...
Kadang gw lucu liatnya. Hanya karena Bursa saham turun dalam. Dikit-dikit di bilang antek Asing. Dikit-dikit di bilang di kerjain..
Tolak IMF.. NEGARA KONOHA DI KERJAINN...",2026-04-27T00:22:03.000Z,https://www.threads.com/@mr_prutect/post/DXnWTk7k0wW,IHSG,2026-05-05T16:57:38.118318
sahaminaja.id,"WILD PARAHHH, IHSG bakal terdampak juga😭
Total swing 3 triliun dolar dalam 56 menit.
Jam 8.00 pagi S&P 500 turun 120 poin. 1 triliun dolar market cap menguap.
27 menit kemudian Iran denial total. Tidak ada kontak dengan Amerika. Klaim Trump tidak benar.
Pasar langsung euforia. S&P 500 naik 240 poin dalam hitungan menit. Market cap bertambah 2 triliun dolar.
Jam 7.04 pagi Trump posting bilang Amerika dan Iran sudah ada diskusi produktif untuk akhiri perang.
MARKET US GILA!!",2026-03-23T14:04:15.000Z,https://www.threads.com/@sahaminaja.id/post/DWOsk6Bk8tP,IHSG,2026-05-05T16:57:38.462155
sripujiyanti,"Tapi sedih Indonesia ugal-ugalan ga ada ujungnya.
Ada omongan lain tapi ga bisa disebut di sini. Jadi ga kaget sama rating Morgan Stanley.
Ngobrol lah gw ama komisaris gw orang yang udah makan asam garam dunia lebih lama dan komen dia, “Saat ini fundamental saham kayaknya ga penting dan itu mengkhawatirkan kenapa bisa gitu”.
Keanehan BEI tuh dimulai pada saat IHSG naik gila-gilaan terus saham bluechips yang gw pegang malah merah semua.",2026-01-31T00:06:41.000Z,https://www.threads.com/@sripujiyanti/post/DUJ4LwlEmwA,IHSG,2026-05-05T16:57:38.738243
shdqckl,Ada satu permohonan MSCI ke BEI yang ga di rilis ke publik:,2026-03-06T04:15:29.000Z,https://www.threads.com/@shdqckl/post/DVh3rwUk4oZ,IHSG,2026-05-05T16:57:38.962480
anangga.hy,waktu crash tetep di average down pake dividen?,2026-04-30T06:08:39.000Z,https://www.threads.com/@anangga.hy/post/DXvsWsogeZ7,IHSG,2026-05-05T16:57:39.068856
thewolfof_idx,"Dividen play cuma sampe akhir 2025
Tahun ini pas IHSG crash trading halt 2x gara” MSCI saya masuk 😁",2026-04-30T06:12:43.000Z,https://www.threads.com/@thewolfof_idx/post/DXvs0kEAQ_i,IHSG,2026-05-05T16:57:39.163343
maulanaihsaann_,"Kayaknya SirMulyani malah seneng dia gak ditunjuk menteri lagi. Lihat aja Purbaya, dia dah nolak pembelian motor BGN eh si Dadan Botak malah ngeyel… gaka da harga dirinya Menkeu😂😂😂 IHSG to the hell noh nyentuh 6.900an, Dollar dah nembus 17.100 awokwowk",2026-04-08T04:48:23.000Z,https://www.threads.com/@maulanaihsaann_/post/DW25rmfEQKl,IHSG,2026-05-05T16:57:42.712229
ssamuel_rp,"Saham Pom Pom BAPA
*Saham volatil kelas bulu (bisa Ara-Arb) potensi msh perform :
KRYA, DEFI, MEDS, HALO, LCKM, BIPP, INDX, RODA, CSMI, ENZO. BAIK, KICI
*Saham volatil dng volume besar kemarin : MDIA, KOTA, BAPA
*Saham2 yg dapat di perhatikan hr ini:
BBRI. BBCA
Perkiraan IHSG akan bergerak pada Selasa (21/4) antara 7400-7750",2026-04-21T00:42:19.000Z,https://www.threads.com/@ssamuel_rp/post/DXX72xcAaht,IHSG,2026-05-05T16:57:42.847578
gabriellaclau_,manifesting IHSG 8000 di April ini🔥,2026-04-16T02:49:53.000Z,https://www.threads.com/@gabriellaclau_/post/DXLSevbCSSk,IHSG,2026-05-05T16:57:42.939785
kuntoajiw,IHSG all time high while Rupiah nearly all time low. Artinya apa bang Messi?,2026-01-15T16:34:24.000Z,https://www.threads.com/@kuntoajiw/post/DTicgEqkiEO,IHSG,2026-05-05T16:57:43.059463
sae_full.88,"Saat IHSG bullish, semua group bilang itu hasil analisanya, mereka langsung cuap2 suruh ikut group privat dan berbayar, coba waktu IHSG merah group2 langsung sepi 😇",2026-04-14T05:26:35.000Z,https://www.threads.com/@sae_full.88/post/DXGa0tZE1Gd,IHSG,2026-05-05T16:57:43.169614
kinakinu97,Wkwk tumben banget suamiku sampe khawatir gara-gara IHSG 🤣,2026-02-02T10:41:37.000Z,https://www.threads.com/@kinakinu97/post/DUQKb2-Eeqx,IHSG,2026-05-05T16:57:43.369847
aryaarifin48,"3 Kriteria ini cocok buat IHSG besok 🤣
Selat hormus baru di buka, udah di tutup lagi
Harga bensin solar non subsidi naik signifikan
MU semalem menang",2026-04-19T07:29:31.000Z,https://www.threads.com/@aryaarifin48/post/DXTg3cFkkBd,IHSG,2026-05-05T16:57:43.671642
ssamuel_rp,"Saham Pom² BAPA
*Saham volatil kelas bulu (bisa Ara-Arb) potensi msh perform :
PADA, NAIK, PTMP, ASPR, KOCI, LAPD, DOOH, PSKT, LUCK, NTBK, BOBA, KJEN, NETV, LMPI, CITY
*Saham volatil dng volume besar kemarin : PTRO, ESIP, PPRE
*Saham2 yg dapat di perhatikan hr ini:
MDKA, BBNI, INCO
Perkiraan IHSG akan bergerak pada Rebu (29/4) antara 7000-7250",2026-04-29T01:49:37.000Z,https://www.threads.com/@ssamuel_rp/post/DXsp6rbEXQc,IHSG,2026-05-05T16:57:43.806239
ismurhadi_rizki,"Ciri ciri bid offer perusahaan yang harganya di tahan, study kasus BNBR hari ini 15 april , pada saat IHSG merah, ada yang nahanin di bawah . Perhatikan juga volumenya . ini menentukan keputusan kita selanjutnya mau jual atau belum .
#sahamsyariah #saham #ihsg #investor #stock",2026-04-15T10:45:22.000Z,https://www.threads.com/@ismurhadi_rizki/post/DXJkGFsj4Kz,IHSG,2026-05-05T16:57:46.875035
ekjlifestory,"Note:
Tetap butuh konfirmasi kembali.
- Acara White House Dinner.
- Lokasi di hotel Washington.
- Bukan di Gedung White House.
- Ada 5-8 suara tembakan.
- Trump diamankan Secret Agent.
- Pelaku sudah ditangkap.
- Satu officer kena tembak.
BREAKING!: Ada tembakan di acara White House Trump. USA!",2026-04-26T08:00:31.000Z,https://www.threads.com/@ekjlifestory/post/DXll-mZE_BI,IHSG,2026-05-05T16:57:46.995742
whatsthat782,Besok IHSG ijo royo,2026-04-26T08:36:18.000Z,https://www.threads.com/@whatsthat782/post/DXlqEpmD5SA,IHSG,2026-05-05T16:57:47.086615
fedi_fianto,"IHSG bursa saham dengan kepemilikan publik dan likuiditas sangat rendah
Free Float (by Tradingview)
Berkshire 99.6%
Nvidia 96%
Tesla 72%
vs
BBCA 42%
RLCO 20%
CUAN 16%",2026-01-31T05:17:14.000Z,https://www.threads.com/@fedi_fianto/post/DUKbuUcD1TH,IHSG,2026-05-05T16:57:47.308434
baypiero_,"Watchlist saya banyak mas, nunggu IHSG baikan dulu",2026-04-28T13:08:31.000Z,https://www.threads.com/@baypiero_/post/DXrS0NWlF6s,IHSG,2026-05-05T16:57:47.407950
shohibhazami,Get well soon IHSG 😁,2026-04-28T13:47:13.000Z,https://www.threads.com/@shohibhazami/post/DXrXPm7FNf1,IHSG,2026-05-05T16:57:47.500765
afansetyadi,"Gokil, harga CPO nembus level tertinggi 15 bulan, bikin sektor komoditas makin kinclong! Pendapatan semen & fiber optik juga melesat, tapi waspada ya, IHSG koreksi dorong volatilitas saham tertentu, apalagi yang kena aksi ARB. Transaksi besar di bank dan rekor pendapatan chip China diperkirakan jadi katalis positif ke depan. 💥📊 #saham",2026-04-04T09:36:13.000Z,https://www.threads.com/@afansetyadi/post/DWtHasZiWan,IHSG,2026-05-05T16:57:47.606239
cecilliasantoso_,"IHSG udah ijo, tapi portoku belum 😂
Hiburannya, dapat uang duka dari BBNI dan BBCA.
Masih belum decide buat invest ke emiten mana, jadi masih hold dulu sambil nunggu ADRO turun dikit lagi.
Ada beberapa emiten, yang lumayan aku incar, terutama ADHI 😂🫶🏻
Selama bukan saham gorengan, agak santai dikit meskipun porto membara. Walaupun kadang ada cenat cenut juga di kepala liat FL-nya 😂😂
cecilliasantoso_",2026-04-08T11:13:20.000Z,https://www.threads.com/@cecilliasantoso_/post/DW3lvGRARnd,IHSG,2026-05-05T16:57:47.705516
algoresearch,MSCI recent announcement also gives clarity that Indonesia is unlikely to be downgraded to Frontier Market but will see substantial weight reductions with names like BREN and DSSA to be excluded.,2026-04-22T08:04:21.000Z,https://www.threads.com/@algoresearch/post/DXbTPOnk8Bt,IHSG,2026-05-05T16:57:47.820500
algoresearch,"But, IHSG is not ""out of the woods yet"" as technical could move lower where risks such as US-Iran war and fiscal deterioration still exist.",2026-04-22T08:04:21.000Z,https://www.threads.com/@algoresearch/post/DXbTPNjk-w1,IHSG,2026-05-05T16:57:47.923330
jagosahamindonesia,"Dan ini langsung level kepala negara 👀
Apa yang lagi disiapin sebenernya?
Indonesia lagi gak main-main soal energi.
Bukan cuma incar minyak Rusia, tapi juga kilang + energi bersih.
jagosahamindonesia",2026-04-14T09:20:18.000Z,https://www.threads.com/@jagosahamindonesia/post/DXG1kcQiVJS,IHSG,2026-05-05T16:57:48.049013
nabung.dividen,"Dividen tahun ini estimasi dapet 19jutaan, atau sekitar 1,6juta sebulan. Ditengah IHSG yang anjlok, portofolio masih menunjukkan ketahanan. Sesuai rancangannya, portofolio ini didesain untuk jangka panjang. Total ada 36 saham dalam portofolio ini.
Tepat 2 tahun yang lalu, Maret 2024, mulai nabung beli saham tiap hari. Total per hari ini sudah 464 hari. Per hari kalau dirata2 nabung 380ribuan.
Total yang ditabung 178jutaan. Nilai portofolio jadi 245jutaan. Naik 37,6% dari modal disetor.",2026-03-16T08:11:25.000Z,https://www.threads.com/@nabung.dividen/post/DV8CoitAbRu,IHSG,2026-05-05T16:57:48.176730
ssamuel_rp,"Saham Pom Pom KUAS
*Saham volatil kelas bulu (bisa Ara-Arb) potensi msh perform :
BNBR, INET, MINA, KUAS, KAQI, HUMI, PADI, GTSI, TRUE, YELO, RMKO, OASA, CYBR, MHKI, FWCT
*Saham volatil dng volume besar kemarin : BRPT, CUAN, BREN, BUMI, BRMS, PTRO, BIPI, AMMN, VKTR, RAJA, MBMA
*Saham2 yg dapat di perhatikan hr ini:
BBRI, BBNI, BBCA, BMRI
Perkiraan IHSG akan bergerak pada Rabu (9/4) antara 6900-7150",2026-04-09T00:52:50.000Z,https://www.threads.com/@ssamuel_rp/post/DW5DhQoAQuL,IHSG,2026-05-05T16:57:48.306371
galleryinov,"Level kesabaran gue meningkat di tahun ini .
Ihsg trading halt 2x .
Kebanyakan CL dripada TP .
Tapi setiap CL gue gak marah2 , paling puyeng dikit 😂🤣",2026-04-25T11:35:10.000Z,https://www.threads.com/@galleryinov/post/DXjZv4PE5oW,IHSG,2026-05-05T16:57:48.395205
linktari,"Dejavu tahun lalu mah ini, ramadan dan lebaran tahun lalu juga IHSG di gonjang ganjing apalagi holder big banks.
Tapi tahun ini malah lebih parah,belum kelar masalah MSCI di barengin masalah yg lain lagi 😩
Untung mental uda terlatih…😅",2026-02-26T09:58:29.000Z,https://www.threads.com/@linktari/post/DVN4k9REjV3,IHSG,2026-05-05T16:57:48.505894
ssamuel_rp,"Saham Pom² CHEM
*Saham volatil kelas bulu (bisa Ara-Arb) potensi msh perform :
MSIN, FORE, ESIP, POLA, FUTR, FPNI, GSMF
*Saham volatil dng volume besar kemarin : BUMI, DEWA, BIPI, BULL, CUAN
*Saham2 yg dapat di perhatikan hr ini:
BBRI
Perkiraan IHSG akan bergerak pada Selasa (7/4) antara 6900-7150",2026-04-07T01:52:31.000Z,https://www.threads.com/@ssamuel_rp/post/DW0AwoYgbb3,IHSG,2026-05-05T16:57:48.811520
nixmare2026,"Kamu mau tau Danantara posisi dimana ?
IHSG minus 4% plus. Kalo lihat ada saham yang masih ijo brati danantara ada di situ yang mencolok banget SMGR",2026-02-02T03:13:20.000Z,https://www.threads.com/@nixmare2026/post/DUPXIm8j1Sz,IHSG,2026-05-05T16:57:49.019898
sucifitrianny,"Assalamualaikum IHSG💔
habis jual BBRI 100 lot minus 10jta, eh BBCA ga selamat juga😭",2026-01-29T06:07:47.000Z,https://www.threads.com/@sucifitrianny/post/DUFX61QAUD0,IHSG,2026-05-05T16:57:49.261715
ayudyaheka,"Merah semua bjirrr, ihsg ambruukk",2026-04-24T02:43:23.000Z,https://www.threads.com/@ayudyaheka/post/DXf4GDik8bf,IHSG,2026-05-05T16:57:49.399587
vereshanz,"Indonesia Approves Cash Injection to State Banks:
By Chandra Asmara
(Bloomberg) -- The finance ministry will today inject some
of its cash reserves into state-owned banks, Finance Minister
Purbaya Yudhi Sadewa tells reporters in Jakarta on Friday.
* Gives breakdown of funding to each state bank
** Mandiri 55t rupiah
** BRI 55t rupiah
** BNI 55t rupiah
** BTN 25t rupiah
** BSI 10t rupiah
* May inject more cash into the banks, but still assessing the move
* NOTE: Indonesia to Inject 200T Rupiah",2025-09-12T08:51:33.000Z,https://www.threads.com/@vereshanz/post/DOfwKlwE368,IHSG,2026-05-05T16:57:53.006874
izzul8,"mau dibawah kemana IHSG ini? 🤣
kemarin udah turun ke 30an minusnya, sekarang ke 40an lagi 🤣",2026-03-31T10:22:34.000Z,https://www.threads.com/@izzul8/post/DWi5kPkgdDo,IHSG,2026-05-05T16:57:53.096308
samuelariton,"OMG $ 1 = Rp 17.298 🥹
Ada apa dengan Indonesia?
#rupiah #dolar #ihsg #ekonomi",2026-04-23T05:12:45.000Z,https://www.threads.com/@samuelariton/post/DXdkY4-k8Ij,IHSG,2026-05-05T16:57:53.182961
ssamuel_rp,"Saham Pom² BAPA
*Saham volatil kelas bulu (bisa Ara-Arb) potensi msh perform :
ZATA, LAND, DEFI, BIPP, KUAS, INCF, RODA, ENZO, POLA, LCKM. CTTH, GRPH, KICI, BABY
*Saham volatil dng volume besar kemarin : BNBR, BRPT, BULL, KOTA, SSIA
*Saham2 yg dapat di perhatikan hr ini:
BMRI. BBCA
Perkiraan IHSG akan bergerak pada Rebu (22/4) antara 7400-7750",2026-04-22T01:26:49.000Z,https://www.threads.com/@ssamuel_rp/post/DXalvivgT9B,IHSG,2026-05-05T16:57:53.484283
seliniagrt,"Setelah ihsg anjlok kemarin sampe 2 hari berturut turut dan para dirut OJK dan BEI mengundurkan diri, apakah pasar saham indonesia senin nanti akan anjlok lagi atau malah akan lebih baik?",2026-01-31T00:14:24.000Z,https://www.threads.com/@seliniagrt/post/DUJ5ETBEuyh,IHSG,2026-05-05T16:57:53.575260
eginanjar,"Karena saat IHSG lemah, saham lemah biasanya jatuh lebih dalam.
Jika saham sudah breakdown EMA 89
➡️ Waspada
➡️ Kurangi posisi saat rebound
Ada 2 kondisi:
Jika saham masih di atas EMA 89
➡️ Masih boleh ditahan
Kalau masih holding saham:",2026-05-01T09:00:26.000Z,https://www.threads.com/@eginanjar/post/DXykzyKmdNk,IHSG,2026-05-05T16:57:53.705808
eginanjar,"RSI 7: 20 (oversold)
RSI 21: 35 (bearish zone)
➡️ Artinya: memang sudah jenuh jual, tapi belum ada tanda reversal kuat.
RSI juga mengkonfirmasi:
Ini sinyal klasik downtrend berlanjut.
Dari chart daily, terlihat jelas:
IHSG sudah breakdown area 7.000
Candle terakhir membentuk lower low baru
Harga berada di bawah EMA 21 High–Low
Bahkan sudah jauh di bawah EMA 89
IHSG DAILY — TREND MASIH BEARISH",2026-05-01T08:55:34.000Z,https://www.threads.com/@eginanjar/post/DXykQKpGb79,IHSG,2026-05-05T16:57:53.898705
kurniawan_anas,"inget jangan FOMO karena IHSG udah naik sekitar 10% dari bottom nya
Nanti koreksi, kalian bisa re-entry harga yang lebih bawah
Strateginya sekarang
Kalau IHSG sudah menyentuh area 7853, mulai cicil sell (khusus Swing)
Gue akan update lg kalau udah mulai muncul sinyal koreksi terutama setelah IHSG mendekati target Fibonya 7853
IHSG masih berada di fase Wave 3 & belum terlihat tanda koreksi. Seperti yg kita tahu, dalam teori EW, Wave 3 adalah wave terpanjang dibanding Wave 1 & 5",2026-04-15T01:29:18.000Z,https://www.threads.com/@kurniawan_anas/post/DXIkdqDE_-j,IHSG,2026-05-05T16:57:54.050524
eginanjar,"Kalau sampai area ini disentuh, biasanya muncul technical rebound besar.
Ini adalah zona support besar weekly.
Jika tembus:
➡️ Potensi lanjut ke 6.640 — 6.488
Level penting:
Support kuat: 6.780
AREA PENTING IHSG (WEEKLY)",2026-05-01T08:58:15.000Z,https://www.threads.com/@eginanjar/post/DXykjzcmTGv,IHSG,2026-05-05T16:57:54.377924
ayirakhmana,Dari tadi rame baca IHSG crash ga smpt ngecek. Setelah dicek.. cringgggg nangis kejer 🤣🤣,2026-01-28T06:59:14.000Z,https://www.threads.com/@ayirakhmana/post/DUC5AyWE5MU,IHSG,2026-05-05T16:57:54.484077
suwastika_03,Apalgi terkahir. Dibawa terbang MG bnbr eh merosot tp aman aja sih ga nyentuh avg . Cuma gatau kerasa capek,2026-04-15T12:36:14.000Z,https://www.threads.com/@suwastika_03/post/DXJwyYqj0Tg,IHSG,2026-05-05T16:57:54.580174
ekjlifestory,"Tp ga tau jg konglo lihai2. HAHAHAHA kita yg hrs atur posisi. 😭😭😭
Semangat kak. Tondo2nya dah ada ini kemarin IHSG pertama x netSell asing 48B sejak 8April. Today keluar 400B kalo ga salah. Udh dekat resist itu BNBR.",2026-04-15T12:53:23.000Z,https://www.threads.com/@ekjlifestory/post/DXJywAfmZDA,IHSG,2026-05-05T16:57:54.675567
wennyanggono,Ternyata bahagia itu sederhana: IHSG ijo terus 💚,2026-04-14T09:47:49.000Z,https://www.threads.com/@wennyanggono/post/DXG4uC3kjnX,IHSG,2026-05-05T16:57:54.770164
jurnaltrader.id,"Besok jangan trading dulu.
Jangan buka aplikasi...!",2026-04-02T14:09:23.000Z,https://www.threads.com/@jurnaltrader.id/post/DWodHP8Eg89,IHSG,2026-05-05T16:57:54.891966
titykaisuku,"Hay guys bagi saran dong yg suka invest. In this economy Kalian lebih milih invest ke emas, reksadana, saham atau sbn? Boleh tau sarannya kenapa? Soalnya IHSG sepertinya lg down yaaa",2026-04-08T04:11:51.000Z,https://www.threads.com/@titykaisuku/post/DW21gFekjGc,IHSG,2026-05-05T16:57:54.980476
kokotrader.id,"Komen aja nanti aku dm kalian masing”
Dicari yang serius mau belajar swing trading khususnya :
- Analisa Teknikal
- Analisa Ngekor Bandar
IHSG sudah hijau gini, porto masih merah?",2026-02-23T10:38:33.000Z,https://www.threads.com/@kokotrader.id/post/DVGOxyBkv8G,IHSG,2026-05-05T16:57:55.242563
thaanya__,"dua minggu ini setelah LK rilis, gua putusin buat bedah pake bantuan Claude Pro dan Gemini Pro, gua bedah bener2 dari QoQ, YoY, dsb, dan ternyata laporan keuangan bener2 salah satu cerminan pergerakan harga saham kenapa bisa terbang
waktu itu market gampang banget, tapi dari 2025, IHSG ngalamin 2x crash besar😂, mungkin ada yang masih floating loss meskipun ihsg udah rally beberapa hari ini,
Dari 2021 gua start belajar sampai sekarang, gua sadar satu hal, LAPORAN KEUANGAN itu ga pernah bohong",2026-04-14T12:14:00.000Z,https://www.threads.com/@thaanya__/post/DXHJcofj8CL,IHSG,2026-05-05T16:57:58.664720
vereshanz,"Top Foreign Sell
- BBRI, -158 M
- BMRI, -101 M
- ASII, -57 M
- UNVR, -55 M
- DSSA, -43 M
Top Foreign Buy
- AADI, 64 M
- BREN, 41 M
- BRPT, 38 M
- TLKM, 36 M
- ARTO, 23 M
Market Session I - 28 October 2025:",2025-10-28T06:40:27.000Z,https://www.threads.com/@vereshanz/post/DQV9uqpk9zo,IHSG,2026-05-05T16:57:58.812454
crisliung,"Edannnn, naik 4% sehari tapi value transaksi masih tergolong sepi. Apakah hanya euforia saja?",2026-04-08T07:52:40.000Z,https://www.threads.com/@crisliung/post/DW3OxT5ETR4,IHSG,2026-05-05T16:57:58.914437
imranali_1899,"sorry mau tanya, untuk transaksi yang ramai biasanya berapa T pak? kaya waktu itu dari 8k ke 9k rata ratanya berapa? karena gak merhatiin transaksi IHSG yan lalu. kalo dilihat dari transaksi kmrin kmrin waktu junam rata rata di bawah 10t terus, sempet hanya 6T. thankyou pak",2026-04-08T09:00:32.000Z,https://www.threads.com/@imranali_1899/post/DW3WibDiekw,IHSG,2026-05-05T16:57:59.001381
dinaradelia,"Siapa yang IHSG sempet anjlok dan panik?
Saya🤣😭🙏🏻
Cutloss 18% terus ternyata naik lagi nangis ga? Engga dong🤣🤣🤣🤣
Nyesek? Iyaaaa wkwkkwwk",2026-01-12T09:31:29.000Z,https://www.threads.com/@dinaradelia/post/DTZ9t2mkR7q,IHSG,2026-05-05T16:57:59.142532
ssamuel_rp,"Saham Pom² AGRO
*Saham volatil kelas bulu (bisa Ara-Arb) potensi msh perform :
KAQI, AGRO, IMJS, KRYA, NRCA, LABA, PJHB, LEAD, EMDE, AYLS, DEFI, CSMI
*Saham2 yg dapat di perhatikan hr ini:
ANTM
*Saham volatil dng volume besar kemarin : BNBR, BFIN
Perkiraan IHSG akan bergerak pada Jumat (17/4) antara 7400-7750",2026-04-17T01:25:37.000Z,https://www.threads.com/@ssamuel_rp/post/DXNtoXLAVbT,IHSG,2026-05-05T16:57:59.249092
lingkar_pertama,"IHSG by candle bagus, tp anehnya kemarin itu saham konglo bukan yang dari merah terus pada reversal. yah liat aja gimana nanti.",2026-04-30T00:31:43.000Z,https://www.threads.com/@lingkar_pertama/post/DXvFy71DxY4,IHSG,2026-05-05T16:57:59.342571
vereshanz,"Top Foreign Sell
- BMRI, -204 M
- BBRI, -77 M
- PTRO, -58 M
- IMPC, -19 M
- CDIA, -18 M
Top Foreign Buy
- BBCA, 184 M
- BRPT, 154 M
- CUAN, 81 M
- EMTK, 50 M
- ANTM, 49 M
Market Session I - 27 October 2025:",2025-10-27T07:32:22.000Z,https://www.threads.com/@vereshanz/post/DQTe4EkgVL7,IHSG,2026-05-05T16:57:59.456214
todiradenajeng,"Denger2 ihsg juga koreksi ye 😂
Tapi lucunya S&P malah naik
Minyak tentu naik
Gold malah koreksi tipis
HORMUZ TUTUP LAGI 😂😂🤯🤯",2026-04-09T02:32:54.000Z,https://www.threads.com/@todiradenajeng/post/DW5O-PokfUt,IHSG,2026-05-05T16:58:02.831865
happytrader.co,"Ada tambahan?
Simple, tapi tidak semudah itu ✌️
1. Cari saham yang lagi trending
2. Pelajari perusahaan dari saham tersebut, ga harus yang detail dari A sampai Z... Minimal tau LapKeu, PE, PBV.
3. Pelajari analisa teknikal, minimal tau saham tersebut dalam kondisi uptrend/downtrend.
4. Pelajari analisa transaksi, minimal tau .....
5. Pelajari bid offer, minimal tau ...
6. Pelajari sentimen makro dan mikro.
7. Pelajari mentalitas trader, minimal tau fear and greed.
Tips trading saham di IHSG :",2026-04-04T09:41:33.000Z,https://www.threads.com/@happytrader.co/post/DWtIDT7FDrC,IHSG,2026-05-05T16:58:02.968668
lfitrianaa,ihsg otw 7000 :(,2026-05-01T01:58:44.000Z,https://www.threads.com/@lfitrianaa/post/DXx0jOWkrid,IHSG,2026-05-05T16:58:03.177673
namastay80,"Di saat market kena halt karena IHSG anjlok 8 persen. Porto saya hanya jadi floating loss 3,65 persen. Tetap semangat yg masih minus banyak,semoga cepat rebound",2026-01-28T09:00:01.000Z,https://www.threads.com/@namastay80/post/DUDG1U7E51t,IHSG,2026-05-05T16:58:03.283426
adelonnataa,"NET FOREIGN BUY AND SELL MIDDAY
. Yuk smngat moga IHSG kita bangkit",2026-04-06T05:47:09.000Z,https://www.threads.com/@adelonnataa/post/DWx20ROjKe8,IHSG,2026-05-05T16:58:03.371407
vivikusuman,Apakah IHSG sudah bottom ?,2026-04-24T04:37:24.000Z,https://www.threads.com/@vivikusuman/post/DXgFJN9GTEB,IHSG,2026-05-05T16:58:03.461239
mas_hani_ahmad,"Screener untuk ihsg yang sedang rungkad ""buy-pump-dump""
Tetep harus dianalisa ya
DYOR",2026-02-07T11:47:38.000Z,https://www.threads.com/@mas_hani_ahmad/post/DUdJ9vdkvmQ,IHSG,2026-05-05T16:58:03.556452
nisa_elvia.wintami,"Senin besok bagaimana menurut kalian ?
Evaluasi apa kita hari ini ?
Hi Threaders IHSG
nisa_elvia.wintami",2026-04-12T13:02:08.000Z,https://www.threads.com/@nisa_elvia.wintami/post/DXCFXcpD0zc,IHSG,2026-05-05T16:58:03.652947
hengky.lim.9,"Setelah pembukaan di bayang2i oleh negosiasi yg batal dengan di buka merah 😂 , akhirnya IHSG Berhasil kembali break high di dorong oleh saham2 konglo, namun masih kurang tenaga di akhir perjalanan sesi 2 , kemungkinan besok masih akan menguji trendline resistance tsb yaa , congratulations utk yg tetap stay cool n calm
Update 13 April 26",2026-04-13T10:27:28.000Z,https://www.threads.com/@hengky.lim.9/post/DXEYddHAenf,IHSG,2026-05-05T16:58:06.494263
ekjlifestory,Finally!!! I am in!!! Jay Chou carnival concert!! CL CL IHSG kita lupakan dl. HAHAHAHA 😭😭😭,2026-04-24T11:46:10.000Z,https://www.threads.com/@ekjlifestory/post/DXg2NjxGan2,IHSG,2026-05-05T16:58:06.592367
bimbimisme,"selama lu liat bbca belum under 5800, bbri belum under 3000, tlkm belum under 2500, bbni belum under 3000, bmri belum under 4000, asii belum under 4500, untr belum under 15000... sante!
banyak yang bingung market crash. ihsg masih di harga wajarnya. karena kenaikan kemarin terbilang SEMU ! karena yang naik itu saham konglo yang fundamentalnya ampas, dan sekarang mereka ngalami penurunan yang cukup jeru. even harga wajar ihsg sendiri itu 6500-6600an harusnya, jika saham konglo di harga yg wajar.",2026-03-09T18:05:39.000Z,https://www.threads.com/@bimbimisme/post/DVrFErNk1pf,IHSG,2026-05-05T16:58:06.696004
jessicajejess,ngeri gak tuh 😖😱🫣,2026-04-24T07:39:48.000Z,https://www.threads.com/@jessicajejess/post/DXgaBH5Efzf,IHSG,2026-05-05T16:58:06.793580
aa.250516yy,"Aku masih lost sekitar 9% gara² IHSG Crash akhir Januari kemaren, beberapa saham konglo terjun bebas..
berharap bulan puasa nanti bisa segera naik saham² konglo .. dan portoku jadi hijau",2026-02-14T03:48:35.000Z,https://www.threads.com/@aa.250516yy/post/DUuUtN3ic_c,IHSG,2026-05-05T16:58:06.881155
strawhatonepiece8,"3. Indikator MACD: Masih menunjukkan sinyal negatif di seluruh timeframe utama, memperkuat indikasi downtrend.
2. Foreign Outflow: Aliran dana asing yang keluar masih cukup deras, mengindikasikan tekanan jual yang belum berakhir.
1. Proyeksi Pergerakan: IHSG diprediksi masih akan bergerak melemah. Fokus utama adalah pengujian area 7.080. Jika level itu tertembus, maka angka psikologis 7.000 akan menjadi target penurunan selanjutnya (magnet pasar).
Senin, 27 April 2026
strawhatonepiece8",2026-04-27T13:52:45.000Z,https://www.threads.com/@strawhatonepiece8/post/DXozFSaE_Mf,IHSG,2026-05-05T16:58:07.000965
ekjlifestory,Udh ada barangnya belum pak? WKAKWKAKWKAKAAK dah terang benderang sy komen itu.,2026-04-14T11:43:02.000Z,https://www.threads.com/@ekjlifestory/post/DXHF51GFIoC,IHSG,2026-05-05T16:58:07.098713
whatsthat782,Wakakakakaka udah pak. Tapi belum pada hit. Malah hari ini IHSG nya merah,2026-04-15T10:33:15.000Z,https://www.threads.com/@whatsthat782/post/DXJitoFjxt6,IHSG,2026-05-05T16:58:07.183323
imamyogaaa,"Gimana IHSG dan portomu? Yang pegang saham di bawah siap besok ya
MBMA 🚀
DEWA 🚀
VKTR 🚀
BUVA 🚀
RAJA 🚀
MINA 🚀
BUMI 🚀
BRPT 🚀
Semoga ihsg besok tetap 📈",2026-04-08T10:30:48.000Z,https://www.threads.com/@imamyogaaa/post/DW3g3jBgomz,IHSG,2026-05-05T16:58:07.287427
xynnn_wo,"Pantau saham ini, tunggu IHSG membaik dulu, nanti saham saham ini juga pullback",2026-03-17T10:28:16.000Z,https://www.threads.com/@xynnn_wo/post/DV-3FurFNoN,IHSG,2026-05-05T16:58:07.389850
cryptohill.idn,Ptro gmna,2026-03-18T08:12:41.000Z,https://www.threads.com/@cryptohill.idn/post/DWBMXpGEr-D,IHSG,2026-05-05T16:58:07.477917
m_arispujiyanto,"Pada tertarik ga dengan saham FCA? Kalau pada penasaran, bsok sabtu sama lusa coba saya bantu jelasin lewat stream. Karena emng banyak yang pada ga tau apa itu saham FCA.",2025-12-12T09:49:57.000Z,https://www.threads.com/@m_arispujiyanto/post/DSKLL_EAVky,IHSG,2026-05-05T16:58:07.581870
susanasrihandayani,"Youtube yang nggak pernah saya skip adalah jhon saham/ mabuk saham logika logikanya masuk akal :
1. Penting diversifikasi
2. Penting lihat valuasi harga wajar
3. Jangan remehkan dividen
4. Jangan percaya siapapun harus belajar sendiri, tiap hari cari berita tentang saham
ikuti siklus saham , IHSG itu ada ritmenya
5.belajar finance minimal ngerti baca laporan keuangan tipis tipis jangan sama sekali tidak mengerti.
susanasrihandayani",2026-04-01T15:55:11.000Z,https://www.threads.com/@susanasrihandayani/post/DWmEbSXid5r,IHSG,2026-05-05T16:58:07.686657
ekjlifestory,Saham kita seharusnya jg 🚀🚀🚀🚀🚀,2026-04-08T01:02:39.000Z,https://www.threads.com/@ekjlifestory/post/DW2f2U5mVQ7,IHSG,2026-05-05T16:58:07.789663
lat_group,"Gak bakal naik saham kita sih, udah sekenarionya MSCI mau menghancurkan IHSG dan rupiah biar MSCI dan Soros dapat Saham murah untuk Himbara, dan BUMN minerals. Jalan satu2nya ya kita jadi investor di negeri sendiri supaya IHSG tetep sehat. Secara yang Thailand ekonomi lagi gonjang ganjing aja Bath bisa menguat masak ekonomi Indonesia yg stabil Rupiah malah melemah gak masuk akal.",2026-04-08T02:35:35.000Z,https://www.threads.com/@lat_group/post/DW2qfAcmK7M,IHSG,2026-05-05T16:58:07.877826
yannn_zzz,"Ketidakpastian global akibat perang dagang dan ketegangan geopolitik masih membayangi ekspor dan investasi Indonesia di 2026.
Tapi gw tetap ngerasain dampaknya.
Gw bukan investor saham. Gw ga punya portofolio yang perlu gw panik-panikin tiap IHSG merah.
Perang dagang bikin IHSG terjun bebas. Rupiah tertekan. Dan gw yang cuma rakyat biasa ini akhirnya nemu satu cara buat tetap waras.",2026-05-01T07:59:59.000Z,https://www.threads.com/@yannn_zzz/post/DXyd5EPE9Rn,IHSG,2026-05-05T16:58:08.002426
vinapatrice,"OMG berasa lagi naik roller coaster, tp kita lagi di pucuknya, mau menuju turun 😱😱
24 jam terkahir yang sliweran
- Tawaran Bisnis Takeover
- aset di jual murah
- Toko2 pada hengkang dari marketplace
- Market crash : rupiah melemah, IHSG anjlog, Gold juga sale",2026-05-01T00:56:32.000Z,https://www.threads.com/@vinapatrice/post/DXxtbmPkgxR,IHSG,2026-05-05T16:58:08.112100
deicaannda,demi allah ihsg kaya saham gorengan dahh. porto gue bener-bener belum bisa ketolong ini merah semua udah 2 minggu😭.,2026-02-09T03:08:53.000Z,https://www.threads.com/@deicaannda/post/DUhYMFAEy-Q,IHSG,2026-05-05T16:58:08.802598
itsyulis,Lucu bgt hari hari liat IHSG terjun trs wk dah bodo amat,2026-04-07T10:35:21.000Z,https://www.threads.com/@itsyulis/post/DW08mA4iavz,IHSG,2026-05-05T16:58:08.941056
indahade,"Lg meratapi market merah merona mendadak dapat kabar baik dr kantor, dapat kenaikan allowance 30%,, unit apartment sudah tersewa 😚 & dapat gain dr penjualan obligasi di secondary market 🤑. Alhamdulillah rejeki Ramadhan ❤️. Semangat pejuang cuan, market tidak selamanya merah. Mdh2an cepat pulih kembali, Aamiin YRA
Jgn pd jual g*njal ya liat ihsg 🤣🤣",2026-03-06T07:32:35.000Z,https://www.threads.com/@indahade/post/DViOPXQk5DV,IHSG,2026-05-05T16:58:12.404356
sinyaldata.id,"“Bursa” kembali berdarah! IHSG anjlok sampai 3% lebih cuma dalam satu sesi. Bayangin aja, ada sekitar 625 saham yang kompak terjun bebas, dan ini bukan cuma saham lapis tiga yang goyang, tapi hampir semua sektor kena pukul rata.",2026-04-24T05:58:46.000Z,https://www.threads.com/@sinyaldata.id/post/DXgOdJIEZcC,IHSG,2026-05-05T16:58:12.491895
tashahafidzanniswa,"Mari kita mengeheningkan cipta tuk ihsg hari ini 😆😂 tapi ada stu emiten menarik mnrutku tahan badai dari sejak trad halt pertmaa.. bukan untuk ajakan jual beli ya..DYOR !
Apakah ada yg udah punya emiten ini? 😁 klo aku blum sih bru pantau secara valuasi masih murah dan deviden lumayan juga
tashahafidzanniswa",2026-02-02T02:57:50.000Z,https://www.threads.com/@tashahafidzanniswa/post/DUPVXCpgbvM,IHSG,2026-05-05T16:58:12.580407
afaza_,Situasi zoom meeting MSCI - OJK/BEI,2026-02-02T09:31:27.000Z,https://www.threads.com/@afaza_/post/DUQCaAZj5uc,IHSG,2026-05-05T16:58:12.775373
fadh.frames,"Dan itu semua menuntut respon tepat dari pemerintah kita. Pemerintah yang udah sukarela sedekah 17 Triliun buat AS Perang!
• Dollar tembus di atas Rp17.000
• Harga Minyak Dunia tembus di Atas $100
• Defisit APBN bisa tembus > 3% dari PDB
• IHSG terjun > 4%
Bagi yang merasa gak usah ikut mikirin politik, pilihan pemimpin kita gak pengaruh ke kehidupan kita, nih lihat hari ini",2026-03-09T04:58:47.000Z,https://www.threads.com/@fadh.frames/post/DVprBgXkfY5,IHSG,2026-05-05T16:58:12.889920
rurs.thelapislazuli,"Pak Prabowo ini kangen kondisi 1998 kah? Sampai semua dibuat acak adul bgini? Utang jatuh tempo, Nilai rupiah hancur, IHSG anjlok...
rurs.thelapislazuli",2026-04-24T00:16:39.000Z,https://www.threads.com/@rurs.thelapislazuli/post/DXfnTU4kxuq,IHSG,2026-05-05T16:58:12.988320
bapakpunyacerita,"Besok IHSG mau dibawa ke mana?
H2C alias HARAP-HARAP CEMAS.
bapakpunyacerita",2026-04-26T11:21:47.000Z,https://www.threads.com/@bapakpunyacerita/post/DXl9AwiH9PO,IHSG,2026-05-05T16:58:13.089644
booktopia_id,"Kalo IHSG turun lagi, kalian mau nyerok emiten apa?",2026-02-15T01:11:58.000Z,https://www.threads.com/@booktopia_id/post/DUwnlFcAfp0,IHSG,2026-05-05T16:58:13.186629
michael.nathann,Padel.,2026-04-26T03:54:57.000Z,https://www.threads.com/@michael.nathann/post/DXlJ3_OEe2S,IHSG,2026-05-05T16:58:13.403175
danzjonathan,Bukannya ihsg?,2026-04-26T04:14:32.000Z,https://www.threads.com/@danzjonathan/post/DXlMHbuERf6,IHSG,2026-05-05T16:58:13.490045
widipardiyawan,"Perundingan damai AS-Iran di Islamabad menemui jalan buntu. Pakistan sudah siapkan segalanya, keamanan ditingkatkan, Hotel Serena disiapkan, jalan bandara dijaga ketat. Tapi Iran tidak datang. Teheran minta AS cabut blokade pelabuhan dulu sebelum mau berunding. Wakil Presiden JD Vance akhirnya tunda perjalanannya.",2026-04-25T00:38:24.000Z,https://www.threads.com/@widipardiyawan/post/DXiOlndE0Wg,IHSG,2026-05-05T16:58:13.593679
mas.alif8,"Tetap semangat menyisihjan duid
untuk nyangoni ponakan. 😊
Sedikit sharing dalam menghadapi crash :
1. Mencoba menguatkan diri, it means ga kuat-kuat banget 😂
2. Tetap tenang, karena yang membuat crash bukan ""fundamental"" perusahaan, tapi kepercayaan thd pengelolaan bursa serta yang menyertainya.
3. Sambil nunggu perlahan pulih, sembari banyak belajar di berbagai media.
Sudah take profit dikit-dikit.
DIBANTING IHSG.
Before : Kondisi Minus 2 Februari.
After : Kondisi 12 Februari 2026.",2026-02-12T10:09:24.000Z,https://www.threads.com/@mas.alif8/post/DUp2sr0E5xu,IHSG,2026-05-05T16:58:13.714871
mutiacut12,IHSG turun terus kapan reboundnya 🥲 awal 2026 malah makin mumet.,2026-02-06T06:05:09.000Z,https://www.threads.com/@mutiacut12/post/DUZ9-gmktOB,IHSG,2026-05-05T16:58:13.796900
arivian.f,Mantap sih saat Ihsg koreksi 🤣,2026-04-15T09:06:50.000Z,https://www.threads.com/@arivian.f/post/DXJY0pjkuW4,IHSG,2026-05-05T16:58:13.890711
yusufmuhpov,"Semoga ini jalan yg benar, apalagi emas udah turun harganya💰📈
Sebenarnya saya gk tertarik investasi di reksadana, terutama pendapatan tetap. Tapi setelah IHSG berdarah + kesibukan. Lama cape juga buka2 laporan keuangan dan baca candle stik🤣..
Ya udah lah ya, serahin aja ama manajer keuangan di reksadana.",2026-05-01T12:41:04.000Z,https://www.threads.com/@yusufmuhpov/post/DXy-DznGGiy,IHSG,2026-05-05T16:58:13.993468
gymnastiarrem,"Tenang aja IHSG ttp Strong soalnya asing lagi BSJP jga 😂
Market mulai memberikan ketidakpastian ya, padahal baru aja gencatan senjata. Israel dah nyerang lagi aja.🗿",2026-04-09T00:07:28.000Z,https://www.threads.com/@gymnastiarrem/post/DW4-VCQkoNN,IHSG,2026-05-05T16:58:14.099313
happytrader.co,"IHSG kapan ke 12.000 nya iniiii hadehhh 🙈
Habis botuna terbitlah isriwil b*ngsaaaaaat,
Stop dulu anj 🤯",2026-04-08T16:06:11.000Z,https://www.threads.com/@happytrader.co/post/DW4HQBAlBD1,IHSG,2026-05-05T16:58:14.200231
nixmare2026,"Minggu depan off dulu dari IHSG. Cutloss semua sisa saham. Pejabat elit nya yang pada mundur itu bukan hanya ga becus kerja tapi ada sesuatu yang mereka ga sanggup betulin. Apalagi IHSG crash baru karena berita MSCI, belum kalo paman Trump tantrum. Reward nya ga sebanding dengan risk nya. Mending kehilangan duit berapapun hari ini daripada kehilangan uang lebih besar besok. Masuk lagi ketika IHSG sudah di reformasi. Peace Love & Gaul",2026-01-31T04:16:00.000Z,https://www.threads.com/@nixmare2026/post/DUKUt0Aj-__,IHSG,2026-05-05T16:58:14.281932
gugusan.awan,"ribuan anak keracunan MBG, dollar hampir 17rb, keponakan jadi deputi gubernur BI, IHSG anjlok, pemimpinnya masuk circle trump zionist israel, tapi kalo dikritik dibilangnya barisan sakit hati. sehat? 🙂",2026-02-02T13:56:45.000Z,https://www.threads.com/@gugusan.awan/post/DUQgxIhEiXQ,IHSG,2026-05-05T16:58:17.376777
stockbit,IHSG tadi sempat menyentuh 9.000 loh😇,2026-01-08T03:28:54.000Z,https://www.threads.com/@stockbit/post/DTPBCq1kg9m,IHSG,2026-05-05T16:58:17.483071
robinhoodstocks,"Kenapa gua bisa yakin? Kalian bisa lihat data weighting IHSG kita dimana weighting saham konglo ini besar, bayangkan kalau seperti kata orang orang di luar sana yang bilang era saham konglo sudah BERAKHIR otomatis jangan harap IHSG bisa perform karena mana mungkin saham fundamental bisa gendong IHSG, bisa lihat data semenjak COVID, siapa yang gendong IHSG kalau bukan saham konglo, jadi jangan anti sama saham konglo
""IHSG akan ditopang saham konglo 2026""
Mungkin kalian ga percaya tapi bodo amat.",2026-03-20T15:37:02.000Z,https://www.threads.com/@robinhoodstocks/post/DWHIzy2CcN-,IHSG,2026-05-05T16:58:17.586065
yoohansa,"bring back IHSG to 9000 !!!
winrate seimut ini masih punya saham nyangkut di $BBRI",2026-05-01T11:43:18.000Z,https://www.threads.com/@yoohansa/post/DXy3coHkpxU,IHSG,2026-05-05T16:58:17.976883
fahrurozidani,Kenapa market IHSG bisa TURUN CUKUP TAJAM lagi ? Apakah dampak ekonomi kita ? Dampak perang ? Dampak nolak pinjaman dana ?,2026-04-24T12:32:26.000Z,https://www.threads.com/@fahrurozidani/post/DXg7gbZE9M5,IHSG,2026-05-05T16:58:18.067639
reinaldomh2009,"Gw perhatiin medsos akan mulai rame dan isi mencak-mencak kalo IHSG turun.
Kelas menengah lagi terancam",2026-04-24T05:47:12.000Z,https://www.threads.com/@reinaldomh2009/post/DXgNIWvlPtw,IHSG,2026-05-05T16:58:18.158016
q.ismyname,Rabu nanti mau take profit dan all in ke satu saham. BBRI apa BMRI ya? Atau ada ide lain? #saham #ihsg,2026-02-16T02:52:26.000Z,https://www.threads.com/@q.ismyname/post/DUzX3ufgVYj,IHSG,2026-05-05T16:58:18.253928
kelseycalista,"Senin
Buka stockbit — Liat IHSG — Tutup lagi 🙏🏻😇",2026-02-02T02:25:09.000Z,https://www.threads.com/@kelseycalista/post/DUPRnsGCTCN,IHSG,2026-05-05T16:58:21.187526
agungpharm,"Tapi kalau seperti ini, perlu 2029 lagi baru big bank kita bisa ATH. Tidak ada harapan di fiskal kita tahun 2026 ini. Program beban MBG ini bikin khawatir investor luar negeri.
Kalau Prabowo bikin konferensi pers bahwa MBG dan Koperasi Merah Putih dihentikan, saya yakin IHSG akan rally ke 10.000 dan big bank akan ATH lagi.",2026-04-24T05:40:31.000Z,https://www.threads.com/@agungpharm/post/DXgMXeDgRbn,IHSG,2026-05-05T16:58:21.311483
liu.cuanho,Ad berita kepala bgn keserempet aja..itu ihsg lgsg bull,2026-04-24T09:15:50.000Z,https://www.threads.com/@liu.cuanho/post/DXglAekj1Ah,IHSG,2026-05-05T16:58:21.436250
abiwidasmara,"Awas aja Mingdep Trump berulah lagi 🤬 lekas membaik IHSG 😚
IHSG hijau hari ini karena berita gencatan senjata sementara, tapi jangan senang dulu, secara price action IHSG perlu menembus WEMA, minimal tembus WEMA 5 di 7250an
IHSG HIJAU HARI INI 🤩",2026-04-08T06:20:00.000Z,https://www.threads.com/@abiwidasmara/post/DW3EKoMEzDb,IHSG,2026-05-05T16:58:21.549085
belalianaaaa,"Sumpah sedih bgt baca berita negeri ini chaos banget! 😩
- Wagub BI ponakan RI1. Dimana ke- independent-an BI?!
- Indonesia gabung BoP & Iuran BoP diambil dari APBN
- Dana MBG 2026 smpe 335T
- Inget DPR Adies Kadir yg prnh blg kost DPR sehari 3jt, diangkat jd hakim MK.
- Ex mentri agama pengelapan dana jamaah haji blm diapapain
- Rupiah melemah&IHSG halt 2x, rebalancing MSCI, OJK BEI gak prevent dari kmrn. yakin kl org dlm hrsny udh notice kl emg saham bnyk digoreng, dikira MSCI diem aja apa.",2026-01-29T16:07:51.000Z,https://www.threads.com/@belalianaaaa/post/DUGclwbAXMn,IHSG,2026-05-05T16:58:21.845665
eginanjar,"Disclaimer ya, keputusan jual beli tetap di tangan masing2
Perhatikan RSI 7 dari masing2 saham, kalau sudah di level 75 keatas sebaiknya TP dahulu
Bukan berarti saham yg kamu pegang akan koreksi juga, tapi ketika cuaca hujan biasanya semua ikut berhenti berteduh.
Di indikator ""BREAKOUT 21"" yang aku buat juga muncul sinyal TP, artinya apa? Artinya IHSG rawan koreksi, masih bisa naik tapi terbatas, apalagi hari ini langsung gap up.
Mau info aja, IHSG udah di level 75 utk RSI 7 nya.",2026-04-14T12:09:04.000Z,https://www.threads.com/@eginanjar/post/DXHI4fTGU1B,IHSG,2026-05-05T16:58:21.988512
aganis_amruit,"kak, klo saya mainnya monthly, tp IHSG skrg blm crossup MA 200 daily, baiknya TP dulu atau lanjut aja?",2026-04-15T03:17:16.000Z,https://www.threads.com/@aganis_amruit/post/DXIw0cGE3JU,IHSG,2026-05-05T16:58:22.078787
rizkamaghfur,"Eh ini td jam 2an BELL , INOV, ESTI , ERTX
Naik alhamdulillah
Intinya apa ???
Klo trading musti tenang dan sabar
Klo saya, karena setiap hari liat porto saya merah semua jadi santai aja , malah fokus apa ini saham yg bisa cuan?
Bagi mereka yg tidak terbiasa liat porto merah
Mereka akan panik
Kepikiran , takut uangnya hbis dll
Tiba2 IHSG minus 1.3 merah merona
Otomatis longgsor dunk
Ndak main2 longsornya 10-15 tik
Buah Kesabaran itu CUAN
Tadi pagi jual beli BELL , ESTI, INOV",2026-01-21T07:37:47.000Z,https://www.threads.com/@rizkamaghfur/post/DTw72-MkRUd,IHSG,2026-05-05T16:58:22.203647
rinelrhy,"Ngumpulin oasa hampir 2 minggu dengan conviction dia udah di harga support dari double top sebelumnya. Lalu lock ara today✈️ kalau ga kebongkar dan ihsg reversal, bisa buat bsjp ini✅",2026-04-08T07:21:16.000Z,https://www.threads.com/@rinelrhy/post/DW3LLWMknIu,IHSG,2026-05-05T16:58:22.292044
sphireeee,"kangen era market bullish. cape bgt IHSG merah terus😭
hari ini dapet 3k juga alhamdulillaah. gerakan IHSG hari ini cuma bagus di pagi doang😭🤏",2026-04-07T07:09:21.000Z,https://www.threads.com/@sphireeee/post/DW0lBP8jyKc,IHSG,2026-05-05T16:58:22.440382
im.ddewa,"Trump mengumumkan gencatan senjata tanpa batas waktu
Me : alah si moncong trump kacau mania 🦜
Apakah hari ini IHSG 📈 bisa jadi??",2026-04-22T00:53:12.000Z,https://www.threads.com/@im.ddewa/post/DXah5SKgb56,IHSG,2026-05-05T16:58:22.561680
ssamuel_rp,"Saham Pom Pom : LUCK/LCKM
*Saham volatil kelas bulu (bisa Ara-Arb) potensi msh perform :
ESIP, COAL, FORE, JAWA, RODA, LCKM, SDMU, MPIX, MEDS
*Saham volatil dng volume besar kemarin : DEFI, AMMN
*Saham2 yg dapat di perhatikan hr ini:
ANTM, EMAS
Perkiraan IHSG akan bergerak pada Seloso (28/4) antara 7000-7250",2026-04-28T01:24:57.000Z,https://www.threads.com/@ssamuel_rp/post/DXqCTHoAf4j,IHSG,2026-05-05T16:58:25.582824
ekurniawan.id,"Habibiee,,,, ihsg ancur lebur, bentar lagi bbm naik, inflasi tinggi, mbg tetap berjalan, punya presiden hobi jalan-jalan keluar negeri terus. Fix indonesia segera krisis & bubar 🔥",2026-03-30T02:11:07.000Z,https://www.threads.com/@ekurniawan.id/post/DWfch1tD8-J,IHSG,2026-05-05T16:58:25.853661
kik.satya,IHSG Sepertinya menolak merah hari ini. 🙏📈,2026-04-13T02:27:16.000Z,https://www.threads.com/@kik.satya/post/DXDhgbOGLmP,IHSG,2026-05-05T16:58:25.950602
shintadwiaryanti__,"Looking at the screen today feels like watching a horror movie .
IHSG ditutup anjlok ke level 6.956 per 30 April 2026 .
Turun lebih dari 2% dalam sehari ! Pas banget sebelum libur May Day , market kasih kita ""hadiah"" warna merah merona . 🚩
shintadwiaryanti__",2026-05-01T00:48:52.000Z,https://www.threads.com/@shintadwiaryanti__/post/DXxsje3mYK-,IHSG,2026-05-05T16:58:26.046696
regitaadc,"maaf gue nggak ngerti IHSG, frontier market, tpi gue baru denger berita pengaruh msci
ternyata sepengaruh itu, seserem itu dampaknya",2026-02-02T13:55:09.000Z,https://www.threads.com/@regitaadc/post/DUQglbvE-Wu,IHSG,2026-05-05T16:58:26.136542
ivan.nover_,"IHSG bisa ke 7730
EMAS kalo koreksi bisa agak dalem (pola rising wedge) abis itu naik lagi
ENRG bisa ke 2300 (entry under 2000 masih menarik)
BULL support di 460, kalo bisa tembus 570 bisa lanjut naik
MDKA di angka sekarang udh bs masuk MSCI
Hindari saham konglo, masuk komoditas
INCO saham yang fundanya bagus
MBMA asing keluar, ditampung lokal
INDY asing beli di pucuk 3950. Area aman beli di 3700
AADI asing beli di harga tinggi
Money management
Live ko Michael Yeoh
@_michaelyeoh
2 Maret 2026",2026-03-02T15:46:39.000Z,https://www.threads.com/@ivan.nover_/post/DVYzmg8k97n,IHSG,2026-05-05T16:58:26.410485
sharemystock,"#ihsg
#saham
#traderpemula
Pantauan untuk besok.",2026-04-14T13:03:04.000Z,https://www.threads.com/@sharemystock/post/DXHPD-zmnAh,IHSG,2026-05-05T16:58:26.586753
meryn_agasi,"Diluar IHSG yang tiba2 jeblug dan porto sahamku lebih minus dari biasanya 😂, seneng juga hari ini gajianku dari Sukuk total 1.250 an. Aku gak kerja aku lebih seneng memvalidasi diriku aku harus punya gajian tetap.",2026-01-12T10:53:38.000Z,https://www.threads.com/@meryn_agasi/post/DTaHHj3kgz0,IHSG,2026-05-05T16:58:26.682962
henipurwasih,"Tiap hari liat IHSG bawaannya koq deg2an yaa naik deg2an, turun lebih deg2 seeerrr..",2026-04-30T07:56:21.000Z,https://www.threads.com/@henipurwasih/post/DXv4rkGmQgq,IHSG,2026-05-05T16:58:26.767510
hizkiakim,"Banyak yang minta IHSG balik ke harga COVID kan(?)
Giliran IHSG semakin mendekati harga COVID kok malah takut beli(?) 🤭",2026-03-16T05:22:46.000Z,https://www.threads.com/@hizkiakim/post/DV7vVU7D-v1,IHSG,2026-05-05T16:58:30.363870
shangrilamahda,"mental udah cukup tebal atau masih panikkk? wkwkwkwk
ada alumni investor IHSG zaman pandemi covid? 🤣🙋🏻‍♀️💅😇",2026-02-02T15:58:58.000Z,https://www.threads.com/@shangrilamahda/post/DUQuwQtD7Ud,IHSG,2026-05-05T16:58:30.489140
cuantanpariba,"​Secara teknikal, meskipun terkoreksi hari ini, IHSG masih dianggap berada dalam fase konsolidasi yang wajar setelah reli panjang. Area support terdekat diperkirakan berada di rentang 7.587–7.639.
Statistik Saham:
​Menguat: 391 saham
​Melemah: 67 saham
​Stagnan: 204 saham
Performa IHSG pada hari ini, Rabu, 15 April 2026, ditutup di zona merah, memutus tren penguatan (reli) yang sempat terjadi selama lima hari berturut-turut.",2026-04-15T11:27:10.000Z,https://www.threads.com/@cuantanpariba/post/DXJo4jbE25J,IHSG,2026-05-05T16:58:30.685717
ekjlifestory,"Di sini aku bs bangun siang, IHSG open jam 12. Tp ya malem msh open market. Tunggu broksum keluar smpe jem 9 atau 10 malem. 😭
Semoga yg nyangkut2 di emiten konglo segera kejemput. IHSG pulih. 🔥 Sy tdr dl HAHAHA dah subuh.",2026-05-01T17:30:07.000Z,https://www.threads.com/@ekjlifestory/post/DXzfI3HCnlk,IHSG,2026-05-05T16:58:30.799783
isminhaf,"IHSG break 7.300, menuju 7.000 sih ini🙂🤙🏻",2026-04-24T04:37:10.000Z,https://www.threads.com/@isminhaf/post/DXgFHgzE0_5,IHSG,2026-05-05T16:58:30.899430
stockwise.id,"Akhirnyaaaaaa🥹✨
#ihsg #saham",2026-04-08T09:03:35.000Z,https://www.threads.com/@stockwise.id/post/DW3W4v5mIO3,IHSG,2026-05-05T16:58:31.006084
susandjie,"Ya Tuhan, doaku simple, plis IHSG naik dan sahamku hijau semua🍀🙏🏻",2026-04-08T05:07:01.000Z,https://www.threads.com/@susandjie/post/DW270JDGtvO,IHSG,2026-05-05T16:58:31.098551
gabriellaclau_,IHSG comeback stronger yuk🙏🏻,2026-04-14T02:00:25.000Z,https://www.threads.com/@gabriellaclau_/post/DXGDOlvibDD,IHSG,2026-05-05T16:58:31.189983
syawal_saf,"ribuan anak keracunan MBG
dollar hampir 17ribu
keponakan presiden jadi gubernur BI
IHSG menurun
presiden patungan 17T buat antek asing
tapi heran aja, kalo di kritik masih banyak aja yang belain 🙃",2026-02-01T04:36:22.000Z,https://www.threads.com/@syawal_saf/post/DUM710fESwQ,IHSG,2026-05-05T16:58:34.031597
rizalaffif_,"Memang betul, pelaut handal ditempa dalam badai.
Dulu beliau pertama masuk market tahun 2008 setelah pensiun dini, masih menyekolahkan 3 anak. IHSG -50%. Covid tahun 2020, IHSG -30%. Jadi lihat IHSG -20% tahun ini sudah ngga aneh. ""Mungkin sampe -50% nanti,"" katanya santai. ""Tapi toh nanti balik lagi.""
Pagi tadi ngobrol sama Bapak tentang kondisi market yang morat-marit. Beliau ketawa-ketawa saja.",2026-05-01T13:07:04.000Z,https://www.threads.com/@rizalaffif_/post/DXzBCLxEy0i,IHSG,2026-05-05T16:58:34.156902
voiceofmib,"Akhirnya IHSG koreksi juga. Setelah rally seminggu.
Saham milik pak PP, dan pak Bakrie juga drop dulu.
Anyway, ada yang belanja di saham PTRO tanggal 13 kemarin tuh.
INKP dan TOBA jadi kesayangan gue hari ini.",2026-04-15T11:28:36.000Z,https://www.threads.com/@voiceofmib/post/DXJpCrjkrgS,IHSG,2026-05-05T16:58:34.476676
prdhna_,"IHSG sesi pertama naik 0,65% ke 7.175,62. Yang menarik, bank jumbo rame transaksinya, tapi justru saham tambang yg jadi penarik utama indeks hari ini.",2026-04-28T04:00:16.000Z,https://www.threads.com/@prdhna_/post/DXqUDGXmH7L,IHSG,2026-05-05T16:58:34.566630
syaifullahdavidd,"Gara gara petinggi BEI ga becus kerja jadi kena badai MSCI, hanya dalam berapa hari porto yang tadinya FP jadi FL. Semoga IHSG bisa recovery…
syaifullahdavidd",2026-02-16T03:01:07.000Z,https://www.threads.com/@syaifullahdavidd/post/DUzY3Z-E7ID,IHSG,2026-05-05T16:58:34.673482
aryaarifin48,"IHSG Indeks Harga Saham Gorengan🔥🔥🔥
Tahun ini Januari
Tahun Lalu April",2026-01-28T04:01:43.000Z,https://www.threads.com/@aryaarifin48/post/DUCksnpEp1e,IHSG,2026-05-05T16:58:34.796584
lutfi_andriyanto,"Aku pasang SL di 1400, harga langsung drop dari 1500 ke 1300. Ga kejual dong ternyata wkwkwk
Saat IHSG drop kemaren, baru sadar ternyata stop loss itu bisa kelewat.
lutfi_andriyanto",2026-02-01T11:59:09.000Z,https://www.threads.com/@lutfi_andriyanto/post/DUNug7PEm7A,IHSG,2026-05-05T16:58:34.903737
yessi_tann,"walaupun ihsg gonjang ganjing
Tapi puji Tuhan 😫😫
Tiap malem rasanya capek banget harus analisa terus😭
Semoga perjuangan yg melelahkan ini menjadiii sukses",2026-03-11T11:14:00.000Z,https://www.threads.com/@yessi_tann/post/DVvfjfdEqUK,IHSG,2026-05-05T16:58:34.994231
daniel.tjeong,"Selain itu ada SRTG yg menarik karena ada kepentingan besarin freefloat 15%. Ga mungkin mereka mau besarin freefloat di discount to NAV 65% lebih, pasti harga atas.
BRMS MSCI -> BUMI yg di kejar naik
BREN MSCI -> PTRO yg di kejar naik
MDKA & EMAS masuk harusnya yg kejer naik ADRO.
Konglo udah kebelet mau masukin barangnya ke MSCI. MDKA & EMAS calon kuat masuk MSCI, selain BUMI.
Indonesia akan Bullish,",2026-03-24T04:11:03.000Z,https://www.threads.com/@daniel.tjeong/post/DWQNfHfEaiO,IHSG,2026-05-05T16:58:35.375171
happytrader.co,"Hari ini udah cuan luber, Jangan lupa sedekah tel ✌️
Semoga botuna ga aneh aneh,
IHSG 12.000 didepan mata🚀
IHSG Positif Reversal 🔥",2026-04-10T04:51:28.000Z,https://www.threads.com/@happytrader.co/post/DW8Dn6eFCAO,IHSG,2026-05-05T16:58:35.495163
adelonnataa,Oftimis IHSG hijau royo 🚀✅📊,2026-04-14T01:47:39.000Z,https://www.threads.com/@adelonnataa/post/DXGBxL4CIwR,IHSG,2026-05-05T16:58:35.580376
sotoaayaam,"Dulu gue mikir simpel, kalau rupiah melemah ya tinggal beli USD, SGD atau yg laen.
Investor Indo (termasuk gue):
“ini gue harus ngapain ya?”
Rupiah lagi melemah, IHSG loyo, tapi US stock malah ATH.",2026-04-26T09:10:13.000Z,https://www.threads.com/@sotoaayaam/post/DXlt9CUGQId,IHSG,2026-05-05T16:58:35.680453
susanasrihandayani,"Hah smua kena suspen?? Yg bener aja ini kena hack apa gemana IHSG
susanasrihandayani",2026-01-28T06:45:04.000Z,https://www.threads.com/@susanasrihandayani/post/DUC3Y7nCaWs,IHSG,2026-05-05T16:58:35.782971
adelonnataa,"My watchlist 20 April
ADRO
CUAN
NCKL
EMAS
PACK
BREN
INET
MDIA
Disclaimer on guys . ( semoga IHSG hijau )📊✅",2026-04-19T07:20:57.000Z,https://www.threads.com/@adelonnataa/post/DXTf4t-DFtj,IHSG,2026-05-05T16:58:35.872539
https4o2,"iHSG mau kemana? Prediksi saya IHSG
apakah analisa saya sejak 2 nov 2025 kembali terbukti benar?",2026-04-07T14:37:11.000Z,https://www.threads.com/@https4o2/post/DW1YRSJml7K,IHSG,2026-05-05T16:58:36.042586
https4o2,iHSG mau kemana? Prediksi saya IHSG,2025-11-03T01:55:20.000Z,https://www.threads.com/@https4o2/post/DQk53oHE--o,IHSG,2026-05-05T16:58:36.146195
andix_mistik,"Selalu memainkan narasi
""2030 IHSG tembus 28.000""
Kok bisa?
Dalam investasi kalau tebak2an itu judi
Fundamentalnya dari mana Pak?",2026-04-28T04:10:35.000Z,https://www.threads.com/@andix_mistik/post/DXqVQMSkUsQ,IHSG,2026-05-05T16:58:36.237997
ekurniawan.id,"Semua market (gold, silver, ihsg, kripto) kompak kebakaran 🔥
Apa2an ini, entah instrumen mana lagi yang bisa dipercaya buat naroh uang dingin 🤔",2026-02-02T03:39:29.000Z,https://www.threads.com/@ekurniawan.id/post/DUPaIJCj_xC,IHSG,2026-05-05T16:58:39.497717
hervandy09,Betting on Big 4 = Betting for Ekonomi Indo. Gitugaksih Om ?,2026-04-28T00:06:53.000Z,https://www.threads.com/@hervandy09/post/DXp5XXuk9aO,IHSG,2026-05-05T16:58:39.593297
insinyur.saham,"Kalau asumsi awal.untuk menurunkan ihsg pertama ya turunkan big capnya...jika dianggap sudah over value untuk sektor ini, dalam arti jika bisa turun lebih dalam yieldnya akan jauh menarik. Apalagi efek dolar menguat terhadap rupiah yieldnya harus dinaikkan agar lebih menarik jangan kalah sama inflasi versi kurs.",2026-04-28T00:51:14.000Z,https://www.threads.com/@insinyur.saham/post/DXp-cPSkhGZ,IHSG,2026-05-05T16:58:39.679229
prediktify,"Bukan rekomendasi saham. #saham #ihsg
Inilah kerasnya pasar saham.
Saat harga dipompa, euforia datang.
Seringkali ritel baru masuk… tepat di pucuk.
Harga langsung runtuh: 50… lalu 5.
Setelah itu?
Broker XA melepas hingga ±15 juta lot.
Kalau lihat data 2021:
harga pernah dipompa dari ~70 → 240 oleh broker YP.
Penggeledahan kantor Mir*e Asset Sekuritas Indonesia bikin saham BEBS kembali disorot.",2026-03-15T02:21:58.000Z,https://www.threads.com/@prediktify/post/DV41148E1Y0,IHSG,2026-05-05T16:58:40.039484
tristan.nelson_,"IHSG Turun, Emas Turun, Crypto Turun. Tapi ada yang Gak Pernah Turun, malah naik terus... yaitu BIAYA HIDUP, INFLASI, Kenaikan Biaya Medis, Kenaikan Biaya Sekolah Anak",2026-02-06T04:14:53.000Z,https://www.threads.com/@tristan.nelson_/post/DUZxW40kaeI,IHSG,2026-05-05T16:58:40.221016
herlambangsandy_,"Contoh orang yg main saham maunya Ijo terus🫵🤡 badutt badut
herlambangsandy_",2026-04-26T08:29:54.000Z,https://www.threads.com/@herlambangsandy_/post/DXlpVwnE4yS,IHSG,2026-05-05T16:58:40.708512
hmzhid,"Penyebab IHSG Melemah 3% - Market
bloombergtechnoz.com
bloombergtechnoz.com/detai…
IHSG paling merah se-Asia: indikasi trust pasar ke pemerintah melemah. Stabilitas ekonomi tidak terjamin karena OJK dan BI minta swasta turut bantu program pemerintah yang sudah ramai dikritik. Efek trickle down tidak dirasakan. Dollar tembus 17.300. Kalau main sahamnya waras, dengan memperhatikan iklim politik (baca: buku pelajaran Ekonomi kelas 11), ini udah alarm banget.",2026-04-26T08:45:03.000Z,https://www.threads.com/@hmzhid/post/DXlrEv5iQSm,IHSG,2026-05-05T16:58:40.824846
susanasrihandayani,"ARCI
NCKL
GTSI
INCO
BUMI
DEWA
BULL
ASSA
mulai menghijau
Dan IHSG mulai banyak rebound
TEBE jangan telat angkat dividen trap .
Semangat hr ini lihat menghijau semua
susanasrihandayani",2026-04-08T02:12:02.000Z,https://www.threads.com/@susanasrihandayani/post/DW2nyfICUMz,IHSG,2026-05-05T16:58:40.924288
mang.amsi,IHSG SUDAH TURUN HAMPIR -25% DARI PUNCAKNYA… DI SINILAH CARA BERPIKIR INVESTOR SEBENARNYA TERLIHAT,2026-03-16T06:25:09.000Z,https://www.threads.com/@mang.amsi/post/DV72eMgkcZy,IHSG,2026-05-05T16:58:43.870398
uptrendtrading_,":
guys, be carefull yah. Ketatin TSnya untuk posisi yang sudah FP, kaya gak enak ini naiknya. Kalo gak hari ini, besok sepertinya koreksi ini. Di timeframe H1 ada bearish divergence, mulai melemah naiknya. Target dailynya juga sudah hampir kena sesuai analisa sebelumnya.
seperti analisa sebelumnya, kalo gak kemarin hari ini berpotensi koreksi ternyata bener dikasi koreksi 😂
The Power of Supply Area. Be carefull kalo closingnya dengan candle merah kaya gitu, closingnya diarea body candle ijo yang kemarin sampai diarea tengah bodynya terkonfirmasi besok peluang koreksinya menguji demand area dibawah itu besar.",2026-04-15T08:46:27.000Z,https://www.threads.com/@uptrendtrading_/post/DXJWfXGGN-4,IHSG,2026-05-05T16:58:44.072131
uptrendtrading_,":
guys, be carefull yah. Ketatin TSnya untuk posisi yang sudah FP, kaya gak enak ini naiknya. Kalo gak hari ini, besok sepertinya koreksi ini. Di timeframe H1 ada bearish divergence, mulai melemah naiknya. Target dailynya juga sudah hampir kena sesuai analisa sebelumnya.",2026-04-14T02:43:56.000Z,https://www.threads.com/@uptrendtrading_/post/DXGINVGmOwC,IHSG,2026-05-05T16:58:44.181790
kirabot.info,Gimana senin kalian aman? kalo mimin masih alhamdulillah ini bisa nyopet di pagi hari disaat ihsg masih aja merah🥹 coba komen udah berapa minus kalian tudey,2026-04-06T04:12:48.000Z,https://www.threads.com/@kirabot.info/post/DWxsBTiESrs,IHSG,2026-05-05T16:58:44.269853
nuranzka,"Rupiah 17.034, ihsg 6900 mungkin prabowo juga belum tau. Soalnya CEO Mbg taunya indonesia negara yang besar, rakyatnya terbahagia di dunia.
Kalo mulai banyak yg protes tinggal adain pesta rakyat, sembako gratis yg anggarannya “pokoknya ada”.",2026-04-06T08:38:48.000Z,https://www.threads.com/@nuranzka/post/DWyKddQEktk,IHSG,2026-05-05T16:58:44.352052
ezpada_trader,"Oke, nanti malam admin cek siapa yg pasang barang di Offer 500 tersebut.. Admin penasaran... 😅
Admin cek tadi ada sekitar 800rb lot, yg mana jika di konversi ke rupiah di harga 500 berati sekitar 40M.. 😱
Ketika yg lainya pada ikutan turun ketarik IHSG, yg satu ini malah sengaja recall-recall dengan pamer barang segitu banyaknya.. 😂",2026-04-16T05:25:55.000Z,https://www.threads.com/@ezpada_trader/post/DXLkVkYAe2j,IHSG,2026-05-05T16:58:44.454969
toserba_spill,"IHSG ANJLOK
EMAS NAIK
PRESIDEN JOIN ISRAEL
selamat datang dunia tipu tipu 🔥🔥🔥",2026-01-28T12:36:20.000Z,https://www.threads.com/@toserba_spill/post/DUDflu6EZPo,IHSG,2026-05-05T16:58:44.549366
agungawicaksono,"Kebanyakan insider trading anjing, jadi gak seru ah IHSG.",2026-04-21T02:54:48.000Z,https://www.threads.com/@agungawicaksono/post/DXYLBGGAXPW,IHSG,2026-05-05T16:58:44.643482
yusqiibrilliant,"Porto gw 3 hari yang lalu 🦁🚀
Porto gw hari ini 🤡💀",2025-10-17T12:39:19.000Z,https://www.threads.com/@yusqiibrilliant/post/DP6SDZ-k4Yi,IHSG,2026-05-05T16:58:44.748655
muhammad_tohaaaa,"1. Analisis Teknikal & Level Kunci
* Support Krusial: Saat ini IHSG berada di kisaran **6.971**. Level *support* terdekat berada di **6.917**, dengan area pertahanan kuat di **6.745 – 6.849**.
Proyeksi IHSG per April 2026:
muhammad_tohaaaa",2026-04-09T17:04:34.000Z,https://www.threads.com/@muhammad_tohaaaa/post/DW6yucJFHoV,IHSG,2026-05-05T16:58:44.846351
ocyyputri,IMHO nih ya. Sebagai pemula pendatang baru di dunia investasi saham ini. Ngeliat IHSG merah dan bbrapa emiten grafiknya merah kayanya itu moment yg bagus buat aku. Bener gak sih? Mungkin yg lain yang udah suhu bisa kasih masukan ke aku. No jokes ya tengkyuuu,2026-04-13T01:37:26.000Z,https://www.threads.com/@ocyyputri/post/DXDbza4GsRJ,IHSG,2026-05-05T16:58:44.943750
kudusalto_11,"Kalau untuk trading halt kali ini (MSCI effect), kira kira butuh waktu berapa lama???
Tahun 2025, setelah terjadi trading halt, IHSG umumnya rebound dalam waktu singkat
- Pada kasus Maret 2025, rebound terjadi keesokan harinya (1 hari).
- Sedangkan pada April 2025 butuh waktu lebih lama, sekitar 11 hari sebelum pasar kembali stabil.",2026-01-28T07:48:34.000Z,https://www.threads.com/@kudusalto_11/post/DUC-qIdkluD,IHSG,2026-05-05T16:58:45.037353
widipardiyawan,"hari ini ihsg ga cuma bener tapi presisi
saham pilihannya juga gacor, semoga besok juga
sudah ada analisa terkait ihsg dan saham untuk besok, nanti abis isya kita update 🙏
Yang sudah berlangganan
koraninvesta.netlify.app",2026-04-21T11:50:44.000Z,https://www.threads.com/@widipardiyawan/post/DXZIWWLFHAF,IHSG,2026-05-05T16:58:45.136035
lianmaulian,"IHSG 30/4/2026 11.00
1. Sudah menutup gap terdekat
2. Menunggu apakah dia menjebol support kebawah garis merah atau akan memantul?",2026-04-30T04:01:11.000Z,https://www.threads.com/@lianmaulian/post/DXvdxMHEtxq,IHSG,2026-05-05T16:58:45.213504
galihmandalaaa,"Analisis kondisi IHSG yg sulit naik sulit naik, dikarenakan beberapa faktor:
1️⃣ Minyak Melambung: Brent $110 vs Asumsi APBN $70. Subsidi bengkak Rp 230T. Fiskal masuk “Survival Mode”.
2️⃣ Rupiah Terkapar: Kurs Rp 17.380/USD (Terlemah di ASEAN). Asing kabur dari Big Banks (BBCA, BMRI).
Brent $110 | Rupiah Rp 17.380
IHSG SAAT INI dipengaruhi sentimen global… khususnya berkaitan dengan IHSG dan MINYAK DUNIA",2026-04-30T06:20:05.000Z,https://www.threads.com/@galihmandalaaa/post/DXvtqdNGivh,IHSG,2026-05-05T16:58:45.307171
khemalmalik,"Rupiah makin lemah (17000an)
Asing outflow besar besaran
IHSG balik ke 7000an
Isu MSCI & Fitch rating negatif
Tekanan geopolitik luar
Lo sadar gak ekonomi di indonesia beneran lagi gak baik-baik aja?",2026-04-28T10:17:32.000Z,https://www.threads.com/@khemalmalik/post/DXq_P7flEhS,IHSG,2026-05-05T16:58:45.398694
halimsopan,"kenang2an IHSG crash kemarin, izin pamit dulu yeee, nanti crash kita serok lagi🙏",2026-02-04T14:27:03.000Z,https://www.threads.com/@halimsopan/post/DUVt0xmE3F7,IHSG,2026-05-05T16:58:45.484519
alifahnst,Gilak IHSG ambruk dan rupiah menyentuh 17.300. Ada gila-gilanya gue liat presiden dan wapres gak ada keliatan panik ☺️,2026-04-24T09:16:55.000Z,https://www.threads.com/@alifahnst/post/DXglId6E6s5,IHSG,2026-05-05T16:58:45.577133
jurnaltrader.id,"Save aja dulu, atau tinggalin jejak. Biar nyarinya gampang... ☺
Kok tau...??? Ya dulu kan udah pernah kejadian juga. Di bawah langit tidak ada yg baru. Sejarah pasti terulang.
Palingan cuma butuh 18 - 24 bulan dari bottom. Hitungnya bener2 kalau udah ketemu bottom-nya ya.
Formasi ini namanya air terjun darah""... 😂
Kelihatan-nya doang serem.
Tapi ntar pas balik ke ATH biasanya cepet.
Pantauan closing market IHSG 16 Maret 2026.",2026-03-16T12:08:29.000Z,https://www.threads.com/@jurnaltrader.id/post/DV8dw35kkzA,IHSG,2026-05-05T16:58:48.552179
joe.nanto,Apakah ihsg kita masuk frontier market,2026-04-06T04:52:04.000Z,https://www.threads.com/@joe.nanto/post/DWxwgy8gC9h,IHSG,2026-05-05T16:58:48.723156
adelonnataa,IHSG kita hari ini,2026-04-24T03:43:31.000Z,https://www.threads.com/@adelonnataa/post/DXf--fxjEjr,IHSG,2026-05-05T16:58:48.814987
nabung.dividen,"ADRO menjadi top loser lagi di portofolio setelah sebelumnya sempat hijau. Tapi berkat itu averagenya bisa saya turunkan lagi ke 2390an 😁
IHSG hari ini mini crash lagi.. portofolio untungnya masih ditopang saham-saham dengan fundamental yang baik. Pilihan saya untuk diversifikasi sepertinya terlihat membuahkan hasil saat seperti ini. Ketika mayoritas saham merah, masih ada PGAS dan AADI serta AVIA misalnya yang masih menghijau.",2026-02-02T06:02:35.000Z,https://www.threads.com/@nabung.dividen/post/DUPqgJWgcG5,IHSG,2026-05-05T16:58:48.925701
sin_dau,"7.005 be like : "" welcome home IHSG ""
🤭🤭😌😌",2026-04-28T02:11:23.000Z,https://www.threads.com/@sin_dau/post/DXqHnKaE7b4,IHSG,2026-05-05T16:58:49.205040
happytrader.co,"Prediksi IHSG Merah hari ini 🔴
Turun -+ 2% 😭",2026-03-09T01:03:50.000Z,https://www.threads.com/@happytrader.co/post/DVpQIwkk-uw,IHSG,2026-05-05T16:58:49.358264
marulychristovel,"IHSG hari : yg naik minyak dunia yg masuk top gainer minyak kelapa 😭😂
marulychristovel",2026-03-02T06:17:15.000Z,https://www.threads.com/@marulychristovel/post/DVXycHykn1W,IHSG,2026-05-05T16:58:49.695648
priceaction.id,Aku sih yakin ya IHSG bakal bullish 🟢,2026-04-22T01:26:44.000Z,https://www.threads.com/@priceaction.id/post/DXalu_Jj8st,IHSG,2026-05-05T16:58:49.793960
bimbimisme,"kalo lu dengan RASIONAL seleksi beli saham yang BAGUS dan bukan yang HYPE, biar IHSG minus 6-10% pun SAHAM-mu yg genah akan tetep selamet.
inget bray, kita itu beli SAHAM-nya, bukan INDEX-nya.
banyak yg posting ihsg bakal turun dalam karena bla bla bla
wkwkwk
baru aja tadi muncul High Shareholding Concentration List / Konsentrasi Saham Kepemilikan Tinggi.",2026-04-02T19:52:41.000Z,https://www.threads.com/@bimbimisme/post/DWpEZpgk9ua,IHSG,2026-05-05T16:58:53.141461
prameswari_indar,"Dalam kondisi IHSG saat ini sebaiknya disisain emiten yg mana aja?
prameswari_indar",2026-04-26T12:14:56.000Z,https://www.threads.com/@prameswari_indar/post/DXmDF-lCc26,IHSG,2026-05-05T16:58:53.248019
myterminal.id,"Transaksi ini dilakukan dalam rentang harga Rp1.525-Rp1.580, yang berarti Prajogo Pangestu merogoh dana lebih dari Rp100 miliar untuk tujuan investasi pribadi.
Prajogo Pangestu, pengendali Barito Group, kembali melakukan akumulasi saham PT Petrindo Jaya Kreasi Tbk (CUAN) dengan memborong sekitar 84 juta saham pada Rabu, 29 Januari 2026, di tengah anjloknya Indeks Harga Saham Gabungan (IHSG).
Prajogo Pangestu Borong 84 Juta Saham Petrindo (CUAN) di Tengah Volatilitas Pasar",2026-01-29T05:24:31.000Z,https://www.threads.com/@myterminal.id/post/DUFS96ZkWzU,IHSG,2026-05-05T16:58:53.365121
hengky.lim.9,"Di buka dengan GAP DOWN dan IHSG closing di tarik menjauhi area gap yg sudah di bahas pagi tadi, akan menguji area 7.100 - 7.200 , Kalau besok bisa break high 7.403 maka IHSG berpotensi menutup gap nya, namun gap tersebut jg yg akan menjadi RESISTANCE saat ini, jadi jika IHSG besok bergerak menguat dan gagal closing di atas 7.486 maka IHSG akan bergerak zig zag BAWAH ( garis panah hijau)
Update 09 Maret 26",2026-03-09T14:54:05.000Z,https://www.threads.com/@hengky.lim.9/post/DVqvJqqgUda,IHSG,2026-05-05T16:58:53.515003
sitimarlina.jp,"Jujur, sebulan ini saya gak fokus disaham. Sebelumnya saya belajar setiap hari, sebulan ini enggak sama sekali.
Seharusnya bulan maret bagus buat belajar materi, karna IHSG kurang bagus, gak banyak praktek.
Alhamdulillah hari ini TP VKTR
Hari Jumat, rules nya Amankan cash.
belajarsahampemula",2026-04-10T02:20:03.000Z,https://www.threads.com/@sitimarlina.jp/post/DW7yS4_GuWi,IHSG,2026-05-05T16:58:53.656065
reresshhh,Lupakan dan buka lagi pas ihsg 9000 adalah sebuah usaha menjaga kewarasan 😌,2026-03-06T04:22:09.000Z,https://www.threads.com/@reresshhh/post/DVh4cqXEdfq,IHSG,2026-05-05T16:58:53.751768
its.jihaan_,"rupiah melemah, IHSG terjun, minyak naik, defisit melebar. btw porto kalian aman? klo gue sih uda merah merona😭",2026-03-09T07:02:28.000Z,https://www.threads.com/@its.jihaan_/post/DVp5LZ5Efsq,IHSG,2026-05-05T16:58:53.847797
ssamuel_rp,"Saham Pom Pom BAPA
*Saham volatil kelas bulu (bisa Ara-Arb) potensi msh perform :
COCO, IRSX, MDIA, REAL, DEFI, FPNI, PMJS, CSMI, PURI, RICY
*Saham volatil dng volume besar kemarin : BUMI, PTRO, BNBR, BRPT, DEWA, CDIA, BULL. SIMP, INET, RATU ZATA, PPRE, BAPA
*Saham2 yg dapat di perhatikan hr ini:
BBCA, BMRI, BBRI
Perkiraan IHSG akan bergerak pada Rabu (15/4) antara 7400-7750",2026-04-15T00:46:15.000Z,https://www.threads.com/@ssamuel_rp/post/DXIfiTPAcI6,IHSG,2026-05-05T16:58:53.976262
viviverlisya,"Aku udah kebal dari announcement MSCI, FTSE dan institusi lainnya 🙂‍↕️✋
Harga oil balik ke $100+ ? Siap” perang baru?",2026-04-13T04:55:52.000Z,https://www.threads.com/@viviverlisya/post/DXDyg3GEvU6,IHSG,2026-05-05T16:58:54.088344
arnoldpo,Semoga cepet membaik IHSG (portoku),2026-01-29T02:46:23.000Z,https://www.threads.com/@arnoldpo/post/DUFA3pIEs4h,IHSG,2026-05-05T16:58:57.160840
stockbit,Data 39 klasifikasi investor sudah bisa dicek di bagian profile ya! Jangan lupa untuk update Stockbit ke versi paling baru😁,2026-04-30T03:45:42.000Z,https://www.threads.com/@stockbit/post/DXvb_zTD-Me,IHSG,2026-05-05T16:58:57.258589
yourfavv0dka,Aku kira ihsg paling menyala ternyata STOCKBIT LEBIH MENYALA😍🔥💃🏻,2026-04-30T03:48:46.000Z,https://www.threads.com/@yourfavv0dka/post/DXvcWK5Ee-U,IHSG,2026-05-05T16:58:57.347949
febrianggelo,Day 1: Mau jadi investor saham. Baru masuk IHSG merah semua 😭,2026-04-30T15:07:46.000Z,https://www.threads.com/@febrianggelo/post/DXwqDaDiRPY,IHSG,2026-05-05T16:58:57.445889
ridhotholabi,"Aku pribadi nggak berharap perang terjadi berkepanjangan karena dampaknya bisa ke kita juga kayak sebelumnya harga terigu jadi mahal (Ukraina salah satu eksportir gandum terbesar).
Mungkin bisa dilihat kondisi tahun 2022 saat perang Ukraina dan Rusia terjadi. Ada beberapa komoditas jadi langka bahkan masuk ke supercycle. Bisa cek saja emiten-emiten komoditas di tahun 2022.
Kalo perang terjadi, IHSG bagaimana?",2026-02-28T11:51:30.000Z,https://www.threads.com/@ridhotholabi/post/DVTPGcPlPo5,IHSG,2026-05-05T16:58:57.553818
abiwidasmara,"🚨 BREAKING: after 21 hours of negotiations with Iran JD Vance says NO DEAL could be reached! Not a good sign!
IHSG masih bisa turun lagi? Belum bottom nih?
Wakil Presiden AS JD Vance ga dapet Deal dari Iran",2026-04-12T03:36:26.000Z,https://www.threads.com/@abiwidasmara/post/DXBEoKYE3nC,IHSG,2026-05-05T16:58:58.302133
newssplashx,🚨 BREAKING: after 21 hours of negotiations with Iran JD Vance says NO DEAL could be reached! Not a good sign!,2026-04-12T01:42:10.000Z,https://www.threads.com/@newssplashx/post/DXA3hqhDHkk,IHSG,2026-05-05T16:58:58.409792
rumatela05,"Senin rebound ???
⚠️Breaking, BREN & DSSA resmi didepak.",2026-04-24T11:11:24.000Z,https://www.threads.com/@rumatela05/post/DXgyO40kjsF,IHSG,2026-05-05T16:58:58.522241
linda.clarisa255,"ihsg anjlok jgn pada cutloss knp, time to buy hrsnya
linda.clarisa255",2026-04-30T07:19:49.000Z,https://www.threads.com/@linda.clarisa255/post/DXv0f9fEXoD,IHSG,2026-05-05T16:58:58.611133
minakautsarr,"Ihsg lagi turun, kalian buy apa gais?",2026-04-24T13:41:42.000Z,https://www.threads.com/@minakautsarr/post/DXhDbtDFFpq,IHSG,2026-05-05T16:58:58.709349
aurasho,"Woy bangun woy, IHSG tembus 9000.
Gokil pak Purbaya!",2026-01-14T04:15:24.000Z,https://www.threads.com/@aurasho/post/DTejIlIkrkf,IHSG,2026-05-05T16:58:58.811878
jurnaltrader.id,"Saatnya belum tiba buat kita. Biarin aja yg lain pd beli. Kita nanti... ☺
Aku blm mau masuk. Hanya monitor saja ketua. Org suruh beli ini beli itu, gw mah senyum doang. Gw tau apa yg bakal terjadi di depan. Jd mau tetep dng rencana gw.
Dari chart ini km sdh tau lah ya, arahnya mau kemana...
Hari ini beneran ijo, tapi cuma nutup gap. Sayang besok sudah libur.
Pantauan IHSG 17 Maret 2026 sesi pagi jam 10:40.",2026-03-17T03:52:58.000Z,https://www.threads.com/@jurnaltrader.id/post/DV-J2dbktWU,IHSG,2026-05-05T16:59:01.872585
daniel.tjeong,"Low to medium Probability
EMAS, ANTM
High probability inclusion MSCI in May 2026
INKP, MDKA, BUMI",2026-03-29T07:40:21.000Z,https://www.threads.com/@daniel.tjeong/post/DWddaWBkdXk,IHSG,2026-05-05T16:59:01.987000
gradhi42,tebak siapa yang jalan duluan,2026-04-27T02:56:05.000Z,https://www.threads.com/@gradhi42/post/DXnn7tjgemK,IHSG,2026-05-05T16:59:02.083977
ihsg_screener,"Kalau IHSG lagi bearish apa yang harus di lakukan ?
Cari Saham yang Undervalue ! Dan cari yang harga Wajar nya di bawah rata rata.
Cara nya ? Pakai screener , Ada screener free knapa nggak di manfaatkan.
Berikut adalah PnL dari saham saham yang undervalue, Rata Rata terhitung entry dari tanggal 15 Maret.
Semoga Bermanfaat 🙏🏻",2026-04-02T12:42:25.000Z,https://www.threads.com/@ihsg_screener/post/DWoTKRbGMi5,IHSG,2026-05-05T16:59:02.188113
yudhaniagara,"Beberapa emiten ini mngkin bisa jadi pertimbangan, screening by AK, MG, BK —> 3 day —> net buy #DYOR 🔥
Hari ini IHSG diserang lagi dengan berita dari Moody’s, ngga ada henti2nya market indo kena tekanan, semoga mental ritel masih kuat 💪💪",2026-02-06T11:27:58.000Z,https://www.threads.com/@yudhaniagara/post/DUai63FkycG,IHSG,2026-05-05T16:59:02.298259
novstories,"Bangun ges, IHSG dibawah 7.000 🫣",2026-04-07T02:40:01.000Z,https://www.threads.com/@novstories/post/DW0GMkoE9v2,IHSG,2026-05-05T16:59:02.385623
stocks_ninja.id,"apa ritel indo lebih pintar dari asing?
kenapa asing cabut dari BBCA, kan sahamnya bagus kata ritel indo?",2026-04-28T21:33:46.000Z,https://www.threads.com/@stocks_ninja.id/post/DXsMouIExQ9,IHSG,2026-05-05T16:59:02.490143
kulinerbandunguenakabis,"Kenapa rupiah turun? Defisit anggaran (baca MBG) ini harus ditutup dengan...
Karena rupiah ya turun. Mau sebagus-bagusnya saham di IHSG. Kalau rupiah ya turun ya aseng rugi.
kulinerbandunguenakabis",2026-04-29T06:10:21.000Z,https://www.threads.com/@kulinerbandunguenakabis/post/DXtHwZJERES,IHSG,2026-05-05T16:59:02.584163
ssswastiii,"Tapi, suamiku bilang, i will provide, and you still have your voice. CANGGUNG…
But when my voice is heard, i let my husband provide all.",2026-04-22T11:04:00.000Z,https://www.threads.com/@ssswastiii/post/DXbny8qkhXA,IHSG,2026-05-05T16:59:02.687093
ssswastiii,"Tapi, pas IHSG merah nyungsep ambles dan suamiku loss-nya miliaran, i said to him, DO NOT WORRY, i got savings to cover us until you cover the loss.",2026-04-22T11:04:00.000Z,https://www.threads.com/@ssswastiii/post/DXbny8lEgGX,IHSG,2026-05-05T16:59:02.790597
___wambar.id,"Dah lah, tutup aplikasi, jalan2 cari siomay Bandung aja 😂
Cuma bisa menghela nafas liat IHSG",2026-01-23T02:11:28.000Z,https://www.threads.com/@___wambar.id/post/DT1gGurkiTG,IHSG,2026-05-05T16:59:02.894941
algoresearch,We expect IHSG to trade sideways in the near-term as upside catalysts are still lacking while downside is supported by light positioning.,2026-04-22T08:04:21.000Z,https://www.threads.com/@algoresearch/post/DXbTPMOEwrG,IHSG,2026-05-05T16:59:03.008470
andriandavinta_,"Bukan cuma return harian — ini weekly momentum.
Cocok buat cari saham yang lagi trending atau yang mau reversal.
Langsung lihat saham yang naik & turun paling kencang dalam 5 hari terakhir.
📈 Top Gainers & Top Losers
apa aja yang bisa kamu lihat 👇
Kita baru launch fitur GRATIS yang biasanya cuma ada di platform premium:
Market Highlights — 9 kategori sinyal pasar IHSG, update tiap hari setelah market close.
Update baru di Volara!",2026-05-01T09:40:56.000Z,https://www.threads.com/@andriandavinta_/post/DXypca1FHdi,IHSG,2026-05-05T16:59:03.162263
mocrama_10,"​Jadi ini murni tekanan ekonomi global atau emang ada ""perang dingin"" di balik layar? Yang jelas, jangan cuma fokus ke dramanya, perhatiin flow duitnya aja buat make money di market. Menurut lu gimana?🤬
Banyak yang bilang Rupiah hancur & IHSG merah karena pak pur terlalu keras ke IMF & World Bank kemarin. Kayak lagi ""ditekan"" balik gitu sama mereka.
IHSG merah gara-gara pak Purbaya 'sombong' ke IMF sama World Bank? 🤨",2026-04-26T05:35:25.000Z,https://www.threads.com/@mocrama_10/post/DXlVXzMkwG_,IHSG,2026-05-05T16:59:03.271251
dayoneinvesting.id,"Tulisan ini sebagai pengingat aja.., siapa tau lagi ada yang mau belanja buat invest / nata porto.
Inget ya.. ketika USD-IDR >Rp. 17.200, ada banyak emiten-emiten yang menghasilkan revenue dalam USD, dari sekian banyak emiten yang revenue dalam USD, cari yang revenue berpotensi tumbuh dan rasio utangnya kecil, lebih baik lagi yang utangnya dalam IDR.
dayoneinvesting.id",2026-04-24T07:16:02.000Z,https://www.threads.com/@dayoneinvesting.id/post/DXgXTDgkZNE,IHSG,2026-05-05T16:59:03.369179
pangeran_gareng,"muncul berita ini too makanya tadi sempet naik, sekarang ihsg turu lagi 😴",2026-04-07T04:21:21.000Z,https://www.threads.com/@pangeran_gareng/post/DW0RyvtE37t,IHSG,2026-05-05T16:59:03.458383
roni_az,"Solar dan gas non subsidi sudak naek, rupiah melemah, IHSG terjun -2% pagi ini, listrik beberapa sudah mcam giliran mati (ngalamin ndak ?). Bebrp project dibatalkan atas nama efisensi. Ada Badan yg minim anggran smentara yg laen kek brlebihan. Bagaimana beras, minyak, dan bumbu dapur sudah ikutan naek juga ?
Pertanda apa ini ? Tetap hati2 di dunia serba tak pasti ini.....",2026-04-24T03:44:12.000Z,https://www.threads.com/@roni_az/post/DXf_DjxCdrl,IHSG,2026-05-05T16:59:03.537590
mang.amsi,"IHSG TURUN 13% SEJAK AWAL TAHUN.
INI WAKTUNYA TAKUT ATAU JUSTRU BERPIKIR?",2026-03-06T06:12:37.000Z,https://www.threads.com/@mang.amsi/post/DViFFurkZpr,IHSG,2026-05-05T16:59:03.639559
imamyogaaa,"REKAP: 📈 SESI 2 IHSG CUAN LUBER
BRPT +17%
CDIA +8%
CUAN +7%
DEWA +8%
BUMI +6%
KUAS +33%
PMJS +27%
KAQI +26%
URBN +23%
ARKO +9%
UVCR +5%
By Modul Screener Ultimate. 📦",2026-04-08T09:13:19.000Z,https://www.threads.com/@imamyogaaa/post/DW3YAG0kTJq,IHSG,2026-05-05T16:59:04.023343
0xnextzy,"No hopium. Data only. 📉
Tembus 6,800 → 6,400.
C = A equality. Level ini make or break.
✅ 5-wave impulse: done ~9,400
⬇️ Koreksi ABC zigzag aktif
🎯 Target Wave C: 6,800
IHSG Elliott Wave update.",2026-04-04T21:49:52.000Z,https://www.threads.com/@0xnextzy/post/DWubZuGE150,IHSG,2026-05-05T16:59:07.092751
leeyo.nk,"Sebelum crash terjadi, harga wajar IHSG itu berada di area 6000 an bahkan ada analis yang mengatakan bahwa IHSG kalau tidak ditopang saham konglo masih berada di area 5900-6700. Crash nya IHSG ini tentunya akan berakhir ketika sudah mencapai area deman kuatnya. Kalau berdasarkan analisis yang beredar, demand kuat nya berada di range 7000-7100 (kemarin sempat sentuh 7180)",2026-03-10T12:27:29.000Z,https://www.threads.com/@leeyo.nk/post/DVtDKvQkQlT,IHSG,2026-05-05T16:59:07.374299
alfathesyar,"dirut BEI sama petinggi OJK pada mundur, saham IHSG anjlok, rupiah nyentuh 17.000 per 1USD, emas nyentuh 3 juta per gram, presiden memilih bayar 17 triliun buat masuk organisasi zionis ketimbang mikirin rakyatnya sendiri, apa yang mau diharapkan lagi?",2026-01-30T16:55:21.000Z,https://www.threads.com/@alfathesyar/post/DUJG0iiknlH,IHSG,2026-05-05T16:59:07.470380
jeff_setianto5,kalau cuma pake feeling terus bener wah banyak yang kaya ru,2026-04-25T12:08:48.000Z,https://www.threads.com/@jeff_setianto5/post/DXjdmOTlCW9,IHSG,2026-05-05T16:59:08.175750
trilyunanpahala,"Let see, apakah bakal IHSG ke 6500-6000
- Dr gema goeryadi juga pernah bilang kalau IHSG ada potensi nutup Gap area 6000an
- bennix juga bilang saat live di yt, IHSG bisa meluncur ke 6000an, dia sendiri bilang akan beli saham saat IHSG di 6000an
- beberapa indikator teknikal buatan saya pribadi juga memungkinkan IHSG ke 6000
Enggak murni feeling bang ada beberapa analisa juga",2026-04-25T12:25:50.000Z,https://www.threads.com/@trilyunanpahala/post/DXjfi_FCeUp,IHSG,2026-05-05T16:59:08.359772
angelica.jonatan,"Di sisi lain, kita bisa belajar dari konflik sebelumnya, seperti perang Ukraina-Rusia, di mana IHSG justru menguat karena didukung komoditas.
kesimpulan live tadi adalah, kita menghadapi eskalasi konflik antara Iran, Israel, dan Amerika, yang bisa mengganggu jalur transportasi komoditas, khususnya minyak. Efeknya, harga minyak berpotensi melonjak, yang tentunya akan memengaruhi pasar global.
Analisa Market saat ini
angelica.jonatan",2026-03-01T12:23:36.000Z,https://www.threads.com/@angelica.jonatan/post/DVV3khWEdkY,IHSG,2026-05-05T16:59:08.488739
syaiful_hasan_basri93,"Entah itu mitos atau fakta, IHSG itu dapat diprediksi berdasarkan hasil pertandingan Manchester United atau dapat di istilahkan dengan MUmology... 😅
Jika MU menang, IHSG akan merah. Namun jika MU kalah biasanya yang akan terjadi IHSG akan hijau pekat!!..
Kebetulan, MU kalah tadi malam. Mungkinkah hari ini IHSG akan....???
🤣🤣🤣
🚀🚀🚀
syaiful_hasan_basri93",2026-04-14T01:29:20.000Z,https://www.threads.com/@syaiful_hasan_basri93/post/DXF_q73kl31,IHSG,2026-05-05T16:59:08.585784
wulanmiulan,"Apa kabar Porto temen2 di thread?? Punya ku merah menyalaa 🔥🔥
2 hari IHSG kebakaran, target 1jt/ hari dari saham belum realized 🥹 Beberapa saham masih floating loss…",2026-01-22T09:05:28.000Z,https://www.threads.com/@wulanmiulan/post/DTzqsGZk1yW,IHSG,2026-05-05T16:59:12.105665
rizkamaghfur,"Jumatan dulu rek
Biar ganteng 🙏
Yg mampu bertahan terlama
melawati 2 masa itu
Akan menjadi pemenang
So , rilex dulu perjalanan masih panjang
Semoga banyak yg tenang
Ada masa mudah
Ada juga masa susah
IHSG rasa gorengan 😁😁😁",2026-01-23T04:57:06.000Z,https://www.threads.com/@rizkamaghfur/post/DT1zD3EEZOh,IHSG,2026-05-05T16:59:12.234175
bawonosuryo,"tunggu aja ihsg bakal naik lagi...
dunia masih baik2 saja...
pabrik juga masih pada produksi...
kapal2 jg masih berlayar seperti biasa...
sawit juga masih di panen dan dijadikan minyak...
terbakar...tp tenang aja itu cuman di layar hp atau laptop...
market crash??
jangan panik..",2026-01-28T04:22:28.000Z,https://www.threads.com/@bawonosuryo/post/DUCnEhWkyLT,IHSG,2026-05-05T16:59:12.360500
priceaction.id,"Rupiah melemah, All time low❌
Downweight MSCI ❌
Anggaran negara ❌
Ada lagi yang bikin IHSG drop?",2026-04-23T23:09:44.000Z,https://www.threads.com/@priceaction.id/post/DXffpPok4ss,IHSG,2026-05-05T16:59:12.456310
idntimes,"IHSG Tancap Gas Pagi Ini, Intip Saham-saham yang Ngebut
IHSG Tancap Gas Pagi Ini, Intip Saham-saham yang Ngebut idntimes.com/busin…",2026-04-16T02:37:36.000Z,https://www.threads.com/@idntimes/post/DXLQ9XWDv-a,IHSG,2026-05-05T16:59:12.557264
bintang.restu,perasaan kemarin banyak dukun market yang bilang hari ini open market pasti TRADING HALT? kok ilang 🧐,2026-03-25T10:05:29.000Z,https://www.threads.com/@bintang.restu/post/DWTa13gFCMN,IHSG,2026-05-05T16:59:12.660291
dlquantbot,"3. Jika asing melakukan outflow, maka biasanya saham saham Big Cap perbankan : BBCA,BMRI,BBRI,BBNI yang pertama tertekan, yang banyak di jual asing.
2. Biasanya dana outflow dari Emerging Markets (termasuk Indonesia) untuk dipindahkan ke US Treasury atau Emas. Ini akan menyebabkan pelemahan Rupiah dan penurunan IHSG dalam jangka pendek
1. jika senin terjadi panic selling , jangan ikut panic, wait and see.paling aman tunggu 1 jam pertama.",2026-02-28T10:03:59.000Z,https://www.threads.com/@dlquantbot/post/DVTCzCdkUDv,IHSG,2026-05-05T16:59:12.784113
raii_rh,"tidur siang tu apa? lu bayi lu tidur siang⁉️
IHSG SESI 1",2026-01-13T05:37:01.000Z,https://www.threads.com/@raii_rh/post/DTcHrbSkeJW,IHSG,2026-05-05T16:59:12.887798
rudiraind,"Kita baca :
terlalu banyak saham di IHSG “dikuasai oleh segelintir pihak”..
Masalah utama yang disorot adalah :
📌 Likuiditas
📌 Transparansi
📌 Free float saham",2026-04-04T03:51:35.000Z,https://www.threads.com/@rudiraind/post/DWsgAKdkTpJ,IHSG,2026-05-05T16:59:15.953775
monochrommostlife,"Silahkan berkicau..
Cuma mau kasih tau:
💵 Dolar AS tembus Rp 17.360
📅 17 Juli jatuh tempo utang Rp 833 T
🏦 Total utang Rp 9.658 T
💰 Bunga utang Rp 599 T
📉 IHSG anjlok ke 7.129
🏭 Harga plastik naik 50%
🔥 Gas LPG non-subsidi naik 18%
⛽ BBM non-subsidi naik 40–60%
monochrommostlife",2026-04-30T15:50:31.000Z,https://www.threads.com/@monochrommostlife/post/DXwu8fiD-f1,IHSG,2026-05-05T16:59:16.062090
sweetheart_caca,IHSG 6900 bang,2026-05-01T00:05:59.000Z,https://www.threads.com/@sweetheart_caca/post/DXxnpVfj3jC,IHSG,2026-05-05T16:59:16.150619
profgilang,"*note: bukan rekomendasi jual beli saham, siap jadi badut IHSG 🤡*
When was the last time this happened? Maybe the last time is this year. Seatbelts fastened.
To me, it's the perfect time to rotate and diversify after the rally in commodity and energy stocks. And I'm diving in to collect banks on the dip. Seeing double-digit dividend yields on liquid heavyweights is a total anomaly in IHSG history.
Bracing for turbulence before the landing.",2026-04-23T16:59:40.000Z,https://www.threads.com/@profgilang/post/DXe1S1zD3i0,IHSG,2026-05-05T16:59:16.271084
imamyogaaa,"REKAP: 📈 SESI 1 IHSG DONE
DEWA +7%
MEDS +11%
OILS +9%
ADRO +2%
ESIP +30%
YPAS +24%
MMIX +10%
MSIN +13%
TEBE +3%
LUCY +9%
By modul screener ultimate.",2026-04-06T05:11:04.000Z,https://www.threads.com/@imamyogaaa/post/DWxysBykeeP,IHSG,2026-05-05T16:59:16.368508
ismaa_yl,Ihsg hancur saham di porto masih ada yang ijo juga udah alhamdulillah ya,2026-04-30T14:07:19.000Z,https://www.threads.com/@ismaa_yl/post/DXwjIrPGuHH,IHSG,2026-05-05T16:59:16.458257
nazfat,"⚠️ Threads ini hanya berbagi pengalaman investasi dg modal kecil, bukan rekomendasi saham.
Berhubung sudah membaik, maka saya topop 500rb supaya lebih agile invest/trading
TRUE baru belu langsung ARA 🚀
DAY 12 - Invest Saham Target 100jt dalam 1 Tahun
Modal Awal: 1.000.000
Modal Tambahan: 500.000
Total Asset Saat Ini: 1.525.745
Ini catatan saham kemarin, baru sempat saya update hari ini
Alhamdulillah market membaik, IHSG naik, dan porto saya sudah nutupin minus saat crash.",2026-02-12T14:22:21.000Z,https://www.threads.com/@nazfat/post/DUqTpUYCbaL,IHSG,2026-05-05T16:59:16.833332
haikalmanggala,Walaupun IHSG sedang bergejolak setidaknya masih bisa profit…,2026-03-10T06:23:31.000Z,https://www.threads.com/@haikalmanggala/post/DVsZhDlkQLU,IHSG,2026-05-05T16:59:16.929477
tonnikho,IHSG besok Senin ada kemungkinan lanjut turun untuk tutup gap up.,2026-04-26T08:39:14.000Z,https://www.threads.com/@tonnikho/post/DXlqaInkgiB,IHSG,2026-05-05T16:59:17.024590
beginnersluck_id,"JUST IN: 🇺🇸 $1 trillion wiped out from the US stock market today.
beginnersluck_id",2026-02-12T22:19:26.000Z,https://www.threads.com/@beginnersluck_id/post/DUrKPokkzU6,IHSG,2026-05-05T16:59:17.307197
watcher.guru,JUST IN: 🇺🇸 $1 trillion wiped out from the US stock market today.,2026-02-12T21:01:37.000Z,https://www.threads.com/@watcher.guru/post/DUrBU39EqeW,IHSG,2026-05-05T16:59:17.400417
hendrahenz22,"Sumber : Stockbit Sekuritas
IHSG turun ke 6.926,55 (-2,46%) dengan nilai transaksi Rp11,28T, asing masih mencatatkan net sell sebesar Rp977,08M. Top net foreign buy diisi BBNI, ADRO, dan INCO, sementara tekanan jual terbesar datang dari BBCA, BBRI, dan ANTM.
Update Foreign Flow Sesi 1
Date : Kamis, 30 April 2026",2026-04-30T05:38:36.000Z,https://www.threads.com/@hendrahenz22/post/DXvo6p4GT_O,IHSG,2026-05-05T16:59:17.501977
raflansetyou,"dipaksa bersih"" dulu, sekalian libur panjang",2026-04-30T07:00:29.000Z,https://www.threads.com/@raflansetyou/post/DXvySW-lB9L,IHSG,2026-05-05T16:59:17.599053
alwanae,"Santai, april ini saatnya hunting barang. Barang yang bagus akan digoreng dulu sebelum masuk MSCI. Aku udah pick beberapa emiten kategori small & standart. Kalau lu udah nemu emitennya dan lu tau kalau free floatnya cakep, tinggal duduk manis aja dah jadi duit.
MSCI rules : AVTR, Real Free float, Market Cap & ga kena supend mendekati hari H.
Nih gua spill jagoan emiten alpha buat masuk MSCI berdasarkan para konglo :
Bakrie : BIPI & BNBR
HH : BUVA & ARKO",2026-04-06T09:06:49.000Z,https://www.threads.com/@alwanae/post/DWyNqtLj1uM,IHSG,2026-05-05T16:59:17.785606
alwanae,"Santai, april ini saatnya hunting barang. Barang yang bagus akan digoreng dulu sebelum masuk MSCI. Aku udah pick beberapa emiten kategori small & standart. Kalau lu udah nemu emitennya dan lu tau kalau free floatnya cakep, tinggal duduk manis aja dah jadi duit.",2026-04-02T05:03:09.000Z,https://www.threads.com/@alwanae/post/DWnemglD_T5,IHSG,2026-05-05T16:59:17.889026
bestiesaham.id,"Menurut kalian, besok bakal kebakaran atau lanjut rally??",2026-04-12T17:24:06.000Z,https://www.threads.com/@bestiesaham.id/post/DXCjWNNkre7,IHSG,2026-05-05T16:59:18.301314
adamubaid,"Maka BOOOM….IHSG akan terbang.
Yg kita tunggu adalah Real Negative Interest Rate.",2026-04-04T09:00:00.000Z,https://www.threads.com/@adamubaid/post/DWtDTAsARoE,IHSG,2026-05-05T16:59:18.468593
leebull0708,Besok bisa merah nih,2026-04-29T14:29:03.000Z,https://www.threads.com/@leebull0708/post/DXuA09SlA5l,IHSG,2026-05-05T16:59:21.402438
uptrendtrading_,"masih potensial ijo kak. closing IHSG bagus, membentuk pola candle bullish harami didekat demand area dengan volume yang mulai meningkat lagi.",2026-04-29T22:07:08.000Z,https://www.threads.com/@uptrendtrading_/post/DXu1QEmEs8Y,IHSG,2026-05-05T16:59:21.486824
adelonnataa,"IHSG udah sentuh 9.000 🔥
Pelan-pelan tapi sampai.",2026-01-08T03:07:59.000Z,https://www.threads.com/@adelonnataa/post/DTO-pgJjHJI,IHSG,2026-05-05T16:59:21.583820
rinn.diani25,"liat IHSG hari ini yg kacau, kita butuh ANTEK-ANTEK ASING 😭",2026-02-02T03:23:27.000Z,https://www.threads.com/@rinn.diani25/post/DUPYSuwEjhu,IHSG,2026-05-05T16:59:21.773807
valbury_futures,"Performa IHSG sepanjang tahun ini masih berada di bawah mayoritas pasar Asia. Di sisi lain, beberapa indeks global justru mencatat pertumbuhan yang lebih kuat.",2026-04-30T03:07:43.000Z,https://www.threads.com/@valbury_futures/post/DXvXphvD5E_,IHSG,2026-05-05T16:59:21.870226
h.hafiz3008,Gimana kena gebuk IHSG lagi rasanya?,2026-02-02T02:31:58.000Z,https://www.threads.com/@h.hafiz3008/post/DUPSZjgkh4D,IHSG,2026-05-05T16:59:21.962848
happytrader.co,"Tanggal 7 FTSE RUSSELL review indeks kita lagi,
Yang setuju IHSG stay di Emerging Market like 👍",2026-04-01T11:46:59.000Z,https://www.threads.com/@happytrader.co/post/DWloBYtFNt3,IHSG,2026-05-05T16:59:22.053182
aprisnando,Downgrade frontier aja 🏃 🏃 🏃 🏃,2026-04-01T11:57:22.000Z,https://www.threads.com/@aprisnando/post/DWlpNbxAX0h,IHSG,2026-05-05T16:59:22.138784
happytrader.co,"Happy cuan semua hari ini mantep yaa,
Semoga besok ada good news 🔥
IHSG 12.000 didepan mata 🚀",2026-04-06T09:16:27.000Z,https://www.threads.com/@happytrader.co/post/DWyOxT7lL-k,IHSG,2026-05-05T16:59:22.232444
meng_kim12,Saham BBRI ampun deh deviden 209/lembar eh dia turunnya sdh 250 😭😭 haiya mau cuan jd bocuan lho begini caranya 😭😭😭,2026-04-23T08:14:04.000Z,https://www.threads.com/@meng_kim12/post/DXd5JPhkts0,IHSG,2026-05-05T16:59:22.327553
edmonsong,"Selama kurs Rupiah masih melemah, maka selama itu pula besar kemungkinan IHSG, termasuk BBRI akan melemah.",2026-04-23T08:33:33.000Z,https://www.threads.com/@edmonsong/post/DXd7X7vnyJm,IHSG,2026-05-05T16:59:22.424934
jayantiay,Ini belinya jam brp? Hrs pagi antri beli ngga?,2026-04-16T12:15:03.000Z,https://www.threads.com/@jayantiay/post/DXMTKHVgb9f,IHSG,2026-05-05T16:59:22.520261
rstsinggih,Open market jam 9an. Screening dlu di running trade sama di top gainer. Ga harus antri beli pas pra open. Pra open ihsg ijo pas open langsung merah juga bisa,2026-04-16T12:19:47.000Z,https://www.threads.com/@rstsinggih/post/DXMTsvdEsxx,IHSG,2026-05-05T16:59:22.609283
tobenoo,"Tapi mari kita lihat chart. Tidak ada info penting yang bisa disembunyikan dari sebuah chart. Chart adalah x-ray di dunia medis. Atau google map dalam melihat route yang akan dituju. Tanpa itu, hanyalah sebatas kira-kira. Hanya meraba-raba.
Apakah IHSG tambah rungkad?
Yang jelas masih merah.",2026-04-07T23:41:37.000Z,https://www.threads.com/@tobenoo/post/DW2Wk2Ckykh,IHSG,2026-05-05T16:59:25.672332
wennyanggono,"Yang kaya makin kaya, aku makin kuat mental. Tiap hari diajak naik turun wahana IHSG 🎢",2026-02-24T07:28:36.000Z,https://www.threads.com/@wennyanggono/post/DVId1gmkoFV,IHSG,2026-05-05T16:59:25.765293
dailyfact_ss,"kebanyakan kritik pemerintah, sampe gk sadar kalo 1 dunia ini emg lg susah gk cuma indo aja.",2026-04-06T05:48:36.000Z,https://www.threads.com/@dailyfact_ss/post/DWx2-5uk4gw,IHSG,2026-05-05T16:59:25.861011
rianes.s,"Bkn gitu jg... Memang IHSG naik turun hal biasa tp kl turun terus berarti ada yg tdk beres, plus mata uang melemah terus. Berhubungan dgn kepercayaan jg jd kl turun terus berarti pihak luar tdk percaya.. RM menguat, RMB menguat... Kl Rp melemah terus, lama2 cadangan BI turun jg. Mau sampe kapan bs bertahan??? Karna kebijakan pemerintah MBG, Kopdes, hobi beli alat militer dll disaat kas negara lg sekarat, hutang sejibun dll & saat ini global lg susah jg..",2026-04-06T10:18:29.000Z,https://www.threads.com/@rianes.s/post/DWyV3jWAcHR,IHSG,2026-05-05T16:59:25.946271
youngjhoni,"#ihsg #saham #investasi #trading #msci
Titanic lama tenggelam, kita buat titanic yang baru!
Berkat punya cash, lumayan recovery 50 juta an hari ini. Thanks.
Recovery Day 1:
29 Jan 2026",2026-01-29T09:14:48.000Z,https://www.threads.com/@youngjhoni/post/DUFtUl4Eff3,IHSG,2026-05-05T16:59:26.290320
rayasabari,"meanwhile holder big bank:
IHSG 9K is real!",2026-01-14T06:48:36.000Z,https://www.threads.com/@rayasabari/post/DTe0qnjD00v,IHSG,2026-05-05T16:59:26.425532
adputrii,"Busuk emg pemerintah. Nggak nyampe 2030, losdol ambrollll. Dahlah atur2 aja negara ini.",2026-04-24T08:02:50.000Z,https://www.threads.com/@adputrii/post/DXgcpzxFGpE,IHSG,2026-05-05T16:59:27.133853
mrsetyadji,"Betul, negara sebenarnya bisa intervensi ... gambar grafik, ingat kan kejadian 15 Agustus th lalu saat pidato kenegaraan di Gedung Legislatif, pemerintah target IHSG bisa 8000 ... jreng! Langsung seketika IHSG nge-hit 8017 sekejap untuk kemudian longsor lagi dan ditutup di 7898",2026-04-24T09:27:04.000Z,https://www.threads.com/@mrsetyadji/post/DXgmSupDsmy,IHSG,2026-05-05T16:59:27.279943
kiranarahardi,"Tapi dari utas saya tentang gas, apakah saya bikin status jelek jelekin Pemerintah terus? Ga memungkiri saya jg kena dampak. Apa apa jadi mahal, ya terus mau apa? Dgn bikin status jelek jelekin Pemerintah terus terusan kira kira bikin hidup kita berubah ga? Saya ga bilang Saya seneng sama kebijakan pemerintah kok. Tp bukan berarti Saya harus hate speech",2026-04-16T07:21:29.000Z,https://www.threads.com/@kiranarahardi/post/DXLxkAzmCqA,IHSG,2026-05-05T16:59:27.574110
alinauliya21,"IHSG jg tinggi, daya beli tinggi, stok melimpah, harga murah, kurs dollar ga akan tembus di 17k, investor banyak yg nyimpen sahamnya di Indonesia, dll.
Rakyat mau beli apa2 susah dan mahal krn pemerintah ga menjalankan perannya dengan benar.
Nyeleneh trs kebijakannya, pro pejabat trs yg dampaknya ke rakyat.
Belajar mbak makanya biar paham.
Itu tuh ada korelasinya mbakkkk. Kamu tau hukum sebab akibat ga sih??
Kebijakan bagus (pro rakyat) = rakyat beli apa2 mudah (ya include murah jg).",2026-04-16T09:17:58.000Z,https://www.threads.com/@alinauliya21/post/DXL-5KkE8RH,IHSG,2026-05-05T16:59:27.671568
krisnaokkk,"DYOR🪱🪱🐉🐉
SLIDE 3 SCREENING SCALPING 2-7%🚀
IHSG REBOUND GESS🐲
Holder Bumi mana suaranya, jangan sampai hapus stockbit karena entry pucuk wkwk",2026-04-14T03:12:40.000Z,https://www.threads.com/@krisnaokkk/post/DXGLf3sH9gT,IHSG,2026-05-05T16:59:31.108476
hansolo.ta,"IDX nice closing kemaren, ada perlawanan, kalau closing dibawah ini bisa ke 6800-6400",2026-05-01T09:28:55.000Z,https://www.threads.com/@hansolo.ta/post/DXyoEaJj3U5,IHSG,2026-05-05T16:59:31.489752
arribath.zamrud,"Tutup Porto,close smua position,fokus latsar cpns. Ihsg bikin stress",2026-04-24T04:57:19.000Z,https://www.threads.com/@arribath.zamrud/post/DXgHbE4gZsA,IHSG,2026-05-05T16:59:31.941214
vlook_up99,Pak Pur bilang IHSG bakal ke 28ribu di 2030,2026-04-27T13:31:53.000Z,https://www.threads.com/@vlook_up99/post/DXowsg2iU-Z,IHSG,2026-05-05T16:59:32.035482
zabrinaraissa,"Good luck IHSG 💪🏻🤑
Semoga hal ini akan terjadi untuk hari-hari kedepan. Hari demi hari. Karena usaha, sabar dan disiplin tidak ada yg sia2.
Hari ini milyaran uang saya kembali hanya dalam 1 hari.
Jadi yauda kadang do nothing is also a position, daripada agresif lawan ego, nafsu sana sini.
Diam itu emas. Emas itu diam.
Di masa-masa indeks terjun, saham berguguran kmrn, mengajarkan saya banyak hal.",2026-04-01T13:34:47.000Z,https://www.threads.com/@zabrinaraissa/post/DWl0W7zAZ34,IHSG,2026-05-05T16:59:32.193313
jagosahamindonesia,"Proposal damai Iran sudah di meja, tapi kenapa IHSG dan Dollar belum bereaksi? Jawabannya: ""The Devil is in the details."" Kita lagi terjebak di Deadlock raksasa. 🧵
jagosahamindonesia",2026-04-28T07:50:57.000Z,https://www.threads.com/@jagosahamindonesia/post/DXquePACSg7,IHSG,2026-05-05T16:59:32.309512
victoriaebrina,ini makin kacau bgt loh….. ihsg merah terus… dollar naik terus… apa iyah kita baik-baik saja🙂👍🏻,2026-04-24T07:03:08.000Z,https://www.threads.com/@victoriaebrina/post/DXgV0l6kVPf,IHSG,2026-05-05T16:59:32.404918
salmanabilla__,"Emas lg turun
Ihsg lg kebakaran
Masih waras kah teman teman?",2026-02-02T06:47:50.000Z,https://www.threads.com/@salmanabilla__/post/DUPvrlhk-J2,IHSG,2026-05-05T16:59:32.607958
maulanahr_,"Bulan Maret seolah menjadi “ujian” bagi psikologi pasar, terlihat jelas pada Maret 2020 saat COVID-19 mulai mengguncang global dan memicu kejatuhan tajam di IHSG, lalu pola serupa muncul kembali di Maret 2025 hingga berlanjut ke April 2026, di mana setelah reli awal tahun, market justru mengalami koreksi cukup dalam, seakan menegaskan bahwa pergerakan harga bukan hanya soal data dan fundamental, tetapi juga siklus emosi investor antara optimisme
Ada pola menarik di IHSG yang layak direnungkan ?",2026-04-26T11:10:16.000Z,https://www.threads.com/@maulanahr_/post/DXl7sUSAfpG,IHSG,2026-05-05T16:59:32.887250
rizkamaghfur,"Kita sama2 gorengan 😁😁😁😁
Jadi ke depane sesama gorengan jangan suka menghina 🙏
Klo saham mini2 yg goreng orang lokal
Cuma yg goreng orang asing 🤣🤣🤣
ternyata mereka juga jenis saham gorengan
Dari pengalaman IHSG crash 2 hari ini
Ternyata saham2 blue chip
Yg konon berfundamental kuat dll",2026-01-29T12:41:24.000Z,https://www.threads.com/@rizkamaghfur/post/DUGE9v7EaGr,IHSG,2026-05-05T16:59:33.041221
alphavestor.id,"Baca sampe akhir kalau kalian mau liat forecasting harga IHSG jika skenario diatas terjadi dan ga pengen porto kalian kebakaran [Threads] 👇
BEI baru rilis data: 9 saham punya konsentrasi kepemilikan di atas 95%.
BREN: 97.31%. DSSA: 95.76%.
Pertanyaan yang belum ada yang jawab dengan bener: Kalau dua saham ini crash 50%, IHSG jatuh berapa?",2026-04-03T08:40:37.000Z,https://www.threads.com/@alphavestor.id/post/DWqcSOVD9Wa,IHSG,2026-05-05T16:59:33.159390
warisansaham,"Portofolio investasi dividen untuk hidup dari dividen saat tahun 2045 umur 55th.
IHSG turun tapi floating profit malah naik, syukurlah 🙏",2026-03-03T09:26:11.000Z,https://www.threads.com/@warisansaham/post/DVas2zWkuxe,IHSG,2026-05-05T16:59:33.498349
yoshinoynoy,"aku baru bikin akun digital diary buat perjalanan investasi dan trading kuuuu, mutualan yuuu yang lg belajar saham indo jugaaa 🙌🏻",2026-01-22T19:27:49.000Z,https://www.threads.com/@yoshinoynoy/post/DT0x6PqgDA3,IHSG,2026-05-05T16:59:33.674102
revianda_amrullah,"Melawan arah IHSG (IHSG turun, Porto naik) alhamdulillah 🤲
revianda_amrullah",2026-02-06T04:01:46.000Z,https://www.threads.com/@revianda_amrullah/post/DUZv2xNDw2k,IHSG,2026-05-05T16:59:34.057138
serokbawah.saham,"Awas, IHSG potensi -2% s.d -4%
serokbawah.saham",2026-04-12T22:16:59.000Z,https://www.threads.com/@serokbawah.saham/post/DXDE3T4k_v-,IHSG,2026-05-05T16:59:34.182261
imamyogaaa,"SESI 1 IHSG DONE ☕️
DATA +23%
PADI +17%
TPIA +8%
NRCA +10%
CUAN +7%
IATA +5%
EMTK +4%
WMUU +5%
NICL +5%
SIMP +5%
By Modul Screener Ultimate. 📈",2026-04-13T04:36:34.000Z,https://www.threads.com/@imamyogaaa/post/DXDwTcoEYg9,IHSG,2026-05-05T16:59:34.284118
rifaarif,"Lanjut ⬇️
Banyak orang yang skeptis dengan pergerakan harga di kripto, katanya digerakin bandar lah, banyak manipulasi harga lah, jadi mereka bilang ""kripto scam, mending masuk di saham indo"".
Sebelum terjun ke kripto, saya masuk di pasar saham indo, dan kecewa sama pergerakan saham saat itu, yang dimana analisa teknikal menurut saya banyak yg melenceng bahkan terlalu dimanipulasi.
Saya mau bahas sedikit IHSG yg drop signifikan hari ini dan dibekukan dari indeks saham global.",2026-01-28T14:59:21.000Z,https://www.threads.com/@rifaarif/post/DUDv9N_E44W,IHSG,2026-05-05T16:59:37.601197
dckyadp,"berita baiknya IHSG dipercaya msci, data lebih terbuka ke ritel, berita buruknya outflow asing besar besaran 🥲 IHSG anjlok",2026-04-02T13:38:18.000Z,https://www.threads.com/@dckyadp/post/DWoZjm-GJ7q,IHSG,2026-05-05T16:59:37.774689
hrlinda_ks,"Klo bren sm dssa ARB dah pasti ihsg junam, karena 2 itu bobotnya besar penggendong ihsg.",2026-04-02T13:59:38.000Z,https://www.threads.com/@hrlinda_ks/post/DWob_zFGlgW,IHSG,2026-05-05T16:59:37.862829
bandarmetrics,"#saham #prajogopangestu #PP
Pantau terus akun Instagram BANDARMETRICS, siapa tau selanjutnya saham kesayangan kalian akan kita bahas 🔎🔎
baru tau kan pergerakan bandar jika kita pantau melalui BM TOOLS yaitu LPM 🔎
HOLLAAA 👋
kali ini yuk kita cek LPM saham konglo kesayangan para ritel di Bursa #IHSG kesayangan kita 🫣😁",2026-04-27T11:07:38.000Z,https://www.threads.com/@bandarmetrics/post/DXogL8yIE9T,IHSG,2026-05-05T16:59:38.189669
mahdiahmddd,Modal awal 200 ribu setelah lose main forex dan binomo tahun 2023 lalu berhenti...2025 pertengahan balik invest kesaham sudah mulai pulih hasil lose dibinomo dan forex semoga ihsg /pasar modal kita cepat bulish biar bisa kaya bareng amiiin ya robbal alamin 🤲🤲🤲,2026-03-20T18:08:06.000Z,https://www.threads.com/@mahdiahmddd/post/DWHaGT2D43J,IHSG,2026-05-05T16:59:38.279093
nicohutabarat_,"Anggap saja Negara selalu benar, hari ini IHSG -5% pasca DANANTARA sebagai pemegang saham BEI. By design or by accident?",2026-02-02T05:19:48.000Z,https://www.threads.com/@nicohutabarat_/post/DUPlmvZE4V_,IHSG,2026-05-05T16:59:38.368728
agungpharm,"Kalian yg mana guys?
4. Scalping jalan terus dengan take profit dan stop loss ketat dan disiplin.
3. Sudah cut loss dan pegang cash saat ini sambil menunggu harga saham konglo turun lagi dan siap masuk di harga terdalam.
2. Tipe yang menunggu pembukaan nama pemegang saham 1% dan keputusan MSCI di bulan Mei. Saat ini wait and see.
1. Masih percaya harga akan balik, avg down terus jika dana ada atau tetap hold dengan potensi harga turun lebih dalam.
Trader tipe saham konglo saat ini :",2026-02-02T05:04:58.000Z,https://www.threads.com/@agungpharm/post/DUPj6QtAUlC,IHSG,2026-05-05T16:59:38.512758
notesbymaru,"IHSG nutup di 8859, all time high. 446 saham naik, 246 turun, 115 stak. Finansial plus 1,42 persen, energi plus 2,31 persen, bahan baku plus 2,62 persen. Transportasi plus 2,02 persen, kesehatan plus 1,62 persen. Tapi teknologi minus 0,07 persen dan properti cuma plus 0,41 persen.
Rupiah di 17ribuan per dolar, melemah 0,12 persen. IHSG hijau, rupiah merah. Pasar saham pesta, nilai tukar nangis. Investor asing bisa kabur kalau rupiah terus melemah dan bikin capital flight ke USD.",2026-04-02T11:33:22.000Z,https://www.threads.com/@notesbymaru/post/DWoLN72k0Lf,IHSG,2026-05-05T16:59:38.595673
hengky.lim.9,"IHSG masih belum nutup GAP AREA 7.527 nya , cukup banyak saham yg belum terbentuk support baru, solusinya jika tidak mau pakai support lama, bisa adjust menggunakan support 1 / 2 hari yg lalu ( break daily low candle)
Update 16 April 26",2026-04-16T06:22:59.000Z,https://www.threads.com/@hengky.lim.9/post/DXLq3fXgc7y,IHSG,2026-05-05T16:59:38.716891
pandhuadjisurya,"Tapi..
Tidak selalu..
Artinya ada area kosong (gap) di bawah harga sekarang.
Kenapa ini penting?
Karena gap sering jadi magnet. Harga biasanya akan kembali ke sana untuk ""menutup gap"".
IHSG kemarin membentuk gap up besar.Harga lompat dari sekitar 6.971 → 7.162 tanpa transaksi di tengah.",2026-04-08T23:39:37.000Z,https://www.threads.com/@pandhuadjisurya/post/DW47JA4Ex85,IHSG,2026-05-05T16:59:41.627487
pandhuadjisurya,"Ini justru paling bullish (harapan semua orang).
Area turun yang masih sehat :
Open -> 7200 -> 7180 -> 7160 -> lanjut rebound rally uptrend.
IHSG tidak menutup gap -> langsung lanjut naik -> gap berubah jadi support.
Skenario 1
Bullish kuat.",2026-04-08T23:39:37.000Z,https://www.threads.com/@pandhuadjisurya/post/DW47JB9k5D6,IHSG,2026-05-05T16:59:41.744767
profitmen.id,"Salam kenal mari belajar bareng, dari gua yg udah lewatin beberapa kali kejamnya bear market hahah
Jujur agak resah liat timeline isinya pamer cuan doang, tapi jarang yang bahas risk management atau psikologis pas lagi nyangkut. Kasian yang baru mulai, dikira bursa saham isinya duit kaget semua.
Akun ini gua dedikasikan buat teman-teman ""Retail Polos"" biar kita bisa survive bareng di IHSG yang kadang engga ngotak ini.",2025-12-20T07:34:01.000Z,https://www.threads.com/@profitmen.id/post/DSeh_WUEdIN,IHSG,2026-05-05T16:59:41.850320
stockalpha.id,Pesan dr Tirta buat kamu yang pake alasan IHSG crash buat ini itu 😂😅,2026-03-13T06:16:38.000Z,https://www.threads.com/@stockalpha.id/post/DV0HHB7iYS7,IHSG,2026-05-05T16:59:41.945838
ferlina_sari,"IHSG segonjang ganjing ini, ga berani ambil resiko, ijo dikit lngsung Tp, alhamdulillah masih bisa cuan dikala IHSG merah, mayanlah 600 rebu buat bu ibuu 😉🤪",2026-04-28T09:10:41.000Z,https://www.threads.com/@ferlina_sari/post/DXq3mNHkaLW,IHSG,2026-05-05T16:59:42.045171
jurnaltrader.id,"Reversal pattern sudah resmi patah ya. Balik ke mode bearish lagi. Support selanjutnya masih tetep di 6,915.
Chart IHSG closing market hari ini 27 April 2026.
Bestie... Yg tadi gw becandaaaa.
Sekarang mode serius nih.",2026-04-27T11:37:22.000Z,https://www.threads.com/@jurnaltrader.id/post/DXojlsyElE7,IHSG,2026-05-05T16:59:42.160782
___wambar.id,"Busyet, open IHSG langsung minus 2%",2026-02-06T02:01:20.000Z,https://www.threads.com/@___wambar.id/post/DUZiEtTktjQ,IHSG,2026-05-05T16:59:42.262718
aldwinnv,"Sejak market IHSG merah, frekuensi saya menulis di Threads jadi meningkat karena gabut",2026-04-30T05:16:16.000Z,https://www.threads.com/@aldwinnv/post/DXvmXJjj_j-,IHSG,2026-05-05T16:59:42.355733
jagosahamindonesia,"IHSG hari ini: -3,05%.
Turun dari 7.338 ke 7.132 dalam satu sesi.
Dan ada satu data yang lebih menarik dari penurunannya sendiri.
psikologi trading
jagosahamindonesia",2026-03-13T10:33:03.000Z,https://www.threads.com/@jagosahamindonesia/post/DV0kdPnCRb6,IHSG,2026-05-05T16:59:42.462371
dayoneinvesting.id,"Dow Jones -> menyusul..
NIKKEI -> nyaris all time high.
KOSPI -> nyaris all time high.
IHSG?? -> ""pokoknya ada"" 🤣.
Ada yang sadar apa engga.. semalem NASDAQ (TradingView: NDX) sentuh level all time high di 26.400.
dayoneinvesting.id",2026-04-17T01:38:45.000Z,https://www.threads.com/@dayoneinvesting.id/post/DXNvIoWEolD,IHSG,2026-05-05T16:59:42.762740
indahade,"Ampe bingung liatnya 🤪
Luar biasa IHSG pagi ini 😂😂",2026-01-23T02:26:20.000Z,https://www.threads.com/@indahade/post/DT1hzm7E5sv,IHSG,2026-05-05T16:59:42.868997
aerilucu,IHSG bobrok bgt astagaaaa. MINA gue kapan rebound nya😭 makin dalem aja😭,2026-02-06T03:05:54.000Z,https://www.threads.com/@aerilucu/post/DUZpdmCERuy,IHSG,2026-05-05T16:59:42.966359
stephenlewi,"Ada beberapa selentingan yang masuk, katanya outflow IHSG beberapa waktu terakhir ini berkaitan dengan pemaparan tentang bank himbara yang ""menalangi"" 2 program ""unggulan"" presiden, kalau yang program wapres sudah wassallam soalnya ☹️",2026-05-01T13:29:35.000Z,https://www.threads.com/@stephenlewi/post/DXzDnHCiTB7,IHSG,2026-05-05T16:59:43.326275
sin_dau,Closing IHSG di angka 7.005,2026-04-30T08:39:10.000Z,https://www.threads.com/@sin_dau/post/DXv9lJTE2_D,IHSG,2026-05-05T16:59:43.544690
thisardian,"Apakah porto kamu juga ikut all time high seperti IHSG ini hehe
Masa IHSG alltimehigh, porto kita gak ikut kecipratan cuannya 😂
Kalau semuanya kompak hijau begini kan enak dilihat 😄",2025-11-27T02:37:36.000Z,https://www.threads.com/@thisardian/post/DRixyPUklXY,IHSG,2026-05-05T16:59:43.719142
asepszs_,"Pencopet handal 😂 wkwkw sempet ngerasain moment IHSG spike bentar, amankan cuan langsung lanjut kerja lagi 😂 dari awal udah curiga kalo ini cuma prank",2026-04-27T03:00:08.000Z,https://www.threads.com/@asepszs_/post/DXnoZX1ESX6,IHSG,2026-05-05T16:59:43.823925
friendy.ap,Oktobear… but growth is growth 🐻📈,2025-10-29T13:57:07.000Z,https://www.threads.com/@friendy.ap/post/DQZUfywErDp,IHSG,2026-05-05T16:59:47.222412
thepitchbull,"implikasi? minyak naik, IHSG koreksi besok.
secara technical, chart harga minyak emang ninggalin gap (tanda panah kuning) waktu koreksi tajam minggu lalu -> gambar kedua
merespon gagalnya tercapai kesepakatan negosiasi AS-Iran, weekend oil yg jadi leading indicator naik +7% -> gambar pertama",2026-04-12T16:03:49.000Z,https://www.threads.com/@thepitchbull/post/DXCaKMxGtdN,IHSG,2026-05-05T16:59:47.340744
ai_newsrecap,"🔧 Faktor Penentu - Sentimen global, nilai tukar rupiah, suku bunga, dan stabilitas fiskal domestik. - MSCI masih menilai kredibilitas reformasi pasar modal RI: aturan free float, penerapan High Shareholding Concentration (HSC), konsistensi kebijakan. - FTSE Russell juga menilai kelayakan pasar dengan standar serupa. 🧭 Implikasi - Indonesia dalam fase pembuktian: efektivitas reformasi harus terlihat nyata di pasar, bukan sekadar kebijakan.",2026-04-30T01:27:22.000Z,https://www.threads.com/@ai_newsrecap/post/DXvMKnpHw6c,IHSG,2026-05-05T16:59:47.436336
ai_newsrecap,"- IHSG cenderung fluktuatif dengan bias melemah jika tekanan eksternal berlanjut. - Jika stabilitas makro (rupiah, inflasi) terjaga dan reformasi menunjukkan hasil konkret, kepercayaan investor bisa pulih bertahap. 💡 Strategi Investor - Jangka pendek: defensif, fokus pada saham berfundamental kuat dan likuid. - Menunggu kejelasan arah kebijakan global serta keputusan MSCI dan FTSE Russell berikutnya. ---",2026-04-30T01:27:22.000Z,https://www.threads.com/@ai_newsrecap/post/DXvMKoqn2RG,IHSG,2026-05-05T16:59:47.529177
rivan.kurniawan,"#ihsg #nikel #bahlil #fyp #portoantibadai
Dari sentimen ini, kira2 mana yang bakalan jadi emiten nikel jagoan kalian nih guys?
Coba komen dibawah yaa 🔥🙌",2026-04-15T11:40:29.000Z,https://www.threads.com/@rivan.kurniawan/post/DXJqaGjCYQB,IHSG,2026-05-05T16:59:47.633191
hengky.lim.9,"IHSG yg di pikir akan bergerak menutup gap, malah sampai saat ini belum kejadian, yg ada konsolidasi di area 7.575 di atas area kotak merah tsb, seakan2 ""di buat"" mempertahankan di atas area tsb 😅 , utk Senin dengan di buka Selat Hormuz takutnya byk yg FOMOan 😂",2026-04-18T00:06:37.000Z,https://www.threads.com/@hengky.lim.9/post/DXQJYnrgXsL,IHSG,2026-05-05T16:59:47.736096
habil_abu_amara,Bagusnya masuk nunggu nutup gap dulu atau gimana koh,2026-04-18T03:04:11.000Z,https://www.threads.com/@habil_abu_amara/post/DXQdtKWiX-t,IHSG,2026-05-05T16:59:47.825438
arifbudimaneee,"​Menurut saya, skenario pertama yang paling mungkin terjadi, penurunanan bobot IHSG ke angka 1%. bren cuan dssa
​Skenario 3: MSCI menurunkan IHSG ke Frontier Market.
​Skenario 2: MSCI menurunkan bobot IHSG di bawah 1%.
​Skenario 1: MSCI menurunkan bobot IHSG dari 1,2% ke 1%.
Keputusan MSCI ada skenario yang akan mungkin terjadi:
​IHSG hijau dalam seminggu, tapi tdk ada inflow asing sama sekali. Asing kayaknya masih menunggu pengumuman MSCI tanggal12 Mei.
Feeling saya ke skenario 1",2026-04-19T07:08:23.000Z,https://www.threads.com/@arifbudimaneee/post/DXTecl7kwj8,IHSG,2026-05-05T16:59:47.979088
trilyunanpahala,Kesimpulan saat tanggal 12 jika skenario 1 terjadi? IHSG bakal naik atau turun bang? Walaupun masih di emerging market?🙏,2026-04-19T08:05:17.000Z,https://www.threads.com/@trilyunanpahala/post/DXTk9YZkofV,IHSG,2026-05-05T16:59:48.074667
susanasrihandayani,"Selain IHSG koreksi
Akhir maret masih ada laporan laba rugi menyayat hati,
Gajian karyawan menanti
Tetap tenang 😀
Buat karyawan jangan banyak drama dulu , karena sensitif maret ini😀
susanasrihandayani",2026-03-18T01:52:02.000Z,https://www.threads.com/@susanasrihandayani/post/DWAgzn2iShR,IHSG,2026-05-05T16:59:48.171263
rizkamaghfur,"Kita latihan sabar, tenang
Badai pasti berlalu
Klo ndak berlalu ?
Ya kita yang belajar biasa melihat badai 😊😉
Tetap tenang IHSG klo sampai 5500
Pemerintah juga bingung
Bisa ambruk mereka
Jd kita ndak usah ikut bingung
Biar d pikirkan petinggi2 negara 🤣
Hari ini trading ndak ?
Trading dunk walaupun yah cuma 6x aja
Kok ndak d upload
Ndak usah
2-2-2026
IHSG ambruk lagi
Rencana nunggu arus balik
Sepertinya harus d tambahin sabarnya",2026-02-02T09:10:03.000Z,https://www.threads.com/@rizkamaghfur/post/DUP_9TxkcQc,IHSG,2026-05-05T16:59:48.286285
ibnurmdhnw,sepertinya akan ada panic selling hari senin pada IHSG nanti wkwkw,2026-03-01T05:38:06.000Z,https://www.threads.com/@ibnurmdhnw/post/DVVJKfqCUrF,IHSG,2026-05-05T16:59:48.380107
happytrader.co,"Semoga ya semoga 🚀
Optimis 10000% FTSE RUSSEL Review IHSG stay in Emerging Market 🔥
Waktu WNS sampai 07 April 2026✌️",2026-03-31T14:05:38.000Z,https://www.threads.com/@happytrader.co/post/DWjTGD4lFFO,IHSG,2026-05-05T16:59:48.496471
igitpermanasigart,"Masa iyaa jga BBRI disalip BUVA ntar harganya, BMRI disalip MINA 🤣🤣🤣
Mungkin Om happy Hapsoro & pak PP harus akuisisi BBNI, BBRI, BMRI supaya banking kesayangan naik ke 50.000 😂🤣😂
sekarang yg naikin IHSG mayoritas konglo Dan emiten yg naik kenceng jga rata rata emiten konglo😂
kemarin Saham konglo DIHINA HINA pas ARB berjamaah dan bikin IHSG rontok 😂
igitpermanasigart",2026-02-11T13:49:06.000Z,https://www.threads.com/@igitpermanasigart/post/DUnrC_qklRw,IHSG,2026-05-05T16:59:51.289585
_michaelyeoh,"#ihsg
Welcome Pak Purbaya!
Berhubung penjelasan tidak bisa diringkas, perhitungan IHSG ke 36.000 akan sy buat di part 2",2025-09-12T10:37:32.000Z,https://www.threads.com/@_michaelyeoh/post/DOf8S1ek-zb,IHSG,2026-05-05T16:59:51.401112
mwillyfebri,"sekedar saran, untuk saat ini hindari dlu emiten konglo
DYOR 🙏
ketika IHSG merah, market maker pada take profit, dan sebaliknya jika IHSG hijau MM sedang buy dan akumulasi yg mana suatu saat akan mereka ambil profitnya
Disaat market crash seperti ini, solusinya cuma 1
ketika profit langsung TP, atau swing mid long term di 3-4 emiten dari semua equity
saya ada rekomen emiten swing , tapi bole dianalisa kembali",2026-01-23T03:26:36.000Z,https://www.threads.com/@mwillyfebri/post/DT1os_zgR0c,IHSG,2026-05-05T16:59:51.523366
angelica.jonatan,"Ada yang bisa bantu jawab?
IHSG NAIK = trader jadi...
IHSG turun = trader jadi...
Efek IHSG gonjang ganjing turun jadi bikin kebanyakan orang jadi .... apa gimana ya 🙏🥲
angelica.jonatan",2026-02-06T14:34:57.000Z,https://www.threads.com/@angelica.jonatan/post/DUa4UbQCZ-F,IHSG,2026-05-05T16:59:51.821495
ghali_hadafi,"Teman2 yg orang Samarinda, ada ngga disini yang trader/investor saham? kalau ada kita mutualan yuk, susah bener cari temen diskusi saham di Samarinda. syukur2 kalo banyak nanti kita bikin komunitas aja, hehee",2026-04-23T00:12:42.000Z,https://www.threads.com/@ghali_hadafi/post/DXdCDjGj1GD,IHSG,2026-05-05T16:59:51.926408
hutamawulandari,Slm dr smd sbrg ritel unyu yg dlu sdh happy utg 41% lalu rugi 51% krn ihsg ancur efek ksringan cutloss wkwkkkk..,2026-04-23T07:13:31.000Z,https://www.threads.com/@hutamawulandari/post/DXdyNt-gSHf,IHSG,2026-05-05T16:59:52.009816
susanasrihandayani,"Kalau saham US gold , copper , silver naik
Di IHSG juga naik
Kenapa bisa begitu ya , kolerasinya apa ya
susanasrihandayani",2026-04-01T04:46:11.000Z,https://www.threads.com/@susanasrihandayani/post/DWk33YsCRBb,IHSG,2026-05-05T16:59:52.112735
rafiputra.7,"So kalo udah ""sell"" dari Januari, mau sell apalagi di Mei? 🤷‍♂️
Sedangkan kondisi kita sekarang? IHSG udah turun dari awal tahun. Asing udah cabut duluan. Rupiah bahkan terus tertekan.
Tapi tunggu dulu 👀
Pattern ini datang dari kondisi market yang udah rally duluan di awal tahun. Lalu investor taking profit di Mei
""Sell in May and Go Away""
Pattern lama dari Wall Street yang bilang market cenderung lesu dari Mei-Oktober.",2026-04-30T06:53:34.000Z,https://www.threads.com/@rafiputra.7/post/DXvxfxTjjVD,IHSG,2026-05-05T16:59:52.233920
yuzarsifff69,"1. Rupiah 17.300
2. Ihsg anjlok
3. Bbca $5,850
4. Wni seumur idup
Top horor movie:",2026-05-01T09:34:44.000Z,https://www.threads.com/@yuzarsifff69/post/DXyovCtAeOI,IHSG,2026-05-05T16:59:52.339874
dymalahayati,"Rupiah, IHSG, BBCA, BBRI how low can you go",2026-05-01T15:26:57.000Z,https://www.threads.com/@dymalahayati/post/DXzRCvqEuPx,IHSG,2026-05-05T16:59:52.430002
jagosahamindonesia,"Bukan cuma soal inflasi biasa, tapi ada angka yg jarang dibahas di berita: Kurs Yuan (CNY) terhadap Rupiah.
Pernah kepikiran gak kenapa harga barang-barang di sekitar kita makin “ajaib” harganya? 🤔
jagosahamindonesia",2026-04-14T14:23:43.000Z,https://www.threads.com/@jagosahamindonesia/post/DXHYSvJCRHM,IHSG,2026-05-05T16:59:52.536933
jagosahamindonesia,"Kalau “belanja” ke mereka makin mahal, ya otomatis margin perusahaan-perusahaan di IHSG bisa ikut tertekan.
Sekarang, Yuan sudah tembus angka 2.500. Padahal China itu ibarat 'Toko Grosir' terbesar buat Indonesia. Hampir 44% barang yg kita pakai bahan bakunya dari sana.
jagosahamindonesia",2026-04-14T14:23:41.000Z,https://www.threads.com/@jagosahamindonesia/post/DXHYScAiTaJ,IHSG,2026-05-05T16:59:52.632059
nabung.dividen,"Saat seperti ini krusial mana perusahaan yg bisa bertahan di tengah kondisi ekonomi yang ga menentu, dan mana yang malah akan tumbang. Kalau perusahaan bisa bertahan kinerjanya, berarti perusahaan yg cocok untuk jangka panjang.
Tetap perhatikan fundamental.
IHSG hari ini turun cukup dalam. Ytd sudah minus hampir 20%. Apakah waktunya serok?",2026-04-30T05:55:25.000Z,https://www.threads.com/@nabung.dividen/post/DXvq11tgbFv,IHSG,2026-05-05T16:59:52.745174
imamyogaaa,"Hapcu‼️
Hasil dari watchlist pribadi yang saya share pagi ini 22/01/2026.
Semerah-merahnya IHSG. Tetap usahakan profit
ARA hanyalah Bonus‼️",2026-01-22T12:38:08.000Z,https://www.threads.com/@imamyogaaa/post/DT0DBuHEUN6,IHSG,2026-05-05T16:59:53.084876
agungpharm,Dibaca lah dulu. Ini bukan hanya sektoral saham yang kena. Fiskal kita ambyar ini karena ada program MBG yang menelan dana 200T.,2026-04-25T03:45:04.000Z,https://www.threads.com/@agungpharm/post/DXij8vwgU2j,IHSG,2026-05-05T16:59:53.345360
tzu_ghe_eng,"dan IHSG akan terus tumbuh. saya yakin bisa di atas 10ribu.
kapan ? tunggu saja, persis kayak covid yg lebih parah itu, tapi ihsg bisa ath sampai 9100an.
kalau anda ikuti sejarah ihsg sejak tahun 1995 sd sekarang, kisahnya selalu berulang saja
secara historis kejadian seperti ini sudah sering terjadi.
nanti kalau IHSG balik 9000 an, apakah data karena MBG ini valid ? gak kan.",2026-04-29T00:05:02.000Z,https://www.threads.com/@tzu_ghe_eng/post/DXsd8szknvr,IHSG,2026-05-05T16:59:53.720165
mrsetyadji,"Adakah yang ingat kejadian 15 Agustus 2025 lalu, saat pidato kenegaraan tiba-tiba IHSG untuk pertama kalinya dalam sejarah menyentuh level 8000 ketika RI-1 masih di atas podium. Walau sore harinya di-tutup di level 7898 tapi itu membuktikan 1 hal ... bahwa grafik dan pergerakan candle mungkin bisa dinganu! 🙊
Sepertinya kita harus menunggu pidato Presiden jelang HUT ke-81 RI 4 bulan lagi.",2026-04-24T09:42:13.000Z,https://www.threads.com/@mrsetyadji/post/DXgoBvFkSEa,IHSG,2026-05-05T16:59:57.597471
jurnaltrader.id,"Betul... Tapi hanya kepada yg selalu mikir dirinya paling ngerti segalanya dan nggak mau dengar pendapat org lain... 😂
MARKET KEJAAAAMMMM... 😭
Yg masih ngotot pd mau serok... Baca dulu timelineku deh.
Biar tau arahnya IHSG mau kemana... ☺
Update IHSG hari ini.
6 Maret 2026. Jam 11,00
Udah mau mendekati zona support berikutnya di 7,481.",2026-03-06T04:08:00.000Z,https://www.threads.com/@jurnaltrader.id/post/DVh208ekjvu,IHSG,2026-05-05T16:59:57.766800
frd_tech9,Byk koq Market Outlook kek gini biasanya yg ngeluarin perusahaan sekuritas atau analisis independen pada Minggu malam atau Senin pagi sebelum pasar dibuka..,2026-05-01T22:49:38.000Z,https://www.threads.com/@frd_tech9/post/DX0DtAiCqtd,IHSG,2026-05-05T16:59:57.872404
frd_tech9,"Kondisi Pasar Saham (IHSG)Tren Bearish: IHSG mengawali Mei 2026 dengan tekanan yang cukup berat, mencatat pelemahan signifikan sekitar 19,55% sejak awal tahun (year-to-date) hingga level 6.956,80 pada akhir April..",2026-05-01T23:01:20.000Z,https://www.threads.com/@frd_tech9/post/DX0FCsDihHx,IHSG,2026-05-05T16:59:57.962883
mikelsaham,"Contohnya ketika Right Issue. Di S&P500 jarang sekali ada emiten yang RI, karna kalo sampai emiten di US right issue itu udah masuk ""red flag ringan"" kenapa? Karena investor akan berpikir ""kamu waktu IPO minta modal, kok mau ekspansi minta modal lagi ke kita? Berarti bisnismu ga jalan dong? Kenapa ga ekspansi dari keuntungan? Dll""
Investasi di IHSG & S&P500 itu sangat berbeda.
beda saham US dan INDO
S&P = Full Fundalental + Makro ekonomi.
Kalo ga pake Fundamental mana berani saya beli $TSM. Kalo ga paham makro ga mungkin saya sarankan kalian beli $SLV Silver sejak bulan April 2025 dan beli terus Silver setiap bulan sampai hari ini.
IHSG = Saya pakai full teknikal stochastic slow. Makanya bisa beli saham2 dibawah pas lagi murah2nya. Kalo naik ya di HOLD. Turun CL.
Apa lagi bedanya IHSG dan S&P?",2026-01-13T15:03:31.000Z,https://www.threads.com/@mikelsaham/post/DTdIgqukhtH,IHSG,2026-05-05T16:59:58.163321
mikelsaham,"Contohnya ketika Right Issue. Di S&P500 jarang sekali ada emiten yang RI, karna kalo sampai emiten di US right issue itu udah masuk ""red flag ringan"" kenapa? Karena investor akan berpikir ""kamu waktu IPO minta modal, kok mau ekspansi minta modal lagi ke kita? Berarti bisnismu ga jalan dong? Kenapa ga ekspansi dari keuntungan? Dll""
Investasi di IHSG & S&P500 itu sangat berbeda.
beda saham US dan INDO",2026-01-04T14:55:06.000Z,https://www.threads.com/@mikelsaham/post/DTF8ZHDEujU,IHSG,2026-05-05T16:59:58.276765
insinyur.saham,"Secara teori sudah terjadi titik balik. Per kemrin. Hal ini ditandai degan close gap up. Dan posisi sudah diarea over sold. BB % bottomnya secara historis. Semoga kedepan lflownya benar benar konsisten, selected emiten tetap dengan yang flow ++saja dahulu...
Saat ihsg akan titik balik,saya baru bisa memproyeksi paling Tidka 1 hari setelahnya. Karena memerlukan data dan pengecekan rotasi.. hal ini pun diprogeknya hanya untuk satu siklus time frame saja.
Namun ada yg bisa memproyeksi sampai dengan 2027. Penasaran ilmu chart seperti apa yang dipakai...",2026-04-08T08:56:32.000Z,https://www.threads.com/@insinyur.saham/post/DW3WFJBETcr,IHSG,2026-05-05T16:59:58.430892
insinyur.saham,"Secara teori sudah terjadi titik balik. Per kemrin. Hal ini ditandai degan close gap up. Dan posisi sudah diarea over sold. BB % bottomnya secara historis. Semoga kedepan lflownya benar benar konsisten, selected emiten tetap dengan yang flow ++saja dahulu...",2026-03-18T10:28:42.000Z,https://www.threads.com/@insinyur.saham/post/DWBb7yikXkV,IHSG,2026-05-05T16:59:58.532878
susanasrihandayani,"12 day di market > target gajian di IHSG pokoknya 3 digit. AADI sisain 500 lot , yang buat trading sell , ASII exit dl nanti entri lagi pas turun, indy TP dulu dikit2 mina TP sebagian.happy cuan di sela2 kerjaan banyak
susanasrihandayani",2026-01-12T22:46:10.000Z,https://www.threads.com/@susanasrihandayani/post/DTbYqSME_yd,IHSG,2026-05-05T16:59:58.630359
sahamstockidn,"Tapi tahukah kamu,
IHSG hari ini ditutup 6.989 yg masih di atas area support 6.900.
Ini adalah kali ketiga IHSG bertahan di tengah badai berita buruk market global dan indonesia.
SINYAL BULLISH REVERSAL IHSG",2026-04-06T11:55:21.000Z,https://www.threads.com/@sahamstockidn/post/DWyg9DEE2Jf,IHSG,2026-05-05T16:59:58.747988
dimas_syarif,"Porto merah merona gara2 September Effect.. Pliss jangan bilang klo ""S"" nya itu SriMulyani ya guyss",2025-09-09T09:53:52.000Z,https://www.threads.com/@dimas_syarif/post/DOYI6aKAYQK,IHSG,2026-05-05T16:59:58.854210
v.rora_,kenapa niii kaaa,2026-04-19T06:23:48.000Z,https://www.threads.com/@v.rora_/post/DXTZWE8lHmv,IHSG,2026-05-05T16:59:58.959089
susanasrihandayani,"Perang mulai reda jadi asing akan masuk lagi, nah yang bikin market IHSG kita naik kan dana asing kak, krn issue perang asing pada keluar makanya ambles
susanasrihandayani",2026-04-19T06:39:19.000Z,https://www.threads.com/@susanasrihandayani/post/DXTbHxpiaJb,IHSG,2026-05-05T16:59:59.042572
imamyogaaa,"Artinya, ""Free Float"" riil sangat sempit!
Ini adalah bom waktu bagi pergerakan IHSG pada Senin, 6 April 2026.
Data terbaru menunjukkan 9 emiten (ROCK, BREN, DSSA, dll) memiliki kepemilikan terpusat hingga 99%.
SKANDAL KONSENTRASI SAHAM: IHSG DALAM BAHAYA?",2026-04-03T03:15:27.000Z,https://www.threads.com/@imamyogaaa/post/DWp3EmVkY7e,IHSG,2026-05-05T17:00:01.815312
ipasek,"Here’s the simple explanation-
MSCI = Morgan Stanley Capital International penyedia indeks pasar saham global yang menilai kinerja saham, diundang untuk memberi redflag saham2 gorengan.
IHSG = indeks ini mencerminkan kepercayaan, baik emiten, maupun pasar keseluruhan.
IHSG jatuh. Dan seperti manusia pada umumnya, kita sibuk mencari kambing hitam siapa yang salah?",2026-01-31T04:25:30.000Z,https://www.threads.com/@ipasek/post/DUKVzbODzy7,IHSG,2026-05-05T17:00:01.944428
nectar_circle,"IHSG ditutup turun ke 7,559 (-0.46%), tertekan keputusan MSCI yang masih membekukan rebalancing Mei 2026. Pasar juga mencermati evaluasi terkait transparansi data dan rencana kenaikan free float, serta potensi penghapusan saham dengan konsentrasi kepemilikan tinggi. Meski begitu, kekhawatiran penurunan status pasar mulai mereda.
IHSG melemah di tengah sentimen MSCI dan ketidakpastian geopolitik (21/4)",2026-04-21T17:07:30.000Z,https://www.threads.com/@nectar_circle/post/DXZsmf4ARCQ,IHSG,2026-05-05T17:00:02.055908
ilhamwsp,"Ehhh Yg lebih parah
Presiden nya prabowo 🤪
Wapres nya gibran 🤪
USD Rp 17.300
IHSG hancur
Ekonomi turun",2026-05-01T12:38:18.000Z,https://www.threads.com/@ilhamwsp/post/DXy9vgMiFYw,IHSG,2026-05-05T17:00:02.156982
mbejisipon,"GW DI PIHAK GENCATAN PURA-PURA PERMANEN, 3.5 TAHUN.
CHINA BAKALAN PUSH DIAM-DIAM DR BELAKANG BUAT GENCATAN SENJATA.
PERANG LAGI ATAU GENCATAN PERMANEN?
CUMAN WAKTU, BERJALAN CEPAT.
MASIH 2 MINGGU KURANG LAGI.
NEGO PERTAMA NO DEAL!
-------------------
Vice President JD Vance in a dramatic statement now from Pakistan:
“We failed to reach an agreement with the Iranians, we are now returning to the USA.”
‐‐------------------
BESOK IHSG MERAH LAGI, TAPI INGET INI MASIH NEGO PERTAMA.
sign of the times",2026-04-12T01:48:50.000Z,https://www.threads.com/@mbejisipon/post/DXA4UGpj8tM,IHSG,2026-05-05T17:00:02.296038
jonathankeaneee,"🤡 1000 Like Untuk Screenernya?
Karena:
• Volatilitas tinggi + distribusi → jebakan
• Volatilitas tinggi + akumulasi → 🚀
❌ Volatilitas tinggi saja TIDAK cukup
✔️ Harus dikombinasikan dengan konteks market
⚠️Tapi… volatility ≠ asal loncat
IHSG Crash Waktu Terbaik Untuk Bikin Screener Volatility Check Yang Sudah Aku Buat Untuk Tahu Sama Mana Yang Memiliki Potensi Rebound Tercepat.",2026-01-28T05:15:59.000Z,https://www.threads.com/@jonathankeaneee/post/DUCtMk7EstJ,IHSG,2026-05-05T17:00:02.437892
aprisnando,"Selama market IHSG lesu, maka sepilah utas pamer portfolio dan ritel unyu berisik.",2026-02-13T08:52:07.000Z,https://www.threads.com/@aprisnando/post/DUsSpeNgXZr,IHSG,2026-05-05T17:00:02.524101
kertas_digital_,"Waduh, IHSG di ujung tanduk. So kita bikin online meeting via gmeet nanti malam, dibagikan di grup komunitas, cek link di bio!!",2026-04-30T07:01:05.000Z,https://www.threads.com/@kertas_digital_/post/DXvyW1AFGV4,IHSG,2026-05-05T17:00:02.617442
nullprofile99,Dengan kondisi ekonomi Indonesia sekarang (rupiah all time weak di 17.300 dan IHSG di 6.900) should we go in or wait?,2026-04-30T13:05:50.000Z,https://www.threads.com/@nullprofile99/post/DXwcGW-k9C9,IHSG,2026-05-05T17:00:02.706871
nataliegraciaa,Guys kalian tim CL atau serok atau wait n see nih dikala ihsg melorot gini?,2026-03-06T12:25:35.000Z,https://www.threads.com/@nataliegraciaa/post/DVivxWGCfXN,IHSG,2026-05-05T17:00:02.790197
andithewow,"Tapi gua yakin sih, saham ini walau overvalue tetep masih sexy banget
Saham yang katanya tetap overvalue dan lagi di kocok naik turun ampe mual.
BREN ini penopang IHSG, banyak berita positif mengenai saham ini, seperti masuk LQ45, proyek retrofit yang tuntas, kerjasama dengan luar negeri, dll.",2026-03-06T12:44:49.000Z,https://www.threads.com/@andithewow/post/DVix-ORkhfF,IHSG,2026-05-05T17:00:02.983977
tradeplan.id,"Adanya potensi downgrade untuk Indonesia dari Emerging Market ke Frontier Marker, jika tidak ada aksi terhadap transparansi free float sampai bulan Mei 2026 dan ini akan terjadi outflow dari asing yang sangat masif (kurang lebih 140 Trilyun Rupiah).
Kondisi bursa saham Indonesia bergejolak dikarenakan pengumuman aturan terbaru MSCI dan dipicu karena adanya panic-selling serta margin call di beberapa investor.
[Breaking Update - IHSG]",2026-01-28T18:00:50.000Z,https://www.threads.com/@tradeplan.id/post/DUEEuepEmjO,IHSG,2026-05-05T17:00:03.098487
adrisqi_,"Mbg diapain?
Rupiah ke 15.000 rb
IHSG ke 10.000 rb
Trump mundur
halusinasi saat ini :",2026-04-07T09:15:08.000Z,https://www.threads.com/@adrisqi_/post/DW0zacLEVeg,IHSG,2026-05-05T17:00:03.204774
kennyjap27,"Dulu kagum sama bu Sri Mulyani
Tapi… setelah liat kualitas Pak Purbaya, gw mikir.. Bu Sri kemaren ngapain aja 15 Tahun😭😭",2025-10-18T09:23:25.000Z,https://www.threads.com/@kennyjap27/post/DP8gbffEU13,IHSG,2026-05-05T17:00:03.300859
lianmaulian,IHSG reversal?,2026-04-14T08:46:53.000Z,https://www.threads.com/@lianmaulian/post/DXGxvwJFOPK,IHSG,2026-05-05T17:00:03.479480
patriayudha_uk,"Doa saya singkat malam ini, semoga IHSG hijau.. Amin yang kenceng ya gais..",2026-04-26T13:39:32.000Z,https://www.threads.com/@patriayudha_uk/post/DXmMxohCd__,IHSG,2026-05-05T17:00:03.565711
yudhaniagara,ESSA yuk bisa yuk 🤩🤩,2026-02-23T02:23:37.000Z,https://www.threads.com/@yudhaniagara/post/DVFWI4Ak7rV,IHSG,2026-05-05T17:00:03.662188
saham_diskon,"IHSG Top Gainer 💹
LABA diskon 😗
ALII diskon 😗
SOCI diskon 😗
SSTM mahal -33,7%
BBRM mahal -16,1%
KOKA mahal -50,6%",2025-12-16T03:59:58.000Z,https://www.threads.com/@saham_diskon/post/DST2UJQiLwC,IHSG,2026-05-05T17:00:03.769398
arvinhonami,"#saham #sahamindonesia #belajarsaham #analisasaham #ihsg
Enjoy tulisan gua yang sederhana ini.. 👀
Jadi disini gua mau bagiin thought processnya, kenapa gua cukup yakin perang kemarin akan segera usai.. 👀✌️
Tapi gua percaya semua itu ada penjelasan, analisa dan korelasinya + data bukan sekedar hanya di angan angan.. 🙏
Well itu bukan karena gua ada relasi sama President Trump ya.. 🤣🤣
KENAPA BISA TAU PERANG BAKAL SELESAI? 👀",2026-04-08T10:40:19.000Z,https://www.threads.com/@arvinhonami/post/DW3h9NUD5M6,IHSG,2026-05-05T17:00:03.930116
saham_diskon,"Menghindari 800 saham, sama pentingnya dgn memilih 90 saham.
Di IHSG 890 perusahaan 90% tidak layak invest, only 10% itupun harus diskon.",2025-12-25T00:34:19.000Z,https://www.threads.com/@saham_diskon/post/DSqp7yhkwhl,IHSG,2026-05-05T17:00:07.084474
sahamsheet,"IHSG turun 28/1-2026 disebabkan saham yg kena PHP MSCI, yg lainnya cuma ikutan aja. Tetap ada peluang di tengah badai. Saham ini terpantau diakumulasi asing berdasarkan data siang ini, walaupun harganya turun. Pantau di support tunggu pantulan",2026-01-28T06:32:39.000Z,https://www.threads.com/@sahamsheet/post/DUC1-FcEfCG,IHSG,2026-05-05T17:00:07.181606
imamyogaaa,"Jangan HAKA. DYODD. 📈
Yang sudah entry dari screener kemarin sekarang waktunya manage posisi.
Bisa mulai pasang TP atau TS. 📊
Ini watchlist — bukan sinyal masuk. Tunggu konfirmasi support dan volume.
WATCHLIST IHSG PAGI RILIS. 🔍
PKPK | NCKL | DKFT | BAPA",2026-04-20T01:10:12.000Z,https://www.threads.com/@imamyogaaa/post/DXVaQJHk_j-,IHSG,2026-05-05T17:00:07.553424
risyana_talk,"Nonton aja deh 😊☕☕
Tandanya apa?? Yaitu masih WNS dengan segala kondisi yang ada.
Naik nya hanya di dominasi saham saham Gorengan ( Small Market Caps) dan juga market sangat sepi di bandingkan dengan biasanya.
Pagi ini Market naik. Diluar dari espektasi.",2026-04-27T08:15:12.000Z,https://www.threads.com/@risyana_talk/post/DXoMdA_GdiY,IHSG,2026-05-05T17:00:07.916021
sahamsheet,"Saat IHSG turun begini mending cari saham dividen, makin turun hrnganya otomatis dividen yield makin besar.
Saat ini harga turun bukan katena kinerja perusahaan jelek, cuma karena sentimen negatif.
Sabar nunggu dividen plus capital gain kalau nanti naik lagi.",2026-02-02T04:30:31.000Z,https://www.threads.com/@sahamsheet/post/DUPf96VEc6O,IHSG,2026-05-05T17:00:08.228676
agungpharm,"Kemungkinan saat ini dipegang manual lagi oleh hedge fund. Saya yakin mereka juga kaget AI mereka eksekusi sell bersamaan.
Ternyata sebagian besar transaksi di market kita dijalankan oleh algoritma AI, jadi bisa transaksi bersamaan dalam jumlah besar berturut-turut. Botnya melakukan eksekusi bersamaan sekaligus di semua emiten besar.
Wow shock terapi di market, Tiba-tiba portofolio ambles dalam dan kemudian rebound lagi.
Ternyata tadi IHSG dapat kejutan dari 9.000 ke. 8.715",2026-01-12T08:04:49.000Z,https://www.threads.com/@agungpharm/post/DTZzzIFgaBS,IHSG,2026-05-05T17:00:08.350743
abiyubayyy,IHSG LAGI KENAPA WOY TIBATIBA MELOROT LAGI🤣,2026-04-15T11:37:36.000Z,https://www.threads.com/@abiyubayyy/post/DXJqE8ZlCVG,IHSG,2026-05-05T17:00:08.645079
mchlgerald,"Belum ada narasi yg cukup kuat utk meningkatkan probabilitas menuju uptrend dr situasi sekarang. Kemungkinan Maret & April akan jd bulan yg though.
Technical-wise chart udh patah trend & menuju bearish. Masih byk gap dlm chart yg blm tertutup di area <7000
sooner or later we'll see IHSG go below 7000.
Conviction: IHSG will go under 7000
Menuju opening market nanti, we should take it slow. Libur lebaran 2025 market dibombardir katalis negatif sehingga bursa turun tajam, this year? We’ll see…
Mantulnya IHSG last minute bs berarti 2 hal:
1. smart money akumulasi pd periode bottom for investing
2. smart money masuk kembali utk fast trade setelah nanti market kembali buka (fake breakout)
Sebelum market libur kmrn, IHSG menunjukan sedikit recovery ke 7100an.
Outlook IHSG sesuai mengalami penurunan sampai menyentuh angka 6900an.",2026-03-19T18:26:35.000Z,https://www.threads.com/@mchlgerald/post/DWE3azhgZC9,IHSG,2026-05-05T17:00:12.262082
dailyheion,"Stay strong WNI ✊
Cuma mau kasih tau:
💵 Dolar AS tembus Rp 17.300
📅 17 Juli jatuh tempo utang Rp 833 T
🏦 Total utang Rp 9.658 T
💰 Bunga utang Rp 599 T
📉 IHSG anjlok ke 7.129
🏭 Harga plastik naik 50%
🔥 Gas LPG non-subsidi naik 18%
⛽ BBM non-subsidi naik 40–60%",2026-04-30T03:35:48.000Z,https://www.threads.com/@dailyheion/post/DXva3T1Edut,IHSG,2026-05-05T17:00:12.387003
temanberproses.id,"Katanya pertengahan Mei MSCI juga kasih kabar soal index IHSG ya? Konon kemungkinan stay di emerging market, tp kalo turun, ambles bleess
temanberproses.id",2026-04-30T05:54:51.000Z,https://www.threads.com/@temanberproses.id/post/DXvqxpeExb_,IHSG,2026-05-05T17:00:12.475461
aldieysh,"IHSG udah sentuh 9k saran aja cari saham saham FCA yang masih murah, FCA akan ada masanya manggung kembali. FCA yang masih murah , dan saham saham under 100 msh murah akan diangkat sampe $IHSG sentuh 10k di akhir thn kumpulin yaa. jangan sering loncat2 sana sini. kecuali khusus akun sekuritas BSJP",2026-01-08T11:58:39.000Z,https://www.threads.com/@aldieysh/post/DTP7YSVk0ff,IHSG,2026-05-05T17:00:12.574228
pandhuadjisurya,"Ini juga normal. Bahkan sehat.
Area turun yang kalo bisa, jangan kaget.
Open -> 7120 -> 7080 -> 7050
IHSG retrace dikit -> menutup sebagian gap -> lanjut rebound rally uptrend naik.
Skenario 2
Retrace sehat.",2026-04-08T23:39:37.000Z,https://www.threads.com/@pandhuadjisurya/post/DW47JCSk9Bh,IHSG,2026-05-05T17:00:12.697143
pandhuadjisurya,"Ini yang paling enggak diharapkan. Struktur berubah total.
IHSG turun ke 7000 -> 6970 lalu gagal reclaim ke 7120.
Skenario 3.
Dead cat bounce, bull trap.",2026-04-08T23:39:37.000Z,https://www.threads.com/@pandhuadjisurya/post/DW47JCIEwBK,IHSG,2026-05-05T17:00:12.803236
kimura.academy,"#InvestasiCerdas #ConfirmationBias #KimuraCapital #TradingPsychology #SmartMoney
Link di bio untuk briefing lengkap setiap pagi 🏯
Smart money tidak cari alasan untuk benar — mereka cari alasan untuk salah.
Itulah confirmation bias: kamu cari info yang membenarkan posisimu, bukan yang menguji ketajamannya.
IHSG +2.34%, BTC +4.79% — semua orang tiba-tiba jadi analis bullish.",2026-04-14T14:02:28.000Z,https://www.threads.com/@kimura.academy/post/DXHV3JeAeKK,IHSG,2026-05-05T17:00:12.924395
hafidzoaya,Menurutku harga normalnya ihsg itu emang 7000an sih,2026-04-03T12:05:33.000Z,https://www.threads.com/@hafidzoaya/post/DWqzvHrD6Qb,IHSG,2026-05-05T17:00:13.011615
stocksphoenix,"Saham pak PP PTRO
@bernardwijaya17
@sucorsekuritas
#SucorSekuritas #Investasi #SahamIndonesia #BeXpertWithSucor #ihsg
DYOR (Do Your Own Research) NFA (Not Financial Advice)
*Disclaimer On*",2026-04-02T09:08:54.000Z,https://www.threads.com/@stocksphoenix/post/DWn6uFLkXlH,IHSG,2026-05-05T17:00:13.102813
rusydi_herdi,Hasil Trading Dikala Market Crash Bulan Februari - Maret 2026 - Akun CP,2026-04-07T10:48:16.000Z,https://www.threads.com/@rusydi_herdi/post/DW0-EkaEwP7,IHSG,2026-05-05T17:00:13.198363
dvn_dk005,"Ya itu namanya resiko investasi. High risk high return. Lu pada yang secara sadar invest ke saham, gak bisa nyalahin pemerintah kalau ihsg anjlok. Justru kalau emang niatnya investasi saham, ya harus bisa menganalisis kondisi ekonomi sosial politik. Harus tau kapan waktunya exit pasar, dan switch ke pasar lain.",2026-04-26T12:30:58.000Z,https://www.threads.com/@dvn_dk005/post/DXmE7bQD4Ac,IHSG,2026-05-05T17:00:13.308231
todiradenajeng,"Cc
@indahade
@neliminja
@cecilliasantoso_
@sandrapena.id
@theferdians
@notesbymaru
@febrilaarif
@kuntoajiw
@mang.amsi
Adminnya ngeselin bgt lama2 😂😂",2026-05-01T15:15:20.000Z,https://www.threads.com/@todiradenajeng/post/DXzPtrjEWFi,IHSG,2026-05-05T17:00:13.417491
agungpharm,"Disaat seperti ini market juga menyeleksi perusahaan yang baik, beberapa perusahaan yang fundamentalnya kuat dan labanya naik juga ikutan turun. Kesempatan dapat di harga murah
Di bulan Mei ada ""Sell in May, and go away"". Semoga IHSG segera mencapai bottom dan kita semua happy ending.",2026-05-01T23:19:57.000Z,https://www.threads.com/@agungpharm/post/DX0HLBMgS92,IHSG,2026-05-05T17:00:13.519955
nectar_circle,"2. View teknikal, MACD histogram negatif mulai menyempit, tekanan jual mereda
Sisi positif:
1. Rupiah justru menguat ke Rp16.904/US$, melawan tren pelemahan mata uang Asia
Pemicunya: aksi profit taking + ketidakpastian geopolitik AS-Iran yang bikin investor wait and see.
AS klaim perundingan damai sudah berjalan, Iran justru membantah. Sinyal yang kontradiktif ini bikin pasar regional juga ikut fluktuatif.
IHSG ditutup -138,03 poin di level 7.164 (-1,89%), koreksi wajar setelah reli kemarin.",2026-03-26T11:22:57.000Z,https://www.threads.com/@nectar_circle/post/DWWIgEvgYPs,IHSG,2026-05-05T17:00:13.882893
susanasrihandayani,"Longsorrr terus IHSG
susanasrihandayani",2026-03-04T02:10:14.000Z,https://www.threads.com/@susanasrihandayani/post/DVcfwq9CSxh,IHSG,2026-05-05T17:00:13.994441
idris_knwn,Alhamdulillah IHSG TO THE MOON tembus sampai planet Neptunus 😭🚀,2026-03-09T03:31:43.000Z,https://www.threads.com/@idris_knwn/post/DVphD0Sj9fv,IHSG,2026-05-05T17:00:14.179466
ocep,Mungkin nyetirnya sambil mikirin IHSG pak 🥹,2026-04-25T09:27:20.000Z,https://www.threads.com/@ocep/post/DXjLHoIk3Xl,IHSG,2026-05-05T17:00:14.428209
hermantosardan,"Abis test drive BYD langsung naik golf lagi, blas belum ktemu istimewanya, ngga jadi beli
Ini soal overrated aja, Klo banyak bilang BYD lebih enak dibanding J5, artinya J5 biasa aja
Waduh, 2025 - 2026 cuan 300% om 😄, no worry IHSG, sudah digenggaman",2026-04-25T09:29:49.000Z,https://www.threads.com/@hermantosardan/post/DXjLZwplNl5,IHSG,2026-05-05T17:00:14.521087
putraasetyo,IHSG merah kalian pada borong apa wns dulu? 😂,2026-01-21T03:52:56.000Z,https://www.threads.com/@putraasetyo/post/DTwiIEEE7a_,IHSG,2026-05-05T17:00:14.601159
mahasiswaelliotwave,"​#IHSG #MSCI #Investing #TradingSaham #BursaEfekIndonesia
​Pantau ketat penutupan market hari ini!
​Siapa kira-kira ""pemain"" yang bakal masuk daftar hitam ini? Apakah jagoan kalian aman atau malah jadi target utama? 🧐🔍
​Kalau emiten masuk daftar ini, siap-siap ditendang dari indeks MSCI dan di-banned selama 12 bulan! Peluang forced sell oleh fund besar makin nyata.
Kabar dari Bloomberg soal list High Shareholding Concentration (HSC) sore ini bisa jadi ""gempa"" buat bursa. 📉
mahasiswaelliotwave",2026-04-02T08:57:26.000Z,https://www.threads.com/@mahasiswaelliotwave/post/DWn5aggmaZr,IHSG,2026-05-05T17:00:14.727701
diki.mulijanto,"IHSG hari ini ditutup hijau di 7.307,59 naik 0,39% dari hari kemarin
Tapi asing masih mencatatkan net sell sebesar 1,74 T
Sebagian besar saham bank dan konglo merah menyala
Kenaikan IHSG ditopang oleh emiten2 Papi PP, HT, & DSSA yang mengalami kenaikan yang cukup lumayan, walaupun sebenarnya asing tetap banyak distribusi di emiten2 tsb, hanya CUAN dan TPIA yg tercatat diakumulasi asing",2026-04-09T13:17:57.000Z,https://www.threads.com/@diki.mulijanto/post/DW6YynakhXD,IHSG,2026-05-05T17:00:17.636207
notesbymaru,"Itu artinya: saham-saham lain mungkin turun lebih sedikit atau bahkan menguat. Penting buat lo tahu: apakah portofolio lo mengikuti indeks atau ada yang outperform hari ini?
Saham-saham yang paling narik IHSG ke bawah: BBRI, BMRI, BBNI, TLKM, ASII, BUMI, DEWA. Tujuh saham ini collectively menggeret indeks paling dalam.
IHSG turun 2,19% hari ini. Tapi penurunan ini nggak merata — ada saham-saham tertentu yang jadibeban terberat.",2026-04-03T03:36:21.000Z,https://www.threads.com/@notesbymaru/post/DWp5bLkidE6,IHSG,2026-05-05T17:00:17.746660
lintangweny,"apa mungkin ya, kmrn kmrn IHSG sempet ATH berturut turut. Lalu 2 hari ini mengalami penurunan yg signifikan sampai 2x trading halt.
Apakah memungkinkan harga emas jg bisa mengalami fase ini (koreksi dalem kyk IHSG)? mengingat selalu ATH sejak bbrp bulan ( sempat turun jg tp ga signifikan) 🥹",2026-01-29T13:49:35.000Z,https://www.threads.com/@lintangweny/post/DUGMxI4Eu5h,IHSG,2026-05-05T17:00:17.844184
rizkamaghfur,"Gmn trading kalian hr ini?
Bagi saya 2-3% konsisten itu menunjukan metode nya work
Sekarang boleh kecil
Tahun depan harus lebih besar 🌟
Cukup 2-3 % tp sering
Dari pada 50-100% tp jarang2
Tp memang hukum alamnya gitu,modal sisa dikit harus lebih
💪semangattt
⚡sat set
Knp?
Ya krn cuma 10 lot/transaksi
1. Masih takut crash lagi
2. modal nyangkut d stok
Hihihi untuk dapat 600rb+
Saya butuh 45 trades
🤣 padahal orang lain cukup 1x trade dah jutaan
3-2-26
Alhamdulillah IHSG dah +2%",2026-02-03T09:34:22.000Z,https://www.threads.com/@rizkamaghfur/post/DUSniOAkUQg,IHSG,2026-05-05T17:00:18.004168
stockwise.id,"Rupiah makin lemah, IHSG-nya juga makin drop🤣
#rupiah #ihsg #ekonomi",2026-04-30T03:07:39.000Z,https://www.threads.com/@stockwise.id/post/DXvXo9QE0-a,IHSG,2026-05-05T17:00:18.736112
rizkamaghfur,"Semoga besok ihsg ijo
walau sepertinya mustahil
Apapun hasilnya alhamdulillah
Masih ada ijo2
D market yg merah kena bom iran vs usa
Melewatkan peluang d sico padahal pas gerak2 tahu saya tp ndak beli
Hari ini serakah d KaQi sudah 5% masih mau lebih malah hampir zonk banyak td
Untung d kasih kesempatan kedua 😁
Semoga perang cepat berakhir
2-3-26
Sesuai prediksi klo ada perang
IHSG pasti merah 2.5 %",2026-03-02T09:42:44.000Z,https://www.threads.com/@rizkamaghfur/post/DVYJ9FBEbO3,IHSG,2026-05-05T17:00:19.077435
alir72766,"Apakah akan terjadi?
Sudah mulai di rasakan
Kurs dollar sekarang $1 = 17.200",2026-04-23T14:57:53.000Z,https://www.threads.com/@alir72766/post/DXenWfEFdj2,IHSG,2026-05-05T17:00:19.177431
davidrichardowong,"IHSG sudah nyentuh 7200🤦‍♂️
davidrichardowong",2026-04-24T03:28:21.000Z,https://www.threads.com/@davidrichardowong/post/DXf9PZ7EYkR,IHSG,2026-05-05T17:00:19.267685
rifqiatt_,"Ya walaupun kedepannya tidak menutup kemungkinan kita bisa balik ke level april 2025 ya
Tapi uniknya ya bang, perhatiin chart april 2025 deh, disitu ada Gap lebar juga loh IHSG, tapi bisa rally tuh sampe 9K.",2026-04-08T06:41:21.000Z,https://www.threads.com/@rifqiatt_/post/DW3Gm_9kxMs,IHSG,2026-05-05T17:00:22.780995
theferdians,"Tapi setelah diliatin sih emg ada bbrp gap di april '25, mungkin ini saatnya
jujur kalo saya nggak terlalu ngeliatin gap sih, tapi lebih ke market structurenya dulu aja. Selama IHSG blm bisa keluar dari channel downtrend, selalu ada kemungkinan dia akan turun makin dalem.",2026-04-08T07:03:49.000Z,https://www.threads.com/@theferdians/post/DW3JLjIFHBd,IHSG,2026-05-05T17:00:22.879477
ferdyadii_,Kita tunggu IHSG di 6800- 6500.,2026-03-30T02:17:47.000Z,https://www.threads.com/@ferdyadii_/post/DWfdSs1kZQN,IHSG,2026-05-05T17:00:22.968051
prabaniswara,"Baik trader atau investor harus melihat full siklus 5 - 10 tahun. Pasar saham itu perjalanan panjang. Bukan cinta satu malam oh indahnya 😘
Kamu uda ngeluh kecewa di IHSG, bio baru join di stockbit 2025.
Terlama IHSG crash balik lagi butuh 3.2 tahun pasca krisis dot com bubble + 98. Bursa US juga sama kurleb.",2026-04-03T04:31:03.000Z,https://www.threads.com/@prabaniswara/post/DWp_uRxk8xY,IHSG,2026-05-05T17:00:23.080688
valensiapriska,Muless banget kepikiran besok senen 😌 gimana nasib IHSG ya,2026-04-26T04:24:42.000Z,https://www.threads.com/@valensiapriska/post/DXlNR7XmhQ2,IHSG,2026-05-05T17:00:23.257247
susanasrihandayani,"Saham copper US turun drastis
Apakah berpengaruh ke saham Gold IHSG ?
susanasrihandayani",2026-02-14T00:37:36.000Z,https://www.threads.com/@susanasrihandayani/post/DUt-2ecE2Ph,IHSG,2026-05-05T17:00:23.343481
hengky.lim.9,"yg di tunggu2 lilin kecil mulai terlihat, yups reversal JIKA IHSG BERHASIL CLOSING di atas 7.126 , maka IHSG berpeluang melanjutkan skenario 3 ya 😁 , mari kita kawal lilin ini supaya trus hijau dan ga padam 😝
Update 30 April 26",2026-04-30T00:21:07.000Z,https://www.threads.com/@hengky.lim.9/post/DXvElVJgZpR,IHSG,2026-05-05T17:00:23.468841
a.supriyono4,Skenario 3 apa koh?,2026-04-30T00:23:11.000Z,https://www.threads.com/@a.supriyono4/post/DXvE0gFAeCs,IHSG,2026-05-05T17:00:23.554450
kanalaid,"#pgeo #sahampgeo #rupspgeo #pertaminageothermalenergy #pertaminageothermal #sahamindonesia #rups #ihsg #reviewsaham #investorsaham
Datang rups pgeo dapat apa?
Hmmm… yang pasti dapat dividen deh kalau kamu pegang sahamnya sampai cum date.
Lumayan yield 4,8%an….",2026-04-21T11:30:35.000Z,https://www.threads.com/@kanalaid/post/DXZGCicE6-E,IHSG,2026-05-05T17:00:23.657850
rudiyanto_zh,"Jakarta, Indonesia
BUKAN REKOMENDASI BUY SELL HOLD
Berikut perkiraannya dalam data dan angka
Yang menjadi pertanyaan, berapa perkiraan IHSG akan turun dan dana asing yang net sell?
Paska pengumuman HSC, investor mengkhawatirkan akan terjadi penurunan IHSG dan net sell oleh investor asing",2026-04-05T14:12:40.000Z,https://www.threads.com/@rudiyanto_zh/post/DWwL3-7EiA2,IHSG,2026-05-05T17:00:26.631044
rikopedia.research,"NEXT
Saham yang paling disorot DSSA dan BREN. Konsentrasi kepemilikan BREN 97.31% & DSSA 95.76%. BREN dan DSSA termasuk saham yang selama ini membuat bobot Indonesia di indeks terlihat besar, tetapi free float efektifnya rendah. Kalau MSCI benar-benar menerapkan exclusion untuk HSC, dua saham ini menjadi kandidat utama terdampak.
rikopedia.research",2026-04-30T04:05:19.000Z,https://www.threads.com/@rikopedia.research/post/DXvePb2k03x,IHSG,2026-05-05T17:00:26.743608
rikopedia.research,"Jika BREN dan DSSA dikeluarkan dari MSCI tekanan IHSG masih akan berlanjut..
rikopedia.research",2026-04-30T04:05:19.000Z,https://www.threads.com/@rikopedia.research/post/DXvePfdk_y6,IHSG,2026-05-05T17:00:26.842890
___wambar.id,"Balik lagi, sayangnya lotnya micro, karena udah kejual kebanyakan di bulan lalu 😌
*Resiko jadi manusia ga sabaran.
Saham yang 1 ini bagaikan oase di tengah gurun.
Bayangin, lagi stres2nya IHSG yang merah & meluncur ini, dia udah mencapai angka 3,000 secepet ini.
Yang kukira masih akan lama, kukira di bulan Juny atau July, sebelum pembagian deviden 🤣",2026-03-06T08:00:49.000Z,https://www.threads.com/@___wambar.id/post/DViReL2kWz0,IHSG,2026-05-05T17:00:26.958006
indrahw,"Mudah2an Senin rebound 😆.
Belanjaan hari ini 😛.
Hari ini IHSG Flash Sale.",2026-04-24T13:54:44.000Z,https://www.threads.com/@indrahw/post/DXhE7O2kcvQ,IHSG,2026-05-05T17:00:27.087231
dyahayu_paramita,"Titik terendah selama di ihsg setahunan ini 😳
dyahayu_paramita",2025-12-23T05:17:29.000Z,https://www.threads.com/@dyahayu_paramita/post/DSmAv_Tk86D,IHSG,2026-05-05T17:00:27.198262
fangdessy,"Ada 3 jenis GAP :
1. Common gap (Muncul tanpa alasan besar, sering dan gampang ketutup)
2. Breakaway gap (Terbentuk saat tren baru dimulai, butuh waktu lama untuk ditutup dan tanda awal trend kuat)
3. Exhaustion gap (tanda trend mau selesai. Biasanya muncul di ujung tren dan menjadi sinyal pembalikan arah)
Dalam technical analysis, GAP adalah jarak kosong / celah pada chart karena harga ‘loncat’ / naik signifikan.",2026-03-31T08:05:52.000Z,https://www.threads.com/@fangdessy/post/DWip7DjE1hY,IHSG,2026-05-05T17:00:27.313439
fangdessy,"Disclaimer
Akan kah kedua area GAP ini akan tertutup?
Masih ada 2 area GAP yang belum tertutup, yakni di area :
1. 6538-6590 yang terbentuk di tgl 23 April 2025
2. 6087-6146 yang terbentuk di tgl 11 April 2025
yang menarik, saat ini IHSG sedang mengujii support dari area GAP yang sebelumnya terbentuk.
Gap terbentuk: Juli 2025 (recovery pasca crash tarif Trump)
Gap tertutup : 16 Maret 2026 (War Iran vs US)",2026-03-31T08:05:52.000Z,https://www.threads.com/@fangdessy/post/DWip7DAkzDy,IHSG,2026-05-05T17:00:27.449216
aadoubleuer,apa saham bursa yang bagus,2026-04-14T04:33:18.000Z,https://www.threads.com/@aadoubleuer/post/DXGUuVjn6V5,IHSG,2026-05-05T17:00:27.534878
openportosaham,Beli IHSG aja udah di bottom,2026-04-14T05:42:43.000Z,https://www.threads.com/@openportosaham/post/DXGcq22EV1h,IHSG,2026-05-05T17:00:27.624630
pinepick.id,"#LQ45 #MSCI #SahamIndonesia #IHSG #Investasi
MSCI sudah kasih lampu hijau 🚦
Likuiditas kuat + bobot indeks global = potensi dilirik investor asing.
Kira-kira yang lain bakal ikutan ga nih?",2026-02-13T08:59:50.000Z,https://www.threads.com/@pinepick.id/post/DUsTiAZGIBi,IHSG,2026-05-05T17:00:27.734431
nafisgn14,Are you ready guys?,2026-04-06T00:38:48.000Z,https://www.threads.com/@nafisgn14/post/DWxTh6mgaIt,IHSG,2026-05-05T17:00:28.076604
pesisir.18,"Ihsg udah mau nyentuh 9k, portoku masih aja mines😭, semoga bulan depan full ijoo🙏🏻",2025-11-25T10:43:07.000Z,https://www.threads.com/@pesisir.18/post/DRefwetgWAq,IHSG,2026-05-05T17:00:28.163093
wennyanggono,"Sentimen Negatif Investment Bank Global
-Morgan Stanley: underweight Indonesia.
-Goldman Sachs, UBS, Nomura: downgrade.
Artinya : big money disarankan kurangi exposure ke Indonesia → tekanan jual meningkat
Tekanan dari Global Index Provider
-MSCI : membekukan penyesuaian indeks & mengancam status market Indonesia turun ke frontier market karena isu transparansi FF
-FTSE Russell : menunda review indeks emiten RI
Kenapa IHSG terkoreksi cukup dalam?
Ini point-point nya👇",2026-03-04T07:55:22.000Z,https://www.threads.com/@wennyanggono/post/DVdHQe5Emw7,IHSG,2026-05-05T17:00:28.278141
agungpharm,"Apakah akan trading halt hari ini?
Turbulensi di IHSG.
Saat crash begini adalah waktu terbaik mencari perusahaan yang fundamentalnya bagus dan lagi diskon.",2026-01-28T02:08:45.000Z,https://www.threads.com/@agungpharm/post/DUCXxPZgaVs,IHSG,2026-05-05T17:00:28.390931
jessicajejess,2 menit pertama IHSG hari ini lgsg 2% an . kiblat trump 🤌🏻,2026-04-08T02:03:12.000Z,https://www.threads.com/@jessicajejess/post/DW2mxwJmD3d,IHSG,2026-05-05T17:00:28.479728
dm7saham,"Mau ihsg merah atau ijo, InsyaAllah selalu ada jalan untuk tp 😆📸🔥",2026-04-09T06:41:37.000Z,https://www.threads.com/@dm7saham/post/DW5rb5SFKnb,IHSG,2026-05-05T17:00:28.760981
ai_newsrecap,"Ringkasan IHSG 16 April 2026 📈 Momentum Rebound Mulai Terbentuk - IHSG sempat turun 24% dari puncak tahun ini, namun sudah pulih 7% dari level terendah. - Analis menilai fase terburuk telah lewat, pasar memasuki tahap pemulihan lebih solid. 🌍 Katalis Positif - Kekhawatiran status Indonesia di MSCI mereda. - Ketegangan geopolitik Timur Tengah mulai mencair. - Saham teknologi global (“Magnificent Seven”) mulai pulih, mendukung sentimen investor.",2026-04-16T00:00:53.000Z,https://www.threads.com/@ai_newsrecap/post/DXK_I38H3wi,IHSG,2026-05-05T17:00:29.207655
herfanrf,"saham
RIP IHSG",2026-04-30T03:15:48.000Z,https://www.threads.com/@herfanrf/post/DXvYku8EsCX,IHSG,2026-05-05T17:00:29.458529
portonyacia,Apakah ihsg sudah valid revesal?,2026-04-10T02:36:03.000Z,https://www.threads.com/@portonyacia/post/DW70IGHEwnj,IHSG,2026-05-05T17:00:29.640650
cecilliasantoso_,"Setelah ngeliat chart, dan mikir ketinggian kayaknya entry sekarang.
Ya udahlah, masuk dulu beberapa lot CDIA. Mumpung cash ada, sisanya all in di PTRO di avg 6.450 😅😅😅
Padahal kemarin aku bilang nggak tertarik ambil CDIA, definisi kemakan omongan sendiri 🙄🙄
cecilliasantoso_",2026-04-14T08:55:01.000Z,https://www.threads.com/@cecilliasantoso_/post/DXGyrOkAQUn,IHSG,2026-05-05T17:00:33.131162
ferrybudhi26,Hati2 ihsg ada gap nya,2026-04-14T09:06:03.000Z,https://www.threads.com/@ferrybudhi26/post/DXGz8ImkQ9x,IHSG,2026-05-05T17:00:33.218632
govinsaputraa,"Untung kemarin sempet take profit, lumayan tambah2 cash buat serokin saham2 undervalue 📈💯",2026-01-28T09:21:45.000Z,https://www.threads.com/@govinsaputraa/post/DUDJUh5AQ0n,IHSG,2026-05-05T17:00:33.317790
kurniawanarif_,"Drama ESSA, dimulai di akhir 2024 memutuskan masuk lagi ke market setelah 2 tahunan vakum & dengan pedenya corat coret sok sok an analisa masuk ke saham ini di harga yang sangat tinggi, harga 945, wkwkw. (Analisa bisa dilihat disini : stockbit.com/post…)
Drama belum selesai, ternyata saham sekarang ada MSCI, ada Free Float dll yang saya sama sekali tidak paham itu. Si ESSA dibanting turun sampai harga 500 an.",2026-04-15T14:27:28.000Z,https://www.threads.com/@kurniawanarif_/post/DXJ8-CciUP1,IHSG,2026-05-05T17:00:33.421203
gus_syar,"IHSG merah ! Orang bijak berkata ""waktunya serok serok "" 🫡",2026-02-26T10:38:53.000Z,https://www.threads.com/@gus_syar/post/DVN9M1nkfx7,IHSG,2026-05-05T17:00:33.514201
chef_robben,"If i want to bet heavy in one stock
I will Make sure that stock is in VOO
My nvda is weighed more than my entire ihsg position",2026-04-25T15:57:40.000Z,https://www.threads.com/@chef_robben/post/DXj3ye-FUW9,IHSG,2026-05-05T17:00:33.607385
belajar.saham2025,"Kenapa yaaa BRMS ....
Big accum , teknikal OK
Apa karena IHSG merah ya,,,?
newbie suka bikin alasan wkwkwkwkw
belajar.saham2025",2026-02-12T05:12:53.000Z,https://www.threads.com/@belajar.saham2025/post/DUpUw7Qk-cI,IHSG,2026-05-05T17:00:33.715852
bss.sahamindonesia,"Sedihnya, BREN dan DSSA itu termasuk emiten penggerak IHSG. Semoga Senin aman ya🫣.
Cek lagi, dari 9 emiten ini, mana yang udah masuk di MSCI & dia bisa berpotensi di tendang dari index tsb di periode berikutnya.
BREN HSC 97,31% berarti yang bener2 bisa diperdagangin bebas cuman 2% an aja😬
Gembar Gembor terkait HSC ‼️
Akhirnya data HSC (High Shareholding Concentration) atas struktur kepemilikan rilis juga‼️
Berikut adalah Data HSC yang bisa merubah mekanisme pasar mulai Minggu Depan 🤭
bss.sahamindonesia",2026-04-02T19:42:20.000Z,https://www.threads.com/@bss.sahamindonesia/post/DWpDN5okigP,IHSG,2026-05-05T17:00:33.853841
adithams,Kerjaaa kerjaaa woi,2026-03-05T04:13:31.000Z,https://www.threads.com/@adithams/post/DVfSqgrEqDC,IHSG,2026-05-05T17:00:33.956813
_nanafitriana,"IHSG 24 april 2026
Transaksi hari ini net foreign sell 3.02T
Lekas pulih ihsg🙌🏻",2026-04-24T12:02:24.000Z,https://www.threads.com/@_nanafitriana/post/DXg4ENdj17O,IHSG,2026-05-05T17:00:34.042324
pandhuadjisurya,"Jadi kalau entry itu bertahap. Jangan all-in di satu harga. Sabar masuk, sabar keluar, belajar compounding, belajar enggak greedy. Belajar trading plan.
Buat yang baru terjun di dunia trading stocks, angkatan IHSG 9000 dan mengalami beberapa kali koreksi besar, sekarang bisa jadi fase yang tepat untuk belajar mengelola inventory kalian.",2026-04-25T05:28:47.000Z,https://www.threads.com/@pandhuadjisurya/post/DXiv0YIkbha,IHSG,2026-05-05T17:00:37.205134
emirparengkuan,"#saham #IHSG #AMMN
Kemarin gua sempet call AMMN di komunitas, menurut kalian masih worth to buy ga?",2026-01-17T04:17:27.000Z,https://www.threads.com/@emirparengkuan/post/DTmRv8xifjL,IHSG,2026-05-05T17:00:37.307079
arifbudimaneee,"inget jangan FOMO karena IHSG udah naik sekitar 10% dari bottom nya
Nanti koreksi, kalian bisa re-entry harga yang lebih bawah
Strateginya sekarang
Kalau IHSG sudah menyentuh area 7853, mulai cicil sell (khusus Swing)
Gue akan update lg kalau udah mulai muncul sinyal koreksi terutama setelah IHSG mendekati target Fibonya 7853
IHSG masih berada di fase Wave 3 & belum terlihat tanda koreksi. Seperti yg kita tahu, dalam teori EW, Wave 3 adalah wave terpanjang dibanding Wave 1 & 5",2026-04-15T02:15:56.000Z,https://www.threads.com/@arifbudimaneee/post/DXIpzKYEzAo,IHSG,2026-05-05T17:00:37.438681
radioactive_90,"Better kalau ada cash wait and see dulu, kita ngga bisa timing the market, ngga ada jaminan IHSG naik terus, sama kayak saham yg kalian pegang. Santai saja market ngga bakal kemana-mana ngga usah takut ketinggalan kereta.
Influencer saham yg ditengah IHSG merah bilang ini waktunya malah tambah muatan dll, ngga usah didengerin.",2026-01-23T14:06:41.000Z,https://www.threads.com/@radioactive_90/post/DT2x9Klkepz,IHSG,2026-05-05T17:00:37.546990
ekurniawan.id,Siap2 tahun ini kita segera memasuki Resesi gaesss #ihsg #saham #emiten,2026-03-13T03:04:03.000Z,https://www.threads.com/@ekurniawan.id/post/DVzxEu9jxR6,IHSG,2026-05-05T17:00:37.634261
nnd_shrmn,"IHSG simulasi tahlilan, emas Antam asik sendiri di angka 3 Juta.
​Nyari kerja aja udah survival mode, jangan makin dipersulit sama porto yang warnanya merah darah.
​Inget cuy, profesionalitas itu cuma topeng, investasi real itu aset yang gak bakal 'dibekukan' keadaan.
​Nasib porto lu gimana minggu ini? 🚩",2026-01-31T10:35:18.000Z,https://www.threads.com/@nnd_shrmn/post/DULAH8KknH-,IHSG,2026-05-05T17:00:37.733879
hengky.lim.9,"closing sesi 1 berhasil ENTRY next stage area 2
Update 25 Maret 26",2026-03-25T06:24:21.000Z,https://www.threads.com/@hengky.lim.9/post/DWTBiN0gaHu,IHSG,2026-05-05T17:00:37.952364
cak.thoni,"#investasi #saham #tradingsaham
#investor #sahamprofit #IHSG #bullish
Gimana komentarmu??
Ya semoga bisa hidup berdampingan ini para Konglo penggoreng dan Para Fundamentalis blucip..
Jadi bersama2 gotong royong mewujudkan IHSG 36000
Saham2 Konglos langsung tiarapp...",2025-10-09T09:41:11.000Z,https://www.threads.com/@cak.thoni/post/DPlXTtxj7R0,IHSG,2026-05-05T17:00:38.073154
rudiraind,"Atau BUMN & Danantara?
Apakah institusi lokal?
📌 Dana pensiun, asuransi, reksa dana… Mereka punya dana besar, iya. Tapi… apakah mereka cukup agresif untuk “melawan arus global”?
Atau justru ritel hanya jadi “likuiditas” bukan “penopang” IHSG selama ini?
Apakah ritel?
📌Yang modalnya terbatas, emosinya cepat berubah, dan sering jadi yang terakhir tahu arah?
Apakah para konglo masih kuat untuk menahan?
📌 Atau mereka mau bersih-bersih dulu, sambil selamatkan diri sendiri?",2026-04-04T04:09:29.000Z,https://www.threads.com/@rudiraind/post/DWsiDQEEalx,IHSG,2026-05-05T17:00:38.219344
ijal_idn,"Jakarta, Indonesia
#viral #fyp #ihsg #trading #bidoffer
Semoga membantu buat kalian yg mau belajar bid offer
Kejadian ini tanggal 19-11_2025
Kali ini kita bedah bid offer formasi nahan dan ada akumulasi saat itu
Yosshh kembali lagi ke konten edukasi",2025-12-19T04:16:42.000Z,https://www.threads.com/@ijal_idn/post/DSbmnEVkqMd,IHSG,2026-05-05T17:00:38.364876
annisarif24,katakan alhamdulillah masih bisa take profit disaat IHSG merah 😇,2026-01-21T11:09:15.000Z,https://www.threads.com/@annisarif24/post/DTxUD2ECRJs,IHSG,2026-05-05T17:00:38.724392
alwayscuanclub,ada kemungkinan besok IHSG nutup gap bawah dan semoga ga turun terlalu dalam sampe IHSG menjadi downtrend,2026-04-27T15:58:10.000Z,https://www.threads.com/@alwayscuanclub/post/DXpBb8Qki2p,IHSG,2026-05-05T17:00:38.814471
kebun.ly,Pinjem uang ke bank. Uangnya buat beli saham. Keuntungan dari sahamnya buat bayar cicilan dan bunga banknya. Please tell me I'm not the only one who thinks this is a bad idea ☹️,2026-04-20T15:16:06.000Z,https://www.threads.com/@kebun.ly/post/DXW7DrcD9G2,IHSG,2026-05-05T17:00:38.917884
sidik_9105,"Investasi pakai uang dingin jangan sekali kali pake uang panas seperti uang pendidikan anak uang pinjaman dll
Harga Saham Naik = ( Gak Pasti ) Apalagi disituasi Kaya gini. Trump ngomong dikit langsung turun ihsg. Saham naik itu bisa ya bisa gak. Gak pasti.
Bayar Cicilan = Pasti, wajib bayar ( Gak Perduli Usaha maupun saham lagi posisi Untung/Rugi )
Anda Judi brarti.",2026-04-20T16:04:04.000Z,https://www.threads.com/@sidik_9105/post/DXXAi-Ak_-X,IHSG,2026-05-05T17:00:39.033673
happytrader.co,"Suport 7200-7300 sudah jebol, lanjut 6800 😭
Semoga rebound kuat di 6800 👍
Grup Saham TOP indo sih banyak recomend IHSG rebound di 6800, semoga yaaa 🙏",2026-03-13T16:10:01.000Z,https://www.threads.com/@happytrader.co/post/DV1LBV6E6Jh,IHSG,2026-05-05T17:00:39.138287
_arfffffffff,IHSG kebakaran🥵 damkar tolong damkarrrr,2026-04-24T03:50:09.000Z,https://www.threads.com/@_arfffffffff/post/DXf_vDaERsR,IHSG,2026-05-05T17:00:39.231653
scaletradeidx,Rebound yuk... sudah cukup turunnya,2026-04-30T14:11:33.000Z,https://www.threads.com/@scaletradeidx/post/DXwjnotk7HX,IHSG,2026-05-05T17:00:39.324395
rendirendikaa,"2026 financial market will be even more interesting. Let’s see what happens next. 😬
- Bitcoin crashed 77k
- IHSG trading halt 2x
- Gold dropped. 16%
- Silver dropped 39%
- Rupiah slipped to 17K.
- Ketua The Fed diganti.
- Pejabat BI mengundurkan diri.
- Pejabat OJK mengundurkan diri.
This Week, Financial Market Is Going Crazy",2026-01-31T21:05:26.000Z,https://www.threads.com/@rendirendikaa/post/DUMIPFFk-H7,IHSG,2026-05-05T17:00:42.235734
hengky.lim.9,"Di buka dengan GAP DOWN meninggalkan area terbuka yg cukup lebar, GAP ini pasti akan di tutupi nantinya, untuk area support yg kemungkinan akan di singgahi jika hari ini kembali drop, maka IHSG berpeluang menguji area support 7.918 & 7.529
Update 29 Januari 26
IHSG Closing tepat di atas garis 29 Januari , what next? 😄",2026-02-02T13:16:22.000Z,https://www.threads.com/@hengky.lim.9/post/DUQcJVeAcWh,IHSG,2026-05-05T17:00:42.432992
hengky.lim.9,"Di buka dengan GAP DOWN meninggalkan area terbuka yg cukup lebar, GAP ini pasti akan di tutupi nantinya, untuk area support yg kemungkinan akan di singgahi jika hari ini kembali drop, maka IHSG berpeluang menguji area support 7.918 & 7.529
Update 29 Januari 26",2026-01-28T23:29:50.000Z,https://www.threads.com/@hengky.lim.9/post/DUEqYIykgJz,IHSG,2026-05-05T17:00:42.559447
nora.lna,Tanda IHSG mulai membaik: bermunculan lagi ritel-ritel yg share profit. Ijo ijo ijo!,2026-04-09T09:37:25.000Z,https://www.threads.com/@nora.lna/post/DW5_jYyGvqK,IHSG,2026-05-05T17:00:42.662382
amaliaasnan,"Red day buat hari ini. CORETAX MERAH, IHSG MERAH, RUPIAH MERAH, EMAS MERAH, GUE MARAH.",2026-04-30T07:21:40.000Z,https://www.threads.com/@amaliaasnan/post/DXv0thGjlcZ,IHSG,2026-05-05T17:00:42.760707
raahady_,"IHSG gokil Januari belum selesai tapi udah dapet target 3 digit 🤩🥳 Big thanks Pak Bakrie, Pak HH, & King Purbaya 🎉🙏🏻",2026-01-14T06:11:46.000Z,https://www.threads.com/@raahady_/post/DTewc1_Eral,IHSG,2026-05-05T17:00:42.857653
happytrader.co,IHSG ijo lagi hari ini alhamdulillah 🥳,2026-04-09T09:03:01.000Z,https://www.threads.com/@happytrader.co/post/DW57neJlKWt,IHSG,2026-05-05T17:00:42.957665
yulisa.yu,tadi dia ud mau break even ke atas. hampir nyentuh angka break even atas nya . yeeee ud tahan diri ga TP tgguin break even atas tiba2 longsor ke bawah. tp so far sih masih profit cmn tetep blm mau TP. aku bagian support area aja 🤪,2026-04-15T04:31:43.000Z,https://www.threads.com/@yulisa.yu/post/DXI5VsrAPVm,IHSG,2026-05-05T17:00:43.049419
ch4r9e,Saran saya kabur aja dulu....aplg bentar lg ad pengumuman MSCI di Mei...semua pd yakin indo ga bakal ke Frontier ..masalahnya Indo emank ga bakal ke Frontier Market tp kena reduce EM karena ad Vietnam masuk...IHSG udah pasti turun lg dibawah 7000. Panik sell tiba2 🤣,2026-04-15T04:59:35.000Z,https://www.threads.com/@ch4r9e/post/DXI8hwdk0Ef,IHSG,2026-05-05T17:00:43.339764
yusufashar,Senin bikin notes kalau ihsg berpotensi lower low ke 6900-6800 dan beneran ke 68xx tanggal 30 april 2026 . Mau optimis indonesia baik2 saja tapi lihat berita dan chart kok lain arahnya 🥲.,2026-04-30T06:53:30.000Z,https://www.threads.com/@yusufashar/post/DXvxfTcAXuD,IHSG,2026-05-05T17:00:43.839103
adelonnataa,"WL buat besok 27 April
BMTR
ARKO
BIPI
CUAN
DEWA
CDIA
BULL
WOWS
KOTA
DYOR ya guys ( semngat buat bsok )",2026-04-26T04:44:38.000Z,https://www.threads.com/@adelonnataa/post/DXlPj5PjFSc,IHSG,2026-05-05T17:00:43.945722
hbzzzz_,matane ihsg besok merah,2026-04-26T06:18:23.000Z,https://www.threads.com/@hbzzzz_/post/DXlaSmPgR8n,IHSG,2026-05-05T17:00:44.032982
achmadmajiid,Ihsg akan ke 6000an ?? #saham #trader,2026-03-03T13:52:09.000Z,https://www.threads.com/@achmadmajiid/post/DVbLSjhjtjh,IHSG,2026-05-05T17:00:47.573185
restiwidiyanti,"Baru juga mau rebound, halah halah IHSG hari ini🤯",2026-04-16T08:21:21.000Z,https://www.threads.com/@restiwidiyanti/post/DXL4aZpgbm4,IHSG,2026-05-05T17:00:47.663360
andriandavinta_,"Tujuan cek anomali ini apa? Biar kita bisa baca gerakan asing terhadap emiten yg outperform & biasanya mereka tahu dulu sblm ritel. Cobain fitur Anomali di volara.id gratis 😄
*Anomali = Flow asing hari ini yg > rata-rata Flow 20 hari
Secara Wyckoff ? Cakep
Aku analisa pakai Volume Profile 20 hari (gambar 2) -> Value ada di range 180an dengan buy delta yg dominan!
Disini upside nya yg menarik ad KIJA
ESSA
SIMP
KIJA
BMTR
Pantauan menarik!!
Anomali Flow Asing di IHSG 14 April 2026",2026-04-14T13:48:49.000Z,https://www.threads.com/@andriandavinta_/post/DXHUTFLFLLb,IHSG,2026-05-05T17:00:47.827076
baypiero_,"Hold cash dulu, nanti serok bawah 🙂‍↔️
sentimen global sedang tidak baik-baik aja.
IHSG waktunya koreksi, sudah naik terlalu tinggi selama beberapa bulan terakhir 🐉📈🔥",2026-01-21T08:15:51.000Z,https://www.threads.com/@baypiero_/post/DTxAN0DkqMv,IHSG,2026-05-05T17:00:47.923980
marlonsuckitcrush12,"Besok senin oi IHSG atau $IHSG (Index Harga Saham Gabungan)
marlonsuckitcrush12",2026-04-12T06:39:51.000Z,https://www.threads.com/@marlonsuckitcrush12/post/DXBZnisk8Qo,IHSG,2026-05-05T17:00:48.018413
scholastica_intan,"Data HSC dah release.. IHSG senin besok pasti amburadul ini.. udahlah balik marathon netflix drakor aja😅 jgn mantengin aplikasi. Buka aplikasi lg awal tahun 2027 aja😅
scholastica_intan",2026-04-03T01:52:21.000Z,https://www.threads.com/@scholastica_intan/post/DWptj6Hj0s1,IHSG,2026-05-05T17:00:48.123609
rizkamaghfur,"Xixixi selamat berjuang kawan2
Ssmoga tetap cuan hari ini
Tp kata orang2 trader yg handal tidak lahir d laut yang tenang dan bullish
🤣🤣 eh pelaut ya itu
Sepertinya IHSG akan koreksi lagi
Hahaha
Gasss perang lagi ... 🤕🤕
Eh ternyata perundingan iran usa gagal
Baru aja membayangkan pasar saham enak ni hari senin, semangat ...",2026-04-12T20:24:33.000Z,https://www.threads.com/@rizkamaghfur/post/DXC3_y1Ez1p,IHSG,2026-05-05T17:00:48.412505
zakaihsan,"Dari crash IHSG kali ini gua belajar bahwa profit itu bukan profit kalau masih ada di RDN, karena market bisa ngambil itu di moment kaya gini. Yang namanya profit itu adalah yang udah di withdraw dan udah dijajanin titik. 🤣🤣",2026-03-09T12:19:02.000Z,https://www.threads.com/@zakaihsan/post/DVqdaDwEsGM,IHSG,2026-05-05T17:00:51.598061
jagosahamindonesia,"Di saat Wall Street (Nasdaq & S&P 500) lagi pesta pora cetak rekor, market kita malah dapet tekanan jual jumbo. Ini bukan sekadar koreksi sehat, tapi sinyal exodus modal yang serius. Mari kita bedah. #JagoSaham
Net Sell Rp2,04 Triliun dalam Sehari! IHSG beneran lagi ditinggal pas sayang-sayangnya. 📉
jagosahamindonesia",2026-04-28T03:15:28.000Z,https://www.threads.com/@jagosahamindonesia/post/DXqO8naiXDm,IHSG,2026-05-05T17:00:51.707927
jarpatur,"Congrats guys
Padahal turunya 15%an dari awal crash kemarin.
IHSG naek 1% aja rasanya seneng banget ya🥰",2026-02-03T04:05:06.000Z,https://www.threads.com/@jarpatur/post/DUSB2llk_jP,IHSG,2026-05-05T17:00:51.825694
_michaelyeoh,"#ihsg #menkeu #mentrikeuangan #purbaya
Berikut sy tuangkan dalam bentuk yg lebih sederhana
Bagaimana hitung-hitungan matematis serta kalkulasinya?
Apakah mungkin IHSG ke 36.000?",2025-09-16T09:44:12.000Z,https://www.threads.com/@_michaelyeoh/post/DOqJXsokzwh,IHSG,2026-05-05T17:00:51.950363
vierfoundation,"IHSG AMBRUK RUPIAH MELEMAH | Apa jadinya jika dua parameters ini mulai melemah, Seperti yang saya bilang pelaku pasar tidak bisa diatur jadi bekerja samalah dalam konteks MUTUAL BENEFITS Inshallah balik normal lagi, Copot pejabat IDX yang hanya makan gaji buta",2026-05-01T03:48:01.000Z,https://www.threads.com/@vierfoundation/post/DXyBDiYmbF8,IHSG,2026-05-05T17:00:52.236166
myrnaarmys,"IHSG SUSPENDED
EMAS NAIK
PRESIDEN JOIN ISRAEL
Secuil berita hari ini",2026-01-29T04:45:47.000Z,https://www.threads.com/@myrnaarmys/post/DUFOiMDEcb-,IHSG,2026-05-05T17:00:52.334103
dankristopher_,"IHSG +0.5% cmn 5 menit doang, langsung berbalik arah",2026-04-28T02:12:53.000Z,https://www.threads.com/@dankristopher_/post/DXqHyJgn11Z,IHSG,2026-05-05T17:00:52.421310
sdkyben,Prediksi besok IHSG masih bakal merah darah ya?,2026-04-26T09:58:13.000Z,https://www.threads.com/@sdkyben/post/DXlzcs_E8nZ,IHSG,2026-05-05T17:00:52.526606
dayoneinvesting.id,"Mohon bersabar, karena aku ga mau hanya kasih chart, atau funda yang ala kadarnya.
Itu bukan semangatku di DayOneInvesting.
Dan kalo butuh yang cepat, atau sinyal trading, banyak grup di luar sana yang sediakan itu, banyak yang mengaku sukses dan kaya dari ikutan sinyal trading, dan lebih banyak lagi yang terlihat seolah-olah kaya.
Buat sahabat-sahabatku disini, yang sudah pernah tanya PTRO & CUAN, kasih aku waktu buat coba itung-itung & analisa dulu ya.
dayoneinvesting.id",2026-03-09T03:30:30.000Z,https://www.threads.com/@dayoneinvesting.id/post/DVpg6_fESNo,IHSG,2026-05-05T17:00:52.635406
dayoneinvesting.id,"Dan jika pun aku memutuskan untuk membuat “kelas saham”, sifatnya akan full stack, materinya akan padat, mulai dari itungan dagang funda, fund flow, analisa teknikal, sampai order flow.
Akan ada tugas-tugas yang wajib diselesaikan ketika check point sesi, tugas analisa yang harus dikerjakan di rumah, dan presentasi di akhir menjelang kelulusan.
Buat sahabatku yang menanyakan kelas saham, jujur aku masih bingung untuk waktunya. Karena ada 3 usaha lain yang sekarang ini mengikat erat tanganku.
dayoneinvesting.id",2026-03-09T03:31:32.000Z,https://www.threads.com/@dayoneinvesting.id/post/DVphCioEZAW,IHSG,2026-05-05T17:00:52.756078
dithadamayy,"Semua sosmed pada bahas saham, porto, anjloknya ihsg jujur ga ngerti, tapi mau ngerti😭 .. udah download bibit, udh diajarin suami garis besarnya main saham or sejenisnya, tetep gak mudeng. As newbie, harus mulai darimana ya ges? mau ikut kelas investasi gitu untuk pemula worth it gaksi? ada socmed yang bisa buat belajar mandiri untuk pemula gaksi? hahaha biar ngurus bocil dirumah ada faedahnya🫣😂😂",2026-01-28T10:21:23.000Z,https://www.threads.com/@dithadamayy/post/DUDQJVmj2jj,IHSG,2026-05-05T17:00:52.844469
allicecia,"Kemarin ada yg komen, saham nya gak ngaruh dengan kasus gereja ini.
Lah merah ?",2026-04-20T08:30:09.000Z,https://www.threads.com/@allicecia/post/DXWMmXLkZUu,IHSG,2026-05-05T17:00:52.945937
fandriansha,IHSG juga merah woiiiii...klo ARB gue all inn full margin juga nie saham...wkwk,2026-04-20T08:33:01.000Z,https://www.threads.com/@fandriansha/post/DXWM7bhj0Bq,IHSG,2026-05-05T17:00:53.036102
stockflow.id,"Artinya: ketidakpastian MSCI masih jadi tekanan bagi IHSG dalam 6–8 minggu ke depan.
MSCI bilang reformasi yang sudah dilakukan Indonesia masih perlu dievaluasi lebih lanjut. Keputusan final baru akan keluar di tinjauan Juni 2026.
Tapi pembatasan saham Indonesia tetap dipertahankan di tinjauan Mei
Indonesia tidak jadi di-downgrade ke Frontier Market (untuk sekarang)
MSCI baru mengumumkan",2026-04-21T01:18:37.000Z,https://www.threads.com/@stockflow.id/post/DXYAAkbE_1x,IHSG,2026-05-05T17:00:53.187015
safcapital_id,"Jadi gini ceritanya...
Ada kabar yang beredar soal status pasar saham kita di mata dunia (baca: MSCI). Coba geser ke slide sebelah buat liat detailnya.
Buat yang pagi ini buka aplikasi sekuritas terus langsung mules liat portofolio merah membara, tarik napas dulu. Jangan buru-buru banting HP. Kita bedah apa yang sebenernya terjadi di balik layar.
Pagi-pagi IHSG ""Bangun Tidur Kuterus Longsor"". Kenapa? 📉☕",2026-01-28T04:54:34.000Z,https://www.threads.com/@safcapital_id/post/DUCqvp5E1Mb,IHSG,2026-05-05T17:00:53.325314
handokolie,Ok damai. Buru! Enough is enough!! Time to fly high IHSG!! Udah bottom itu 6900an support kuat. Cukup cukup!!!,2026-03-30T11:02:06.000Z,https://www.threads.com/@handokolie/post/DWgZS9OGr-G,IHSG,2026-05-05T17:00:53.429766
suluah.id,"Beberapa saham baru masuk radar investor seperti CUAN, DEWA, ESSA, HRTA, dan WIFI, sementara BREN, CTRA, DSSA, HEAL, hingga NCKL harus keluar dari LQ45.",2026-04-26T01:09:16.000Z,https://www.threads.com/@suluah.id/post/DXk26ksk6OX,IHSG,2026-05-05T17:00:53.538870
suluah.id,"Di IDX30, ADMR masuk menggantikan ISAT. Sedangkan IDX80 kedatangan BKSL, CBDK, DEWA, GGRM, dan TPIA setelah evaluasi mayor BEI",2026-04-26T01:09:17.000Z,https://www.threads.com/@suluah.id/post/DXk26m2E0CO,IHSG,2026-05-05T17:00:53.639223
pullbek,IHSG mantul,2026-04-27T02:13:23.000Z,https://www.threads.com/@pullbek/post/DXnjC7zEiGW,IHSG,2026-05-05T17:00:53.742538
tools.saham,"Menu BSJP hari ini (15-4-26), DYOR
Hari ini IHSG kembali koreksi tipis dan di sesi 1 foreignasih tampak net sell. Selalu hati-hati karena kondisi global belum sepenuhnya pulih.",2026-04-15T08:34:42.000Z,https://www.threads.com/@tools.saham/post/DXJVJXoDzLi,IHSG,2026-05-05T17:00:53.837953
wedi.arp,"Urat Nadi Peradaban Modern
Apa dampaknya terhadap ekonomi indonesia dan IHSG?",2026-04-10T01:33:40.000Z,https://www.threads.com/@wedi.arp/post/DW7s_MJEqsN,IHSG,2026-05-05T17:00:53.943005
janada.kev,"#ihsg #saham #backtest
Temen2 disini apakah ada yang pernah melakukan algo trading di IHSG? Cari data historikal 1hr IHSG untuk backtesting dimana ya? Sekarang ini saya harus scraping dari Tradingview tapi lama sekali.",2026-03-30T07:39:47.000Z,https://www.threads.com/@janada.kev/post/DWgCJDnDyO1,IHSG,2026-05-05T17:00:57.030828
ekojuhasmon,"Selamat berbuka puasa 😇
“Be fearful when others are greedy, and greedy when others are fearful.”-Warren Buffett",2026-03-16T11:20:44.000Z,https://www.threads.com/@ekojuhasmon/post/DV8YTGoGo5P,IHSG,2026-05-05T17:00:57.637231
hengky.lim.9,"habis nutup GAP lanjut retest support 6.816 guys 😂 , skenario 1 dan 3 gagal pisan, tinggal skenario 2 yaaa
UPDATE 30 April 26",2026-04-30T03:06:29.000Z,https://www.threads.com/@hengky.lim.9/post/DXvXge5gVQB,IHSG,2026-05-05T17:00:57.964898
budi.makmur.908,Selama IDR masih downtrend …IHSG juga ngekor ….,2026-04-30T04:46:05.000Z,https://www.threads.com/@budi.makmur.908/post/DXvi6E4D1Zs,IHSG,2026-05-05T17:00:58.141650
daniel_rayyen,"something is not right :))
IHSG : 8200
Dollar : 16.792",2026-01-29T14:05:30.000Z,https://www.threads.com/@daniel_rayyen/post/DUGOlq_Ev_7,IHSG,2026-05-05T17:00:58.243023
hai.yasss,Yang bisa di cl ya cl hari senin ramai cari selah exit (kecuali saham minyak & emas) .. wkwk makasi pelajarannya ihsg 🙌🏻 cl bukan berarti kalah cl = meminimalisir kerugian 🤝,2026-02-28T15:52:52.000Z,https://www.threads.com/@hai.yasss/post/DVTquRAEmKf,IHSG,2026-05-05T17:00:58.333979
meizerofficial,"Banyak foreign outflow dari IHSG saat ini, kita sedang di permainkan oleh para elite asing. Akankah negara kita bisa berdaulat sepenuhnya ?
Bagaimana pendapat kalian, tulis di comment 👇",2026-04-28T11:34:42.000Z,https://www.threads.com/@meizerofficial/post/DXrIFCHGekc,IHSG,2026-05-05T17:00:58.421104
dheafsr,"Baru memberanikan diri download stockbit, eh buka buka IHSG 7600an. Langsung uninstall lagi😭👋🏻",2026-03-04T03:05:20.000Z,https://www.threads.com/@dheafsr/post/DVcmEQpkt5A,IHSG,2026-05-05T17:00:58.525384
jonathankeaneee,"Semoga Bermanfaat
3️⃣ dari contoh gambar bisa diliat sisanya ada
$TRIN $AMRT $ARTO $ARNA $INDS $TCPI $ADMR $ROTI
2️⃣ yang ada di list oversold rsi 30-50 asing bisa dieliminasi dari list oversold rsi 30-50 jadi sisa emiten itu jadi watchlist kedepan
1️⃣Dari list oversold rsi 30-50 isinya campuran oversold oleh ritel sama asing
Screener untuk rsi 30-50 &
Screener untuk rsi 30-50 (oversold asing) cara aku jadiin watchlist mana yang perlu dipantau kalau ihsg lagi merah
Dual Screener Untuk IHSG 🔴",2026-04-23T07:23:29.000Z,https://www.threads.com/@jonathankeaneee/post/DXdzWxzEmAG,IHSG,2026-05-05T17:01:01.415384
jagosahamindonesia,"BEI rombak LQ45 Mei 2026.
5 saham didepak, dan BREN serta DSSA jadi sorotan utama. 🧵
jagosahamindonesia",2026-04-25T13:55:41.000Z,https://www.threads.com/@jagosahamindonesia/post/DXjp1EVCRU4,IHSG,2026-05-05T17:01:01.524338
angelica.jonatan,"Semoga IHSG hijau pekat
US dan IRAN setuju genjatan senjata selama 2 minggu
Harga Oil turun signifikan
angelica.jonatan",2026-04-07T23:37:34.000Z,https://www.threads.com/@angelica.jonatan/post/DW2WHG8k8xI,IHSG,2026-05-05T17:01:01.656823
heykirman_,"Dikomen ya lanjutannya.
1. THE KING OF ROTATION: Property ➡️ Finance (Bank)
- Pola: Jika sektor Property (CTRA, BSDE, PWON) Rally > 2% minggu ini...
- Next Play: Kemungkinan 71.4% sektor Finance (BBCA, BBRI) akan Ijo minggu depannya.
- Logika: Sentimen bunga turun (rate cut) biasanya mengangkat Property dulu (karena sensitif bunga), baru kemudian Bank (karena kredit akan lancar).
Ketika data 10 Tahun IHSG berbicara :
Bisa disave atau direpost.",2025-12-29T16:06:28.000Z,https://www.threads.com/@heykirman_/post/DS2nyg6gahY,IHSG,2026-05-05T17:01:01.786883
ezpada_trader,"Nih admin kasih capture struktur Bid Offer before afternya dari yang admin temukan di KIOS, ZATA, dan PPRE! 🔥
Hari ini meskipun IHSG merah tapi Admin dapat banyak dari scalping dengan membaca Bid Offer yang menarik saja.",2026-02-06T13:19:35.000Z,https://www.threads.com/@ezpada_trader/post/DUavscjkpjd,IHSG,2026-05-05T17:01:01.911806
abang_oek,"exit IHSG
lalu masuk ke Vietnam
apakah investor global berpotensi exit semakin besar dr IHSG ?
mohon bantuan POVnya
@dayoneinvesting.id",2026-04-08T03:20:14.000Z,https://www.threads.com/@abang_oek/post/DW2vl9niSNT,IHSG,2026-05-05T17:01:02.080546
abang_oek,"exit IHSG
lalu masuk ke Vietnam",2026-04-08T03:17:03.000Z,https://www.threads.com/@abang_oek/post/DW2vOoPiapN,IHSG,2026-05-05T17:01:02.198449
milando29,"Rupiah jebol 17.300
IHSG ancur berhari hari. Hari ini aja mines 3%++
Presiden sibuk ngurusin MBG disetiap pidatonya.
Wakil presiden.. ah negara rusak.",2026-04-24T04:55:54.000Z,https://www.threads.com/@milando29/post/DXgHQoND3Bc,IHSG,2026-05-05T17:01:02.311656
widipardiyawan,"Bapak Ibu, prediksi IHSG 27 April dan menu saham akan diupdate malam ini",2026-04-26T11:03:51.000Z,https://www.threads.com/@widipardiyawan/post/DXl69WZFGwa,IHSG,2026-05-05T17:01:02.436619
sabrinzf,IHSG ya Allah BGt,2026-04-25T16:12:53.000Z,https://www.threads.com/@sabrinzf/post/DXj5h-Lgf6B,IHSG,2026-05-05T17:01:02.526597
feniiamyar,IHSG punya crita. Jd desember lalu temenku sempat cerita dia mau jadi full time trader. Nah bulan ini dia berubah pikiran mau kerja aja. Pas aku tanya knp berubah pikiran ternyata portonya sedang membara😭. Yuk warga thread yg punya info loker tolong tinggalin jejak. Thank you:),2026-02-02T09:21:24.000Z,https://www.threads.com/@feniiamyar/post/DUQBQVPDwgX,IHSG,2026-05-05T17:01:02.637948
stockwise.id,"Happy Friday everyone😊‼️
#saham #ihsg #sahamindonesia",2026-04-24T04:29:55.000Z,https://www.threads.com/@stockwise.id/post/DXgESUMlFqv,IHSG,2026-05-05T17:01:03.085968
aldieysh,"$PTRO 12k rebutan masa skrg dicuekin dengan low nya IHSG turun dr 9k ke 7300 ayolah berfikir jernih lagi jangan takut penebar fear sana.
semua saham bluechip konglomerat semua yang penopang IHSG terjun diskon habis, dulu kamu $BBCA 10K rebutan ko skrg 6800 an dicuekin
saya gapeduli banyak yang cuit era konglo habis dll
liat dulu dong setiap kali terjun berita apa semua yang buat IHSG kita terperosok banget turunya.",2026-03-12T17:07:03.000Z,https://www.threads.com/@aldieysh/post/DVyswKVkzCk,IHSG,2026-05-05T17:01:03.202944
angeladest,"13 Jan 2026
IHSG anjlok per sore ini, porto nya tambah jelek aja 🥹",2026-01-13T06:47:29.000Z,https://www.threads.com/@angeladest/post/DTcPvlykYRB,IHSG,2026-05-05T17:01:03.408551
muhsalman6,"kok gk ada gambar USDIDR garis panah ke bawah bang, gak ada potensi diskon USD yaa? Libur dulu dong nih kita dibursa gak bisa scalping2 cuma gara2 saham perbankan turun bukan krisis besar😜",2026-04-25T02:06:54.000Z,https://www.threads.com/@muhsalman6/post/DXiYtshE3qt,IHSG,2026-05-05T17:01:03.505785
zeroskifrmz,Yes libur dari saham & lanjut “Short” selling di index2 dunia. Nanti cuannya bisa serok saham di IHSG.. moga tujuannya sama 🙏🏼😇,2026-04-25T14:43:03.000Z,https://www.threads.com/@zeroskifrmz/post/DXjvP8vgcpl,IHSG,2026-05-05T17:01:03.591654
pinepick.id,"Indonesia Stock Exchange
#UDNG #CBRE #BUVA #ATAP #PADA #PIPA #IRSX #MGNA #TRUE #INET #sahampemula #saham #pasarmodal #infosaham #sahamgocap #IHSG #investasi
Tahun ini saham gocap apa yang bisa jadi multibagger? 😲",2026-01-10T10:41:13.000Z,https://www.threads.com/@pinepick.id/post/DTU8GxKgRC-,IHSG,2026-05-05T17:01:03.703719
frengki_siagian,"Kerja dulu lah, semoga ihsg bisa segera rebound.. 🙏",2026-03-25T05:23:17.000Z,https://www.threads.com/@frengki_siagian/post/DWS6jAJExac,IHSG,2026-05-05T17:01:06.701245
classicaramels,"Mohon insightnya dong, makasih banyak! 🙏🏻☺️
Kaka2 warga threads naroh uang dana pensiun pada dimana yaa? Tahun ini obligasi fr jatoh tempo semua dan bingung naroh dmn karna obligasi fr rasanya kurang worth it cuma 5%-an paling gede 6% lebih tapi jangka waktu puluhan tahun.
Kayaknya obligasi pemerintah dan sbn lagi lesu bgt ya pdahal ihsg lagi naik. 3 tahun lalu naroh di fr lumayan sih yield + capital gainnya. Tp skrg2 kok kecil banget ya yield cuma 5% rata2 dengan tenor yg minimal 2-3 tahun.",2026-01-09T16:32:47.000Z,https://www.threads.com/@classicaramels/post/DTS_i3Xidy3,IHSG,2026-05-05T17:01:06.805439
imamyogaaa,"Bukan ajakan buy/sell⚠️
Hasil lain cek screener Ara hunter, Daytrade, BSJP Bundling 📈
Watchlist Saham IHSG 20/02/2026
MBMA
BIPI
MERI
ASHA
NSSS",2026-02-19T14:28:38.000Z,https://www.threads.com/@imamyogaaa/post/DU8V7fVEZs4,IHSG,2026-05-05T17:01:06.909839
djnordhawk,Trading halt lagi gaes,2026-02-06T01:56:07.000Z,https://www.threads.com/@djnordhawk/post/DUZhekWEukI,IHSG,2026-05-05T17:01:07.233412
edwardw4ng,"Surabaya, Indonesia
Perbandingan Invest di US vs IHSG IDX",2026-04-22T08:29:42.000Z,https://www.threads.com/@edwardw4ng/post/DXbWIznE6IB,IHSG,2026-05-05T17:01:07.546259
hasan.muharram,Haha makasih loh🤣,2026-04-29T00:24:54.000Z,https://www.threads.com/@hasan.muharram/post/DXsgOLtE6Ou,IHSG,2026-05-05T17:01:07.648738
soni.chan_,"Padahal kalau Anies menang kemarin pasti ekonomi kita keren, IHSG 20.000 dan Qurban minimal 50 sapi setiap masjid 🥹🥹🥹.",2026-04-29T00:30:33.000Z,https://www.threads.com/@soni.chan_/post/DXsg3icEoHV,IHSG,2026-05-05T17:01:07.743178
wealthporto.id,"Catat Tanggal penting terkait IHSG, ini rangkumannya",2026-04-07T08:15:27.000Z,https://www.threads.com/@wealthporto.id/post/DW0slU5EVgQ,IHSG,2026-05-05T17:01:07.843449
farizabrf,"Alhamdulillah panen ludes bersih, selanjutnya main aman dulu pendek-pendek karena masih volatile, terimakasyiii IHSG ✨",2026-04-08T03:18:11.000Z,https://www.threads.com/@farizabrf/post/DW2vXAOkjhn,IHSG,2026-05-05T17:01:08.019444
theferdians,"Tapi liat nanti aja, at the end of the day, market is always right.
Kalo skrg blm kebukti, tapi menurut gue IHSG masih bisa turun ke bawah 7000 (bahkan mungkin ke 6300).
Agak mirip kaya dulu di Januari, lagi bullish banget, otw 10.000, gue remind ke khalayak ramai kalau IHSG ada potensi ke 7000, ramailah publik mencaci.",2026-03-26T13:05:28.000Z,https://www.threads.com/@theferdians/post/DWWUO-JFNeH,IHSG,2026-05-05T17:01:11.233118
bimoksmh,Bila berkenan boleh dishare mas hasil analisis IHSG bisa turun ke bawah 7000 bahkan ke 6300 👏🏼,2026-03-26T13:11:33.000Z,https://www.threads.com/@bimoksmh/post/DWWU7m3ExM1,IHSG,2026-05-05T17:01:11.321417
alfhadnur,"Banyak yang belum sadar: kekuatan ekonomi Indonesia belum sepenuhnya tercermin di pasar saham. Di IHSG, yang terlihat baru sebagian. Di balik itu, masih banyak “hidden giants” yang belum IPO—padahal skalanya sangat besar dan dominan di sektornya. Contohnya: entitas anak perusahaan Djarum Group (polytron, blibli,hotel kempinski) Lion Air Group (batik air, wings air, lion parcel) Wings Group & Orang Tua Group (FMCG besar) Indomaret (operasional inti belum listing) J&T Express .",2026-04-08T07:00:43.000Z,https://www.threads.com/@alfhadnur/post/DW3I00nE31M,IHSG,2026-05-05T17:01:11.607092
tris3050,"Knpa malah rebound?
Gk malah nyungsep?",2026-04-24T13:47:01.000Z,https://www.threads.com/@tris3050/post/DXhECpRkguX,IHSG,2026-05-05T17:01:11.703743
rumatela05,IHSG om,2026-04-24T13:49:20.000Z,https://www.threads.com/@rumatela05/post/DXhETqwkqSU,IHSG,2026-05-05T17:01:11.797001
tukuafterrunning,"Enaknya beli bca apa mandiri yaaa?
IHSG abis trading halt langsung lanjut -9% !!!
tukuafterrunning",2026-01-29T02:58:44.000Z,https://www.threads.com/@tukuafterrunning/post/DUFCSMfk5qs,IHSG,2026-05-05T17:01:11.909674
imamyogaaa,"DYOR ⚠️
HASIL LAIN CEK MODUL PDF SCREENER 📦
WATCHLIST SAHAM IHSG 20/02/2026
Screener DAYTRADE x ARA 📈
AADI
AMMN
DGWG
AGII",2026-02-20T00:50:54.000Z,https://www.threads.com/@imamyogaaa/post/DU9dJGbE9i9,IHSG,2026-05-05T17:01:12.014430
din.nimitz,"Rupiah terus melemah,
IHSG jatuh ke bawah,
Negeri ini hilang arah,
Pemimpin hanya gagah di lidah.",2026-04-30T09:12:13.000Z,https://www.threads.com/@din.nimitz/post/DXwBXRclHQx,IHSG,2026-05-05T17:01:12.102350
titis_putri,Kata gua mah tobat lu ihsg jangan ambruk terus 😴,2026-02-08T10:21:12.000Z,https://www.threads.com/@titis_putri/post/DUfk3kmEVx9,IHSG,2026-05-05T17:01:12.197234
weendyy27,Rontok lagi ajeee IHSG,2026-04-15T09:14:05.000Z,https://www.threads.com/@weendyy27/post/DXJZp2OFDHb,IHSG,2026-05-05T17:01:12.300195
jagosahamindonesia,"Source: Bloomberg
RRG Analysis:
Berdasarkan grafik rotasi sektor, IDXBASIC masih cukup kuat di area Leading, sedangkan IDXTECH masih terpuruk di zona Lagging. Sektor finansial (IDXFIN) terlihat mulai merangkak naik menuju area Improving.
IHSG hari ini tertekan cukup dalam sebesar 1,89% ke level 7164,09 ￼
jagosahamindonesia",2026-03-26T12:56:44.000Z,https://www.threads.com/@jagosahamindonesia/post/DWWTPDbCUKe,IHSG,2026-05-05T17:01:12.416724
dindaa08_,"nanya dong ke para suhu, ini anomali satu ini kenapa sih??? ihsg ijo dia merah, ihsg merah dia tambah menyala😭
emas naik dia merah, emas turun apalagiiii",2026-02-11T02:34:40.000Z,https://www.threads.com/@dindaa08_/post/DUmd3Otk0L2,IHSG,2026-05-05T17:01:12.708930
adzeni_,"Sepertinya IHSG hari ini akan kembali junam, siapkan mental kalian kawan.",2026-04-09T01:12:10.000Z,https://www.threads.com/@adzeni_/post/DW5Fu2Qj1ZF,IHSG,2026-05-05T17:01:12.987322
nonasmilling,"Hari ini indikator ihsg dan teknikal stock ngga menarik lagi di mataku. Hari ini aku broken heart bgt sampe berangkat kerja berasa mode senggol bacok gara gara liat berita KAI. Untung hari ini aku papasan sama banyak ibu-ibu yg selalu kasih senyum setiap kali kami tatap mata. Mau nangis di jalan, nggak jadi. Cancel nangis di kantor aja sambil mode bisu.",2026-04-28T02:29:20.000Z,https://www.threads.com/@nonasmilling/post/DXqJquNE4Hl,IHSG,2026-05-05T17:01:13.075894
finfoxes.id,"- Aksi jual investor
Investor asing melakukan net sell besar
- Ketidakpastian global
Konflik global termasuk tensi AS–Iran belum reda. Harga minyak tetap tinggi jadi bikin inflasi & risiko ekonomi naik
- Rupiah melemah & dolar AS menguat
Nilai tukar rupiah masih tertekan di kisaran Rp17.200–Rp17.300/US$
Berikut penyebab utama IHSG terjun bebas hari ini👇",2026-04-24T09:27:47.000Z,https://www.threads.com/@finfoxes.id/post/DXgmYAgCZUZ,IHSG,2026-05-05T17:01:13.335407
nectar_circle,"Wall Street dan pasar global masih dibayangi ketegangan geopolitik, terutama akibat blokade AS terhadap Selat Hormuz yang menekan Tiongkok dan India sebagai konsumen energi utama. Ketergantungan Tiongkok pada minyak Iran serta hubungan dagang dengan AS menambah risiko, di tengah rencana pertemuan bilateral. Risiko volatilitas meningkat seiring ancaman tarif dan potensi kegagalan negosiasi.
Market Update | 15 April 2026",2026-04-15T13:48:43.000Z,https://www.threads.com/@nectar_circle/post/DXJ5FOKAa__,IHSG,2026-05-05T17:01:16.331033
nectar_circle,"IHSG ditutup melemah ke 7,623.59 (-0.68%) setelah sempat menyentuh 7,773, dipicu profit taking pasca reli. Sektor infrastruktur memimpin pelemahan. Secara teknikal, IHSG berpotensi konsolidasi di 7500–7700, dengan stochastic RSI overbought dan death cross, meski MACD masih positif.",2026-04-15T13:48:43.000Z,https://www.threads.com/@nectar_circle/post/DXJ5FOJgXDz,IHSG,2026-05-05T17:01:16.425427
viviverlisya,"Tapi tidak lupa ada 3 gap di bawah bekas open gapup 🫠
Ada gap di 7900 an, so far terlihat on track untuk tutup gap atas 😆
IHSG is looking STRONG!",2026-04-15T04:25:10.000Z,https://www.threads.com/@viviverlisya/post/DXI4lvTEse8,IHSG,2026-05-05T17:01:16.543894
maavezi,Rupiah All time high 😮‍💨,2026-04-30T05:41:15.000Z,https://www.threads.com/@maavezi/post/DXvpOHbiWn0,IHSG,2026-05-05T17:01:16.914700
hengky.lim.9,"setelah di tutup menghijau sebelum libur panjang, IHSG posisi masih di antara area resistance dan support yaa,di sini IHSG di bagi dalam 3 stage, dan saat ini masih di area stage 1 ( garis panah ungu )jika hari ini berhasil break high maka IHSG berpeluang menguji resistance area 7.250 ( masuk stage 2 ) , sebaliknya jika gagal break high maka IHSG akan kembali menguji support 6.917
Update 25 Maret 26",2026-03-24T23:16:24.000Z,https://www.threads.com/@hengky.lim.9/post/DWSQj47EvQ0,IHSG,2026-05-05T17:01:17.525543
tenjanlika,REBOUND YUKK IHSG,2026-04-30T07:09:30.000Z,https://www.threads.com/@tenjanlika/post/DXvzUbvEdor,IHSG,2026-05-05T17:01:17.614154
arifwongso_,Kenapa hayo menkeu lebih suka bicara IHSG tu de mun dibanding benahin UMKM yg berdarah-darah?,2026-03-18T13:17:54.000Z,https://www.threads.com/@arifwongso_/post/DWBvTDFk175,IHSG,2026-05-05T17:01:17.883300
gmnigirlssss,liat IHSG makin longsor takut bgt negara ini bangkrut :(,2026-04-24T08:41:46.000Z,https://www.threads.com/@gmnigirlssss/post/DXghG-PEWrp,IHSG,2026-05-05T17:01:17.973648
rizkypmm,": males dan akan stop bahas monte carlo lagi. terlalu banyak ""Suhu"" disini. pake markov chain aja sesuai jurnal buat pasar nifty yang sudah di adjust.🫡
btw jurnal nya bisa di download di ssrn ya. tinggal ketik judulnya
Minggu kan saya screening pke markov chain ihsg hijau tapi closing merah saya anggap failed ADMR juga failed. BRMS yang berhasil. Waktunya forward testing 🖥️💰
saya lebih senang testing di market merah karena worst casenya lebih terlihat. screening markov chain hari ini ada BIPI VKTR ADMR BRMS. saran saya buy on weakness cari support, IHSG probability naiknya lebih besar tapi selisih nya dikit.",2026-04-20T23:47:38.000Z,https://www.threads.com/@rizkypmm/post/DXX1mRpARUX,IHSG,2026-05-05T17:01:21.053121
rizkypmm,": males dan akan stop bahas monte carlo lagi. terlalu banyak ""Suhu"" disini. pake markov chain aja sesuai jurnal buat pasar nifty yang sudah di adjust.🫡
btw jurnal nya bisa di download di ssrn ya. tinggal ketik judulnya
Minggu kan saya screening pke markov chain ihsg hijau tapi closing merah saya anggap failed ADMR juga failed. BRMS yang berhasil. Waktunya forward testing 🖥️💰",2026-04-20T23:40:56.000Z,https://www.threads.com/@rizkypmm/post/DXX01IDAerD,IHSG,2026-05-05T17:01:21.151136
thepitchbull,"Prediksi IHSG besok?
Rupiah All-Time-Low lagi?
Harga Oil Breakout!",2026-04-29T15:30:56.000Z,https://www.threads.com/@thepitchbull/post/DXuH6Mgmh7n,IHSG,2026-05-05T17:01:21.609784
liyumina,"kenapa ALL IN? karena THR ini baru akan dicairkan saat usia mereka 17 tahun, smoga di masa itu IHSG sudah ke 15rb 🫶🏻
sisanya ALL IN ke reksadana saham bluechip yang saat ini lagi koreksi sangat dalam 🧐
kaka memutuskan 15% dari THRnya dibelikan lego, sementara dede 20% dari THRnya dibelikan mainan (belum nentuin mau mainan apa 🤣)
agar lebih afdol, amplop dan pembagiannya, mereka tulis sendiri pake tulisan tangan
sah sudah akad penitipan THR 2 bocil ke account bibit bapaknya 😁",2026-03-21T13:44:20.000Z,https://www.threads.com/@liyumina/post/DWJgtOlD-T4,IHSG,2026-05-05T17:01:21.734068
tradinginaja_,"Emiten:
BRMS, BUVA, ARCI, MINA, CARE, TRON, KAQI, PSAB, EMAS, KICI, KPIG, MGLV, SUPA, NASI, KIJA, KIOS, MPOW, NAIK
Trade Plan Daytrade untuk 21/01/2026, ihsg saat ini menurut pandangan saya sedang sideways dan uji support, kemungkinan gerak di area 9120-9174. kalo di 9120 jebol harap waspada ada koreksi lanjutan. Jangan agresif, tunggu konfirmasi, tetap disiplin. semoga cuan guys",2026-01-20T18:11:48.000Z,https://www.threads.com/@tradinginaja_/post/DTvfnwfk8qs,IHSG,2026-05-05T17:01:21.844522
rizkypmm,Kemarin pas IHSG naik kencang semua bersorak euforia. Sekarang melempem semua 🤣 membedakan teknikal rebound dan reversal kayaknya ilmu wajib deh.,2026-03-26T05:02:41.000Z,https://www.threads.com/@rizkypmm/post/DWVc_CkAfot,IHSG,2026-05-05T17:01:21.931798
cuantanpariba,"Hari ini IHSG merah guys
Have a nice long weekend",2026-04-30T11:47:17.000Z,https://www.threads.com/@cuantanpariba/post/DXwTG8hk7Kz,IHSG,2026-05-05T17:01:22.018049
najian_h,"Iran vs US gagal damai, IHSG senin 🔥🔥🔥🤣",2026-04-12T16:54:51.000Z,https://www.threads.com/@najian_h/post/DXCf_4pj2Gn,IHSG,2026-05-05T17:01:22.111418
ridhotholabi,"Anw, ini adalah hasil portofolioku belajar investasi saham selama 1 tahun. Mungkin tidak se-wow seperti portofolio orang lain yang bisa mencapai ratusan persen growth-nya. Tapi, aku sangat bersyukur karena bisa sampai titik ini, apalagi bisa melebihi growth IHSG.
Sudah 1 tahun tepatnya aku belajar investasi saham. Seharusnya menulis recap-nya bulan Desember lalu, tapi ternyata baru sempat buat sekarang. Jadi, foto-fotonya mungkin tidak update karena sudah dipersiapkan di pertengahan Desember 😄",2026-01-11T17:19:19.000Z,https://www.threads.com/@ridhotholabi/post/DTYOdgKCeVZ,IHSG,2026-05-05T17:01:22.334365
marcelinusnando,"Buat yang baru nyemplung di saham, sini kumpul. Aku coba jelasin pake bahasa yang gampang dicerna soal ""Free Float"" Indonesia vs MSCI ini.
Lagi rame soal IHSG & MSCI, sebenernya ada apa sih? Kok market panik sekali? 📉🤔",2026-01-29T03:49:19.000Z,https://www.threads.com/@marcelinusnando/post/DUFIEsDErpw,IHSG,2026-05-05T17:01:22.440290
imamyogaaa,"Pentingnya analisis teknikal karena,
RSI NSSS ASPR sudah terlalu tinggi ⚠️
JANGAN REMEHIN SCREENER SAHAM ARA HUNTER$ DI HARI JUMAT IHSG 📈
MERI 13% 🚀
NOBU 17% 🚀
SKBM 24%",2026-02-20T09:44:03.000Z,https://www.threads.com/@imamyogaaa/post/DU-aKEokTYG,IHSG,2026-05-05T17:01:22.543162
timtamnyam,info screener's nya om,2026-02-20T11:09:00.000Z,https://www.threads.com/@timtamnyam/post/DU-j4Rgkb1C,IHSG,2026-05-05T17:01:22.633942
kaitlin.aiken,"Nabung rutin di ANTM mulai kelihatan hasilnya. Yang penting konsisten, dikit-dikit lama-lama jadi bukit.
@ajaib_investasi
#AplikasiAjaib #Saham #NabungSaham #SahamBUMN #IHSG",2026-04-16T13:50:50.000Z,https://www.threads.com/@kaitlin.aiken/post/DXMeHmEAalT,IHSG,2026-05-05T17:01:22.719478
hengky.lim.9,"CMON IHSG sedikit lagiii 😁😁 , yuk bisa yuk nutupppp 😝
Update 28 April 26",2026-04-28T02:12:53.000Z,https://www.threads.com/@hengky.lim.9/post/DXqHyNWgY6y,IHSG,2026-05-05T17:01:22.837041
rckyllambert_,"kira kira apalagi breee? tmbhin sndiri
5. Pertalite = 5000
4. tukang parkir semuanya hilang
3. koruptor di hukum mati
2. rupiah menguat 1$ = 6000
1. 19jt lapangan pekerjaan dan gaji UMR 8jt+",2026-04-27T12:08:49.000Z,https://www.threads.com/@rckyllambert_/post/DXonMGvE2LR,IHSG,2026-05-05T17:01:22.990410
tipando2,Ihsg ke 28k🗿,2026-04-27T22:45:06.000Z,https://www.threads.com/@tipando2/post/DXpwAZoEnAR,IHSG,2026-05-05T17:01:23.086118
_______zp_________,"I know u..kita pernah ketm di TA tahun 2023 seminar MY , Omben dan ngbrl sebentar...masuk ke threads juga suhu ini😂
_______zp_________",2026-04-16T00:54:56.000Z,https://www.threads.com/@_______zp_________/post/DXLFUwHD1ps,IHSG,2026-05-05T17:01:25.949644
lin_yuni92,Hi! Sayangnya aku udah ga scalping lagi karena balik real world! ✌️ how’s trading lyfe? Makin seru ya IHSG semenjak ada konglo!,2026-04-16T02:55:22.000Z,https://www.threads.com/@lin_yuni92/post/DXLTG5fEbyY,IHSG,2026-05-05T17:01:26.037805
galuhyudha,"semua saham FOMO akan berakhir seperti ini cepat/lambat. sekarang analisa fundamental hampir gak berguna, sebenernya itu alarm tanda bahaya bagi sehatnya perekonomian Indonesia. saham-saham perbankan belum sepenuhnya pulih meski secara fundamental bagus. IHSG naik karena jumlah spekulan semakin masif, bukan berarti ekonomi kita benar-benar membaik & kondusif.",2026-01-08T23:33:03.000Z,https://www.threads.com/@galuhyudha/post/DTRK2Jsk5xn,IHSG,2026-05-05T17:01:26.137591
_michaelyeoh,"#ihsg #saham
Market adalah marathon, bukan sprint..
But this moment is important to push us to learn, adapt and fight again..
This is not easy, i feel that..
Bursa menyentuh titik lowest di 2025 di angka 5xxx, smntra kali ini tekanan datang dari struktur, yg dimana sy rasa kt smwa sepakat hal ini akan menemukan jalannya
Regardless koreksi market yg tajam, i would reminder that this is happen in 2025 too..",2026-02-14T05:34:42.000Z,https://www.threads.com/@_michaelyeoh/post/DUug2e7E5JN,IHSG,2026-05-05T17:01:26.382362
adam.jendelacuan,"Kalau saranku, jangan panik dan jangan kepedean juga, cicil beli boleh, all in jangan.
menurut kalian mending panik atau tetap tenang aja?
Kalau liat data trading summary foreign net buy padahal IHSG merah dalem, apa yang salah?
Secara flow IHSG memang sudah cukup bagus, MSCI sudah mulai konsiten akumulasi di beberapa saham indo terutama perbankan, tapi memang ada penyesuaian bobot aja.
asing net buy ihsg
adam.jendelacuan",2026-03-09T05:44:36.000Z,https://www.threads.com/@adam.jendelacuan/post/DVpwRJAE3qx,IHSG,2026-05-05T17:01:26.489561
alex91sha,"secara TA, IHSG sudah bottom / near bottom
terakhir bear market:
2025 bear market (25% drop karena trump tariff)
2020 crash (40% drop karena covid)
IHSG sudah turun 23.3% (waterfall drop)",2026-03-16T08:31:45.000Z,https://www.threads.com/@alex91sha/post/DV8E9hGkryG,IHSG,2026-05-05T17:01:26.613770
rdrifqi,"Rupiah lu noh keok lawan dollar, IHSG ambles
Review hotel mahal? Nyobain kolam renang jam 5 pagi?
Terus oleh oleh study tour keliling dunia apa pak?",2026-04-30T17:44:16.000Z,https://www.threads.com/@rdrifqi/post/DXw79lOgSvu,IHSG,2026-05-05T17:01:26.727047
lancery.id,"IHSG dibuka menguat pada perdagangan Selasa pagi dengan kenaikan 98,61 poin (+1,31%) ke level 7.598,80, mencerminkan sentimen positif di pasar saham Indonesia. Sejalan dengan itu, indeks LQ45 yang berisi saham-saham unggulan juga ikut naik 10,09 poin (+1,35%) ke posisi 756,45, menandakan pergerakan bullish pada saham berkapitalisasi besar.",2026-04-14T03:51:14.000Z,https://www.threads.com/@lancery.id/post/DXGP6PVlEnb,IHSG,2026-05-05T17:01:27.630430
___wambar.id,"IHSG suspended.
Udah yaaa, nafas dulu yaaaa.... 30 menit an",2026-01-29T02:36:19.000Z,https://www.threads.com/@___wambar.id/post/DUE_t_ACcQP,IHSG,2026-05-05T17:01:27.730801
agungpharm,"Tebak kode emiten dan nanti kita jelaskan detail tentang emiten ini dalam satu utas.
1. Laba bersih +57%
2. Pendapatan +26%
3. Di Harga penutupan kemarin potensi Dividen Yield 11%
4. Uang Kas banyak
5. Tidak punya Utang Bank
6. Saham Liquid dengan rata-rata transaksi harian 3 Milyar
7. Potensi 2026 growth atau sama dengan 2025 dari sisi Laba dan Pendapatan.
8. CFO dan FCF positif.
Mau berbagi saham Fundamental yang mengalami peningkatan signifikan dari tahun 2024 ke 2025",2026-03-18T05:27:17.000Z,https://www.threads.com/@agungpharm/post/DWA5cIfAXB0,IHSG,2026-05-05T17:01:27.864514
hanafefriana,"Moga IHSG cepet rebound deh 🙏🏻
Bisa ga ya pertengahan tahun jadi 200 juta 🥹",2026-04-02T16:33:09.000Z,https://www.threads.com/@hanafefriana/post/DWotkO7k6WU,IHSG,2026-05-05T17:01:31.023030
thisardian,"#hodl #investormuda #sahamindonesia #tradingforliving
“IHSG longsor merah, wajarlah portofolio saya juga ikut merah”
“IHSG cetak all-time-high, hijau, kok portofolio saya masih merah”
“Yaudahlah gpp asal dapat dividen aja”
POV holder saham banking akhir-akhir ini",2026-01-26T04:30:53.000Z,https://www.threads.com/@thisardian/post/DT9ecH3k6XI,IHSG,2026-05-05T17:01:31.514128
kaptensaham707,"Sesuai prediksi terakhir saya perkirakan IHSG turun dulu ke 6100 atau 6500 karena disana ada gap, kalau misalnya benar kesitu baru saya serok saham BBCA lagi.",2026-03-16T02:19:49.000Z,https://www.threads.com/@kaptensaham707/post/DV7aZZ9D82X,IHSG,2026-05-05T17:01:31.651132
muhammad_tohaaaa,"Kenapa? Karena bobot MSCI Indonesia berpotensi dipangkas drastis dari 2,5% turun ke 1% kalo kita liat based on outflow triliunan belakangan ini.
Layar merah di saham Big Bank belakangan ini bukan sekadar ritel panik. Ini murni duit raksasa asing lagi antre buang barang.
Sini gue kasih paham biar porto lu aman.
Asing lagi cabut triliunan dari bursa kita gara-gara porsi Indonesia di MSCI diprediksi mau disunat abis-abisan dari 2,5% jadi sisa 1%. 👀
muhammad_tohaaaa
Sudah kita ungkapkan, tenang aja market belum
priced in😛 IHSG mu lemah kawan
muhammad_tohaaaa",2026-04-30T03:44:08.000Z,https://www.threads.com/@muhammad_tohaaaa/post/DXvb0QylE9R,IHSG,2026-05-05T17:01:31.862367
muhammad_tohaaaa,"Kenapa? Karena bobot MSCI Indonesia berpotensi dipangkas drastis dari 2,5% turun ke 1% kalo kita liat based on outflow triliunan belakangan ini.
Layar merah di saham Big Bank belakangan ini bukan sekadar ritel panik. Ini murni duit raksasa asing lagi antre buang barang.
Sini gue kasih paham biar porto lu aman.
Asing lagi cabut triliunan dari bursa kita gara-gara porsi Indonesia di MSCI diprediksi mau disunat abis-abisan dari 2,5% jadi sisa 1%. 👀
muhammad_tohaaaa",2026-04-27T19:02:05.000Z,https://www.threads.com/@muhammad_tohaaaa/post/DXpWe8tATYv,IHSG,2026-05-05T17:01:31.997733
ramadhans888,"Kalau ada news apapun tentang saham lu masih ribut,cemas berarti lu lagi gambling",2026-04-03T12:06:44.000Z,https://www.threads.com/@ramadhans888/post/DWqz3z5ASSk,IHSG,2026-05-05T17:01:32.095496
hafidzoaya,mencoba melupakan ihsg hari ini malah diingetin layar segede gaban 😔😔😔,2026-03-13T11:10:56.000Z,https://www.threads.com/@hafidzoaya/post/DV0oyzuD-LR,IHSG,2026-05-05T17:01:32.347081
out.standjing,"Gw bandingin data historisnya dan ini faktanya…
Seberapa akurat indikator MU ini? Apakah memang valid atau hanya akal-akalan propaganda para pembenci KING EMYU
🤓☝️
MU-MOLOGY
Klo MU menang, IHSG Turun
Klo MU kalah, IHSG Naek
Coba seberapa sering lu nemu kata-kata kaya gini sekarang yg entah kenapa emang beneran aja kejadian wkwkwk
🗣️: MU MENANG, FIX IHSG MERAH!!",2026-04-19T08:20:23.000Z,https://www.threads.com/@out.standjing/post/DXTmsBZkjEk,IHSG,2026-05-05T17:01:32.487560
risti_emf,"kira2 5 tahun kedepan indonesia bakal gimana ya? IHSG terjun bebas lagi, emas naik drastis, dollar mencapai 17ribu, presiden kita dibilang zionis karna dukung israel, panasaran 🧐🧐🧐",2026-01-28T15:21:42.000Z,https://www.threads.com/@risti_emf/post/DUDyg9mEjpP,IHSG,2026-05-05T17:01:35.137132
ombentrader,"#saham #investasi #investor #ihsg #trading
STOP ikut2an org demi mimpi beli barang mewah tanpa mempelajari apa yg kalian beli
KUNCI nya adl management resiko
Pelajari apa yg kalian beli dan jual
Saya setuju mudah emang dpt cuan di saham, tp juga loss itu ga susah kok
Ilang duit itu gampang
MARKET adl permainan dan strategi mengukur resiko
STOP pembodohan ritel dg konten2 mudahnya cari duit di saham
TOLONG !!!!! 🤣🤣🤣🤣🤣",2026-01-21T04:59:04.000Z,https://www.threads.com/@ombentrader/post/DTwpsdWk-Ux,IHSG,2026-05-05T17:01:35.284177
tools.saham,"IHSG hari ini kembali koreksi, banyak saham under 100 mulai gerak dari kemarin. Harus lebih selektif pilih emiten biar gk ngekos lama kalau dibawa menyelam😇
Menu BSJP hari ini (23-4-2026), DYOR
Alhamdulillah masih ada yg profit ditengah IHSG yang kembali merah. Kemarin saya masuk di MAXI dan terjual di pre-opening market tadi pagi.
Kalau kamu cuan di emiten apa hari ini? Yuk tulis di kolom komentar👇
Hasil menu BSJP kemarin,",2026-04-24T06:04:36.000Z,https://www.threads.com/@tools.saham/post/DXgPH6Dj38w,IHSG,2026-05-05T17:01:35.488184
natamodal,Lama-lama market udah jenuh sama drama perang ini. Apakah senin akan lanjut rally? atau koreksi sejenak? Tulis pendapatmu dibawah👇,2026-04-12T17:29:39.000Z,https://www.threads.com/@natamodal/post/DXCj-2Mki-u,IHSG,2026-05-05T17:01:35.611255
alphaplaymaker,"#sahamindonesia
#ihsg
#tradingsaham
#cuan
Harap di chek kembali (DYOR) bukan ajakan jual dan beli.
Bantu screening saham untuk tanggal 20 April 2026 dengan kriteria sbb:
1. Harga >= EMA20
2. EMA20 > EMA50
3. RSI 45 - 65
4. Volume Spike
5. Sedang di Akumulasi
6. Masuk dalam Net Foreign Buy",2026-04-19T23:26:40.000Z,https://www.threads.com/@alphaplaymaker/post/DXVOZ2AE2Lr,IHSG,2026-05-05T17:01:35.838857
imamyogaaa,"Jangan agresif sebelum ada kepastian. 👇
Skenario 2 — Bearish ⚠️
IHSG gagal tembus 7.700 dan balik turun ke support 7.200. Senin adalah konfirmasi.
Skenario 1 — Bullish ✅
IHSG tembus dan tutup di atas 7.700 konfirmasi trendline ditembus. Target berikutnya 8.000.",2026-04-19T03:30:06.000Z,https://www.threads.com/@imamyogaaa/post/DXTFd3BEaBW,IHSG,2026-05-05T17:01:36.212616
imamyogaaa,"Kamu prediksi Senin IHSG hijau atau merah?
Drop di komentar 👇
Kalau semua positif — boleh agresif.
Kalau masih mixed — sabar dulu.
Cash is position juga strategi. 📊
Yang perlu dipantau Senin pagi:
📌 IHSG open di atas atau bawah 7.634
📌 Volume — tinggi atau sepi
📌 Sektor mana yang memimpin
📌 Net foreign — masuk atau keluar",2026-04-19T03:30:06.000Z,https://www.threads.com/@imamyogaaa/post/DXTFd3WkWND,IHSG,2026-05-05T17:01:36.316725
jezzrell_,"Yuk gua bongkar berdasarkan data real-time. 👇
BID (pesanan beli) di level bawah malah numpuk gila-gilaan. Siapa yang berani pegang pisau jatuh?
Tapi di tengah darah segar itu, ada yang aneh...
Saham bank lagi digebukin habis-habisan. BBCA, BBRI, BMRI kompak merah melulu.
LU PERHATIIN GA?
BID NUMPUK di BBCA & BBRI - APAKAH INI SAATNYA REBOUND?? 🟩",2026-04-28T16:16:41.000Z,https://www.threads.com/@jezzrell_/post/DXroWVyARO6,IHSG,2026-05-05T17:01:36.565008
jezzrell_,"Siapa yang disikat paling parah? BBRI dan BBCA masih jadi korban utama.
Soalnya asing? Masih kabur gila-gilaan. Net sell hari ini aja tembus Rp 2,34 triliun .
Tapi jangan seneng dulu.
IHSG lagi berusaha bangkit. Dibuka hijau 0,31% ke 7.128 setelah 5 hari berturut-turut merah. Saham BBCA dan BBRI ikutan ijo tipis .
CEK SITUASI PER SELASA (28/4/2026) SIANG:",2026-04-28T16:16:39.000Z,https://www.threads.com/@jezzrell_/post/DXroWHLgex7,IHSG,2026-05-05T17:01:36.693543
harmen_rasyidin,"IHSG dan rupiah kompak loyo. Siapa yg bisa melakukannya? Jelas org yg punya uang yaitu oligarki dan pihak asing. Sebentar lagi akan marak demo2 menumpang mayday, hari buruh. Ini adalah prakondisi utk bikin negara chaos. Rakyat harus hati2. Jgn terprovokasi yg membuat negara bisa hancur.",2026-04-24T08:03:27.000Z,https://www.threads.com/@harmen_rasyidin/post/DXgcuTCgXQ2,IHSG,2026-05-05T17:01:36.797109
buk4_mata,"Tuh kan masss wkwkwk, makanaya saya tarik semua jumat kemarin.,",2026-04-18T11:32:53.000Z,https://www.threads.com/@buk4_mata/post/DXRX7B3E_zF,IHSG,2026-05-05T17:01:36.897226
ekjlifestory,"Saya pun sama. Sdh cicil out, selain perang antisipasi IHSG resting.",2026-04-18T11:37:01.000Z,https://www.threads.com/@ekjlifestory/post/DXRYZO_mdf0,IHSG,2026-05-05T17:01:36.991295
dims_adtya_,"DYOR
Bukan ajakan jual atau beli
Semoga besok IHSG reboisasi
udah lama ga share bsjp
1. DEFI (HR)
2. PPRE (HR)
3. ZATA
4. LEAD",2026-04-14T06:55:27.000Z,https://www.threads.com/@dims_adtya_/post/DXGk_e2kjn2,IHSG,2026-05-05T17:01:37.232303
papaganbaa,"Pagi semua gimana weekendnya? hehe, kasih prediksi IHSG minggu ini dong.",2026-04-20T01:56:29.000Z,https://www.threads.com/@papaganbaa/post/DXVfjEuEvou,IHSG,2026-05-05T17:01:37.341577
jagosahamindonesia,"Kemana uang bergerak?
Sektor Finansial (IDXFIN) dan Consumer Non-Siklikal (IDXNCYC) makin solid bergerak di zona Improving menuju Leading.
Akhirnya, IHSG membuka bulan April dengan full senyum, IHSG rebound +1,93% ke level 7.184,44 didukung nilai transaksi yang kembali ramai mencapai Rp16,4 Triliun.
jagosahamindonesia",2026-04-01T11:10:46.000Z,https://www.threads.com/@jagosahamindonesia/post/DWlj4HsifUe,IHSG,2026-05-05T17:01:40.250124
fanynuraeni,"Pas IHSG ambrol kemarin aku keinget sama 1 akun yang bikin utas all in BUMI, sampe aku scroll reply-an dan aku baru nemu sekarang. Di utas itu banyak yang reply untuk diversifikasi emiten. Bang ramlan apa kabar portomu saat ini?",2026-02-06T13:56:57.000Z,https://www.threads.com/@fanynuraeni/post/DUaz-EIE0aq,IHSG,2026-05-05T17:01:40.351912
sahamcuan1,"#saham #tradi #trader #scalping #tiktok semuaorang
hijau pekak opening gassss...
Wlpun IHsg Merah ada tanda kurang asik, tapi bisa yuksss Scalping pagi dpt cuan...",2026-02-25T00:52:39.000Z,https://www.threads.com/@sahamcuan1/post/DVKVUT1kmXT,IHSG,2026-05-05T17:01:40.459882
risyana_talk,"sembari Ngayal kalau SENIN saham kalian ARA, kalian mau ngapain gaes???
Jadi solusi nya tinggal PURA PURA NGGA MIKIR DULU AJA.
Apalagi Retail kaya kita. 😁😁
Institusi
Manager investasi
Market Meker
Saat ini semua di market dalam kondisi ketar ketir di tengah badai ketidak pastian.
Tanpa merendahkan siapapun.",2026-04-24T13:33:52.000Z,https://www.threads.com/@risyana_talk/post/DXhCiULmbtP,IHSG,2026-05-05T17:01:40.600924
kokobuncis,"Makanya, mereka nyicil pelan-pelan selama berminggu-minggu. Proses ""nyicil"" inilah yang menciptakan struktur Uptrend di chart. Inilah arena bermain kita sebagai Swing Trader.
Karena uang mereka raksasa, mereka TIDAK BISA beli semua barang dalam sehari. Kalau nekat HAKA Rp1 Triliun sekaligus, harga bakal langsung ARA dan modal rata-rata mereka jadi kemahalan.
3. Mereka Adalah Pembuat Tren (Uptrend)",2026-05-01T12:23:24.000Z,https://www.threads.com/@kokobuncis/post/DXy8CZJlGPH,IHSG,2026-05-05T17:01:40.715587
kokobuncis,"#Saham #SwingTrading #IHSG #SmartMoney #InvestingTips
Setuju? Atau lebih suka spekulasi sendiri? Share di kolom komentar ya!
Mengikuti jejak Asing dan Smart Money adalah cara paling elegan buat ""mencuri"" hasil riset dan kekuatan modal mereka tanpa kita harus keluar biaya mahal.
Kita masuk saat mereka lagi asyik nyicil (akumulasi), dan kita jualan saat mereka mulai rilis berita bagus untuk Take Profit ke ritel yang baru mau ikutan.",2026-05-01T12:23:24.000Z,https://www.threads.com/@kokobuncis/post/DXy8CagFENC,IHSG,2026-05-05T17:01:40.838837
jurnaltrader.id,"So lets see, apa yg terjadi nanti ya... ☺
Gw sih masih tetep pegang IHSG di 6 ribuan fair value-nya. Kalau bln Mei aman, Juni baru bisa napas lega.
IHSG sdh bottom??? Kita lihat real-nya aja. Jangan berasumsi. Skrg blm terbukti.
Menurut gw... Perang bisa aja selesai. Tapi dampak dari perang ini bakalan masih berasa banget ke market. Jd ya tetep risk on sampai thn depan. Hanya saja tekanan-nya yg turun.
Banyak yg bilang IHSG sdh aman krn perang mau selesai.",2026-04-01T03:41:10.000Z,https://www.threads.com/@jurnaltrader.id/post/DWkwbOrktgU,IHSG,2026-05-05T17:01:40.973534
_mmalik17,"[ A Thread ]
Gua bakal ngasih dua contoh case, yaitu contoh dari buku, dan contoh yang cukup dekat dengan kejadian di IHSG tahun ini.
Pelajaran Bab 1 buku Psychology of Money: Cara pandang mengenai uang tidak terlalu bergantung pada pendidikan, atau kecerdasan. Namun, lebih bergantung pada “sejarah pribadi”.
Kenapa ada orang yang berani all-in besar di pasar saham / crypto , sementara banyak juga yang terlalu berhati-hati? Padahal sama-sama belajar, dan sama-sama punya akses informasi.",2026-03-27T06:59:17.000Z,https://www.threads.com/@_mmalik17/post/DWYPH1Mk8Kn,IHSG,2026-05-05T17:01:41.109488
evajadoreva,"Ngeri mokel dadakan aja
Bayangin udah macet kalian liat bilboard IDX dgn kondisi IHSG minus
Saranku sore ini yg lewat Senayan better putar balik aja",2026-03-16T03:09:23.000Z,https://www.threads.com/@evajadoreva/post/DV7gEXqCfpg,IHSG,2026-05-05T17:01:41.237724
babeh_ucen,Mulai muncul peramal & influencer dadakan saat market bullish😆,2026-04-14T12:42:41.000Z,https://www.threads.com/@babeh_ucen/post/DXHMuvfgdWW,IHSG,2026-05-05T17:01:41.338665
tikameliantika,Baru mau semangat main saham lagi.. ehh menangiss melihat IHSG anjlokk gini 😭,2026-02-02T03:33:35.000Z,https://www.threads.com/@tikameliantika/post/DUPZc7kEsjy,IHSG,2026-05-05T17:01:44.297114
alvntan,"Pergerakan foreign sekarang berubah cepet banget.
Kalau mau ikut mantau tiap hari, bisa cek: whaleflow.otomasi.ai/forei…
Yang menarik, PTRO ikut masuk daftar net sell, padahal kemarin masih jadi salah satu top buy asing.
Asing tercatat net sell Rp1,2 triliun.
Foreign Flow Update IHSG
10 Maret 2026 — Midday / Sesi I",2026-03-10T06:31:42.000Z,https://www.threads.com/@alvntan/post/DVsac-0EeCu,IHSG,2026-05-05T17:01:44.397043
rizkamaghfur,"Tetep posotif
Ini moment langka buat belajar 🤣🙏
Mungkin 1 indonesia merahnya tambah dalam ...
Hihihihi IHSG mengerikan
Tp tenang kamu ndak sendirian yang merah 😁🙏",2026-01-28T03:30:19.000Z,https://www.threads.com/@rizkamaghfur/post/DUChGogEbA7,IHSG,2026-05-05T17:01:44.491151
dlquantbot,"Tutorial & cara membaca weekly star rotation : youtu.be/IIg7s…
Rotasi Saham Mingguan IDXBASIC relatif terhadap #IHSG sebagai pusat rotasi.
Terpantau Bintang-saham saham: #AMMN, #TPIA dan #PSAB menguat di zona psikologis PANIC, mengarah ke zona Psikologis HOPE, kita sebut sebagai ""Habislah PANIC , terbitlah HOPE!"", sementara TINS dan ESSA dengan Power dan Momentum Maksimum di zona GREED",2026-04-20T00:59:53.000Z,https://www.threads.com/@dlquantbot/post/DXVZEjxj4tr,IHSG,2026-05-05T17:01:44.595695
veny.vixki,KLO skenario 2 gimana ... Ko?,2026-04-24T15:09:08.000Z,https://www.threads.com/@veny.vixki/post/DXhNcFZCfEf,IHSG,2026-05-05T17:01:44.679746
hengky.lim.9,Skenario 2 itu yg IHSG tembus support berikut nya,2026-04-24T15:16:27.000Z,https://www.threads.com/@hengky.lim.9/post/DXhORxPARp3,IHSG,2026-05-05T17:01:44.758989
_smoment,Pliss besok jangan rusak IHSG sama news aneh😡😡,2026-04-14T10:51:58.000Z,https://www.threads.com/@_smoment/post/DXHAD41k3A2,IHSG,2026-05-05T17:01:44.842133
saham_diskon,"IHSG Highest ebitda 💸
TLKM ebitda 74,24 T
ASII ebitda 57,07 T
BRPT ebitda 37,26 T
UNTR ebitda 34,97 T
INDF ebitda 27,9 T
ISAT ebitda 26,85 T",2025-12-13T11:36:23.000Z,https://www.threads.com/@saham_diskon/post/DSM8KXtCXeV,IHSG,2026-05-05T17:01:48.101458
baypiero_,"Tadi pagi pak Prabowo update posting foto dengan para konglo, IHSG langsung naik 1.96% 🤩
Tanpa konglo IHSG mungkin tidak akan kemana-mana 🐉📈🔥",2026-02-11T09:17:47.000Z,https://www.threads.com/@baypiero_/post/DUnL_w7EowK,IHSG,2026-05-05T17:01:48.200681
fajarcocosaputra,"Bang, gua ga paham paham amat sama saham, kan senin bakal merah kemungkinan karna HSC, nah 7 April ada FTSE Rusel, kalo turun ke frontier apa yg terjadi sama IHSG?
fajarcocosaputra",2026-04-03T14:46:19.000Z,https://www.threads.com/@fajarcocosaputra/post/DWrGInkgXEw,IHSG,2026-05-05T17:01:48.295086
happytrader.co,"Outflow akan semakin gila, IHSG bisa turun drastis",2026-04-03T15:27:30.000Z,https://www.threads.com/@happytrader.co/post/DWrK2SLFJmu,IHSG,2026-05-05T17:01:48.378949
hamdalahcuan,"Benarlah yang bilang kl IHSG itu G nya adalah Gorengan.
Mirisnya, pola kayak gini masih terus kejadian.
Yang masuk telat, jadi tukang cuci piring. Kl ada yang bilang ada mafia di bursa, gw mah percaya
Secara chart, ini bukan growth tapi distribusi. Lihat LK, ROE -9%. Harga naik, padahal gak lagi profit. Macam emak² sosialita posting jalan² padahal banyak tagihan.
Setelah BEI rilis list HSC, lihat salah satu aja. SOTS, price actionnya kaya gini. Harga 400 jadi 5000, balik 900an hitungan bulan.",2026-04-03T00:38:14.000Z,https://www.threads.com/@hamdalahcuan/post/DWplFJNktiD,IHSG,2026-05-05T17:01:48.494013
happytrader.co,"Tau gitu, Tau gitu, Tau gitu
Sampai kebawa kedalam mimpi ga tuh wkwk
Kebayang ritel yang panic sell dan nunggu IHSG turun sampai 6000....
padahal perang sudah mau selesai 😅",2026-03-31T13:24:10.000Z,https://www.threads.com/@happytrader.co/post/DWjOWW9lJTS,IHSG,2026-05-05T17:01:48.611852
ryanepwijaya,Udah mirip IHSG 😭,2026-05-01T13:57:14.000Z,https://www.threads.com/@ryanepwijaya/post/DXzGxouEqS9,IHSG,2026-05-05T17:01:48.780067
halo_ijah,"sekarang ihsg merah, tp bisa kok tetep konsisten kaya awal bulan😚🤗
kurang-kurangin julid, lebih baik perbanyak ilmu💖
kemaren-kemaren posting profit pas ihsg ijo ada yang bilang
"" halah ihsg ijo ritel2 mulai pada keluar ""
"" ihsg ijo, monyet beli pun pasti profit "" demi apapun ada yg komen gini🙂‍↔️",2026-04-23T04:52:28.000Z,https://www.threads.com/@halo_ijah/post/DXdiEs6D64Q,IHSG,2026-05-05T17:01:49.093243
yusufashar,"Januari 2026 hingga saat ini alhamdulillah return portofolio masih bisa melawan IHSG. Meskipun 4 bulan ini terasa berat, yang penting tetap optimis hingga akhir taun return portofolio harus diatas return IHSG.",2026-05-01T22:44:39.000Z,https://www.threads.com/@yusufashar/post/DX0DIhKgavH,IHSG,2026-05-05T17:01:49.341099
susanasrihandayani,"Dewa mau RUPS ada gebrakan apa ini...
Apakah IHSG di bawa dewa ke 10.000 di akhir desember ini ?
susanasrihandayani",2025-12-02T11:27:24.000Z,https://www.threads.com/@susanasrihandayani/post/DRwmY9UCQRu,IHSG,2026-05-05T17:01:52.599260
h.hafiz3008,"Penundaan ini dilakukan karena OJK dan BEI sedang melakukan reformasi pasar modal, terutama terkait:
Transparansi kepemilikan saham
Perubahan aturan free float
Perbaikan integritas data investor
FTSE menilai masih ada ketidakpastian dalam menghitung free float secara akurat, sehingga untuk sementara mereka memilih tidak melakukan perubahan indeks agar tidak terjadi perputaran dana besar yang tidak perlu
FTSE Russell menunda review indeks Indonesia untuk Maret 2026.
IHSG AKAN HANCUR?!?!",2026-02-10T01:20:21.000Z,https://www.threads.com/@h.hafiz3008/post/DUjwkIBEhPC,IHSG,2026-05-05T17:01:52.955417
hengky.lim.9,"Closing day, IHSG akhirnya berhasil tutup GAP UP dengan sempurna, besok jika IHSG berhasil BREAK HIGH 7.568 maka IHSG akan reversal menuju resistance selanjutnya di 7.773 , sebaliknya jika IHSG BREAK LOW di bawah 7.511 maka IHSG berpotensi menuju SUPPORT selanjutnya di 7.351 sekaligus menutup area gap di 7.308
Update 21 April 26",2026-04-21T12:48:55.000Z,https://www.threads.com/@hengky.lim.9/post/DXZPAgPgQtb,IHSG,2026-05-05T17:01:53.133582
frendliang,"ini orang kayanya sakit hati kena cutloss di saham pak PP atau gk ngerasaiin bullrunnya mungkin ya 🤣
terima kasih sudah kasih liat wujud aslinya
saya akan merespon setiap reply
gak semua layak diberi kedewasaan
yah gk bisa di tag 🤣🤣🤣🤣
lol ada orang gak bisa jawab harusnya IHSG ditopang sama apa fundamental ? atau konglo?...lah malah dikataiin bocil IHSG 🤣🤣
dah dibilang gw gk main saham pak PP
berasa dia yang paling pinter dan punya IHSG bisa nentuin mana yang pantas 🤣",2026-04-06T08:05:05.000Z,https://www.threads.com/@frendliang/post/DWyGmibDtqw,IHSG,2026-05-05T17:01:53.263592
susanasrihandayani,"GOLD, Property , Komoditi , Kesehatan hari ini menaikan IHSG gass poll trader happy cuan today
susanasrihandayani",2026-01-12T02:44:32.000Z,https://www.threads.com/@susanasrihandayani/post/DTZPJTSCf4m,IHSG,2026-05-05T17:01:53.548521
risyana_talk,"Trust me gw jamin 100%.
pasti 100% kalian akan banyak dapat insight buat lewatin Market.
Tonton podcast di chanel YouTube Ko Leon OVERPOST, semua Podcast bareng Ko Hengky kalian wajib tonton SEMUANYA.
Cukup luangkan waktu , nonton, siapkan catatan.
Market libur nih kalau mau lmu geratissssss",2026-05-01T14:03:18.000Z,https://www.threads.com/@risyana_talk/post/DXzHeFeGRtI,IHSG,2026-05-05T17:01:53.688184
quickstock_9,"Disclaimer on
Yuk join grup wawa komunitas QuickStock, biar bisa saling sharing ilmu & tambahan WL menarik lainnya, Link on BIO!!
Tomorrows Stock Picks
🍞 KPIG
🍞 BIPI
Silahkan untuk di analisa kembali dan buat trading plan nya masing masing, jaga money management nya untuk minimalisir risk nya
IHSG hijau pekatt besokk, letsgoo
Watchlist BPJS 22/04/2026✍️",2026-04-21T15:55:58.000Z,https://www.threads.com/@quickstock_9/post/DXZkai9D-Au,IHSG,2026-05-05T17:01:53.912168
hendrahenz22,"Sumber : Stockbit Sekuritas
IHSG turun ke 7.445 (-1.27%) dengan net foreign sell -679.48B (all market) dari total transaksi ~11.69T. Tekanan jual kuat di big caps seperti BBRI dan BMRI, sementara akumulasi terbatas di MEDC dan BBNI.
Update Foreign Flow Sesi 1
Date : Kamis, 23 April 2026",2026-04-23T05:39:16.000Z,https://www.threads.com/@hendrahenz22/post/DXdnbZamRPQ,IHSG,2026-05-05T17:01:57.122695
nabung.dividen,"IHSG all time high, alhamdulillah portofolio juga all time high. Secara kinerja sudah naik 70% dalam waktu hampir 2 tahun ini. Total sudah 425 hari nabung dan beli saham tiap hari. Sehari kadang setor 50ribu. Kadang 500ribu. Tergantung rejekinya karena saya cuma pedagang aja. Niatnya tentunya untuk pensiun. Karena namanya pedagang ya ga dapet pensiunan. Saat ini rata2 per bulannya baru di angka 1,6 jutaan. Harapannya nanti pas pensiun minimal 15juta sebulan.",2026-01-17T07:06:41.000Z,https://www.threads.com/@nabung.dividen/post/DTmlHutAUL6,IHSG,2026-05-05T17:01:57.330018
agungpharm,"Apalagi narasi MSCI sampai pengumuman bulan Mei sudah tidak bisa lagi digunakan. Praktis saat saham konglo belum punya nilai jual lagi sampai pembukaan nama 1% selesai dilakukan.
Konglomerat yang selama ini memiliki kepemilikan yang tidak terdeteksi dibawah 5% tapi masih diatas 1% dipaksa untuk segera distribusi sebelum eksekusi pembukaan nama 1%.
Market pagi ini tekanannya ke emiten Konglomerat lumayan deras imbas salah satu rencana pembukaan kepemilikan 1%.",2026-02-02T02:16:23.000Z,https://www.threads.com/@agungpharm/post/DUPQneJATgS,IHSG,2026-05-05T17:01:57.460368
rizkamaghfur,"Pelajaran klo market sulit gini
Enak klo punya cash
Selalu ada saham yg bergerak walaupun dikit
Tp klo cash tersandera
Akhirnya tetep harus main seadanya 🙏🙏
Bisa tetep cuan alhamdulillah
Tahun depan bisa persiapan amunisi lebih baik
Receh ya temen2
Jgn d bandingkan sama yg lain yg sudah bnyk
Tp ya karena kita niatnya berlatih harus tetep d market walau banyak ngantuknya 🙏
6-2-2026
Hihihi baru mulai IHSG sudah minus 2%+
Wes alamat angel iki trading 🤣✌",2026-02-06T10:29:11.000Z,https://www.threads.com/@rizkamaghfur/post/DUacMTZkYyR,IHSG,2026-05-05T17:01:57.593548
gdnandawrtyn,"Ada yg ikut? Atau malah ragu 🫡
Disaat IHSG nyentuh 6900 dan menutup gapnya, watchlist yg gua kasih oagi tadi ada yang sentuh ARA dan juga ada yg kuat hijau.",2026-04-30T05:01:49.000Z,https://www.threads.com/@gdnandawrtyn/post/DXvktPVmZxM,IHSG,2026-05-05T17:01:57.698684
sahamstockidn,"Tapi jika jebol di bawah 6,917…
Nanti lihat lagi di area 6,700-an dan 6,600.
Thesis gw hari ini IHSG akan close di area 6,900-7000an dan membentuk double bottom, memantul hari Senin.
Sesuai prediksi, berturut-turut.
IHSG ditutup ‘strong’ di atas 6,917, level yang udah diuji 4 kali dalam sebulan dan belum juga tembus (candle harian).",2026-04-30T09:06:05.000Z,https://www.threads.com/@sahamstockidn/post/DXwAqXNk9lG,IHSG,2026-05-05T17:01:57.870257
kiranapunie,"Setelah itikaf dan lebaran penuh suka cita, yak skrg baru tumbang. Semoga IHSG besok jangan 😭",2026-03-24T15:39:57.000Z,https://www.threads.com/@kiranapunie/post/DWRcUvlCTuf,IHSG,2026-05-05T17:01:57.980183
raka.gene,IHSG dah kebangetan meluncurnya hari ini 😩Saatnya ambil aksi nyata tutup stockbit demi sehatkan mental. Floating loss sudah hampir senilai total realized gain yg dikumpulkan selama 10 bulan.. 😌,2025-10-17T07:47:29.000Z,https://www.threads.com/@raka.gene/post/DP5wqEeEUDc,IHSG,2026-05-05T17:01:58.080284
athiseptiani,"Biar sama-sama melek investasi, boleh dong di spill kalian udh diversifikasi aset ke instrumen mana aja?",2026-04-26T04:00:27.000Z,https://www.threads.com/@athiseptiani/post/DXlKgRFk-95,IHSG,2026-05-05T17:01:58.169903
lintangcaesar,"Total AUM = Ada lah pokoknya. Gabisa spill karena semua aset punya ortu. Cuma bantu kelola aja 😅
Saham Lokal (IHSG) = 30%
Bisnis Kamar Kos""an = 25%
US Stocks & ETF = 15%
Emas (ETF GLD) = 10%
SBN + Reksadana = 10%
Crypto (BTC) = 5%
Forex USD = 5%",2026-04-26T12:53:09.000Z,https://www.threads.com/@lintangcaesar/post/DXmHd7eEtOh,IHSG,2026-05-05T17:01:58.265692
jagosahamindonesia,"Sesi 1 IHSG keliatan ijo… tapi kalau dibedah, ceritanya beda 👀
Open di 7.750
Close di 7.709
Artinya bukan naik dari pagi, tapi sempat turun dulu!
jagosahamindonesia",2026-04-15T05:48:14.000Z,https://www.threads.com/@jagosahamindonesia/post/DXJCGJgiQox,IHSG,2026-05-05T17:01:58.372527
igitpermanasigart,"Tapi jujur gw suka beliau, optimistik tapi sebagai investor kita wajib lihat fakta bukan sekedar retorika 😬😆
Fundamental ekonomi bagus katanya, tapi faktanya Anggaran Defisit, Rupiah melemah, penerimaan pajak berkurang ekonomi lesu.
Pasti banyak yg kontra dengan gw, tapi menurut ku The biggest pompomer IHSG adalah pak Purbaya, terlalu di besar besarkan IHSG 10 rebu lah todemun lah dan bla bla bla bikin Investor gak realistis dan malah gak logis 🤣 fakta sekarang IHSG rontok 🫠😆🤣😂
igitpermanasigart",2026-03-10T15:01:38.000Z,https://www.threads.com/@igitpermanasigart/post/DVtUz2nIFLa,IHSG,2026-05-05T17:01:58.485965
arintoantoro,"Selamat tahun baru 2026, IHSG buka hari ini, semoga semakin cuan di tahun Fire Horse dan ingat lebih bijak dalam memilih saham. Banyakin baca hal yang berguna dan menambah ilmu 😁",2026-01-02T03:50:38.000Z,https://www.threads.com/@arintoantoro/post/DS_mwsfgWSX,IHSG,2026-05-05T17:01:58.580390
dayoneinvesting.id,"Menyala 🔥🔥.
Asyik nih…, bisa nangkep esensinya.
Aku cenderung ke macro play buat menghindari noise noise yang seringkali ganggu.
Back to macro, to the big picture.
dayoneinvesting.id",2026-04-11T05:09:03.000Z,https://www.threads.com/@dayoneinvesting.id/post/DW-qbookaxv,IHSG,2026-05-05T17:01:58.869592
danielnikooo,"""ilmu dagingnya"" semalam keren pak 😎. nggak ada angin, nggak ada hujan tiba2 nyenggol slide ""economic cycle"". Ini sih makro chart behavior ihsg 😄, ibarat kompas kalo kita pgn nyari harta karun, spy gk tersesat dan dikarungin, tapi yg jadi petanya tetap makro ekonomi + fundamental. jgn capek2 bwt berbagi pak, saya tetep rajin nyatet kok wlpn di screen senyap dan keliatan tangannya 😄. Fully Respect Sir !!",2026-04-11T06:06:14.000Z,https://www.threads.com/@danielnikooo/post/DW-w-cImf-b,IHSG,2026-05-05T17:01:58.960042
pitrilestari.mompreneur,"Gasss spill spill😂
Istri to istri:
Barang apa yang nekat kalian beli karena emosi sama suami😫😁
pitrilestari.mompreneur",2026-05-01T03:53:11.000Z,https://www.threads.com/@pitrilestari.mompreneur/post/DXyBpbSE6T7,IHSG,2026-05-05T17:01:59.064361
md.ayuratna,Cincin berlian..krn kesel cuan ak malah FL gara2 ihsg merah mulu🥹,2026-05-01T04:01:43.000Z,https://www.threads.com/@md.ayuratna/post/DXyCn74EuHs,IHSG,2026-05-05T17:01:59.144109
uptrendtrading_,Okay closingnya IHSG valid pola Dark Cloud Cover yah. wkwk. Be carefull besok,2026-04-15T09:08:51.000Z,https://www.threads.com/@uptrendtrading_/post/DXJZDbXmA-e,IHSG,2026-05-05T17:01:59.248719
drstma,2 gap itu ada di harga brpa aja min?,2026-04-15T09:38:11.000Z,https://www.threads.com/@drstma/post/DXJcaUOEavp,IHSG,2026-05-05T17:01:59.336359
ajiwijanarko,"Hari ini marketnya seru, dari pre opening ihsg turun sampai rebound.
Profit ga maksimal walaupun hampir semua emiten yg kepegang naik. Ga maksimalnya karena pengen ngejar prosentase tinggi, dan akhir sesi 2 junam 😂🤭
Kiranya begitu untuk hari ini 🙏🏾",2026-04-13T09:21:22.000Z,https://www.threads.com/@ajiwijanarko/post/DXEQ5XtD4u7,IHSG,2026-05-05T17:01:59.432339
rikyhamdny,SAH! TRADING HALT🤣,2026-01-28T06:44:19.000Z,https://www.threads.com/@rikyhamdny/post/DUC3TegAk3r,IHSG,2026-05-05T17:02:02.635084
sandysiswanto,"ANOMALI FOREIGN FLOW BUMI
Selama 8 Tahun saya trading saham di IHSG, saya selalu menghindari emiten kalau ada Foreign Flow yang keluar. Tapi berbeda sama BUMI, setiap kali pengumuman net foreign sell harian saya malah happy kalau Bumi no.1.
Soalnya jelas , majority net foreign sell tersebut adalah barang Chengdong. Jadi semakin gede Net Foreign Sell nya di BUMI ya berati Chengdong jualannya banyak biar barangnya cepet habis. Kalau barang Chengdong sudah habis , ya bisa disimpulkan sendiri ya🥳🚀",2026-02-13T09:31:44.000Z,https://www.threads.com/@sandysiswanto/post/DUsXLulicGt,IHSG,2026-05-05T17:02:03.009697
pak_tric,Apa strategi yang paling baik ? Apakah akum atau wait & see ?,2026-04-17T13:27:20.000Z,https://www.threads.com/@pak_tric/post/DXPAOWZE4wX,IHSG,2026-05-05T17:02:03.315682
jagosahamindonesia,"Setelah forced selling selesai, dana yg tracking MSCI sudah reposisi, pasar bisa kembali ke fundamental…
Perlu diingat, Rebalancing MSCI itu event-driven, tekanannya terbatas & sementara.
Mereka inilah yang paling rawan forced selling otomatis saat bobot dipangkas.
Pertama, yg kena dampak langsung memang hanya saham-saham yang masuk indeks MSCI Indonesia bukan semua saham di IHSG.
Pertanyaan bagu, pak
jagosahamindonesia",2026-04-17T13:37:26.000Z,https://www.threads.com/@jagosahamindonesia/post/DXPBYVFCfan,IHSG,2026-05-05T17:02:03.483750
lawrencegs,"Lucu ya market ini. Ekonom selalu bilang “fundamental jangka panjang lebih penting”. Tapi begitu ada isu reshuffle menteri, langsung panik rame-rame.
Pagi ini pasar tenang. IHSG hijau tipis, dollar stabil. Semua kelihatan biasa aja.
Lalu siang… jebret. Dollar tembus Rp16.500, IHSG langsung merah darah, saham Bank semua auto 🩸",2025-09-08T09:57:05.000Z,https://www.threads.com/@lawrencegs/post/DOVkfGHCZTZ,IHSG,2026-05-05T17:02:03.847839
hendrafasheet,"IHSG Anjlok Hampir 2% di Tengah Tekanan Global dan Aksi Profit Taking
Pasar saham Indonesia kembali terguncang — dan kali ini penurunan terjadi cukup dalam.",2025-10-14T14:21:46.000Z,https://www.threads.com/@hendrafasheet/post/DPyvZMVkhvp,IHSG,2026-05-05T17:02:03.940414
winternotes.al,"Prediksi IHSG senin:
Berapa?",2026-03-08T12:48:45.000Z,https://www.threads.com/@winternotes.al/post/DVn8AyTjw4k,IHSG,2026-05-05T17:02:04.029524
kokoteknikal,"Tugas kita harus siap bereaksi dengan skenario mana yang terjadi.
Skenario B: Gagal breakout MA50 dan jebol support 7440-7540 serta EMA10, melanjutkan downtrend IHSG
Skenario A: Level support 7440-7540 sekaligus EMA10 bertahan dan IHSG lanjut naik breakout MA50 menuju resistance selanjutnya
IHSG hari ini mengalami rejection di area support 7440-7540 dan EMA10 nya.
Jika gagal rebound di atas area ini maka ada potensi melanjutkan penurunan. Masih pada hold atau udah pada bersih2? 👇👇
IHSG hari ini breakdown support 7440-7540 dan EMA10 dengan candle yang cukup buruk, membentuk skenario B yang dibahas sebelumnya.",2026-04-23T14:18:35.000Z,https://www.threads.com/@kokoteknikal/post/DXei3AYid5e,IHSG,2026-05-05T17:02:07.814983
m.hilmansal,"Tetap sedia uang di RDN untuk jaga-jaga di kala IHSG suka naik turun gunung
BSJP hari ini, semoga besok hijau semua:
- BIPI
- KAQI
- TOOL",2026-02-25T07:48:00.000Z,https://www.threads.com/@m.hilmansal/post/DVLE2XME-pd,IHSG,2026-05-05T17:02:08.085325
dims_adtya_,"Buat kalian yang masih hold emiten yang kalian pegang, saya sarankan jangan buru² cut loss jika tidak benar² kepepet buat kebutuhan. Maret sampai April sudah di prediksi berdarah-darah apalagi geopolitik semakin memanas. IHSG bisa turun dalam ke 6600 jika tidak ada recovery yang cepat. Semoga IHSG cepat recovery dan bulan Mei akan kembali stabil.",2026-03-09T13:18:04.000Z,https://www.threads.com/@dims_adtya_/post/DVqkKbxEvJ4,IHSG,2026-05-05T17:02:08.189948
profitmen.id,"Di Korea waktu market rontok pemerintahnya turun tangan buat stabilisasi market. Bayangin kalau negara kita anggaran MBG yang tiap hari sekitar 1,2T itu dialirkan ke IHSG setiap harinya. Bukan engga mungkin IHSG sentuh level 32.000 seperti ambisinya Pak Purbaya. Tapi pertanyaannya apakah Negara seharusnya ikut andil atau biarin mekanisme market bekerja?",2026-03-06T03:07:56.000Z,https://www.threads.com/@profitmen.id/post/DVhv9DLkTVd,IHSG,2026-05-05T17:02:08.388302
ra7.investment,Spill Porto Kalian Guys IHSG Sudah Rebound Apakah Masih Ada Yang Mines? 🤣,2026-04-18T05:42:09.000Z,https://www.threads.com/@ra7.investment/post/DXQvyORmYa-,IHSG,2026-05-05T17:02:08.650747
kvndani,"Biar pada serius.
Gimana kalo gaji pejabat fluktuatif tergantung kondisi nilai tukar rupiah, ihsg, indikator ekonomi lainnya.",2026-04-30T13:24:43.000Z,https://www.threads.com/@kvndani/post/DXweQqtk-pL,IHSG,2026-05-05T17:02:08.761809
jurnal.investasi.asn,"Alhamdulillaaah..
Hingga akhir Desember 2025, return portofolio
@jurnal.investasi.asn
setara +112,84% YTD , berbanding IHSG +22,13%
jurnal.investasi.asn",2025-12-30T11:03:24.000Z,https://www.threads.com/@jurnal.investasi.asn/post/DS4p5pNCTuv,IHSG,2026-05-05T17:02:08.867916
investxsaham,"KENAPA INDONESIA HAMPIR MUSTAHIL TURUN KE FRONTIER MARKET?!
3 Fakta Ini Wajib Kalian Tau..",2026-04-07T03:00:20.000Z,https://www.threads.com/@investxsaham/post/DW0IhXbiXxn,IHSG,2026-05-05T17:02:12.011224
tools.saham,"Di sesi 2 ada bantingan cukup dalam pada IHSG, menunjukkan tekanan jual yang cukup kuat. Yang mau masuk BSJP jaga diharapkan bisa menjaga MMnya.
Menu BSJP hari ini (24-2-26), DYOR",2026-02-24T08:31:01.000Z,https://www.threads.com/@tools.saham/post/DVIk-m4j3ye,IHSG,2026-05-05T17:02:12.137754
hengky.lim.9,"Yg uda seneng IHSG REBOUND, seperti yg sudah di bahas kemarin lusa, IHSG belum bisa break resistance dengan potensi koreksi minor sudah terjadi hari ini, dengan low di area 8.139 😃 lebih dalam sedikit, dan low hari ini masih dalam range area kotak merah, jika besok break low kembali, maka koreksi besar nya akan terjadi ke area 7.900 😎 , STAY SAFE
Update 26 Februari 26",2026-02-26T09:52:15.000Z,https://www.threads.com/@hengky.lim.9/post/DVN33WlgY1R,IHSG,2026-05-05T17:02:12.266330
auliahadis,"Pantengin berita tentang Indonesia isinya negatif vibes semua 😩.
Ada berita positif kah??",2026-04-08T04:23:40.000Z,https://www.threads.com/@auliahadis/post/DW222oJkUhP,IHSG,2026-05-05T17:02:12.458196
bintang.restu,ihsg +3.24%,2026-04-08T04:30:30.000Z,https://www.threads.com/@bintang.restu/post/DW23osyFEoU,IHSG,2026-05-05T17:02:12.548307
almirandni,"Thread gue sebelumnya bukan untuk bikin panik, bukan sebagai bentuk provokasi. Apalagi buzzer. Ngapain. Tapi pertanyaan.
Timbul dari percakapan sama Paksu yg melek banget sama isu politik & ekonomi global. Karna di beberapa utas orang2 ada yg menanyakan hal yg sama, sehingga kami menyadari kalau daya beli rendah, rupiah lemah, ihsg anjlok. Dan banyak yg merasakan. Bisa dilihat dari komen2 thread gue, yaa.",2026-04-28T04:13:27.000Z,https://www.threads.com/@almirandni/post/DXqVlPGEuK0,IHSG,2026-05-05T17:02:12.739324
david.romano,"8 jam lagi IHSG bakal open perdagangan setelah libur panjang kmrn, banyak drama geopolitik yg dibikin trump weekend ini, kira2 gimana prediksi temen2 investor buat IHSG nanti pas opening? Naik mengikuti rebound nya dow jones kmrn atau malah turun?",2026-03-24T18:08:27.000Z,https://www.threads.com/@david.romano/post/DWRtUUdAeGg,IHSG,2026-05-05T17:02:12.835329
investophoenix,"Jakarta, Indonesia
#ihsg #saham #stockmarket #marketcrash #trader
Source: TTalks With
@bernardwijaya17
@sucorsekuritas
Ini kata
@bernad88
Ada potensi double bottom IHSG yang bisa membawa indeks ke rekor baru!! Tahu nggak, ada pola rahasia di IHSG! Potensi mantul ke 8.100 kalau area ini bertahan.",2026-04-28T07:43:28.000Z,https://www.threads.com/@investophoenix/post/DXqtnRIjNJw,IHSG,2026-05-05T17:02:12.972494
risyana_talk,"Jangan panik ia 🤗🤗
🥶🥶 semoga rebound dan bisa cuan kembali bersama sama. ☕☕
Khawatir pasti, Panik ngga, cut loss ia, cuan hari ini belum ada.
-1.6% IHSG Breakdown 7000 area Psikologi Price.",2026-04-30T03:10:56.000Z,https://www.threads.com/@risyana_talk/post/DXvYBIRmcJ-,IHSG,2026-05-05T17:02:13.286392
andi_092510,"Penasaran real story-nya
– sejak kapan mulai konsisten?
– titik baliknya di mana?
– dan apa yang paling berubah dari cara mikir kalian?
Kalau di sini ada yang benar-benar trading for living, boleh share:
Beberapa orang ada yang bilang “bisa”
tapi gak sedikit juga yang akhirnya balik jadi side income lagi.
Bukan sekedar side income, tapi yang konsisten hidup dari market: saham / crypto / forex
Di sini ada yang trading for living?",2026-04-06T01:42:31.000Z,https://www.threads.com/@andi_092510/post/DWxa0lZklLk,IHSG,2026-05-05T17:02:13.612197
fahminur.muzaqi,"Sudah konsisten sejak 10 tahun lalu
Titik baliknya karena membuat bisnis selalu gagal
Modalnya sekitar 5-10 Miliar
Saudara dekat saya ada yang memang sudah pensiunan. Usia di atas 50 tahun.
Sangat sedikit orang yang bisa trading for living di IHSG. Modalnya pun tidak sedikit. Kalau masih sedikit (di bawah 500 Juta) bisa dipastikan itu masih mencoba-coba dan kemungkinan berhasilnya sangat kecil. Tidak akan sustain di market.",2026-04-06T07:11:11.000Z,https://www.threads.com/@fahminur.muzaqi/post/DWyAb0zCegJ,IHSG,2026-05-05T17:02:13.714005
todiradenajeng,"Tapi saat ini memang quite challanging buat indonesia
Asing masih ragu2 buat invest, sebenernya klo bisa dominasi inflow asingnya makin banyak design purbaya IHSG 10k itu possible
Secara SBN masi jadi salah satu lifeline untuk ekonomi disini
Ini sebenernya yg jadi serba salah di indonesia",2026-04-14T13:11:49.000Z,https://www.threads.com/@todiradenajeng/post/DXHQEJ8E6ti,IHSG,2026-05-05T17:02:16.677461
ram_f.satria,"Kalau IHSG mau naik:
- emitennya dibagusin.
- kasih rasa aman ke investor dgn penegakan hukum pasar modal.
- rupiah harus ada demand alami.
Iya bang kita sdh terlanjur terjebak. Dari tahun ke tahun alih alih menurunkan utang, kita malah nambah. Memang skrg jadinya aman, tp mau sampai kapan.",2026-04-15T02:45:56.000Z,https://www.threads.com/@ram_f.satria/post/DXItO5pEudP,IHSG,2026-05-05T17:02:16.780252
onlystoryzhr,"Masih Bulan 1 2026 udah gini amat yaaaaaa?😭
IHSG ANJLOK 😭
EMAS NAIK 😭
PRESIDEN JOIN ISRAEL",2026-01-29T04:09:12.000Z,https://www.threads.com/@onlystoryzhr/post/DUFKWTsE_Hm,IHSG,2026-05-05T17:02:16.886241
yudhaniagara,"Jakarta, Indonesia
Berikut daftar total transaksi beberapa broker yg melakukan beli dan jual dalam 1 minggu terakhir kalender market. Tekanan jual kayaknya kuat banget tapi masih ditampung juga sama broker2 besar 🤔
Broker summary side buy & sell BUMI !!",2026-02-19T22:27:56.000Z,https://www.threads.com/@yudhaniagara/post/DU9MyDLk3-0,IHSG,2026-05-05T17:02:17.007143
traderidaman88,"Menarik gak nih? mari kita bahas MORA
Saat up trend yg menopang adalah FS LG MG ketika patah trend tiba2 asing masuk, masuknya pun gak santai cuy, sange parah! bantingan pertama sampai ke empat di tampung YU dan AI lanjut crash MSCI
Saat IHSG recovery blm ada tanda2 saya masih wns tapi hari ini gong banget buangan SS di tampung dg sangat percaya diri oleh YU bid pun di ganjel 58k lot maybe ini floor price mora yaa kemungkinan besar senin hijau 🍻",2026-02-20T13:22:00.000Z,https://www.threads.com/@traderidaman88/post/DU-zGX5E6e8,IHSG,2026-05-05T17:02:17.113652
atlitsaham,"😭😭.... outlokk market lagi jelek..
Katanya minggu depan rebon..
Tp emiten ku teknikale jelek.. 😭
Y gmn ya..🤣🤣
Nggak boleh ngeluh sih..
Pelajaran apa yang di dapet . Udah ke -1% jadi ke -17% dalam 2 hari..",2026-04-24T10:58:54.000Z,https://www.threads.com/@atlitsaham/post/DXgwzafE6fA,IHSG,2026-05-05T17:02:17.222635
trias.yudha,Ihsg udah keliatan floor nya bang sedikit lg tinggal nunggu reversal,2026-04-24T12:10:09.000Z,https://www.threads.com/@trias.yudha/post/DXg49PYEls8,IHSG,2026-05-05T17:02:17.318772
rhsonoga,"Akhirnyaaaaa, bisa dijangkau umumnya manusia wkwk",2026-04-09T06:34:11.000Z,https://www.threads.com/@rhsonoga/post/DW5qlXekZ00,IHSG,2026-05-05T17:02:17.424321
sanjoyo.anton,Sementara itu: 😭,2026-04-09T04:18:32.000Z,https://www.threads.com/@sanjoyo.anton/post/DW5bD3iEhIq,IHSG,2026-05-05T17:02:17.539451
sigit_n.a29,"Ketika IHSG naik dari 3000 perak ke 9000perak, gak ada tuh yg ramein. Ketika rupiah jaman Jokowi dari 10rb ke 16ribu gak ada tuh yg ramein.
Tapi ketika rupiah dari 16.900 naik jadi 17.100 cuman naek 200 perak, ributnya dimana². Ketika IHSG cuman turun 2000 rupiah ributnya dimana².",2026-04-09T07:56:43.000Z,https://www.threads.com/@sigit_n.a29/post/DW50B1gGe7A,IHSG,2026-05-05T17:02:17.625937
akhmad_rifai02,"Secara teknikal bagus, dan juga story sejauh ini masih jalan, up to side 80% back to resistence.
Ditambah lagi pemilik buy back dari januari sampai maret, cmn memang karena berbagai issue msci, ftse, moodys, sampai perang iran jadi low.
Tebak emiten guys
#IHSG",2026-03-19T08:53:54.000Z,https://www.threads.com/@akhmad_rifai02/post/DWD14R2CcNT,IHSG,2026-05-05T17:02:17.729978
nisfa_syaban,My life plan. Kumpulin 1m dari gaji dan bonus dari kerja di bank dan invest ke saham biar cepet ngumpulnya. Setelah ngumpul mau resign dan alihin 1m nya ke sbn. Ternyata gak semudah itu ferguso. Ke geprek sampek gepeng gimana nih gess ?hari hari makan indomie rasa kesedihan wkwkwkwk,2026-02-02T03:21:21.000Z,https://www.threads.com/@nisfa_syaban/post/DUPYDQcD674,IHSG,2026-05-05T17:02:21.130384
silviani_natalia,"Buat yg tny kenapa pemerintah tdk menaikkan harga BBM, izin ya sedikit pemikiran sy 🙏🏻
Pemerintah tdk bs serta merta menaikkan tanpa mempertimbangkan efek ke faktor lainnya
Cthnya inflasi pasti naik dan takutnya tdk terkontrol
Dan gejolak dalam negri bisa dipakai oleh orang2 yg tdk bertanggung jawab untuk menyebarkan hoax dan membuat chaos sehingga ihsg anjlok, mata uang lbh anjlok, investor asing berbondong2 keluar, trust masyarakat dan luar negri hancur, akhirnya negara mesti hutang utk 👇🏻
silviani_natalia",2026-04-27T13:14:41.000Z,https://www.threads.com/@silviani_natalia/post/DXouuixkV5t,IHSG,2026-05-05T17:02:21.220658
adekarisma,"Sudah lama saya tidak menulis di thread. Kali ini saya akan sedikit evaluasi porto saya year to date per 24 April 2026 disaat kondisi IHSG -3.38% dan - 17.55% ytd yang bikin beberapa orang teman kantor saya mengeluh tidurnya tidak nyenyak dan uring-uringan pas lagi ngobrol saat jam istirahat di kantor sedangkan saya masih tenang dan bisa fokus dipekerjaan tanpa diganggu oleh kondisi market saat ini.
= Menyusun Porfolio Tidur Nyenyak =",2026-04-26T13:44:42.000Z,https://www.threads.com/@adekarisma/post/DXmNXcFEjoO,IHSG,2026-05-05T17:02:21.318580
cameliamiranti,"Buzzer sih buzzer, tp minimal edit dulu kek biar beda dikit😭
Wajar2 aja kalo sesama buzzer mah. Buzzer teriak buzzer🤣
Ga usah denial kalo yg buzzer ternyata kaum kalian🤣",2026-04-27T15:38:18.000Z,https://www.threads.com/@cameliamiranti/post/DXo_Ka3D4Mw,IHSG,2026-05-05T17:02:21.769892
cameliamiranti,"Buzzer sih buzzer, tp minimal edit dulu kek biar beda dikit😭",2026-04-19T12:10:44.000Z,https://www.threads.com/@cameliamiranti/post/DXUBDGdj_og,IHSG,2026-05-05T17:02:21.860365
audreychrista,"terlepas dari kesamaan thread yg km posting, tidak merubah fakta bahwa rupiah melemah, ihsg jeblok, investor asing kabur, dan harga kebutuhan pokok naik. tp ya gapapa sisi kalo pikiranmu cuma sebatas mikirin buzzer doang tanpa melihat esensi masalah sebenarnya",2026-04-27T15:45:12.000Z,https://www.threads.com/@audreychrista/post/DXo_87diUPe,IHSG,2026-05-05T17:02:22.238517
eginanjar,"Kalau tetap mau trading:
✔ Fokus saham yang lebih kuat dari IHSG
✔ Hindari saham lemah
✔ Gunakan risk kecil
Selama belum terjadi ➡️ Akan tetap bearish
Tunggu salah satu:
1️⃣ Index naik lagi ke area 7.265
2️⃣ Breakout kembali EMA 21 High
3️⃣ RSI 7 naik kembali > 50
Untuk trader swing: Jangan buru-buru bottom fishing.",2026-05-01T08:59:53.000Z,https://www.threads.com/@eginanjar/post/DXykv2MGYM4,IHSG,2026-05-05T17:02:25.506025
sahamsheet,"Roller coaster IHSG 2025: awal tahun sempat crash sampai terjadi trading halt dan bikin panik, tapi pelan‑pelan bangkit, dihantam isu suku bunga BI–The Fed, dihujani IPO baru, hingga akhirnya berkali‑kali cetak rekor all time high di akhir tahun.
Gimana portofolio kalian. , aman? 🫣
#sahampemula #sahamindonesia #saham",2025-12-24T08:16:40.000Z,https://www.threads.com/@sahamsheet/post/DSo6DFHiSha,IHSG,2026-05-05T17:02:25.621360
lasierradasilva,"Halo kak, saya dari tim sekuritas saham. Saran dr saya, jgn beli saham blue chip dlu terutama perbankan.
Kondisi skrg tekanan lebih banyak dari sisi pemerintah dan makro.
Dalam situasi skrg, ketika kondisi makro Indonesia blm benar2 capai titik terburuknya, ada kemungkinan harga masih bisa turun lebih dalam.
Sebagai gambaran, saham seperti BBNI bisa turun ke kisaran 2700-3100.
Pdhal kita lihat sejujurnya kinerja bank masih ok saat ini dan NPL khususnya untuk corporate terjaga.
Fundamental bisnis setiap industry coba dipelajarin dulu sebelum masuk saham, ngeri banget asal masukin duit ga tau ilmunya 😭🙏🏻
Fundamental Bisnisnya bank apa sih? Muter duit masyarakat. Nah core bisnisnya kena.
Sekarang org keep uang. Ga beli rumah, mobil, buka bisnis, dll. Karena takut liat aja kebijakan negara ini.
Penjelasan kakanya udah jelas ini. Kenapa ke industry bank kena dampak besar? Kalo ga tau fundamental tiap industri di pasar saham belajar dulu, baru invest ke saham yg high risk.",2026-04-08T10:23:33.000Z,https://www.threads.com/@lasierradasilva/post/DW3gCd2j4jV,IHSG,2026-05-05T17:02:25.996113
dindakirana1,"Halo kak, saya dari tim sekuritas saham. Saran dr saya, jgn beli saham blue chip dlu terutama perbankan.
Kondisi skrg tekanan lebih banyak dari sisi pemerintah dan makro.
Dalam situasi skrg, ketika kondisi makro Indonesia blm benar2 capai titik terburuknya, ada kemungkinan harga masih bisa turun lebih dalam.
Sebagai gambaran, saham seperti BBNI bisa turun ke kisaran 2700-3100.
Pdhal kita lihat sejujurnya kinerja bank masih ok saat ini dan NPL khususnya untuk corporate terjaga.",2026-04-07T14:21:25.000Z,https://www.threads.com/@dindakirana1/post/DW1WdzpE9hT,IHSG,2026-05-05T17:02:26.320891
dindakirana1,"Thx kak udh nambahin.
Kyk misal hari ini 08 arpil 26 IHSG ijo royo, BBRI ikut naik sih tapi in the end closing market trnyata outflow foreignnya trmasuk paling besar 400B. Artinya tetep ada foreign yg masih ragu sama market kita.",2026-04-08T10:54:33.000Z,https://www.threads.com/@dindakirana1/post/DW3jlfXkyfH,IHSG,2026-05-05T17:02:26.640464
beginnersluck_id,":
Tetapi Waspada terhadap area bearish Gap ini. Mungkin akan terjadi koreksi. Tetep atur MM dan psikologi.
Lanjut lagi ke pergerakan Indeks kita. Hari ini menguat sampe ada bearish IFVG sebuah sign untuk reversal.
beginnersluck_id
Lanjut ke lagi pergerakan IHSG. Sesuai kemarin dan hari ini drop. Bisa mulai melakukan pembelian yg masif jika indeks sudah menyentuh angka ini.
beginnersluck_id",2026-02-13T02:09:47.000Z,https://www.threads.com/@beginnersluck_id/post/DUrkmstCa9a,IHSG,2026-05-05T17:02:26.880267
beginnersluck_id,":
Tetapi Waspada terhadap area bearish Gap ini. Mungkin akan terjadi koreksi. Tetep atur MM dan psikologi.
Lanjut lagi ke pergerakan Indeks kita. Hari ini menguat sampe ada bearish IFVG sebuah sign untuk reversal.
beginnersluck_id",2026-02-11T11:58:01.000Z,https://www.threads.com/@beginnersluck_id/post/DUneVZUCe7l,IHSG,2026-05-05T17:02:26.997700
hengky.lim.9,"jika gagal bertahan di area 7.372 , maka akan berpeluang melanjutkan pelemahan ke area 7.250 - 7.156
Update 12 Maret 26",2026-03-11T23:51:06.000Z,https://www.threads.com/@hengky.lim.9/post/DVw2MnnEut7,IHSG,2026-05-05T17:02:27.115150
faris_izd,"Sini absen yang portofolionya lagi hijau royo-royo gara-gara CC! 🚀
___
#saham #ihsg #mandirisekuritas #brokersummary #cuan tradingsaham investasisaham mikirinvestasi pasarmodal brokercc ipo sahampemula
✅ ARA berturut-turut
✅ Volume konsisten
✅ Retail mulai FOMO
Setelah sekian lama bikin deg-degan, akhirnya Mandiri Sekuritas beberapa hari terakhir:",2025-12-20T15:55:21.000Z,https://www.threads.com/@faris_izd/post/DSfbXL_E-Z5,IHSG,2026-05-05T17:02:27.235338
nectar_circle,"Ini juga jadi bagian dari reformasi yang lagi berjalan, termasuk rencana kenaikan minimum free float ke 15% dan aturan pelaporan kepemilikan saham mulai dari 1%. Bahkan, regulator juga masih aktif diskusi dengan penyedia indeks global seperti MSCI.
IDX bakal mulai merilis data konsentrasi pemegang saham setelah penutupan pasar. Kebijakan ini datang dari OJK sebagai bagian dari upaya bikin pasar modal Indonesia makin transparan",2026-04-02T09:37:26.000Z,https://www.threads.com/@nectar_circle/post/DWn9_bGge02,IHSG,2026-05-05T17:02:27.347275
dayoneinvesting.id,"Beli disaat harga rendah? Bener!
Tapi bukan berarti beli disaat harga turun.
Ambil contoh di IHSG atau di saham PTRO, yang 5 candle daily terakhir itu menurut
@aquintra
“turun”, pada akhirnya hari ini juga bisa naik, tanpa harus “rendah”.
Ini contoh permain kata-kata yang dangkal.
Kalo dilogika:
1. “Rendah” -> bisa “lebih rendah”;
2. “Turun” -> bisa “lebih turun”;
3. “Murah” -> bisa “lebih murah”;
4. “Tinggi” -> bisa “lebih tinggi”.
dayoneinvesting.id",2026-03-25T08:17:09.000Z,https://www.threads.com/@dayoneinvesting.id/post/DWTOcZSkWKS,IHSG,2026-05-05T17:02:27.525578
aquintra,"Beli disaat harga rendah? Bener!
Tapi bukan berarti beli disaat harga turun.",2026-03-24T08:16:44.000Z,https://www.threads.com/@aquintra/post/DWQpmgmkylH,IHSG,2026-05-05T17:02:27.625572
abang_oek,"Kurs Rupiah/USD All Time High, IHSG di bawah 7.000, minggu yang menyedihkan… 🥺
#kontenliburan
jng harap rupiah bisa kuat, jng harap IHSG rebound.
pemerintah boleh bersilat lidah, investor itu org2 cerdas dan data itu tidak pernah bohong.
selama msh ada ;
-MBG
-KOPDES",2026-05-01T06:29:19.000Z,https://www.threads.com/@abang_oek/post/DXyThBRCXpY,IHSG,2026-05-05T17:02:27.780770
emitennews,"Kurs Rupiah/USD All Time High, IHSG di bawah 7.000, minggu yang menyedihkan… 🥺
#kontenliburan",2026-05-01T06:19:37.000Z,https://www.threads.com/@emitennews/post/DXySZ3JE5j2,IHSG,2026-05-05T17:02:27.870175
raahady_,Strong bener IHSG udah bener bull market ini 🥶🥳,2026-04-13T03:18:08.000Z,https://www.threads.com/@raahady_/post/DXDnU-eoMag,IHSG,2026-05-05T17:02:27.957800
profitmen.id,"Yah meskipun di awal tahun sampai April IHSG kita sempet terseok-seok. Tapi gua yakin selepas April sampai Desember ini lu pada cuan luber semuanya, mengingat banyak saham-saham yg multibagger
Sudah menuju penghujung tahun 2025. Gimana para pelaku stock market apakah ada yg life changing di tahun ini? Gua harap banyak yg berubah taraf hidupnya karena market bullish di tahun 2025 ini.",2025-12-31T14:51:03.000Z,https://www.threads.com/@profitmen.id/post/DS7ov37kTYT,IHSG,2026-05-05T17:02:30.717600
xynnn_wo,"Posisi gini enak yg udah ambil dari kemarin” pas lagi di support nyaa, tinggal tunggu waktunya jalan aja
IHSG apakah mulai pull back?
Kalian cuan apa aja nih today?",2026-04-01T07:51:59.000Z,https://www.threads.com/@xynnn_wo/post/DWlNIPoFN8U,IHSG,2026-05-05T17:02:30.836128
hengky.lim.9,"Di hari terakhir menjelang libur panjang,Penurunan kemarin berhasil mendekati area target support 6.800an , lalu terlihat ada rejection di area tsb, hari ini IHSG berpeluang menyambut Lebaran setelah semua Portfolio pun kembali Fitri 😜 , semoga closing hr ini jadi ketupat ( hijau ) bukan Opor cabe ya ( merah) 😆
Update 17 Maret 26",2026-03-17T01:32:54.000Z,https://www.threads.com/@hengky.lim.9/post/DV950mUgRZ7,IHSG,2026-05-05T17:02:30.964499
khotimah95,"Alhamdulillah IHSG merah tetap cuan,maha baik Alloh🤗🤗🥹",2026-04-23T07:52:46.000Z,https://www.threads.com/@khotimah95/post/DXd2tOZk1XS,IHSG,2026-05-05T17:02:31.052827
jurnal.investasi.asn,"Alhamdulillah..
Bukti kalau ilmu dari suaminya bisa dipraktikkan & direplikasi.
#ProudMentor 😎
Porto istri +30,38% vs IHSG +21,82%
Dia baru mulai di awal November 2025.
Dan hari ini dia share porto YTD-nya udah nyalip indeks.
Baru 22 hari investasi,
return-nya udah ngalahin IHSG.
Bukan saya.
Tapi… istri saya.
jurnal.investasi.asn",2025-12-05T09:33:45.000Z,https://www.threads.com/@jurnal.investasi.asn/post/DR4HxNuiYM9,IHSG,2026-05-05T17:02:31.287254
ihsg_screener,Eh jarang ngeceknwkwk maaf ka,2026-04-14T11:43:22.000Z,https://www.threads.com/@ihsg_screener/post/DXHF8QvGJDd,IHSG,2026-05-05T17:02:31.387004
wibi.official_,🥳 oke om cek yah. Ni IHSG sudah mulai bulish. Ntar ketinggalan kereta. AQ main aman aj sementara adro SM bbri 🤭🤭,2026-04-14T11:45:29.000Z,https://www.threads.com/@wibi.official_/post/DXHGLwzEtyP,IHSG,2026-05-05T17:02:31.476926
m_rizal_hafiz,"KOK BISA?
TERNYATA MEREKA PAHAM ILMUNYA. 🧵
IHSG MERAH.
TAPI MASIH ADA YANG CUAN.",2026-03-11T15:03:22.000Z,https://www.threads.com/@m_rizal_hafiz/post/DVv5zXzE78I,IHSG,2026-05-05T17:02:31.589256
arniwebid,"pagi pagi udah nangisin IHSG, ya Tuhan cape banget 😭😭😭",2026-04-24T03:11:32.000Z,https://www.threads.com/@arniwebid/post/DXf7USfkpfm,IHSG,2026-05-05T17:02:31.679590
pambukoaji,"ini az aluka rejeki lancar, badan sehat,
wuhahahaha.. Pelipur lara kala IHSG membara..",2026-04-24T13:42:48.000Z,https://www.threads.com/@pambukoaji/post/DXhDj0FEmEq,IHSG,2026-05-05T17:02:31.779578
stockone.id,"Indonesia Stock Exchange
Duet Prajogo Pangestu dan Franky Widjaja kian mendominasi IHSG, mendorong indeks menuju level 8.000 di tengah melemahnya saham big banks.
Holder pak PP full senyum😇",2025-09-22T05:14:00.000Z,https://www.threads.com/@stockone.id/post/DO5HN_CgZw5,IHSG,2026-05-05T17:02:31.893359
ssamuel_rp,"Saham Pom² DNAR
*Saham volatil kelas bulu (bisa Ara-Arb) potensi msh perform :
FPNI, MPOW, SMDR, ESIP, LABA, SLIS, CSIS, APLN, MBTO, FOLK, INDO, GOLF, LIVE, DGIK
*Saham volatil dng volume besar kemarin : BKSL, INET, GTSI, IMJS, TRUE, PSKT, ASHA
*Saham2 yg dapat di perhatikan hr ini:
BMRI, BBCA, BBRI
Perkiraan IHSG akan bergerak pada Kemis (4/11) antara 8580-8700",2025-12-04T01:46:52.000Z,https://www.threads.com/@ssamuel_rp/post/DR0tiuOgYcz,IHSG,2026-05-05T17:02:32.018030
galleryinov,"Wadaw wadidaw 🤣🤣
Intinya mau ihsg turun gimanapun, mau ekonomi sesilit apapun, mbg kopdes tetap berdiri tegak, tidak mengenal inflasi 🤣
Au ah geyaappp",2026-04-30T06:37:25.000Z,https://www.threads.com/@galleryinov/post/DXvvpbGE8c6,IHSG,2026-05-05T17:02:32.301105
neotaxia,"Rupiah minggu lalu nyentuh Rp17.338 per dolar, rekor terlemah sepanjang sejarah.
Semua bingung, harga emas anjlok dan kehilangan kestabilan, rupiah hancur, IHSG longsor.
Selain Oil, cuman USD yang menguat dan ada rantai dominan yang nggak diceritain media.
Sini aku kasih alur selanjutnya setelah krisis sekarang",2026-04-28T10:02:36.000Z,https://www.threads.com/@neotaxia/post/DXq9idNCbK8,IHSG,2026-05-05T17:02:32.491462
mrongdedy,"Hal-hal yang bikin lo yakin, ekonomi lagi ga baik-baik saja",2026-03-30T01:30:12.000Z,https://www.threads.com/@mrongdedy/post/DWfX13WDpDB,IHSG,2026-05-05T17:02:32.596011
andikagugum,"Iya, salahin aja teman2 ekonom yg buat panik IHSG.",2026-04-30T22:15:18.000Z,https://www.threads.com/@andikagugum/post/DXxa-sMk_cH,IHSG,2026-05-05T17:02:32.770270
fajarmodelwerk,"IHSG kalau fundamental kuat ya gakan pengaruh sama omongan2 ekonom mas, Saham2 blue chip terjun bebas.",2026-04-30T22:16:51.000Z,https://www.threads.com/@fajarmodelwerk/post/DXxbKG7E_Q1,IHSG,2026-05-05T17:02:32.854594
indunnrb,emyu menang selat hormuz ditutup udah inimah ihsg ketar ketir,2026-04-19T12:23:28.000Z,https://www.threads.com/@indunnrb/post/DXUCgZuk291,IHSG,2026-05-05T17:02:32.940789
tools.saham,"Hari ini IHSG kembali koreksi, tapi menu BSJP semakin lebih banyak. Tidak perlu masuk di semua hasil screener cukup pilih 1/2 saja😇
Menu BSJP hari ini (22-4-26), DYOR",2026-04-22T08:33:21.000Z,https://www.threads.com/@tools.saham/post/DXbWjjxD4QW,IHSG,2026-05-05T17:02:33.061591
imamyogaaa,IHSG: 📈 Ini watchlist saham potensial 9 April 2026 DEWA MBMA JAYA ⚠️ YELO ⚠️ Saham lain cek screener konfirm TA.,2026-04-08T23:30:00.000Z,https://www.threads.com/@imamyogaaa/post/DW46Co-E-dT,IHSG,2026-05-05T17:02:36.043927
eva_noer85,Alhamdulillah akun XL sdh d atas IHSG... Kurang 2 bln lg memasuki thn 2026 semangat🔥🔥🔥🔥,2025-10-31T00:26:38.000Z,https://www.threads.com/@eva_noer85/post/DQdBVZDEhFO,IHSG,2026-05-05T17:02:36.133283
hengky.lim.9,"setelah gagal break high hari ini, kembali menguji area support kuat nya kembali di sertai dengan penuh ketegangan tkt jebol pagar pembatas 🤣 , akhirnya di tutup dengan berhasil di tarik lagi, semoga aja besok libur akhir pekan, ga ada ulah aneh2 lagi ya 😂
Update 06 Maret 26",2026-03-06T09:17:34.000Z,https://www.threads.com/@hengky.lim.9/post/DViaQP9gXwx,IHSG,2026-05-05T17:02:36.258218
mutiarameilyn__,"Ihsg turun, ada issue apaa 🫠",2026-03-30T03:07:50.000Z,https://www.threads.com/@mutiarameilyn__/post/DWfjBR3gcey,IHSG,2026-05-05T17:02:36.361627
ijal_idn,"Biasanya di momen seperti ini: Likuiditas berubah Saham tertentu mulai dilirik fund besar Volatilitas market meningkat
Rilis data investor KSEI
Pertemuan OJK dengan MSCI
Update indeks FTSE Russell
Pengumuman keputusan MSCI
Rebalancing MSCI
Ada beberapa agenda besar di pasar saham Indonesia 2026 yang diam-diam bisa menggerakkan market. Bukan cuma soal naik atau turun, tapi soal aliran dana besar yang masuk ke market. Yang perlu dipantau 👇",2026-03-23T12:07:52.000Z,https://www.threads.com/@ijal_idn/post/DWOfQi9iUBi,IHSG,2026-05-05T17:02:36.476375
rizkamaghfur,"Yg merah d biarin aja , semoga jadi ijo dalam waktu singkat 🙏☺ toh semua mengalami
jd tenang
smg IHSG besok kuat
dapat beberapa oleh2 untuk d bungkus
Ya cuan tipis2 mayan buat seger2 d mata
Eh fokus nyari yg ijo2
Dengan sisa2 peluru yg masih ada
Tp td pagi dari pada pusing2 mikirin saham yg merahnya menyala
Jgn d tanya porto saya pasti merahnya tambah dualem, minusnya tambah Banyak
Orang porto minimarket
28-1-2026
IHSG crash
Trading Halt
Pengalaman Baru",2026-01-28T10:38:30.000Z,https://www.threads.com/@rizkamaghfur/post/DUDSGp7ET-Q,IHSG,2026-05-05T17:02:36.612386
agungpharm,"Nanti kita bahas terus IPO ini
Kalian ikut IPO teman-teman? Berharap ARA berapa kali?
Dengan banyaknya antrian IPO karena ini IPO pertama tahun 2026, harga saham kodenya sama dengan RLCO yaitu 168 jadi ekspektasi ritel akan sama dengan RLCO
Kemungkinan antrian IPO 800K keatas. Prediksi ARA sejauh ini minimal 5x ARA di harga 550 tapi semoga bisa dapat 10x ARA di harga 1.460
Ikut IPO setelah IHSG tutup hari ini, tadinya sisa cash sebagian mau beli big bank tapi lebih baik ke IPO dulu.",2026-04-07T09:47:20.000Z,https://www.threads.com/@agungpharm/post/DW03GWSgSyH,IHSG,2026-05-05T17:02:37.255057
arioktarian_,"Kalo lagi minus gini, udah saatnya bilang saham
haram gasih? 😗😗😗",2026-02-02T04:17:53.000Z,https://www.threads.com/@arioktarian_/post/DUPehXKElmQ,IHSG,2026-05-05T17:02:37.424535
moh_arifirfanudin,"Alhamdulillah masih dapat rejeki walaupun lebih sedikit dari kemaren tapi tetap harus di syukuri, semoga ihsg besok bisa hijau royo royo
moh_arifirfanudin",2026-04-20T15:36:26.000Z,https://www.threads.com/@moh_arifirfanudin/post/DXW9YmlEjQz,IHSG,2026-05-05T17:02:37.522170
bayumingga,"Apa katalis yg membuat harus rebound? teknikal? pondasi ekonomi kita blm hrs rebound skrng, jika rebound tanpa pondasi yg kuat hanya membuat market stuck tidak berkembang yg ada rebound sesaat lalu ke konglo habis itu jatuh lagi dan balik ke gorengan",2026-05-01T07:58:16.000Z,https://www.threads.com/@bayumingga/post/DXydsfDkuLC,IHSG,2026-05-05T17:02:40.862793
lidiamargaretha,"Kata Allah rebound kak , saham milik Allah ihsg milik Allah",2026-05-01T09:06:36.000Z,https://www.threads.com/@lidiamargaretha/post/DXylhACGbFD,IHSG,2026-05-05T17:02:40.953058
sosiolognrl,Bertanya tanya dengan halus tentang High Shareholding Concentration (HSC). 1️⃣Kenapa dipublish disaat market telah tutup dan hari jumat libur? 2️⃣apakah daftar saham saham HSC ini bersifat sementara atau berkelanjutan ada daftar nama susulan?,2026-04-03T06:00:41.000Z,https://www.threads.com/@sosiolognrl/post/DWqJ-0-gXgT,IHSG,2026-05-05T17:02:41.061323
susanasrihandayani,"Thanks IHSG januari , better lah wlo kena gempa.
susanasrihandayani",2026-01-30T13:04:28.000Z,https://www.threads.com/@susanasrihandayani/post/DUIsZi_CcBb,IHSG,2026-05-05T17:02:41.167783
rich_riyan,"sakit cuuk IHSG, abis smua saham kena SL wkwk. tersisa naga WBSA yang masih dikandang",2026-04-30T03:45:18.000Z,https://www.threads.com/@rich_riyan/post/DXvb84xEa7h,IHSG,2026-05-05T17:02:41.257954
halo_ijah,"dapet pelajaran berharga pas kemaren market crash, jadi sekarang kalo ihsg merah ga panik, justru waktunya berburu😁",2026-02-12T03:21:45.000Z,https://www.threads.com/@halo_ijah/post/DUpIDBxD5PJ,IHSG,2026-05-05T17:02:41.356081
daraainda,FYI rupiah kita di 17376🫠,2026-04-30T03:05:05.000Z,https://www.threads.com/@daraainda/post/DXvXWOugWpZ,IHSG,2026-05-05T17:02:41.458655
hengky.lim.9,"Pagi ini akhirnya GAP tertutup 🤣🤣🤣 , selamatttt guysss
UPDATE 30 APRIL 26",2026-04-30T02:17:04.000Z,https://www.threads.com/@hengky.lim.9/post/DXvR2lsgegn,IHSG,2026-05-05T17:02:41.574754
navissaaurel,"Selamat siang para investor , gimana mental kalian hari ini setelah melihat merah - merah yang makin makin 🙂",2026-03-14T04:17:23.000Z,https://www.threads.com/@navissaaurel/post/DV2eQpcEj5Q,IHSG,2026-05-05T17:02:41.998227
uda_hendy,"Nilai tukar rupiah jatuh
Cadangan devisa menurun
Investor kabur
IHSG jatuh
Jangan liat skrg liat ke depan",2026-04-09T01:57:17.000Z,https://www.threads.com/@uda_hendy/post/DW5K5Sik1Yg,IHSG,2026-05-05T17:02:44.625023
ngurah_warman,"Random things about stock untuk hari ini,,, ternyata saham Vietnam kalo ARA ga lebih dari 7% ,, jadi IHSG itu jauh lebih menarik krn bisa 25-35% ARA nya.....and saham Vietnam itu ga selikuid Indonesia..... interesting ya ...karena mereka bisa jadi nyalip kita di masa depan ...btw ini contoh saham yang bobotnya paling besar di MSCI untuk kategori saham Vietnam",2026-02-10T04:27:56.000Z,https://www.threads.com/@ngurah_warman/post/DUkGB92FE44,IHSG,2026-05-05T17:02:44.832800
baniioctooo,Bersyukur masih bisa take profit disaat ihsg koreksi 😮‍💨,2026-01-21T11:52:34.000Z,https://www.threads.com/@baniioctooo/post/DTxZBCsDw6Q,IHSG,2026-05-05T17:02:45.085544
gayatriwulan2,"yang bilang free float harus besar untuk saham perform, bener bener ngga ngerti market indonesia. transaksi harian total di indonesia on a good day itu cuma sejam dua jam di shanghai. market indonesia ngga ada duitnya, ngga ada yang mampu serap. kalian pikir IHSG akan hit 10.000 lagi dengan free float besar/no concentration of shareholding, in your dreams.",2026-04-03T02:18:39.000Z,https://www.threads.com/@gayatriwulan2/post/DWpwkhqCVqk,IHSG,2026-05-05T17:02:45.180677
hengky.lim.9,"ALERT, BREAK SUPPORT AREA 7.481
Update 24 April 26",2026-04-23T03:18:37.000Z,https://www.threads.com/@hengky.lim.9/post/DXdXVQKAf7q,IHSG,2026-05-05T17:02:45.285083
sinyalcuan_pro,"Saya mau bagiin cara gain di saham dengan modal alert bot 🚀
Dear algoritma threads
Tolong pertemukan aku dengan trader yg sering loss terutama saham Indonesia.",2026-05-01T00:10:53.000Z,https://www.threads.com/@sinyalcuan_pro/post/DXxoNTTAckg,IHSG,2026-05-05T17:02:45.382927
nailaahhh,"Udh ditahap muak wkwk, balikin modal dlu heeyyy 20 jt lama bgt baliknya 🥲",2026-02-26T04:14:46.000Z,https://www.threads.com/@nailaahhh/post/DVNRPfyCcVS,IHSG,2026-05-05T17:02:45.678836
mas_zaiii,"Sehat² kak
Udah 2 orang yg bundir gara² IHSG crash dan pegang INDS 😮‍💨",2026-02-26T10:37:11.000Z,https://www.threads.com/@mas_zaiii/post/DVN9Acokm9M,IHSG,2026-05-05T17:02:45.786505
investxsaham,"Gue jelasin pelan-pelan.👇🏻
Ini bukan koreksi biasa.
Ini akumulasi masalah makro, mikro, dan sentimen global.
Akhir-akhir ini IHSG kayak nggak dikasih napas.
Rebound bentar, merah lagi, turun lagi.
IHSG LAGI KENAPA SIH? INI BUKAN SEKADAR “LAGI MERAH”.",2026-02-09T01:27:46.000Z,https://www.threads.com/@investxsaham/post/DUhMngkiUKj,IHSG,2026-05-05T17:02:46.040182
kurniawan_anas,"Menurut kalian beneran bottom atau hanya ilusi semata kemudian turun lagi? 👀
IHSG confirm bottom?",2026-04-02T00:18:48.000Z,https://www.threads.com/@kurniawan_anas/post/DWm-D2hk6pz,IHSG,2026-05-05T17:02:46.149416
dhebanditos,"Indeks Harga Saham Gabungan (IHSG) turun dan 9.100 di bulan Januari 2026 dan sempat menyentuh 7.400 di bulan April 2026.
Sisa Anggaran Lebih (SAL) di BI tinggal Rp 120 Trilyun.
Defisit APBN Maret Rp 240 Trilyun.
Defisit APBN Febuari Rp 135 Trilyun
Defisit APBN Januari Rp 54 Trilyun
Bunga Utang 2026 Rp 599 Trilyun
Utang jatuh tempo
Rp 833 Trilyun
Total Utang
Rp 9.638 Trilyun
EKONOMI INDONESIA HARI INI DALAM ANGKA (23 April 2026)",2026-04-23T08:03:07.000Z,https://www.threads.com/@dhebanditos/post/DXd349lFAAB,IHSG,2026-05-05T17:02:46.317964
lidya1859,"kalau lihat IHSG dalam kondisi kayak gini, kira-kira apa yang harus kita lakukan?
a. hapus akun
b. ternak lele
c. jualan es doger",2026-03-09T04:29:45.000Z,https://www.threads.com/@lidya1859/post/DVpns4IEiUW,IHSG,2026-05-05T17:02:46.414083
belvinvvip,"IHSG -8%!
Seperti petir di siang bolong, bersabarlah ges..",2026-01-28T06:46:41.000Z,https://www.threads.com/@belvinvvip/post/DUC3kkwklWW,IHSG,2026-05-05T17:02:46.509803
rahard,kapan IHSG sehat lagi ya? (portofolio -24% euy),2026-03-30T07:50:11.000Z,https://www.threads.com/@rahard/post/DWgDVTXD4JK,IHSG,2026-05-05T17:02:46.598780
pit_stock_,"Materi video study case bid offer, link nya di bio.
Karena harga juga gak di jaga sempurna, mau ga mau BRPT false break, kita jadiin pembelajaran aja study case kali ini.
Walaupun mostly match saat dimakan, tapi karena market gaada power & seller gede, akhirnya BRPT ikut keseret IHSG turun.
Ga semua break bagus pasti naik, walaupun beberapa poin bagus salah satu nya:
- Bid offer oke
- Cara makan 2100 pun bagus lanjut ke 2120
- Ada penjagaan lot setelah break
Dari BRPT gua belajar bahwa…",2026-05-01T03:57:05.000Z,https://www.threads.com/@pit_stock_/post/DXyCGDfkqOw,IHSG,2026-05-05T17:02:46.736374
rafiputra.7,"So merah belum tentu bahaya. Hijau belum tentu aman. Intinya tetep disiplin sama plan yang dibuat. IHSG lagi di area support kuat nya, zona yang wajib dicermatin.
""The market transfers money from the impatient to the patient.""
Warren Buffet bilang ""Be greedy when others are fearful. "" Tapi pas market merah, kita malah takut. Pas hijau, kita malah FOMO
eh besoknya balik merah lagi.😓
IHSG hijau +2%➡️ ""nih saatnya masuk""
IHSG 🔴 merah ➡️ ""ngeri ah, wait and see dulu""",2026-04-28T04:21:53.000Z,https://www.threads.com/@rafiputra.7/post/DXqWi-3DqpO,IHSG,2026-05-05T17:02:46.874420
nurullrahayu_,"Bu ibu yg main saham di apk apapun itu mau tanya, tadi diskusi sama suami kalo IHSG lagi turun dan bahas perihal saham, suami cuman dengerin aja. Setelah beres cerita, kata suami gaboleh deket2 atau main saham karna kaya mengundi nasib. Soalnya main prediksi2 gtu, aku pribadi masih belajar kalo saham, tapi selama ini main di pasar uang dan obligasi. Apa betul saham itu haram, walaupun yg syariah? Mohon penjelasannya dari sudut agama bagi yg paham 🙏🏻",2026-01-29T16:37:38.000Z,https://www.threads.com/@nurullrahayu_/post/DUGf__vAZ9r,IHSG,2026-05-05T17:02:50.154237
hengky.lim.9,"Masih akan menguji area support 7.057 & 6.917 ( support trakhir ) , mari kita lihat support mana yg akan di uji? Bisa jg tipis2 dlu hari ini geraknya 😄
Update 30 Maret 26",2026-03-29T23:51:18.000Z,https://www.threads.com/@hengky.lim.9/post/DWfMh0vk64g,IHSG,2026-05-05T17:02:50.271344
angelica.jonatan,"Yayyyyyy IHSG hijauuuuu
Lumayannn kenaikan saham2 menu swing pendek melejit 🥳
angelica.jonatan",2026-04-08T04:55:56.000Z,https://www.threads.com/@angelica.jonatan/post/DW26i3KiS13,IHSG,2026-05-05T17:02:50.578693
damnmaulana,"sedih bgt masalah nyata seperti Rupiah melemah, IHSG terjun bebas, dan anak keracunan hanya dianggap ""blingsatan"" karena yg dipilih kalah 😭",2026-04-30T23:14:08.000Z,https://www.threads.com/@damnmaulana/post/DXxhtm2k9nX,IHSG,2026-05-05T17:02:51.057641
wanfaizs,"Pelemahan rupiah bukan cuma dialami rupiah doank🤣🤣, banyak mata uang sekarang mengalami pelemahan ke nilai tukar dolar karena dolar ya emang lagi kuat2nya, ihsg terjun bebas itu juga karena seputar ketidakpastian global & sentimen kebijakan as yang jadi faktor utamanya, masalah anak keracunan itu emang kesalahan dari sppg yang gak bisa menjaga kualitas makanan, dan setiap anak yang keracunan biaya penyembuhannya ditanggung pemerintah 100%.",2026-05-01T01:04:43.000Z,https://www.threads.com/@wanfaizs/post/DXxuXinE7Hy,IHSG,2026-05-05T17:02:51.244718
mrjobafi,Mental aman gess???,2026-02-03T02:46:28.000Z,https://www.threads.com/@mrjobafi/post/DUR42ookwen,IHSG,2026-05-05T17:02:54.817250
yudhaniagara,"Kemang, Jakarta Selatan
🚀axentraz.id
Ditengah gempuran IHSG dengan closing merah sampai minus 5,5% hari ini, saya lihat masih ada beberapa saham yg tetap diakumulasi terutama pada minggu ini. AK msh accum di ESSA, DEWA, INET, PADI, sedangkan MG banyak masuk di ACES, BTEK, WMUU, dari sini bisa dilihat semoga msh ada harapan, tinggal menunggu IHSG membaik 🙂",2026-03-04T12:42:31.000Z,https://www.threads.com/@yudhaniagara/post/DVdoHpZk_kh,IHSG,2026-05-05T17:02:54.940075
ajiwijanarko,"Hari ini mental mulai agak nyaman. Pagi sampe sore ihsg seru, porto 1 mulai gap up equity. Baik baik ya ihsg 😇",2026-04-08T09:39:32.000Z,https://www.threads.com/@ajiwijanarko/post/DW3bAHIj3NU,IHSG,2026-05-05T17:02:55.042025
eenriani,Apakah kemungkinan besar besok turun lagi kak?,2026-04-23T10:28:47.000Z,https://www.threads.com/@eenriani/post/DXeIj9ZETYy,IHSG,2026-05-05T17:02:55.143947
meng_kim12,Kalau US$ tdk naik IHSG bisa hijau & kemungkinan besar BBRI naik...kalau US$ naik lg ya amsiong deh saham 😭,2026-04-23T10:33:14.000Z,https://www.threads.com/@meng_kim12/post/DXeJEdLksQz,IHSG,2026-05-05T17:02:55.237836
hengky.lim.9,"masih closing di bawah area resistance nya, kemungkinan jika gagal break resistance hari ini maka kemungkinan akan bergerak flat di area 7.372 sd 7.500 , begitu jg saham2 yg ada, dengan kenaikan cukup jauh dr area support kemungkinan akan resting sejenak, artinya akan ada kenaikan terbatas dahulu
Update 11 Maret 26",2026-03-10T23:54:29.000Z,https://www.threads.com/@hengky.lim.9/post/DVuRyhHAYTm,IHSG,2026-05-05T17:02:55.367900
rii_mandoll,"IHSG kalau latah, bisa turun kesitu.",2026-01-07T13:05:39.000Z,https://www.threads.com/@rii_mandoll/post/DTNeQAYj55g,IHSG,2026-05-05T17:02:55.466512
seroksaham,"TF 3 dan 5 udah beri signal Buy , smoga senen rebound 🚀🔥",2026-04-30T07:33:34.000Z,https://www.threads.com/@seroksaham/post/DXv2EqUEzIN,IHSG,2026-05-05T17:02:55.581014
yudai_hwang,"Era konglo sudah selesai, kmrn ihsg sudah mendekati krisis bigbank ancur, pemerintah masih bisa cari celah ngangkat ihsg pake konglo, begitu PP ngetren, konglo yg lain ga mau kalah, masalahnya msci ga mau dikibulin pake trik2 murahan, bom meledak. Skg apa solusinya? Beda dengan covid, bursa global adem ayem, kali ini indonesia runtuh sendiri, kemarin2 sudah di warning dengan demo besar ke pemerintah, semua d bungkam, tapi semua akan meledak pada waktunya, termasuk MBG yg terlalu di paksakan.",2026-01-29T03:15:19.000Z,https://www.threads.com/@yudai_hwang/post/DUFELjkgRnS,IHSG,2026-05-05T17:02:55.691547
stockwhisperer.id,"CUAN menguat 285 poin (+17,37%) di level Rp1.925/saham dengan 346 juta saham ditransaksikan. Nilai transaksi mencapai Rp635 miliar.
Saham PTRO melesat 1.150 poin (+19,24%) di level Rp7.125/saham. Dengan diperdagangkan 235 juta saham, dan nilai transaksi Rp1,61 triliun. PTRO menyumbang +7,18 poin atas kenaikan Bursa Saham RI, menurut data Bloomberg.
IHSG hari ini (11/2) ditutup pesta pora dengan kenaikan tajam 1,96%, sukses rebound kuat dari tekanan jual sebelumnya.
stockwhisperer.id",2026-02-11T12:34:27.000Z,https://www.threads.com/@stockwhisperer.id/post/DUnigIckzpW,IHSG,2026-05-05T17:02:56.009489
jurnaltrader.id,Besok IHSG dikasih ijo dulu enak kali ya... Jumat baru disiram minyak lagi... 🤭,2026-03-04T08:14:29.000Z,https://www.threads.com/@jurnaltrader.id/post/DVdJceakhKV,IHSG,2026-05-05T17:02:56.112045
yapdefu,"IHSG kurang menarik, aku menarik koper aja 😶",2026-01-29T03:42:28.000Z,https://www.threads.com/@yapdefu/post/DUFHSanE4tB,IHSG,2026-05-05T17:02:56.207516
emirparengkuan,"#saham #komunitassaham #IHSG
Yu kosongin gelas dan join ‘The Final Summit’, offline gathering khusus member prioritas CAK Investment Club.
Di final summit ini, gw juga akan sama-sama belajar dari bokap gw sendiri.",2026-04-21T13:27:58.000Z,https://www.threads.com/@emirparengkuan/post/DXZTeUQGPgJ,IHSG,2026-05-05T17:02:56.322719
imamyogaaa,"SESI 2 IHSG DONE ☕️
RODA 35%
LAND 35%
BIPP 35%
DPUM 16%
PKPK 3%
PADA 8%
By screener Bundling Breakout Momentum. 📦",2026-03-05T08:58:34.000Z,https://www.threads.com/@imamyogaaa/post/DVfzSNjkUDI,IHSG,2026-05-05T17:02:56.434819
tradeplan.id,"Congratulations dan salam cuan, jangan lupa berbagi.
Semoga di bulan Mei kondisi bursa IHSG kita membaik, secara teknikal sudah menunjukkan bottom, semoga rebound di pertengahan bulan Mei, serta tetap jaga money management untuk mencicil saham incaran.
Dari total 5 trading ideas, ada 1 saham yang terkena cutloss, dan 2 saham yang baru dibeli di akhir April masih di hold.
[Summary April 2026 - Trading Ideas]",2026-05-01T14:49:02.000Z,https://www.threads.com/@tradeplan.id/post/DXzMs_wiaiD,IHSG,2026-05-05T17:02:56.564975
kurniawan_anas,"Ibarat pelari yang hampir sampai garis finish udah kelihatan, tapi belum boleh berhenti lari dulu
Skenario 2 (waspada) Ini cuma jeda sebentar masih ada satu penurunan terakhir sebelum IHSG beneran balik arah
Skenario 1 (optimis) Penurunan udah benar-benar selesai, dan IHSG siap mulai perjalanan naik
Kenapa masih 2 opsi? Karena di titik ini, pasar belum kasih konfirmasi yang cukup kuat
30 Maret, gue kembali bikin 2 skenario",2026-04-10T14:27:17.000Z,https://www.threads.com/@kurniawan_anas/post/DW9FhUEk5bi,IHSG,2026-05-05T17:02:56.706243
kurniawan_anas,"Dari Bear ke Bull perjalanan panjang yang dimulai dari 7 Januari, melewati berbagai gelombang turun, akhirnya sampai di titik ini
Sampai postingan ini gue tulis hari ini, 10 April, pergerakan bullish itu masih berlanjut
Dan ini bukan kebetulan pola ini udah gue prediksi sejak 9 Maret. Lebih dari sebulan sebelumnya
IHSG mulai pullback Naik
8 April, belum juga pertengahan bulan, tapi sinyalnya udah keliatan",2026-04-10T14:27:16.000Z,https://www.threads.com/@kurniawan_anas/post/DW9FhNnE3jW,IHSG,2026-05-05T17:02:56.834067
rumatela05,Menurut keyakinan saya IHSG 99.99% sudah bottom.,2026-04-21T12:52:24.000Z,https://www.threads.com/@rumatela05/post/DXZPaDHElnM,IHSG,2026-05-05T17:02:56.923985
sandrapena.id,"Knapa hari ini trading halt lg? Stelah MSCI, skarang Goldman Sach nurunin rating bursa IHSG. Saran gw lo pada ga usah masuk ke bursa saham dulu. Kalo masih ada nyangkut di saham fundamental/ BUMN komoditi & lo mau CL silakan CL bertahap tapi gak hari ini. Kalo lo belum TP di saham konglo, sabar aja profit lo hangus. Jng ngikutin omongan mentor yg batasi rugi tp jng batasi profit. Kalo udah profit yaa take profit bukan take picture😌",2026-01-29T02:45:33.000Z,https://www.threads.com/@sandrapena.id/post/DUFAxjaE3FT,IHSG,2026-05-05T17:03:00.496742
traderteknikal,IHSG hari ini turun karna BREN DSSA + (BBRI). Yang masih fullcash emang masih ada?😅,2026-04-21T05:09:21.000Z,https://www.threads.com/@traderteknikal/post/DXYaaj7EQk9,IHSG,2026-05-05T17:03:00.585099
ayah_juno,"Jadi apaaannnnnn itu IHSG turun, dan rupiah melemah dan BBCA gw turun trus😭😭😭. Itu bukan cermin ekonomi keseluruhan. Itu cermin stressnya pemilik lot saham kaya gw😂😂😂...
Hanya di zaman Prabowo, buruh minim tuntutan. Berwrti sejahtera para buruh. Ekonomi baik-baik saja. Barometer ekonomi salah satunya gejolak buruh.",2026-05-01T11:13:04.000Z,https://www.threads.com/@ayah_juno/post/DXyz_TeEwMh,IHSG,2026-05-05T17:03:00.787868
arfzulfikar,"Tapi dia malah mau join geng zionis pedo. Sama sekali ga rela 17 Triliun duit rakyat masuk kantong zionis
IHSG berkali-kali anjlok, rupiah makin lemah menuju 17rb, katanya MBG lebih mendesak dari lapangan kerja, nepotisme tanpa malu demi keponakan, Aceh-Sumbar terlupakan.",2026-02-03T01:27:55.000Z,https://www.threads.com/@arfzulfikar/post/DURv3Z_k8Za,IHSG,2026-05-05T17:03:00.984052
fangdessy,"Mengenal apa itu gap? apakah gap harus selalu ditutup?
HUTANG YG AKHIRNYA LUNAS TERBAYAR",2026-03-31T08:05:52.000Z,https://www.threads.com/@fangdessy/post/DWip7Fpk6qf,IHSG,2026-05-05T17:03:04.113228
todiradenajeng,": Ujung2nya yg BI lakuin ya cuma nahan sebisa mungkin kenaikan USD/IDR agar ga makin liar, biarpun yaa struggle juga
Yang udah pasti jalan keluarnya nerbitin SRBI
Rupiah ditutup melemah ke level 17,195. Minyak Brent melonjak 2.3% ke level US$107.73 per barel, Minyak West Texas Intermediate (WTI) di kisaran US$96.
Dollar Index (DXY) melemah ke level 98.53. Indeks Dolar US kembali menguat di level 98, seiring naiknya harga minyak di atas US$100 per barel.
terus public ibarat sebagai nasabah or client udah mulai complain kenapa keadaan ekonomi ga baik2 juga tapi purbaya terus PD klo ekonomi membaik bahkan meroket
Purbaya ini ibarat RM di bank or sekuritas, yg di paksa buat pertahanin sentimen dan keadaan ekonomi yang lagi berat.
Sebetulnya gua paham bgt rasanya jadi purbaya",2026-04-27T11:34:52.000Z,https://www.threads.com/@todiradenajeng/post/DXojTXAEcnQ,IHSG,2026-05-05T17:03:04.522556
todiradenajeng,": Ujung2nya yg BI lakuin ya cuma nahan sebisa mungkin kenaikan USD/IDR agar ga makin liar, biarpun yaa struggle juga
Yang udah pasti jalan keluarnya nerbitin SRBI
Rupiah ditutup melemah ke level 17,195. Minyak Brent melonjak 2.3% ke level US$107.73 per barel, Minyak West Texas Intermediate (WTI) di kisaran US$96.
Dollar Index (DXY) melemah ke level 98.53. Indeks Dolar US kembali menguat di level 98, seiring naiknya harga minyak di atas US$100 per barel.",2026-04-27T06:27:14.000Z,https://www.threads.com/@todiradenajeng/post/DXoAGSYkeqg,IHSG,2026-05-05T17:03:04.643005
neliminja,"Yups, sependapat sih kak.
Ibaratnya pak pur tuh skrg lagi jual omongan manis ""Indo baik2 aja lho, kita kuat lho""
Ya mungkin buat nenangin bnyk pihak trmasuk investor.
Tp klo terlalu PD bilang ihsg ke 28rb hmm too much sih..
Thn ini bisa ke 9000 aja dah Alhamdulillah..",2026-04-27T12:32:25.000Z,https://www.threads.com/@neliminja/post/DXop48BmSrq,IHSG,2026-05-05T17:03:04.733215
itsmeina_31,"Trading halt 🥺
18 Maret 2025: IHSG turun -5%
8 April 2025: IHSG anjlok -8%
28 Januari 2026: IHSG anjlok -8%",2026-01-28T07:22:14.000Z,https://www.threads.com/@itsmeina_31/post/DUC7pNaCXFb,IHSG,2026-05-05T17:03:04.830455
amira.della,"Yang pinter scalp kasih saran dan tips dong, thanks
Masih banyak yang belom ke realized gara-gara IHSG baru jele, jadi kaya TINS aku TP dulu dan ‘harusnya’ hari ini panen lebih, tapi ya WnS dulu🙏🏼
Jadi ini yang aku scalping kemarin sesi sore sama hari ini, emang bagi orang-orang ga seberapa sih, tapi aku alhamdulillah banget. Namanya juga belajar 🙏🏼😅",2026-01-21T07:05:35.000Z,https://www.threads.com/@amira.della/post/DTw4LHBDzax,IHSG,2026-05-05T17:03:04.936836
mafiasaham.id,"#mafiasaham
Gabung Grup FREEMIUM MAFIA SAHAM (Link di Bio) 💥
Disclaimer: Konten ini bersifat edukasi, informasi, dan opini pribadi. Bukan ajakan jual, hold, atau beli.
IHSG all time high bukan karena saham perbankan melainkan saham-saham konglomerasi -
@davidnoahl",2025-10-26T00:37:30.000Z,https://www.threads.com/@mafiasaham.id/post/DQQKmR1k9HG,IHSG,2026-05-05T17:03:05.548727
ipaan00,"#ihsg #trader #lucu #reels
Sampe dibantu dukun online der 😅",2026-01-28T08:05:02.000Z,https://www.threads.com/@ipaan00/post/DUDAieckmoX,IHSG,2026-05-05T17:03:08.638340
09_bangal,"#IHSG #SahamIndonesia #ShortsSaham #AnalisaSaham #TradingSaham MarketUpdate Emas SahamEmas BRMS ANTM ARCI BUMI ENRG ESSA RotasiSektor bangal09 analisabangal09
Komentar di bawah 👇
💬 Kamu pilih:
A. IHSG rebound
B. Emas lanjut naik
C. Sideways
👉 mana yang lebih dulu naik?
Fokus saham:
ENRG, ESSA, BUMI vs BRMS, ANTM, ARCI
Apakah ini tanda:
👉 IHSG akan rebound
👉 atau mulai rotasi ke saham emas?
👉 tapi di sisi lain, emas justru mulai terbang
IHSG masih di fase penentuan…",2026-04-29T13:45:12.000Z,https://www.threads.com/@09_bangal/post/DXt7zhCDhIK,IHSG,2026-05-05T17:03:08.918140
emirparengkuan,"#BUMI #DEWA #saham #IHSG
Saham paling banyak pasukan gagal move on nya nihh 🫠 Siapa yang masih punya BUMI DEWA?",2026-04-19T13:10:53.000Z,https://www.threads.com/@emirparengkuan/post/DXUH7frDCz7,IHSG,2026-05-05T17:03:09.423090
inflasheep,"#DEWA
#SahamBatubara
#MiningStock
#IHSG
Dengan kolaborasi Bakrie dan Salim di dunia tambang, akankah DEWA menjadi the next big thing Bakrie x Salim?
mulai dari restrukturisasi bisnis, efisiensi alat berat, sampai ekspansi ke proyek emas mengubah arah permainan.
DEWA tak terlepas dari BUMI,",2025-12-23T12:04:54.000Z,https://www.threads.com/@inflasheep/post/DSmvX_bEUq7,IHSG,2026-05-05T17:03:09.732106
zebracrossputus,"Ini masih April.
Bulan ke 4 dari 12.
IHSG merah.
Rupiah melemah.
Bbm dan kebutuhan pokok sudah bergerak naik (seandainya Harga kembali normal, biasanya ga kembali normal)
Korupsi makin liar.
Penganguran, meningkat (fresh grad udah mulai turun).
Bunted ultah dirayain.",2026-04-24T03:43:50.000Z,https://www.threads.com/@zebracrossputus/post/DXf_A1IkvVi,IHSG,2026-05-05T17:03:09.859974
emirparengkuan,"#IHSG #saham
Comment “CAK” dan gw akan kirim kalian link daftar buat belajar sama gw.
Catat 3 hal ini kalau lu mau jadi trader yang profitable.",2026-04-24T11:27:52.000Z,https://www.threads.com/@emirparengkuan/post/DXg0HZZjxf_,IHSG,2026-05-05T17:03:09.981430
voiceofmib,"Minggu yang bahagia buat pahlawan bursa IHSG. Banyak saham recover dengan mantap.
Grup Bakrie dan Prajogo memimpin.
BIPI n OASA masih lanjut rally.",2026-04-10T11:06:24.000Z,https://www.threads.com/@voiceofmib/post/DW8uhr5kujT,IHSG,2026-05-05T17:03:10.072888
femstock_,"#IHSG #sahamindonesia #Oil #investorritel #ekonomi
Gimana menurut pendapat kalian? Komen di bawah👇
‼️Efek Domino Meroketnya Harga Oil📈",2026-04-24T07:37:38.000Z,https://www.threads.com/@femstock_/post/DXgZxMgEsch,IHSG,2026-05-05T17:03:10.181094
novstories,"Pak Purbaya masih bilang 10.000. Tapi tiga akar masalah belum selesai. Baca sampai habis ya.
IHSG 7.129. Sama dengan akhir 2024. Semua kenaikan 2025 hilang.",2026-04-26T07:34:15.000Z,https://www.threads.com/@novstories/post/DXli-RXEfce,IHSG,2026-05-05T17:03:13.184941
verona.valencia99,"Istirahat dulu... IHSG merah, ketidak pastian negeri.. weekend ini relax duluuuu 🥲🥲😆
verona.valencia99",2026-04-24T11:36:21.000Z,https://www.threads.com/@verona.valencia99/post/DXg1FquCUlm,IHSG,2026-05-05T17:03:13.285528
kesumaidris,IHSG merah.....siap 2 koreksi Sis,2026-04-24T13:54:50.000Z,https://www.threads.com/@kesumaidris/post/DXhE79YEzZC,IHSG,2026-05-05T17:03:13.389122
hengky.lim.9,"kalau kemarin byk fear yg bertebaran setelah lebaran akan trading halt dsb nya dengan ratusan DM yg bertanya apakah IHSG akan trading halt 😂 , padahal uda di kasih ketupat hijau pas lebaran kemarin, dan ini candle kedua dimana IHSG brhasil break high ke area stage 2 dengan di topang sektor BANKING DAN COAL di sesi AKHIR dengan FULL BAR CLOSING, maka IHSG berpotensi melanjutkan penguatan ke area 7.380 sd 7.486 dimana area ini yg akn menentukan pergerakan IHSG kedepannya
Update 25 Maret 26",2026-03-25T09:15:38.000Z,https://www.threads.com/@hengky.lim.9/post/DWTVIyHgQJ_,IHSG,2026-05-05T17:03:13.536760
nabung.dividen,"Ketika IHSG koreksi, portofolio nabung dividen malah all time high lagi. Tanpa jual beli. Tanpa TP TP. Apakah ini artinya market mulai beralih ke saham2 fundamental lagi? 🤔",2026-01-23T08:24:49.000Z,https://www.threads.com/@nabung.dividen/post/DT2K1Kmgcz9,IHSG,2026-05-05T17:03:13.641420
isal1man,"Ooo, baru tau, thanks kak. Berarti sekarang USD lagi ATH? ini semua siklus yang normal, atau gimana? Soalnya di algoritma lagi muncul mulu orang bahas IHSG anjlok & rupiah melemah",2026-04-30T10:14:51.000Z,https://www.threads.com/@isal1man/post/DXwIh9vkRoI,IHSG,2026-05-05T17:03:13.747896
aganis_amruit,"USD akan terus naek slama harga minyak naek. Tunggu minyak balik lgi ke 70 USD/barrel baru usd mulai lemah . Cek aja google finance, dmn USD ath, IHSG biasanya mau bottoming.",2026-05-01T11:06:29.000Z,https://www.threads.com/@aganis_amruit/post/DXyzPE2kwv_,IHSG,2026-05-05T17:03:13.861841
beny.xu,"Kalau masih ingat waktu 17 Agustus 2025, IHSG berhasil menembus 8k, awalnya tentu berprasangka ini akal2an saja biar presiden senang. Habis itu bisa lanjut ke 9k, penopangnya saham2 konglo untuk MSCI play. Dan sepertinya prasangka itu sedikit terkonfirmasi, IHSG sebenarnya secara fundamental ya di harga 7000-an.",2026-03-09T03:31:39.000Z,https://www.threads.com/@beny.xu/post/DVphDaGEd75,IHSG,2026-05-05T17:03:13.969587
mang.amsi,"IHSG TURUN TERUS, MASIH BERANI MASUK ATAU MALAH MAKIN TAKUT?",2026-04-28T10:59:46.000Z,https://www.threads.com/@mang.amsi/post/DXrEFM5kaMX,IHSG,2026-05-05T17:03:14.065226
whid74,"Justru ini tantangan, kl IHSG bullish semua org bisa trading even monkey can trade. Tdk semua saham ikut merah kan, ada sebagian kecil yg ijo.",2026-04-28T13:46:50.000Z,https://www.threads.com/@whid74/post/DXrXM4wCVd_,IHSG,2026-05-05T17:03:14.147353
mwillyfebri,"rekom swing yg saya post kemarin , SMGA mulai menanjak naik
ihsg crash masih bisa ijo itu suatu anugerah wkwk",2026-01-26T10:55:34.000Z,https://www.threads.com/@mwillyfebri/post/DT-Kd9LAbha,IHSG,2026-05-05T17:03:14.591547
rizkamaghfur,"karena di dunia trading,
yang bertahan bukan yang paling jago
tapi yang nggak berhenti bangkit
yang beda cuma satu:
kita masih berdiri
atau udah nyerah?
di market, jatuh itu biasa
nyangkut, CL, salah entry — itu udah bagian dari permainan
ini soal…
seberapa kuat kita bertahan tiap kali jatuh
“nanakorobi yaoki”
jatuh 7 kali, bangkit 8 kali
di masa IHSG lagi jatuh kayak gini,
keinget satu kalimat dari One Piece",2026-05-01T04:02:10.000Z,https://www.threads.com/@rizkamaghfur/post/DXyCrRKEQUo,IHSG,2026-05-05T17:03:14.914754
jonathankeaneee,"Rumus Screener Series 1: PIOTROSKI F SCORE “Medical Checkup Untuk Saham” (Sistem Penilaian Kesehatan Fundamental)
Jadi… gimana cara menentukan kalau fundamental sebuah saham itu benar-benar bagus? 💡
Tentu bakal ada saham yang bisa naik gila-gilaan.
Masalahnya, kalau kenaikan saham tidak diikuti oleh fundamental yang kuat, itu bisa jadi berbahaya. ⚠️
🔥 IHSG NAIK 10%!!?🔥",2025-12-13T06:15:38.000Z,https://www.threads.com/@jonathankeaneee/post/DSMXdJfktqn,IHSG,2026-05-05T17:03:18.059830
rolandpaoleva,"Ini akal akalan asing aja supaya bisa serok diharga bottom.
Sudah hampir seminggu IHSG sedang tidak baik baik saja. Please jangan panik selling, kalau kalian yakin dengan fundamental emiten yang kalian beli. PLEASE HOLD!!!!.
Semakin kalian panik selling, semakin enak juga asing nampung jualan kalian.",2026-02-06T08:56:55.000Z,https://www.threads.com/@rolandpaoleva/post/DUaRof7GaGe,IHSG,2026-05-05T17:03:18.358396
rivan.kurniawan,"#ihsg #bigbank #belajarsaham #fyp
Menurut kalian kapan bottom Big Banks? 😁
Coba komen dibawah yaa",2026-04-06T05:35:23.000Z,https://www.threads.com/@rivan.kurniawan/post/DWx1eFHiS_s,IHSG,2026-05-05T17:03:18.446385
vidiwidianto12,"index global anjlok, beruntung IHSG ketolong libur lebaran",2026-03-20T17:43:16.000Z,https://www.threads.com/@vidiwidianto12/post/DWHXQXOj_1Y,IHSG,2026-05-05T17:03:19.462729
faizrzk_,"Teknikal Analisis IHSG Time Frame Daily
Secara teknikal IHSG berada dalam fase DownTrend, masih membentuk pola lower high dan lower low (LH & LL), posisi sekarang IHSG berada di resistent trail line (pucuk LH) -+7500, dengan support minor 7300-7200 dan support selanjutnya di 6900-7000, dan ada potensi untuk membuat lower low baru di area 6500-6000 ,tergantung sikon makro ekonomi danggeopolitik.
Apakah IHSG mampu breakout trend bearishnya? In my POV dalam waktu dekat belum bisa (masih DownTrend)",2026-04-12T11:59:57.000Z,https://www.threads.com/@faizrzk_/post/DXB-P8qEVH4,IHSG,2026-05-05T17:03:22.410369
achmadibrahimlombokisland,"Alhamdulillah lagi dari ZATA pagi 16 april 2026 😉
#saham
#ihsg
achmadibrahimlombokisland",2026-04-16T12:21:42.000Z,https://www.threads.com/@achmadibrahimlombokisland/post/DXMT6gAEo-q,IHSG,2026-05-05T17:03:22.506276
nectar_circle,"Disclaimer
Support IHSG yang perlu di perhatikan :
- 8027,48
- 7942,95
- 7861,52
IHSG masih ada potensi untuk koreksi,",2026-03-02T17:13:03.000Z,https://www.threads.com/@nectar_circle/post/DVY9fWqgZIv,IHSG,2026-05-05T17:03:23.027177
imamyogaaa,"Bukan ajakan buy/sell. ⚠️
Kemarin Pak PP ada akumulasi tipis.
UNTR PTBA ADMR INDY DEWA BIPI HRTA MDKA EMAS TINS MBMA NCKL ESSA ENRG.
Rekomendasi saham 05/03/2026.
Meskipun kemarin Net Foreign Sell -213,98B.
Ada harapan hari ini ihsg hijau tipis.",2026-03-04T21:17:18.000Z,https://www.threads.com/@imamyogaaa/post/DVejCCxE5gF,IHSG,2026-05-05T17:03:23.443554
fangdessy,"Asli deh, lebih sakit di PHPin IHSG yang gagal rebound, daripada di PHPin gebetan yg gagal jadian 😭",2026-03-06T05:13:24.000Z,https://www.threads.com/@fangdessy/post/DVh-T8_k9uj,IHSG,2026-05-05T17:03:23.540708
rshuda_,"Jauh lebih gedeg Pak Prabs ke Pak Anies. Gedegnya udah another level, sudah 2tahun tapi tidak akan pernah hilang dari sanubari, wkwkwk 😭
Segedeg-gedegnya kalian sama kehidupan
Segedeg-gedegnya kalian karena IHSG turun
Segedeg-gedegnya kalian sama BBCA dan BBRI",2026-04-30T09:26:41.000Z,https://www.threads.com/@rshuda_/post/DXwDBPTEat1,IHSG,2026-05-05T17:03:23.893630
amd.rrafi,Ada yang masih hold barangnya di IHSG? Gimana kabarnya? Kalian masih baik baik saja kan? Kan?🙂🙂🙂,2026-03-09T16:24:10.000Z,https://www.threads.com/@amd.rrafi/post/DVq5dbEk-p-,IHSG,2026-05-05T17:03:24.013490
firmanapriandi,"IHSG
When ya 6500?",2026-04-23T08:50:16.000Z,https://www.threads.com/@firmanapriandi/post/DXd9SYYEmIC,IHSG,2026-05-05T17:03:28.591818
notesbymaru,"Rivan lakuin sebaliknya. Dan selama 9 bulan, dia buka porto-nya ke publik, naik maupun turun, biar kita bisa belajar caranya berpikir.
Terus kabur waktu crash.
Kebanyakan orang masuk waktu market lagi panas, semua orang euforia.",2026-04-27T09:25:36.000Z,https://www.threads.com/@notesbymaru/post/DXoUfBymLjU,IHSG,2026-05-05T17:03:28.705080
notesbymaru,"Rivan buka laptop, tarik data, dan mulai jelasin satu per satu kenapa dia justru rekomendasi beli di titik itu.
Kliennya mulai nanya-nanya. Beberapa panik.
Porto kedua yang Rivan kelola sempat -5% dalam dua bulan.
Bulan Maret kemarin, perang Iran-Israel-US bikin IHSG ambruk.",2026-04-27T09:25:54.000Z,https://www.threads.com/@notesbymaru/post/DXoUhTNmGwm,IHSG,2026-05-05T17:03:28.817989
kupret_2197,"#saham
#trading
#tradingcuan
#belajarsaham
#forex
#reels
#reelvideo
kalau lihat chart, ihsg baru saja menembus garis turun.
volume juga mulai naik, artinya buyer mulai masuk.""tapi sekarang ihsg masih diuji di area penting…
kalau tembus 7.500, peluang naik ke 7.700 terbuka.""Tapi kalau gagal… siap-siap ihsg bisa turun lagi!
IHSG mau bullish apa cuma Bullshit",2026-04-12T12:23:08.000Z,https://www.threads.com/@kupret_2197/post/DXCA5fVFVwA,IHSG,2026-05-05T17:03:28.931314
maufiqur,"Terus terang, ane ga sabar nunggu serok jika terjadi panic selling besok dan market crash.
Sejauh ini cash masih 80%, di situasi gini jarang nginepin barang saat weekend kecuali ada corp action dll.
Cuma pegang BNBR doang sih di porto🤑",2026-03-01T14:34:07.000Z,https://www.threads.com/@maufiqur/post/DVWGgaSEgd1,IHSG,2026-05-05T17:03:29.028479
jeje_jen07,"Saat IHSG koreksi justru 4 saham” ini sedang di akumulasi Asing 🔥
Kira” saham apa aja nih?
Clue :
1. A**I
2. E*R*
3. *R*I
4. BR**",2026-01-12T12:03:34.000Z,https://www.threads.com/@jeje_jen07/post/DTaPHt1D7Fu,IHSG,2026-05-05T17:03:29.138402
rich_riyan,"-47% porto, IHSG ""cuma"" -13%. selisih 33% itu bukan salah market, itu harga dari terlalu percaya rumor dan denial waktu tren udah jelas patah. pelajaran yang mahal : info dari orang lain itu bumbu, bukan resepnya. strategi tetap harus punya sendiri. ada yang pernah di posisi yang sama?",2026-04-10T04:52:38.000Z,https://www.threads.com/@rich_riyan/post/DW8DwisEcs6,IHSG,2026-05-05T17:03:29.289941
maufiqur,"Fix gabisa beli baju baru lebaran kali ini, ihsg makin jumam kena rudal Iran",2026-03-13T04:12:08.000Z,https://www.threads.com/@maufiqur/post/DVz43VtEzB7,IHSG,2026-05-05T17:03:29.442303
stockholic.idn,"Market jatuh bukan karena ritel panik duluan.
Market jatuh karena likuiditas ditarik, arah narasi berubah, dan big money mulai geser posisi.
Saat narasi besar berubah, teknikal dan keyakinan sering kalah cepat.
Kemarin Andry Hakim cutloss setara 1 Porsche.
Hari ini IHSG anjlok, drawdown setara 3 McLaren.
Sekarang floating loss 100 miliar dan ini bukan cerita clickbait.",2026-01-28T11:06:54.000Z,https://www.threads.com/@stockholic.idn/post/DUDVWs_D2Bo,IHSG,2026-05-05T17:03:33.195255
nectar_circle,From this.,2026-01-28T03:45:38.000Z,https://www.threads.com/@nectar_circle/post/DUCi20-AcKQ,IHSG,2026-05-05T17:03:36.669190
jurnaltrader.id,"Menurutmu apakah sudah saatnya ALL IN FULL PORTO...???
Buat sekarang sih kelihatannya IHSG sedang bikin channel baru.
Update IHSG hari ini.
Terlihat mantap tembus trading channel konsolidasi.
Ada potensi buat menutup gap di atas.
Apalagi kalau bisa closed di atas 8,393.",2026-02-23T06:23:20.000Z,https://www.threads.com/@jurnaltrader.id/post/DVFxkgKkiBB,IHSG,2026-05-05T17:03:36.781734
stockscreen.id,"🚨 IHSG Drop Tajam Jelang Libur! Smart Money Pindah ke Mana? 🚨 IHSG ditutup melemah tajam -2,19% ke level 7.026 akibat capital outflow asing masif di Big Banks (BBRI, BMRI, BBNI) dan rontoknya saham Barito Group. Market sedang dalam fase de-risking agresif. TAPI, jangan panik dulu. Ini bukan panic exit total, melainkan rotasi dana (flight to safety). Di tengah kepanikan, dana asing justru parkir di saham defensif dan infrastruktur.",2026-04-04T06:54:13.000Z,https://www.threads.com/@stockscreen.id/post/DWs05zYkTc2,IHSG,2026-05-05T17:03:37.324849
donovest_,"tapi kan saham yg udh turun 50%, masih bisa turun another 50% lagi don? bener. cuma ya harus ngeliat by data.
udh paling buruk, mau seburuk apa lagi sih? kalo udh paling buruk masih ngebuat kalian takut bukan ngeliat sebagai opportunity, apakah kalian akan berani saat nanti udh all time high? 🤷",2026-04-28T17:03:43.000Z,https://www.threads.com/@donovest_/post/DXrtu3zE4nF,IHSG,2026-05-05T17:03:37.514723
donovest_,"-isu MSCI udah pelan"" bakal clear, bolanya udh di msci sekarang, dia jg udh ga nyebut frontier market lagi which is good. ojk dan bei juga udh provide banyak hal yg msci request terutama high shareholder concentration lists yg mana ngebuat dssa dan bren keluar msci.
-defisit fiskal masih jd isu tp mbg udh mulai dicut walaupun belum total
-indonesia net eksportir komoditas, neraca perdagangan kita masih ketolong sm harga dollar yg naik dan kita dapet saat ekspor batu bara, timah, nickel dll",2026-04-28T17:03:43.000Z,https://www.threads.com/@donovest_/post/DXrtu3nE31M,IHSG,2026-05-05T17:03:37.622278
raahady_,"Dari awal saya sih cukup yakin IHSG gak breakdown 6800 dan pas banget ternyata low nya hanya sampai di 6900 🥳
Punten pisan buat yg bilang IHSG ke 6000 atau bahkan ke 5000 minggir dulu 🙏🏻🙏🏻",2026-04-14T11:39:34.000Z,https://www.threads.com/@raahady_/post/DXHFge-IGyS,IHSG,2026-05-05T17:03:37.736782
vereshanz,#Mendekati hari raya biasa market makin sepi....apalagi kondisi perang belum ada tanda2 membaik...sebaiknya wait n see n pegang cash ajaaa....,2026-03-12T14:56:36.000Z,https://www.threads.com/@vereshanz/post/DVyd0sBE_S0,IHSG,2026-05-05T17:03:37.842458
priceaction.id,"Solia Zigna Kampung Batik Laweyan
Liburan tuh perlu, nikmati selagi bisa.
Market udah ada yang atur ⛅
Melipir sejenak dari dunia market merah ☕",2026-04-24T08:52:02.000Z,https://www.threads.com/@priceaction.id/post/DXgiSHIDgQU,IHSG,2026-05-05T17:03:37.968285
uptrendtrading_,"itu bisa jadi sinyal awal rebound.
Kalau besok muncul candle bullish kecil saja di area ini
(misalnya bullish harami, tweezer bottom, atau pola bullish lain),
Hari ini IHSG sudah menyentuh area bawah yang cukup penting.
Menurut saya, kuncinya ada di pergerakan besok.
Apakah ada potensi rebound?
Sekarang pertanyaannya:
Waktu itu IHSG sudah turun sampai ke area demand / potensi bottom.
Pergerakan ini sebenarnya sesuai dengan skenario yang saya bahas di video kemarin.
IHSG langsung gap up hijau di pembukaan.
Update IHSG pagi ini.",2026-03-05T03:18:20.000Z,https://www.threads.com/@uptrendtrading_/post/DVfMWSUEpr4,IHSG,2026-05-05T17:03:38.234545
uptrendtrading_,"itu bisa jadi sinyal awal rebound.
Kalau besok muncul candle bullish kecil saja di area ini
(misalnya bullish harami, tweezer bottom, atau pola bullish lain),
Hari ini IHSG sudah menyentuh area bawah yang cukup penting.
Menurut saya, kuncinya ada di pergerakan besok.
Apakah ada potensi rebound?
Sekarang pertanyaannya:",2026-03-04T08:40:00.000Z,https://www.threads.com/@uptrendtrading_/post/DVdMXZBEr8w,IHSG,2026-05-05T17:03:38.417894
hengky.lim.9,"saat ini IHSG bergerak masih di atas trendline resistance nya, dengan potensi penurunan tersisa ke area gap selanjutnya di 7.308 dan 7.241 sebagai area akhir untuk rebound kembali, jika IHSG gagal bertahan di atas garis trendline tsb, maka IHSG akan melanjutkan penurunan ke area GAP terakhir di 7.022
Update 24 April 26",2026-04-23T21:48:22.000Z,https://www.threads.com/@hengky.lim.9/post/DXfWVVOktYX,IHSG,2026-05-05T17:03:38.556213
bays.mln,"#PTRO #AnalisaSaham #Trading #IHSG
Saya pribadi lebih pilih tunggu konfirmasi daripada entry terburu-buru.
✔️ Jika break + volume masuk, peluang lanjut naik terbuka.
❌ Jika gagal break, potensi turun ke 5.250 lalu 5.200. Jika tekanan besar, bisa test 5.100.
Area kunci di 5.420.
🟢 Peluang bullish: 30%
🔴 Peluang bearish: 70%
Menurut analisa saya, PTRO masih di fase penentuan arah.",2026-04-27T10:02:08.000Z,https://www.threads.com/@bays.mln/post/DXoYsNQEhps,IHSG,2026-05-05T17:03:41.348810
sahamjamet,Trend IHSG Setelah Lebaran,2026-03-17T08:38:28.000Z,https://www.threads.com/@sahamjamet/post/DV-qhZuDJHS,IHSG,2026-05-05T17:03:41.447748
abdulmoeis,"Rollercoaster bgt IHSG belakangan ini, hahaha",2026-02-04T02:43:06.000Z,https://www.threads.com/@abdulmoeis/post/DUUdQ3fkg_n,IHSG,2026-05-05T17:03:41.561124
investortersesat,"Apa yang akan terjadi pada BREN dan DSSA saat market buka nanti ? Ini view saya
investortersesat",2026-04-05T02:07:01.000Z,https://www.threads.com/@investortersesat/post/DWu41KuEgR4,IHSG,2026-05-05T17:03:41.659927
investortersesat,"Kemungkinan besar short-term mereka akan terkena panic selling, lalu jika pada akhirnya dikeluarkan dari MSCI akan terkena hakian lagi oleh asing. Awalnya memang akan berdarah untuk IHSG karena mcap mereka yang lumayan besar, tapi..
investortersesat",2026-04-05T02:07:01.000Z,https://www.threads.com/@investortersesat/post/DWu41GiEuVN,IHSG,2026-05-05T17:03:41.762586
review_nooo,"MBG jaya jaya 😤
Ihsg buy the dip eh ternyata ada dip dip yang lagi entah sampai kapan wkwk.",2026-03-31T08:43:06.000Z,https://www.threads.com/@review_nooo/post/DWiuLtNj_5W,IHSG,2026-05-05T17:03:41.871716
dzdn12,"Stress banget, kudu berapa banyak lagi institusi yg kasih rating negative ke fiskal kita?!! Karena beban MBG?!! Masih aja Batu, tar klo turun kasta ke bawah trus asing outflow massive, baru deh panik?!!
@gerindra",2026-03-04T07:37:42.000Z,https://www.threads.com/@dzdn12/post/DVdFPEBiTli,IHSG,2026-05-05T17:03:41.975411
anisawara,"IHSG
1jt di tangan istri yang kurang tepat 😂",2026-02-24T04:42:14.000Z,https://www.threads.com/@anisawara/post/DVIKy9XiUGs,IHSG,2026-05-05T17:03:42.073086
irpannasutiion,Pagi ini dipastikan wmuu dan kota bullish,2026-03-02T20:25:24.000Z,https://www.threads.com/@irpannasutiion/post/DVZTgJAk5sb,IHSG,2026-05-05T17:03:42.172584
mr_prutect,"Ibarat jualan, toko lagi sepi? 🤔🤔
Ada yang ngerasa sama gak sih setelah ihsg turun kemarin, rasanya market sekarang jadi membosankan?",2026-02-04T08:25:26.000Z,https://www.threads.com/@mr_prutect/post/DUVEcMJEfQ6,IHSG,2026-05-05T17:03:42.288656
maulanahr_,"Mulai sekarang, data kepemilikan saham di atas 1% akan dibuka (sebelumnya hanya >5%). Gak ada lagi ""pemegang saham misterius"" di balik layar. ​Aturan Free Float: Batas minimum saham publik dinaikkan jadi 15%.
Gak cuma sentimen global, bursa kita (BEI) lagi berbenah besar-besaran demi memenuhi standar MSCI. Ini bukan sekadar administratif, tapi soal integritas pasar.
7. Bonus Catalyst terkait Reformasi Bursa & ""Stempel"" MSCI Mei 2026
Paket Komplit Pendorong IHSG",2026-04-14T21:47:49.000Z,https://www.threads.com/@maulanahr_/post/DXILHdbk5uG,IHSG,2026-05-05T17:03:42.415956
maulanahr_,"Ini akan memaksa emiten lebih likuid dan transparan. MSCI akan melakukan evaluasi besar di bulan Mei. Jika reformasi ini sukses, kepercayaan investor institusi global (seperti BlackRock tadi) akan makin absolut dan ya potensi inflow jumbo dari asing makin deres.
Paket Komplit Pendorong IHSG",2026-04-14T21:47:49.000Z,https://www.threads.com/@maulanahr_/post/DXILHdVk1oi,IHSG,2026-05-05T17:03:42.517408
priceaction.id,"IHSG sedang berada di area support ma 200, semoga mantul naik.",2026-03-03T08:49:00.000Z,https://www.threads.com/@priceaction.id/post/DVaomY6j8v-,IHSG,2026-05-05T17:03:42.816976
cuaninofficial,"Top 4 best horror movies
1. Rupiah 17.366
2. BBCA 5.800
3. IHSG gap 6.100
4. WAR Iran-AS",2026-04-30T10:03:46.000Z,https://www.threads.com/@cuaninofficial/post/DXwHQwwD-y4,IHSG,2026-05-05T17:03:42.903656
thilalnafis,"Stockbit sekarang udah top 5 broker di IHSG, transaksi triliunan per hari. Jadi stream-nya bukan obrolan receh doang, tapi cerminan psikologi pasar beneran. Big money juga main di sini.",2025-09-14T03:00:35.000Z,https://www.threads.com/@thilalnafis/post/DOkRl4IgRR3,IHSG,2026-05-05T17:03:43.006586
_smoment,"Ditahap dari sabar analisa makro - geopolitik, transaksi, bandarmologi, sampe ngegas ""YAUDAH IHSG BURUAN MAU KEANGKA BERAPA? BIAR CEPET INI REBOUNDNYA""😡 WKWKWKWK💆🏻‍♀️
Ujian baru kelar sakit, check ombak:
• Drama Trump gak kelar2
• Buka market nilai transaksi reguler tiap hari makin turun
• News economy Indo aneh2 bgt
• Malam check market US + ""ADA NEWS APALAGI NIII SEKARANG""💅🏻💅🏻💅🏻",2026-04-07T08:33:24.000Z,https://www.threads.com/@_smoment/post/DW0uo4LE4ob,IHSG,2026-05-05T17:03:43.104150
cat.miaw05,Invest di IHSG pake uang dingin sih uang dingin. Tapi liat kondisi chat begini jadi panas dingin 🤣🤣,2026-04-30T07:40:01.000Z,https://www.threads.com/@cat.miaw05/post/DXv2z9ekx5r,IHSG,2026-05-05T17:03:43.202360
simpletradersaham,"#saham #sahamindonesia #ihsg #investasisaham #belajarsaham
Dari list saham diatas, ada yang masuk koleksi portofolio kamu gak nih? 👀
Mayoritas masih didominasi sektor perbankan. Artinya, pergerakan IHSG masih sangat dipengaruhi saham big caps ini.
10 saham dengan bobot terbesar di indeks FTSE Indonesia 📊
simpletradersaham",2026-04-11T03:38:11.000Z,https://www.threads.com/@simpletradersaham/post/DW-gCDDibBV,IHSG,2026-05-05T17:03:43.322081
giovan.prd,"So, stop jadi kepiting yg ga mau maju.
Artinya, asal kita mau effort buat belajar, kita ttp bisa cuan.
Contohnya Ko Hengky. Dia merasa teknikal itu gampang dimanipulasi. Tapi dia effort buat ngulik transaksi bahkan sampe ngitungin barang.
Menurut gw, ini statement crab mentality. Orang yg gamau analisa karena anggap semua saham itu SSB (suka-suka b*nd*r) sebenernya emg males aja. Gamau effort buat ngulik n cari celah buat cuan.
""Mau pake analisis apapun ga ngaruh, saham Indo gorengan semua.""",2026-03-24T11:28:01.000Z,https://www.threads.com/@giovan.prd/post/DWQ_fh7D5sj,IHSG,2026-05-05T17:03:43.438162
henrywidjaja74,"IHSG senin potensi Teknikal rebound
#IHSG",2026-04-30T09:42:11.000Z,https://www.threads.com/@henrywidjaja74/post/DXwEytqgQb2,IHSG,2026-05-05T17:03:43.536843
mang.amsi,"Dalam setahun terakhir IHSG sempat bergerak sangat kuat. Dari titik terendah sekitar 5.882, pasar terus naik hingga mencapai puncak 9.174. Kenaikan ini terlihat seperti tren yang sangat solid dan membuat banyak investor semakin percaya diri.
Namun seperti siklus pasar pada umumnya, setelah fase kenaikan panjang hampir selalu muncul fase koreksi. Saat ini kita sedang melihat bagian dari koreksi tersebut.
Jika pergerakan IHSG dianalisis menggunakan Fibonacci Retracement, kita bisa melihat beberapa level teknikal yang sering menjadi area perhatian pasar. Dengan menarik Fibonacci dari low 5.882 ke high 9.174, muncul beberapa level penting:
23,6% di sekitar 8.397
38,2% di sekitar 7.916
50% di sekitar 7.528
61,8% di sekitar 7.140
78,6% di sekitar 6.570
Saat ini posisi IHSG sudah berada cukup jauh dari puncaknya dan berada di area antara level Fibonacci 61,8% dan 78,6%. Dalam analisis teknikal, zona ini sering disebut sebagai deep retracement zone, yaitu area ketika koreksi sudah cukup dalam dari tren sebelumnya.
Di area seperti ini biasanya pasar mulai memasuki fase yang menarik. Sebagian pelaku pasar melihatnya sebagai area potensi technical rebound, karena harga sudah turun cukup jauh secara teknikal. Namun sebagian lainnya masih menunggu konfirmasi apakah pasar benar-benar mampu bertahan di area ini atau justru akan melanjutkan koreksi lebih dalam.
Level 61,8% Fibonacci sendiri sering disebut sebagai golden ratio dalam analisis teknikal. Jika pasar mampu bertahan di sekitar area ini, sering kali muncul fase pantulan. Namun jika tekanan jual masih berlanjut hingga mendekati 78,6%, biasanya koreksi dianggap lebih dalam dari sekadar pullback biasa.
Di fase seperti ini biasanya terlihat perbedaan cara berpikir investor. Ada yang hanya fokus pada turunnya harga. Ada juga yang mulai melihat lebih dalam: sektor mana yang masih kuat, perusahaan mana yang fundamentalnya tetap baik meskipun pasar sedang turun.
Karena memahami pasar tidak cukup hanya dengan melihat satu indikator. Perlu melihat dari berbagai sudut: analisis teknikal, analisis fundamental, dan bagaimana semuanya tetap selaras dengan prinsip saham syariah.
Diskusi seperti ini sering menjadi bahan pembelajaran bersama di komunitas.
Kalau ingin ikut belajar dan berdiskusi tentang saham syariah dari berbagai sudut pandang, bisa bergabung di komunitas WA Syariahin di sini:
👉 s.id/syariahin
Karena di pasar saham, yang bertahan bukan yang paling sering menebak arah pasar, tapi yang terus belajar memahami pasar.
(Saya tulis dalam catatan berikut ini, karena postingan utas gagal diunggah)
IHSG SUDAH TURUN JAUH DARI 9.174… SEKARANG BERADA DI AREA KRITIS FIBONACCI",2026-03-16T12:21:35.000Z,https://www.threads.com/@mang.amsi/post/DV8fQzVkVi3,IHSG,2026-05-05T17:03:51.021256
stocks_ninja.id,"Minggu depan sepertinya IHSG akan naik hingga menutup gap diatas.
Target IHSG 8800-9000.
🚨 Outlook IHSG - 28 Februari 2026",2026-02-27T19:49:15.000Z,https://www.threads.com/@stocks_ninja.id/post/DVRg-takvxm,IHSG,2026-05-05T17:03:51.237111
afansetyadi,"Bikin penasaran nih, IHSG naik hampir 2% karena sektor utilitas dan konglomerat lagi dapet sentimen positif. Buyback saham beberapa emiten kayak LPKR juga nunjukin optimisme. Tapi waspada, risiko gangguan pasokan minyak & potensi koreksi masih mengintai. Pasar global lagi harap damai tapi volatilitas bisa aja balik lagi. 📊⚡ #saham",2026-04-02T00:36:15.000Z,https://www.threads.com/@afansetyadi/post/DWnAB4fE8nA,IHSG,2026-05-05T17:03:51.668643
richcardrd,"Mumpung IHSG sedang koreksi
Open account dulu yuk di ZP
Bisa buka rekening margin dengan rate bagus
Cuss DM",2026-04-28T02:57:44.000Z,https://www.threads.com/@richcardrd/post/DXqM6p4kutn,IHSG,2026-05-05T17:03:51.764914
angggafauzan,"Kira2 senen IHSG gimana ya.
Usai pengumuman Ketua OJK baru...",2026-01-31T12:14:08.000Z,https://www.threads.com/@angggafauzan/post/DULLbuDlM_-,IHSG,2026-05-05T17:03:51.873935
happytrader.co,"Special thanks to ibu Kiki dan tim 🔥
Ternyata IHSG rebound beneran terjadi,
Gajadi berhayal ✌️",2026-02-03T02:37:17.000Z,https://www.threads.com/@happytrader.co/post/DUR3zYQEzDV,IHSG,2026-05-05T17:03:51.979397
marlonsuckitcrush12,"Gokil bukan 1, 2, 3, 4 atau 5 tapi langsung grounbreaking PSN (Proyek Strategi Nasional) sebanyak 13 untuk hilirisasi tahap II yang diresmikan hari ini oleh presiden 💪
IHSG atau $IHSG (Index Harga Saham Gabungan)
marlonsuckitcrush12",2026-04-29T05:20:05.000Z,https://www.threads.com/@marlonsuckitcrush12/post/DXtCANfk0Av,IHSG,2026-05-05T17:03:55.464301
125phrehe,"Kelas menegah itu pusat perputaran uang, jika semua kelas menegah gak menggunakan uangnya, ya kolaps semua keuangan negara ini, anda jangan ingin bikin menghancurkan negara ini",2026-04-20T02:15:50.000Z,https://www.threads.com/@125phrehe/post/DXVhwyQEvuN,IHSG,2026-05-05T17:03:55.564272
endiaferon13,"Moga2 pemerintah sadar sebelum ekonomi kolaps. Tanpa middle class melakukan apa2 juga, kebijakan pemerintah udah bikin ekonomi kolaps kok. Gak liat IDR melemah, IHSG anjlok, investor asing kabur, perlahan harga2 barang udah naik, dan narasi2 yang mengaburkan seolah Indonesia masih baik2 saja?",2026-04-20T07:59:33.000Z,https://www.threads.com/@endiaferon13/post/DXWJGRAE7Y6,IHSG,2026-05-05T17:03:55.663751
gigantum.id,Capt. Gema Astronacci bilang bull 🚀,2026-04-18T18:08:21.000Z,https://www.threads.com/@gigantum.id/post/DXSFLfCkzn9,IHSG,2026-05-05T17:03:55.963228
a.supriyono4,Klau ihsg?,2026-04-19T04:50:31.000Z,https://www.threads.com/@a.supriyono4/post/DXTOq2NCYAu,IHSG,2026-05-05T17:03:56.060673
tghidayat,"Meski gak persis sama, tp vibes IHSG hari ini sangat mirip dgn 2021. Hati2
Buat temen2 investor/trader saham pemula, cuma mo ngasih tau aja klo dulu di tahun 2021, banyak artis, selebgram, sampe ustad jd influencer saham dadakan, pompom INAF, ARTO, BUKA di harga pucuk, dan berakhir zonk.",2026-01-08T07:14:37.000Z,https://www.threads.com/@tghidayat/post/DTPa38UD-gW,IHSG,2026-05-05T17:03:56.167628
kissi__21,Di thread rame IHSG longsor anjlok ancur lebur ga sih... kalian apa kabar. 🥲,2026-02-02T04:15:31.000Z,https://www.threads.com/@kissi__21/post/DUPeQBPktH6,IHSG,2026-05-05T17:03:56.266807
pandhuadjisurya,"Reversal kapan? Kalau pake moon phase calendar sih, Rabu ya.
Masih ada 1 gap lagi dibawah.
Masih ada peluang buat jadi double bottom pattern.
Bukan coba denial, cuma memang lumayan keras impact-nya buat sebagian orang.
Koreksi teknikal.
Usaha nutup gap bawah.",2026-04-24T09:12:01.000Z,https://www.threads.com/@pandhuadjisurya/post/DXgkkkmkeGK,IHSG,2026-05-05T17:03:56.390606
a.supriyono4,"Sebaiknya CL"" dulu kah ? Ihsg mau bentuk doubel bottom kah?",2026-04-24T13:26:19.000Z,https://www.threads.com/@a.supriyono4/post/DXhBrIgCcPH,IHSG,2026-05-05T17:03:56.482803
raja_mamank_dalam_bacotnya,"Tips untuk IHSG besok:
1. Pilih incaran saham yang punya fundametal, konglo, diakumulasi asing kemarin, skip gorengan.
2. Buka chart, lihat indikator RSI (garis biru). Asumsi kita bahwa IHSG akan turun pagi-pagi karena panic selling. Nah di situ momentum kita beli barang murah. Banyak yang bingung bagaimana cara menentukan harga yang tepat?
Biasanya garis support.
Saya lebih suka menggunakan RSI, karena ini indikator melihat kejenuhan penjualan sehingga selanjutnya akan dimulai lagi pembelian.
raja_mamank_dalam_bacotnya",2025-10-12T02:52:05.000Z,https://www.threads.com/@raja_mamank_dalam_bacotnya/post/DPsW4GiETiP,IHSG,2026-05-05T17:03:56.698007
tradeplan.id,"Jika negosiasi berjalan dengan tidak baik, maka akan ada arah untuk market koreksi, dan kesempatan untuk mulai mencicil saham-saham incaran.
Dilain pihak, peperangan antara US & Iran masih dalam arah yang tidak pasti dikarenakan negosiasi yang dilakukan oleh US dikabarkan ditolak oleh pihak Iran melalui mediasi yang dijembatani oleh Pakistan.
Kondisi IHSG seminggu terakhir mengalami pembalikan positif, di topang oleh beberapa emiten konglomerasi.
[Weekly Update - IHSG]",2026-04-12T12:44:35.000Z,https://www.threads.com/@tradeplan.id/post/DXCDW2hiWcf,IHSG,2026-05-05T17:03:56.824634
tradeplan.id,"#ihsg #saham #ojk #bei #tradeplanid #tradingstocks #iran #us #war #sahampemula
- Disclaimer on.
- Keputusan jual/beli ditangan masing-masing.
- Untung atau rugi ditanggung masing-masing.
- Tidak ada paksaan atau ajakan jual/beli.
- Selalu gunakan uang dingin dan money management yang baik.
- Emiten yang dibahas disini bersifat edukasi/pembelajaran.
S1 - 7308
S2 - 7000
Resistance sementara di 7504, jika itu berhasil ditembus dengan volume kuat, maka IHSG ada potensi untuk reversal keatas.",2026-04-12T12:45:14.000Z,https://www.threads.com/@tradeplan.id/post/DXCDbtzCXP9,IHSG,2026-05-05T17:03:56.946483
emirparengkuan,Mau tau saham apa yang lagi kita perhatiin? Join member dulu yaa izinn di cakinvestmentclub.com 😬,2026-04-20T12:37:07.000Z,https://www.threads.com/@emirparengkuan/post/DXWo2-UEdid,IHSG,2026-05-05T17:03:57.058264
shariagrow,"#IHSG #OutlookSyariah #InvestasiSyariah #shariagrow
Market mulai pulih, tapi tetap selektif dan hati hati
✨IHSG Rebound, Tapi Sudah Aman?!✨
IHSG rebound hampir +5% ke 7.279 ,kenaikan nerata didorong perdamaian global dan arus kas asing. Namun, outflow asing dan potensi profit taking masih membayangi, hindari euforia sesaat.",2026-04-09T02:36:00.000Z,https://www.threads.com/@shariagrow/post/DW5PU7oj6MU,IHSG,2026-05-05T17:03:57.163734
salmanabilla__,Bisa kali ihsg naik 5% besok,2026-04-08T07:56:13.000Z,https://www.threads.com/@salmanabilla__/post/DW3PLUNkwS0,IHSG,2026-05-05T17:03:57.262739
bryanosvaldoo,"🙏 IZIN SAYA HANYA RETAIL 🙏
KITA RUGI SAMA2 💯💯💯
semoga IHSG cepat pulih",2026-02-02T08:30:06.000Z,https://www.threads.com/@bryanosvaldoo/post/DUP7Ym_jje3,IHSG,2026-05-05T17:03:57.360293
ferrytanama,IHSG bisa ga ni ke 6000 an ?,2026-03-13T10:30:31.000Z,https://www.threads.com/@ferrytanama/post/DV0kKu9kf6N,IHSG,2026-05-05T17:03:57.447673
cecilliasantoso_,"Buka stockbit, liat IHSG, tutup lagi. Lupakan
cecilliasantoso_",2026-01-13T04:50:16.000Z,https://www.threads.com/@cecilliasantoso_/post/DTcCVBFgeuw,IHSG,2026-05-05T17:03:57.544521
vereshanz,"LK Q3 2025 #Emiten
Source :Mirrae Asset",2025-11-02T14:54:08.000Z,https://www.threads.com/@vereshanz/post/DQjuM6vk_m5,IHSG,2026-05-05T17:04:00.563785
sin_dau,"7.300 be like : "" welcome home IHSG ""..
semoga PJHB , MINA dan KAQI cepet lulus 😮‍💨😮‍💨😮‍💨",2026-04-21T16:50:03.000Z,https://www.threads.com/@sin_dau/post/DXZqmmdE73u,IHSG,2026-05-05T17:04:00.671239
todiradenajeng,"Day by day makin respect sama pak koboi 🫡
Menkeu Purbaya said
""Biarin aja AS vs China berantem, dampak ke IHSG harusnya positif, mungkin ada beberapa sentimen negatif karena pasar disana jatuh. Tapi kalo china dikenakan tariff 100% kan barang2 kita jadi bersaing di amerika, kita untung malahan""",2025-10-14T03:13:03.000Z,https://www.threads.com/@todiradenajeng/post/DPxi3bPkdoB,IHSG,2026-05-05T17:04:00.785899
benekrisna,"IHSG Kembali Jeblok Masuk Level Psikologis 6.000 Dihantam Dari Dua Sisi
suar.id/ihsg…
Indeks Harga Saham Gabungan (IHSG) pada perdagangan Kamis (30/4/2026) akhirnya ditutup anjlok 144,42 poin atau 2,03% ke level 6.956,8. Pasar modal tak hanya kembali menyentuh level psikologis di bawah 7.000 yang terakhir 7 April lalu, tetapi ini juga merupakan titik terendah sepanjang 2026.",2026-04-30T12:13:36.000Z,https://www.threads.com/@benekrisna/post/DXwWHuLD3lF,IHSG,2026-05-05T17:04:00.913629
xmrhpx,"#ptba #ihsg #saham #teknikal #fundamental
$PTBA hari ini indikator buatan saya menunjukan jika saham PT. Bukit Asam, Tbk secara fundamental bagus, secara teknikal juga bagus.",2026-03-27T06:16:53.000Z,https://www.threads.com/@xmrhpx/post/DWYKRUeAVz1,IHSG,2026-05-05T17:04:01.019634
messagus9,"Ternyata smart money ini serok banyak saat IHSG koreksi lumayan besar hari ini.
HP selalu ada kaitannya dengan Pak PP.
Tinggal tunggu tanggal mainnya, atur posisi masing-masing ya🤠🙏🏻",2026-02-24T14:22:52.000Z,https://www.threads.com/@messagus9/post/DVJNPogkiWG,IHSG,2026-05-05T17:04:01.142100
saham.university,"#saham #ihsg #saham #indonesia #bursaefekindonesia
@saham.university
Salam profit konsisten
Komunitas yang sehat adalah mereka yang bisa saling mendukung bukan yang saling karung mengarungi
Trading itu bukan soal berapa besar keuntungan yang diperoleh tapi seberapa konsisten kamu memegang teguh strategi yang kamu pelajari dari setiap kerugian dan keuntunganmu
saham.university",2026-04-30T11:41:02.000Z,https://www.threads.com/@saham.university/post/DXwSZGxkt9l,IHSG,2026-05-05T17:04:01.376555
your_bae1209,Spill emiten,2026-04-30T07:41:37.000Z,https://www.threads.com/@your_bae1209/post/DXv2_tlAf03,IHSG,2026-05-05T17:04:01.478474
mazmus137,Itu kan IHSG pak,2026-04-30T10:06:59.000Z,https://www.threads.com/@mazmus137/post/DXwHoWIkQka,IHSG,2026-05-05T17:04:01.568194
hadyanekas,"Kak maaf baru mau mulai dan awam bgt , ETF itu kaya reksadana ya ? Jd mereka yg manage uang nya taruh di saham mn ?",2026-05-01T10:21:25.000Z,https://www.threads.com/@hadyanekas/post/DXyuE7xgSU_,IHSG,2026-05-05T17:04:01.667790
rekuhizaki,Iya bener. Di IHSG juga ada tapi kurang likuid dan ga begitu populer hehe.,2026-05-01T10:31:20.000Z,https://www.threads.com/@rekuhizaki/post/DXyvNkTD2rj,IHSG,2026-05-05T17:04:01.759825
jurnaltrader.id,"Kira2 arahnya mau kemana hayooo...??? ☺
Apa kamu berani nangkep pisau jatuh...???
Update IHSG pagi hari ini...",2026-02-27T02:20:25.000Z,https://www.threads.com/@jurnaltrader.id/post/DVPo81yEolD,IHSG,2026-05-05T17:04:04.690932
stocksphoenix,"Saham BNBR & BIPI
@sucorsekuritas
@bernardwijaya17
jarvis.asset #SucorSekuritas #Investasi #SahamIndonesia #BeXpertWithSucor #ihsg
DYOR (Do Your Own Research) NFA (Not Financial Advice)
*Disclaimer On*",2026-04-27T13:16:22.000Z,https://www.threads.com/@stocksphoenix/post/DXou6niiXVN,IHSG,2026-05-05T17:04:04.780963
panji_64,"Amburadul nya dmna sih??? Tempat wisata masih rame, nanya kurir paket juga anteran nya banyak banget..tanda ekonomi masih berjalan seperti biasanya..Terus amburadul nya dimana?",2026-04-09T01:54:45.000Z,https://www.threads.com/@panji_64/post/DW5KmtUiVmz,IHSG,2026-05-05T17:04:04.884435
rvladit,"Pertanyaannya:
👉 Ini fase distribusi?
👉 Atau lagi “nerf” karena konglo udah gak didorong?
Banyak yang ngerasa IHSG sekarang “mati gaya” di area 6–7 ribuan.
Padahal dulu sempet hype ke 9.000.
IHSG mentok 6rb–7rb, apakah bakal bangkit lagi? 🤔",2026-04-04T22:39:30.000Z,https://www.threads.com/@rvladit/post/DWuhFMjkn10,IHSG,2026-05-05T17:04:05.004634
nectar_circle,"Secara sektoral, transportasi melemah (-4.6%), sementara non-cyclical outperform (+1.48%). Secara teknikal, IHSG diperkirakan masih bergerak sideways dalam rentang 6900–7150.
IHSG ditutup melemah ke 7,048 (-0.61%) pada Selasa (31/3), di tengah ketidakpastian yang masih tinggi. Penguatan di awal sesi tidak bertahan seiring aksi profit taking jangka pendek. Rupiah turut melemah ke Rp17,041/US$.",2026-03-31T16:45:40.000Z,https://www.threads.com/@nectar_circle/post/DWjlaIngfDO,IHSG,2026-05-05T17:04:05.112710
ekky1995_,"IHSG 🤜🤛 MSCI
Oalah pantes 🤣",2026-02-12T10:11:28.000Z,https://www.threads.com/@ekky1995_/post/DUp2713k4dO,IHSG,2026-05-05T17:04:05.216358
adelonnataa,Happy merah day guys . Bertapa dulu semoga IHSG cepat pulih,2026-03-13T04:47:00.000Z,https://www.threads.com/@adelonnataa/post/DVz82uzDO6X,IHSG,2026-05-05T17:04:05.308643
aksalhn_,"#cabut #ihsg #bei #bursa #investasi
Apakah hanya pemain inti yang masih bertahan?",2026-04-24T13:06:15.000Z,https://www.threads.com/@aksalhn_/post/DXg_X47DVUT,IHSG,2026-05-05T17:04:05.419015
sahampedia.id,"Rugi kecil masih bisa dikejar.
Rugi besar biasanya karena nunggu.
Setiap pantulan kamu bilang “nunggu dikit lagi”.
Padahal itu kesempatan keluar, bukan konfirmasi masuk.
Yang menarik, yang tenang justru yang udah exit.
Sisanya sibuk cari alasan biar betah nyangkut.
Di market, bertahan bukan selalu berani.
Kadang cuma keras kepala.
Disclaimer On & DYOR!",2026-01-29T03:23:10.000Z,https://www.threads.com/@sahampedia.id/post/DUFFFD4Etgn,IHSG,2026-05-05T17:04:05.515209
cecilliasantoso_,"Doa hari ini :
Semoga hariku berjalan lancar
IHSG ijo
Portoku Ijo
😂😂😂
cecilliasantoso_",2026-04-27T01:24:47.000Z,https://www.threads.com/@cecilliasantoso_/post/DXndfElgWIj,IHSG,2026-05-05T17:04:05.604973
agungpharm,"Kemungkinan besar market Asia termasuk IHSG hari ini juga akan merah.
Yah potensi pemotongan suku bunga di
Desember dengan data ekonomi yang baru dirilis makin berkurang.
Data ekonomi AS yang sempat tertunda karena shutdown akhirnya dirilis dan 3 jam sebelum penutupan market tiba-tiba terjadi pembalikan arah.
Market US semalam dibuka dengan bullish dan hijau masih karena efek Earnings Q3 2025 NVIDIA dan potensi peningkatan AI.",2025-11-21T00:35:14.000Z,https://www.threads.com/@agungpharm/post/DRTHAvBgQio,IHSG,2026-05-05T17:04:08.587793
wardhanabest,"Day 16 Reset Porto, overall dah hampir 40% minusnya 😁🙏🏽😬",2026-02-06T11:48:16.000Z,https://www.threads.com/@wardhanabest/post/DUalPiCD3HO,IHSG,2026-05-05T17:04:08.682058
sin_dau,"kira kira waktu IHSG 6.800 siapa yang nge Gendong IHSG sampe 9.000 ya Dana Asing , terus mereka sumbar saham kita kurang transparan , mungkin bahasa kasarnya WOEY udah ketinggian , turunin 25% dulu nanti kita goreng lagi 😆😆",2026-02-06T02:40:03.000Z,https://www.threads.com/@sin_dau/post/DUZmgQmk1Uu,IHSG,2026-05-05T17:04:08.792956
___indahf,2021 debut ke market IHSG d harga 6000 an,2026-02-02T02:49:18.000Z,https://www.threads.com/@___indahf/post/DUPUYk0EjvE,IHSG,2026-05-05T17:04:08.890214
sahamstockidn,Bank2 himbara saya prediksi akan masih mengalami downtrend/sideways sampai dengan laporan Q2 rilis (sekitar Juli). Dan pergerakan selanjutnya akan melihat hasil laporan tsb.,2026-05-01T02:17:12.000Z,https://www.threads.com/@sahamstockidn/post/DXx2qaaE6Vl,IHSG,2026-05-05T17:04:08.992591
sahamstockidn,"Lets see 🥹
Yg saya khawatirkan, trend tersebut akan memperberat langkah IHSG yg bisa menciptakan domino effect ke saham-saham lain dan outlook ekonomi Indonesia ke depan.",2026-05-01T02:17:12.000Z,https://www.threads.com/@sahamstockidn/post/DXx2qbFE_Vu,IHSG,2026-05-05T17:04:09.089339
tantimtsr,cung yg ga niat kerja abis lihat IHSG hari ini 🥲,2026-01-21T04:41:04.000Z,https://www.threads.com/@tantimtsr/post/DTwnopnAWYe,IHSG,2026-05-05T17:04:09.484816
mariazwrrr,"Terbukti IHSG naik ijo ijo ijo, Diem lu pade.
amit amit bgt dih.
IHSG anjlok protes - menkeu baru dikritik padahal bisa aja tipikal nya emang gitu gaya bicara nya / ya emang pengen ngebalikin kepercayaan global.
agak capek ya lama lama liat orang yang kalo ngehujat tuh nomor 1 teriak paling kenceng. Tapi kalo masalah apresiasi DIAM HENING. Kalah mengheningkan cipta 😒",2025-09-10T11:53:25.000Z,https://www.threads.com/@mariazwrrr/post/DOa7Y3Gj6fh,IHSG,2026-05-05T17:04:12.429757
anaastasye,"denial level dewa di sini. masih banyak yang anggap, ndak ngaruh kwa politik pa torang pe hidup. ih tolol tolol.",2026-04-30T12:05:42.000Z,https://www.threads.com/@anaastasye/post/DXwVN2vmZDC,IHSG,2026-05-05T17:04:12.531071
mammamosha,"Dari semenjak naik sampe sekarang ihsg turun terus 😔 belum lagi, dia asbun mentri2 nya juga kebanyakan asbun ngomong gak pake ontak😔",2026-04-30T12:09:11.000Z,https://www.threads.com/@mammamosha/post/DXwVnb5gbQK,IHSG,2026-05-05T17:04:12.619640
hella.dhina,Potensi IHSG nutup gab di 7022,2026-04-28T02:15:51.000Z,https://www.threads.com/@hella.dhina/post/DXqIH5PEgro,IHSG,2026-05-05T17:04:12.720792
iansajad,"Adakah yang berinvestasi di IHSG?, sharing dong pengalamannya
Mungkin karena saham yang saya pilih adalah saham-saham berfundamental bagus, terlihat dari pergerakannya yg juga turun, namun tidak terlalu liar dan dalam turunnya. Tidak keluar masuk secara cepat di market (trading), hold dengan jangka waktu yang cukup lama.
Perhari ini IHSG sudah turun 20% di tahun 2026. Pasti porto kita sebagian besar mengalami penurunan juga.
Alhamdulillah porto saya turun juga, namun tidak sedrastis IHSG.
Karena saya pegang salah satunya, ada insight untuk saham emiten emas itu?
Terima kasih ya..
Untuk saham Indonesia (IHSG), dgn anjloknya IHSG ini, apa ya dampaknya ke saham saham komoditas?, utamanya ke saham perusahaan yang bergerak di sektor tambang emas, seperti PSAB, ARCI, ANTM, dll.",2026-05-01T02:57:10.000Z,https://www.threads.com/@iansajad/post/DXx7PKIk35H,IHSG,2026-05-05T17:04:12.906037
iansajad,"Adakah yang berinvestasi di IHSG?, sharing dong pengalamannya
Mungkin karena saham yang saya pilih adalah saham-saham berfundamental bagus, terlihat dari pergerakannya yg juga turun, namun tidak terlalu liar dan dalam turunnya. Tidak keluar masuk secara cepat di market (trading), hold dengan jangka waktu yang cukup lama.
Perhari ini IHSG sudah turun 20% di tahun 2026. Pasti porto kita sebagian besar mengalami penurunan juga.
Alhamdulillah porto saya turun juga, namun tidak sedrastis IHSG.",2026-04-30T07:02:05.000Z,https://www.threads.com/@iansajad/post/DXvyeG_E5f6,IHSG,2026-05-05T17:04:13.034072
abiwidasmara,"Jokes aside, IHSG perlu break EMA untuk melanjutkan kenaikan yang lebih tinggi
Seperti biasa IHSG ditutup merah setelah King MU menang, kok bisa nge pas terus ya? wkwk
IHSG MERAH UNTUK MERAYAKAN KEMENANGAN KING MU 🤣
Menurut kalian bottom nya di mana? Kalo saya masih yakin di 6300
seperti yang kalian lihat, minggu ini IHSG terkoreksi cukup dalam, tapi saya ga kaget dan udah jual saham ketika IHSG gagal break level EMA resistance nya
IHSG MERAH MINGGU INI, OTW BIKIN LOWER LOW 6600?",2026-04-24T03:44:08.000Z,https://www.threads.com/@abiwidasmara/post/DXf_DF0E6sM,IHSG,2026-05-05T17:04:13.434798
abiwidasmara,"Jokes aside, IHSG perlu break EMA untuk melanjutkan kenaikan yang lebih tinggi
Seperti biasa IHSG ditutup merah setelah King MU menang, kok bisa nge pas terus ya? wkwk
IHSG MERAH UNTUK MERAYAKAN KEMENANGAN KING MU 🤣",2026-04-20T11:41:19.000Z,https://www.threads.com/@abiwidasmara/post/DXWieeuk5dg,IHSG,2026-05-05T17:04:13.892581
saham_diskon,"IHSG banks 💹
BBRI diskon 😗
BBCA diskon 😗
BBNI diskon +5,6%
BMRI diskon +9,2%
BNGA diskon 😗
BBYB diskon +5,4%",2025-12-16T08:59:56.000Z,https://www.threads.com/@saham_diskon/post/DSUYpNYkxpt,IHSG,2026-05-05T17:04:14.021107
umarramadhann,Anjink di analisa dengan cara trader😭,2026-04-11T11:02:04.000Z,https://www.threads.com/@umarramadhann/post/DW_S1PomDaX,IHSG,2026-05-05T17:04:14.130453
insinyur.saham,Gaplek iii...soalnya mengingatkan pada ihsg down trend 📉,2026-04-11T12:14:56.000Z,https://www.threads.com/@insinyur.saham/post/DW_bK5AkdFF,IHSG,2026-05-05T17:04:14.205315
hendrahenz22,"IHSG masih ada gap di 5900… dari seorang market maker, saya belajar… gak ada gap yang gak ketutup…",2026-03-09T15:16:01.000Z,https://www.threads.com/@hendrahenz22/post/DVqxqUggYTR,IHSG,2026-05-05T17:04:14.283077
pejuang_nalar,"IHSG rontok.
Terbukti Purbaya cuma omdo",2026-01-29T01:59:50.000Z,https://www.threads.com/@pejuang_nalar/post/DUE7ivBE8tp,IHSG,2026-05-05T17:04:14.371160
rumatela05,IHSG,2026-04-25T07:57:19.000Z,https://www.threads.com/@rumatela05/post/DXjA0QMkmu3,IHSG,2026-05-05T17:04:14.461428
id_kael,Alasan nya kenapa banv,2026-04-25T08:49:53.000Z,https://www.threads.com/@id_kael/post/DXjG1QWEX37,IHSG,2026-05-05T17:04:14.543380
b.ilmii,"Hari senen IHSG rebound, gw malah diguyur bandar 🤣
Judule rungkad luur",2025-10-20T08:09:24.000Z,https://www.threads.com/@b.ilmii/post/DQBhjMfjxgL,IHSG,2026-05-05T17:04:17.563802
jurnaltrader.id,"Akan tetapi... 👇👇
Untuk sekarang sih realitanya udah kebentuk trading range baru di 7,015 - 7,310. Paling berkutat disekitar itu dulu. Tapi perhatikan garis MA abu sudah turun. Menandakan tekanan jual juga mengikuti.
Update IHSG : 02 April 2026, Sesi 2 - Closing.
Hari ini nyentuh lagi 7,015 setelah kemarin market euforia karena IHSG naik tinggi. Formasinya triple bottom. Biasanya menandakan pola REVERSAL. Karena market tidak berkenan harga tembus di bawah support 7 ribu.",2026-04-02T11:00:42.000Z,https://www.threads.com/@jurnaltrader.id/post/DWoHhUqiBX6,IHSG,2026-05-05T17:04:17.690126
stockbit,"IHSG anjlok menyusul keputusan MSCI untuk membekukan sejumlah perubahan terkait indeks review — termasuk indeks review Februari 2026 — bagi pasar Indonesia seiring kekhawatiran para investor mengenai permasalahan investability.
BEI menerapkan pembekuan sementara perdagangan (trading halt) selama 30 menit pada awal sesi 2 hari ini, Rabu (28/1), setelah IHSG anjlok lebih dari -8%.
BEI Terapkan Trading Halt Usai IHSG Anjlok -8%",2026-01-28T06:45:56.000Z,https://www.threads.com/@stockbit/post/DUC3fX4EgKo,IHSG,2026-05-05T17:04:17.813163
m_arispujiyanto,"FCA itu “saham jelek” → tidak selalu benar
Masuk Papan Pemantauan Khusus = pasti mau delisting → logika lompat jauh
FCA = nggak bisa jual beli → keliru secara teknis
Asumsi yang sering keliru di netizen:
Sebelum masuk ke penjelasan, saya akan menantang sedikit asumsi dasarnya dulu supaya edukasi ini tidak menyederhanakan hal yang justru penting.",2025-12-12T23:56:47.000Z,https://www.threads.com/@m_arispujiyanto/post/DSLsGa6Eo-D,IHSG,2026-05-05T17:04:17.942537
algoresearch,"BBCA saw significant net foreign outflows of around IDR 47 trillion in the past one year on the back of weakening earnings growth, global index rebalancing and higher country-risk premium in Indonesia.",2026-04-29T10:39:43.000Z,https://www.threads.com/@algoresearch/post/DXtmlTAE8fI,IHSG,2026-05-05T17:04:18.066631
algoresearch,"How the Mighty BBCA Has Fallen in IHSG
algoresearch.id/conte…
Read our latest research on BBCA here:",2026-04-29T10:39:43.000Z,https://www.threads.com/@algoresearch/post/DXtmlQWk_f5,IHSG,2026-05-05T17:04:18.192334
invest_santuy,"kocaknya, IHSG rebound sama kyk tahub 2025, 8 April mulai melejitnya.. entah agenda jadwalnya sama apa gmn dari para big player ini.. retail receh cukup follow aja",2026-04-08T14:13:47.000Z,https://www.threads.com/@invest_santuy/post/DW36YuJmdQT,IHSG,2026-05-05T17:04:18.306276
progressiveblur,"ihsg merah, us stocks merah, logam mulia merah, crypto merah, lah ini duitnya lari ke mana? 🤯",2026-02-02T04:11:01.000Z,https://www.threads.com/@progressiveblur/post/DUPdvA1AThr,IHSG,2026-05-05T17:04:18.392096
agungpharm,"Indeks Harga Saham Gabungan (IHSG) di sesi satu juga sudah turun lagi di bawah level psikologis 7.500
Rupiah kita hari ini tertekan dalam, kurs dollar terhadap rupiah sudah 17.300, tertinggi sepanjang masa.",2026-04-23T05:39:13.000Z,https://www.threads.com/@agungpharm/post/DXdnbCVAXtE,IHSG,2026-05-05T17:04:18.490208
giovan.prd,"Disc: bukan ajakan jual dan beli.
Klo ada yg tanya, masih blh beli atau ngga, gw akan blg ngga. Karena gw udh beli dari lama. Di grup pun gw udh blg dari harga masih di bawah 8000. Jadi ini buat yg punya2 aja hehe
Salah satu jagoan di Circle Trader Kecil. Selalu strong di tengah krisis ini. Klo IHSG merah, doi selalu ijo. Sebaliknya, klo IHSG ijo, doi malah merah.",2026-04-02T04:21:52.000Z,https://www.threads.com/@giovan.prd/post/DWnZ4GcD69_,IHSG,2026-05-05T17:04:18.780727
afaza_,"Setelah baca dan melihat perkembangan geopolitik, gue serok harga bawah dengan 30% modal. Lagi nge-long beberapa saham yang underpriced di IHSG. Fundamentals don't lie, let’s see where this goes",2026-04-02T08:50:48.000Z,https://www.threads.com/@afaza_/post/DWn4p65j1oL,IHSG,2026-05-05T17:04:18.868982
jeffrybudiman,"Jakarta, Indonesia
#investasi #investasisaham #saham #sahamindonesia #pasarmodal
⚠️ Follow
@jeffrybudiman
buat kamu makin update berita tentang ekonomi dan dunia saham biar portfolio kamu cuan terus!
Kalian cutloss atau average down? Yuk di comment ya!
Apakah ini dikarenakan aksi profit taking atau sentimen geopolitik antara AS dan Iran? 🇺🇸 🇮🇷
IHSG ambles hingga minus 2,36% pada perdagangan hari ini 🔻",2026-01-12T09:15:58.000Z,https://www.threads.com/@jeffrybudiman/post/DTZ78Npkm--,IHSG,2026-05-05T17:04:19.008894
adelonnataa,Menyala IHSG rilexs dlu .,2025-10-14T07:04:51.000Z,https://www.threads.com/@adelonnataa/post/DPx9ZIQDIb-,IHSG,2026-05-05T17:04:19.107549
l4gilucu,Kalo IHSG lagi ijo mah gampang ya. Pas lagi merah merahnya sebelum idul fitri Masih gacor kah ?,2026-04-11T05:32:58.000Z,https://www.threads.com/@l4gilucu/post/DW-tKwbE6xE,IHSG,2026-05-05T17:04:19.207775
radar.saham,Saya suka ihsg bearish 😄,2026-04-11T05:33:55.000Z,https://www.threads.com/@radar.saham/post/DW-tRwwkZCQ,IHSG,2026-05-05T17:04:19.292548
amira.della,Jadi IHSG anjlok karena ‘koreksi’ pada TP semua 😭🤡🙏🏼,2026-01-12T07:50:25.000Z,https://www.threads.com/@amira.della/post/DTZyJkhD5va,IHSG,2026-05-05T17:04:19.396954
sahampedia.id,"IHSG kemarin ditutup di 7.072. Turun 0,48%. Mayoritas sektor memerah.
350 saham turun, 339 naik — tipikal hari di mana yang menang cuma yang nonton dari pinggir.
Hari ini diprediksi sideways di range 7.022–7.270. BoJ tahan suku bunga, data AS malam ini jadi penentu.
Siap-siap atau siap-siap kecewa. Pilih sendiri. 😌
Disclaimer On & DYOR! 🙏",2026-04-29T00:26:57.000Z,https://www.threads.com/@sahampedia.id/post/DXsgdJ5kpU3,IHSG,2026-05-05T17:04:19.498568
panji.malik,IHSG lagi merah tapi perusahaan bakrie dan HH hijau,2026-04-06T02:43:01.000Z,https://www.threads.com/@panji.malik/post/DWxhvpikv19,IHSG,2026-05-05T17:04:19.586797
mbahdukunspiritual,"#bumi #saham #ihsg #bei #bandar
Saham BUMI arb lock ask 50 juta lot ++ mungkin karena udah byk orang yg sok jago di saham ini. BUMI itu sahamnya para legenda tua yg udah banyak makan asam garam di dunia persilatan. Jadi jangan terlalu banyak gaya di saham ini. Hati² aja gw ingetin ya anak muda.
mbahdukunspiritual",2026-01-28T22:53:23.000Z,https://www.threads.com/@mbahdukunspiritual/post/DUEmNHhEzng,IHSG,2026-05-05T17:04:22.507400
stockjournal.id,"Materi saham bisa klik link di bio
BUMI apalagi, tadi hakian mencapai 20 juta lot dalam hitungan menit dan beberapa papan hilang hanya dalam itungan detik. Kalau bukan algo asing seharusnya tidak se sadis ini buangan nya
IHSG tiba2 anjlok tadi sekitar jam 14.20 an. Hampir semua saham2 likuid terkena hakian yg sangat besar. Seharusnya hakian berasal dari algo asing, karna terlalu sadis buangan nya.",2026-01-12T08:59:28.000Z,https://www.threads.com/@stockjournal.id/post/DTZ6DZRk-sO,IHSG,2026-05-05T17:04:22.626984
mikelsaham,"Singapore : saya hanya punya SGD.
Vietnam : MSCI $VNAM. 2025 terbaik se asia tenggara.
China : MSCI $MCHI, atau pakai etf blackrock saham china yg listing di hongkong $FXI.
Malaysia : MYR cash + deposito.
Jadi Investor Global",2026-04-28T15:42:27.000Z,https://www.threads.com/@mikelsaham/post/DXrkbq0CW1T,IHSG,2026-05-05T17:04:22.733749
mikelsaham,"Belum lagi di ETF World Index, emerging market dan bursa yang tidak termasuk di gambar. Jadi jangan lupa diversifikasi ya.
Australia : AUD cash.
Indonesia : IHSG ku tercinta. Walau turun tetap anti badai. Portfolio terbuka live setiap hari di discord jam 9 free.
Jadi Investor Global",2026-04-28T15:42:27.000Z,https://www.threads.com/@mikelsaham/post/DXrkbqnCZDg,IHSG,2026-05-05T17:04:22.838852
jurnaltrader.id,"Semoga semua follower gw bisa punya strategi masing2. Dan cuan berjamaah. Amein... 🤲
Itu selisihnya jauh banget lho.
Tapi kalo nyampe di 7,233 artinya bagus. Siapin aja modal yg banyak... 😊
Kalau nggak kuat, ya jebol lagi ke support berikutnya di : 7,233.
Besok ada kemungkinan buat IJO dulu. Testing resisten 7,617.
IHSG punya titik penting di 7,950. Kemungkinan mgg depan baru bisa tercapai. Rada jauh soalnya.
Mohon perhatian dulu sebentar ya adik2. SS, tinggalin jejak di post ini.",2026-03-04T09:13:15.000Z,https://www.threads.com/@jurnaltrader.id/post/DVdQK89ku1v,IHSG,2026-05-05T17:04:22.986561
thisardian,"Anw tadi IHSG capai 9.000
Alhamdulillah IHSG ATH Portofolio juga ikut ATH 😄
Hari ini TP beberapa saham sebagian masih hold untuk lanjut swing",2026-01-08T03:52:56.000Z,https://www.threads.com/@thisardian/post/DTPDyzGkfgR,IHSG,2026-05-05T17:04:23.092088
lidiamargaretha,"Semoga ihsg cepat pulih , kami gak sabar pesta pora buat merayakan nya , lompat guling di tanah gitu 🫠🫠🫠
Puji Tuhan mari bersyukur di April masih cuan kotos kotos segini , di syukuri aja nanti Tuhan tambahkan berkat dan nikmat Nya lagi, amin.",2026-04-30T10:14:52.000Z,https://www.threads.com/@lidiamargaretha/post/DXwIiHWGVIQ,IHSG,2026-05-05T17:04:23.208476
hengky.lim.9,"pembukaan pagi ini di buka menguat, dimana Peluang deeskalasi Amerika-Iran kembali meningkat dan menopang sentimen positif di pasar global. IHSG berhasil break high pagi ini, semoga sampai akhir sesi penutupan berhasil closing di atas area 7.154 yaa ☺
Update 01 April 26",2026-04-01T02:11:41.000Z,https://www.threads.com/@hengky.lim.9/post/DWkmLzXgc2Y,IHSG,2026-05-05T17:04:23.321393
liqrgv,"Maaf ga paham kak.
Hubungan saham indonesia sama ekonomi maju apaan?",2026-04-15T00:50:55.000Z,https://www.threads.com/@liqrgv/post/DXIgEdhgevC,IHSG,2026-05-05T17:04:23.414946
kik.satya,Bisa cek google kolerasi ihsg dan ekonomi .,2026-04-15T01:13:00.000Z,https://www.threads.com/@kik.satya/post/DXIimL0mA_v,IHSG,2026-05-05T17:04:23.503833
ibnuarifrisyat_,KOK BISA?! IHSG SEKARANG TIBA2 7500!,2026-03-06T04:28:04.000Z,https://www.threads.com/@ibnuarifrisyat_/post/DVh5H4VEnt1,IHSG,2026-05-05T17:04:23.624492
aagungrr,"Good morning, wishing a speed recovery",2026-04-27T02:07:02.000Z,https://www.threads.com/@aagungrr/post/DXniUhWk2mk,IHSG,2026-05-05T17:04:23.729554
_michaelyeoh,"#saham #stocks #investasi
Buat kalian yg kelewat di 2025, apa km siap?
Ini cm mslah waktu hingga aksi taking profit ini kembali menjadi titik akumulasi
Tapi investor asing tidak pernah melihat dalam jangka pendek, time horizon mrka jauh lebih panjang
Setelah IHSG menyentuh 9.000 hari ini, wajar jika terjadi koreksi..",2026-01-08T11:51:20.000Z,https://www.threads.com/@_michaelyeoh/post/DTP6iltEwtB,IHSG,2026-05-05T17:04:26.667526
vereshanz,#IHSG #Transaksi lesu cuma 11T ...maybe faktor uda mau liburan hari raya..,2026-03-11T08:07:36.000Z,https://www.threads.com/@vereshanz/post/DVvKORMExEx,IHSG,2026-05-05T17:04:26.767723
dnardsh,"I HA ES GE
Sebulan terakhir...be laik
Kalau adaa 9 miliarrr 🎵🎵🎵",2026-02-07T10:42:28.000Z,https://www.threads.com/@dnardsh/post/DUdCgfjj-fe,IHSG,2026-05-05T17:04:26.985694
ma_huann,Siap-siap awal thn 2026 IHSG akan diguncang oleh emiten perkapalan yg akan dipimpin langsung oleh armada LNG house Targaryan. 😁,2025-12-27T19:41:52.000Z,https://www.threads.com/@ma_huann/post/DSx22ffEmDz,IHSG,2026-05-05T17:04:27.172458
kipigolucky,"Istri to istri
SPILL pekerjaan sampingan kalian dong guys? Siapa tau bisa menginspirasi untuk bekerja di rumah sambil momong anak",2026-03-30T21:06:21.000Z,https://www.threads.com/@kipigolucky/post/DWhecpHk378,IHSG,2026-05-05T17:04:27.273733
agungpharm,"Yang mau avg down tunggu area bottom dulu paling aman.
Saat market bearish begini yang aman mengoleksi saham dividen karena sambil menunggu market bearish selesai kita dapat dividen.
Kemungkinan besar 95% market di Asia hari senin nanti akan merah lagi, prediksi IHSG akan ada di area 6.800-6.900 dengan penurunan yang akan dipimpin oleh saham-saham perbankan dan blue chip.
Indeks S&P 500 ditutup minus 2% dan saham Sektor Teknologi dan Financial memimpin penurunan dengan rata-rata turun 2-3%.",2026-03-27T21:25:38.000Z,https://www.threads.com/@agungpharm/post/DWZyRQRE3YB,IHSG,2026-05-05T17:04:27.601197
alfhadnur,"Eskalasi Konflik AS–Iran & Dampaknya ke IHSG
Donald Trump mengumumkan serangan militer besar AS–Israel ke Iran. Beberapa pejabat tinggi Iran, termasuk Ali Khamenei, dilaporkan tewas. Iran membalas dengan serangan ke negara Teluk dan memberi peringatan ke kapal tanker di Selat Hormuz — jalur vital yang dilewati ±20% ekspor minyak global dan mayoritas LNG dunia.
Gangguan di Selat Hormuz meningkatkan risiko logistik, biaya asuransi, serta potensi gangguan pasokan energi global.",2026-03-03T09:33:53.000Z,https://www.threads.com/@alfhadnur/post/DVatvJmkxLX,IHSG,2026-05-05T17:04:30.715395
nandaels,"TOP gainer cuma beberapa saham, DADA pun masuk nominasi 🙃",2026-01-28T06:43:44.000Z,https://www.threads.com/@nandaels/post/DUC3PPIErfl,IHSG,2026-05-05T17:04:30.816637
fadholt2,"Saat market merah membara, yang mana berpengaruh dengan rontoknya IHSG, jadi inget para influncer nge-pump emiten emiten konglo yang sudah over price. Dan sekarang saat gejolak geopolitik makin memanas, terbukti, harga wajar dan fundamental itu masih work. Saat yg lain pada rontok justru ITMG yg malah perkasa bak anomali di bursa dan bangkit dari kubur",2026-03-09T11:21:45.000Z,https://www.threads.com/@fadholt2/post/DVqW2b1iXWB,IHSG,2026-05-05T17:04:30.911733
m.hilmansal,diliat dari trendnya ini IHSG bakal ijo nggak ya minggu depan?,2026-04-24T22:56:38.000Z,https://www.threads.com/@m.hilmansal/post/DXiC8KYk4u7,IHSG,2026-05-05T17:04:31.012267
sammsiah,"Selamat malam minggu, dari IRT yang nyambi cari cuan di IHSG ❤️
Pelajaran terbaik adalah pengalaman..
Bismillah hasil Bulan November lebih baik, krn sudah lebih teliti lagi.. Kalo mo tenis, sudah close saham2 yg terlalu volatif.. hehehe..
Hasil kerja keras sebulan.. Hampir habis gara2 beberapa kali lupa pasang trailing stop, lalu ditinggal tenis 😢😢😢",2025-11-22T15:18:04.000Z,https://www.threads.com/@sammsiah/post/DRXQ1s6EiTL,IHSG,2026-05-05T17:04:31.140496
sotoaayaam,"Kalau males ribet, ya udah beli aja S&P 500 atau Nasdaq. Udah cukup oke. Tapi ada satu emiten lagi di sektor semikonduktor itu menarik banget. Ada satu perusahaan, chip-nya dipakai di hampir semua gadget, negaranya deket China… ya tau lah ya.",2026-04-26T09:11:23.000Z,https://www.threads.com/@sotoaayaam/post/DXluFsLGX5H,IHSG,2026-05-05T17:04:31.240563
sotoaayaam,"Kalo di Indo, IHSG lagi nggak enak dilihat, apalagi kalau liat bank2 gede. Turunnya lumayan dalam dari atas. Tapi apakah berarti jelek selamanya? Gue rasa enggak.",2026-04-26T09:11:55.000Z,https://www.threads.com/@sotoaayaam/post/DXluJl2GQdS,IHSG,2026-05-05T17:04:31.330983
jai__ds,"Pacaran umur 29 itu bahasnya apa sih?
Rumor IPO ? Atau info saham gorengan ?",2026-04-19T16:13:21.000Z,https://www.threads.com/@jai__ds/post/DXUc0FNlDUr,IHSG,2026-05-05T17:04:31.759824
davidevina,IHSG kak bahasnya,2026-04-20T04:04:14.000Z,https://www.threads.com/@davidevina/post/DXVuKuKk3Eg,IHSG,2026-05-05T17:04:31.845116
ngobrolstock.id,"👉 Menurut Kawan Cuan, IHSG siap tutup gap atau lanjut koreksi dulu? 💬📉
Market sedang dalam fase penentuan arah.
Jika gagal bertahan di atas 8115, potensi koreksi lanjutan menuju area 7900 kembali terbuka.
IHSG berhasil rebound setelah menyentuh area demand dan kini bergerak di antara:
🔹 Resistance : 8407
🔹 Support : 8115
Terlihat ada gap up di atas yang masih berpotensi menjadi magnet harga. Namun selama belum mampu breakout 8407, pergerakan masih rawan tertahan.
📊 IHSG OUTLOOK | 16/02/2026",2026-02-16T05:07:39.000Z,https://www.threads.com/@ngobrolstock.id/post/DUznWD8icj7,IHSG,2026-05-05T17:04:34.729806
baypiero_,"Saya cutloss Avanza second hari ini 🤧😅
Teman-teman belajarlah untuk disiplin
Jika saham yang kalian beli turun atau tidak sesuai planning lebih baik cutloss amankan modal dan cari saham potensial lagi. Biar kalian tidak pensiun dini di market 😇",2026-01-28T04:32:46.000Z,https://www.threads.com/@baypiero_/post/DUCoQBykqlP,IHSG,2026-05-05T17:04:34.823498
sweetgaluh,Emang kalo cutloss skrg masih ada sahan potential yg bakal ijo/survive di kondisi ihsg kaya gini?,2026-01-28T05:33:50.000Z,https://www.threads.com/@sweetgaluh/post/DUCvPSQkdFO,IHSG,2026-05-05T17:04:34.915706
risyana_talk,"Semangat,.
Big bank sebagai emiten simbol kepercayaan diri investor saat ini menjadi sektoral yang menjadi beban market karena selalu membuat new low lagi 😵‍💫😵‍💫😵‍💫.
Diluar Espektasi, ternyata turun nya lebih dari 1%. Alhasil dari pagi jadi penonton setia ihsg.",2026-04-24T06:10:55.000Z,https://www.threads.com/@risyana_talk/post/DXgP2JBGXU8,IHSG,2026-05-05T17:04:35.028170
moccatomells_,"Day #14 tanam offline dan tanam online
Sore tadi IHSG tiba2 turun drastis. Ada beberapa saham hold ku yang turun, tidak goyah TP, kita malah tambah muatan 😄😄
#saham #belajar #tanam #investasi",2026-01-12T09:13:52.000Z,https://www.threads.com/@moccatomells_/post/DTZ7s2_CRvb,IHSG,2026-05-05T17:04:35.240563
jurnaltrader.id,"IHSG ke 7,233... 💃🕺
Sekarang gw mau pompom.
Tapi pompom biar turun lebih dalem... 😂
Bersyukur banget udah clearing porto tepat pada waktu-NYA.",2026-03-06T04:37:26.000Z,https://www.threads.com/@jurnaltrader.id/post/DVh6JmZkhbl,IHSG,2026-05-05T17:04:35.362573
chunkybo_i,"IHSG runtuh karena presiden yang ongon ngurus ekonomi, mengurangi jatah untuk pendidikan di anggaran APBN dan memaksakan program MBG yang sangat amat malah yang bisa buat negara rubuh. Fark you, wowo",2026-01-28T10:34:28.000Z,https://www.threads.com/@chunkybo_i/post/DUDRpMmEwAp,IHSG,2026-05-05T17:04:35.553880
dayoneinvesting.id,"Di chart IHSG rentang 20 Sep’24 - 10 Mar’26 terlihat:
1. 20 Sep’24 - 4 Apr’25: turun 25,6%;
2. 4 Apr’24 - 20 Mei’25: naik 23%;
3. 23 Jun’25 - 13 Okt’25: naik 22,8%;
4. 20 Jan’26 - 9 Mar’26: turun 22%.
Field of study di analisa teknikal IHSG, dan yang kuambil adalah gambaran besarnya (makro).
Kali ini aku mau bahas tentang “the game of probability”.
Technical Analysis
dayoneinvesting.id",2026-03-11T00:47:11.000Z,https://www.threads.com/@dayoneinvesting.id/post/DVuX0gRkkZ9,IHSG,2026-05-05T17:04:35.681171
hendrycandra,IHSG all time high tapi Rupiah impoten. Artinya? SEKTOR RIIL GAK GERAK!,2026-01-16T03:58:09.000Z,https://www.threads.com/@hendrycandra/post/DTjqv_TkzFA,IHSG,2026-05-05T17:04:35.785347
igitpermanasigart,"Ada yg mau nambahin guys 😂😂
Nama : Sesuai Bio
Tempar kerja : IHSG
Jabatan : Exit Liquidity
Hobi: haka pucuk
Pengalaman : Trading Halt 5x, ARB 5x beruntun
Tanggal lahir : Covid
Prestasi : Beli Bumi 450, PTRO : 12.000 , DADA 240, COIN 4000
Total Loss : 100 juta lebih
Kejiwaan : Terganggu 🤣🤣🤣
Profil resiko : High risk low return 🤣
Ijin Memperkenalkan diri 🤣🤣🤣
igitpermanasigart",2026-02-05T10:32:30.000Z,https://www.threads.com/@igitpermanasigart/post/DUX3xuFkkxX,IHSG,2026-05-05T17:04:38.623139
lisdii_,"Saatnya akumulasi saham indo, hehe, thesisnya sederhana, ihsg blm double top gak ada divergence, dan berdasarkan theori Eliot wave sedang mencari bottom di wave ke 4 dengan target wave ke 5 di 10.000
#ihsg #bei
#ihsgbulish",2026-02-02T11:59:33.000Z,https://www.threads.com/@lisdii_/post/DUQTWs4EtE6,IHSG,2026-05-05T17:04:38.733126
donovest_,"jadi emang masih ada risk tp tetep harus objective melihat data dan kondisi, biar ga terlalu over fear yg nantinya malah ke miss golden opportunity
-rupiah melemah krn ada banyak jatuh tempo utang terdekat ini shg BI susah intervensi langsung, makanya perlu waktu, tapi outflow rupiah jg udh mulai mereda, kepemilikan asing di bonds kita jg mulai mengecil jd outflow terbatas
-fundamental dan corporate action banyak perusahaan juga masih berjalan artinya? masih akan ada growth dan ekspansi",2026-04-28T17:03:43.000Z,https://www.threads.com/@donovest_/post/DXrtu4jEy6s,IHSG,2026-05-05T17:04:38.885125
jurnaltrader.id,"Semua follower gw harus cuan duluan pd saatnya nanti... ☺
Apalin semua titik IHSG yg sdh aku kasih. Itu titik penting semua. Biar tau lari kemana arahnya tanpa perlu liat chart.
Abis itu ya you know deh larinya kemana...
Minggu depan memang ada kemungkinan buat rebound testing resisten 7,661 lagi. Mungkin dr buyback, atau spekulasi. Yg kemungkinan bakalan cuma jadi kucing mati loncat2.
Kalau nanti ada yg bilang bahwa IHSG TRIPLE BOTTOM... Lu iyain aja...",2026-03-06T06:03:04.000Z,https://www.threads.com/@jurnaltrader.id/post/DViD_vzEtOm,IHSG,2026-05-05T17:04:39.024248
booktopia_id,ADRO AADI saya tetep idola di saat ihsg merah 😂,2026-04-09T04:47:03.000Z,https://www.threads.com/@booktopia_id/post/DW5eUufAWCH,IHSG,2026-05-05T17:04:39.203587
vicky_tandela,"Hari ini memutuskan cut loss PIPA
Agak sayang si - 1.3 juta.
Tapi pas cek riwayat ternyata dulu lebih parah
Cutloss cdia sampe 4 juta 🤣",2026-02-06T02:34:49.000Z,https://www.threads.com/@vicky_tandela/post/DUZl6Bkk2pB,IHSG,2026-05-05T17:04:39.300928
happytrader.co,"Kalau IHSG downgrade ke frontier beralih menjadi kang cilok,
Apakah happytrader.co berubah menjadi happycilok.co ? Kacau kacau kacau 😅",2026-04-02T12:05:14.000Z,https://www.threads.com/@happytrader.co/post/DWoO5_MFK8K,IHSG,2026-05-05T17:04:39.405154
istridarisurgamu,"Sudah pulih kah ini ihsg? 🤣 apa tipu2 teknikal saja
istridarisurgamu",2026-03-16T07:51:31.000Z,https://www.threads.com/@istridarisurgamu/post/DV8AWykEaFo,IHSG,2026-05-05T17:04:39.507299
josephgabetua,"#Prabowo #Konglomerat #SignalingTheory #EkonomiPolitik #NamoraTalks
Gimana menurut lo, stabilitas ini kabar baik atau justru perlu waspada? 🤔
Sinyal buat siapa? tonton sampai habis!
Signaling Theory, Ketimbang pidato yang tafsirnya ke mana-mana, mending kasih sinyal satu kubu biar pasar nggak ragu.
""Hashim: Prabowo marah besar IHSG jatuh""",2026-02-12T04:46:12.000Z,https://www.threads.com/@josephgabetua/post/DUpRtSAicbh,IHSG,2026-05-05T17:04:39.647579
auraakhman,"IHSG Ambles Nyaris 5 Persen, Airlangga Sebut Imbas Aksi FOMO Investor
Mari kita bahas bersama secara perlahan .-0-
Tapi… benarkah sesederhana itu?
IHSG turun hampir 5% dalam sehari.
Sebagian pejabat menyebut ini akibat aksi FOMO investor.
==IHSG Jatuh Tajam: Benarkah Ini Cuma Karena Investor FOMO?==
idntimes.com/busin…",2026-02-02T11:06:21.000Z,https://www.threads.com/@auraakhman/post/DUQNRBEj1yo,IHSG,2026-05-05T17:04:42.980758
desta_husnula,Hapcu semoga Minggu depan IHSG ijo,2026-04-10T14:02:21.000Z,https://www.threads.com/@desta_husnula/post/DW9CqwRE6c2,IHSG,2026-05-05T17:04:43.163668
halo_ijah,"terkadang ya jadi seorang trader tuh bukan cuma tentang bisa profit aja, tp juga tentang bisa survive dikala ihsg yang kaya roller coaster🎢",2026-03-27T10:15:15.000Z,https://www.threads.com/@halo_ijah/post/DWYljHUD-Cy,IHSG,2026-05-05T17:04:43.265030
investbarengoei,Suram ga nih ? Atau Cerah ?,2026-04-30T11:06:37.000Z,https://www.threads.com/@investbarengoei/post/DXwOdFJExDs,IHSG,2026-05-05T17:04:43.364440
theferdians,To the moon nggak mas?,2026-04-17T08:06:48.000Z,https://www.threads.com/@theferdians/post/DXObisgFL6I,IHSG,2026-05-05T17:04:43.461796
dayoneinvesting.id,"Rupiahnya to the moon. IHSG to the point 🤭
dayoneinvesting.id",2026-04-17T08:10:45.000Z,https://www.threads.com/@dayoneinvesting.id/post/DXOb_njEVtt,IHSG,2026-05-05T17:04:43.545061
itsaquilla_,"Di kala IHSG merah, notifikasi seperti ini yang ku tunggu, lumayan lah ya buat ngopi😆",2026-04-08T00:50:47.000Z,https://www.threads.com/@itsaquilla_/post/DW2efYNEuvU,IHSG,2026-05-05T17:04:43.794204
markeapjeal,"ijo kak ihsg, kok merah?",2026-04-08T03:16:03.000Z,https://www.threads.com/@markeapjeal/post/DW2vHWHGJDS,IHSG,2026-05-05T17:04:43.884041
susanasrihandayani,"TEBE, JARR, BRPT, FAST,JPFA,BUMI, GZCO gasss terussss gendong IHSG sampe 8.400 san
susanasrihandayani",2025-11-12T04:52:37.000Z,https://www.threads.com/@susanasrihandayani/post/DQ8ZUAliQjB,IHSG,2026-05-05T17:04:46.932203
fangdessy,"Ini analisa aja, dan bisa salah. Semangat 🔥🔥🔥
Strategi : trading jangka pendek, spare cash
The worst scenario IHSG 5900-6000
View IHSG menurut gw dalam 1 minggu ini akan retest resisten 7200, kemudian akan koreksi ke 6500-6800. Kemungkinan bottom IHSG akan terjadi di bulan Mei, pas momen sell in may, go away.",2026-03-24T16:52:15.000Z,https://www.threads.com/@fangdessy/post/DWRkmMRE1zj,IHSG,2026-05-05T17:04:47.067817
giovan.prd,"Tahun lalu setelah lebaran, sempet halt sekali dan setelahnya rebound trs rally. Akankah terulang tahun ini?o
Market masih minus dan semakin sepi krn mau long holiday.",2026-03-13T15:05:38.000Z,https://www.threads.com/@giovan.prd/post/DV1Dpr6D8VV,IHSG,2026-05-05T17:04:47.156854
vindyaulia,Cowo cowo tuh kalo nongkrong biasa pada bahas apaan sih? 🤔,2026-04-20T10:42:48.000Z,https://www.threads.com/@vindyaulia/post/DXWbx8AGsHv,IHSG,2026-05-05T17:04:47.254787
herri_permana74,"Kurs mata uang, neraca ekspor impor, pergerakan harga IHSG, angka pengangguran terbuka, pertumbuhan produk domestik bruto, kebijakan moneter BI dll gitulah",2026-04-20T11:13:29.000Z,https://www.threads.com/@herri_permana74/post/DXWfSq_CU3W,IHSG,2026-05-05T17:04:47.341062
igitpermanasigart,"SOLUSI IHSG 20.000K 🤣😂
igitpermanasigart",2026-03-13T13:43:13.000Z,https://www.threads.com/@igitpermanasigart/post/DV06OIeoL2C,IHSG,2026-05-05T17:04:47.441233
happytrader.co,IHSG +4% yukkk 🚀,2026-04-08T07:46:02.000Z,https://www.threads.com/@happytrader.co/post/DW3OAueFCp7,IHSG,2026-05-05T17:04:47.735867
susanasrihandayani,"Mak mak masak ❌️
Mak mak gofood ✅️
Waktu masak > buat trading 🤭
Bulanan jajan gofood ketutup dari IHSG
Dari pada masak mendingan gofood itung2 bantu per ekonomian negara...
susanasrihandayani",2025-11-07T05:09:04.000Z,https://www.threads.com/@susanasrihandayani/post/DQvjODjifpC,IHSG,2026-05-05T17:04:48.130216
saniitale,"Baru juga 3 bulan belajar saham , udah dikasih cobaan ihsg merah 😩
Tp alhamdulillah bisa dikasih rejeki lebih , setara gaji sebulan ngantor 🙏",2026-01-31T04:10:33.000Z,https://www.threads.com/@saniitale/post/DUKUF7CkRvx,IHSG,2026-05-05T17:04:48.551834
wulanmiulan,"Tetep disyukuri hasilnya bulan keempat belajar Saham 🥳
Jadi pengalaman baru & pelajaran untuk gak panik Selling kalo trading halt lagi. Dan mulai disiplin agar bisa manage resiko dg lebih baik lagi..
Agak syok kmrn jd CL CL takut hari ini Arb lagi, Ternyata hari ni IHSG bangkit…
Pemulaa kena mental pas Trading Halt, dari profit 44jt jadi 19jt 🥹 hampir semua saham Arb 2 hari berturut2…",2026-01-30T04:54:30.000Z,https://www.threads.com/@wulanmiulan/post/DUH0U4ZE_mj,IHSG,2026-05-05T17:04:48.834383
notesbymaru,"Rivan Kurniawan buka dengan nada hati-hati tapi optimis. IHSG lagi di level all time high, tapi justru itu momen buat nyari saham undervalued. “BBRI, BSDE, KLBF, dan SSMS masih punya cerita menarik,” katanya di Market Buzz.",2025-11-06T21:58:23.000Z,https://www.threads.com/@notesbymaru/post/DQux5DgiO78,IHSG,2026-05-05T17:04:52.581534
ijal_idn,Yoshh kembali ke konten edukasi Menjadi cenayang IHSG Januari-Maret 2026 Video ini diambil saat bahas Market Outlook 2026 ditanggal 28 Desember 2025 Anggap saja kebetulan terjadi Namun setidaknya saya dan teman2 digrup bisa selamat Diawal tahun 2026 ini Semoga menjadi pembelajaran buat kedepannya ya Semangat all🤗🦾🦾 #viral #IHSG #trading #investing #proyeksi,2026-03-07T17:21:28.000Z,https://www.threads.com/@ijal_idn/post/DVl2bVEiafV,IHSG,2026-05-05T17:04:52.694814
alfindigitalcom,"BEI Rilis Daftar Merah. 9 Saham Ini Kepemilikannya Nggak Wajar. 2 April kemarin, BEI dan KSEI resmi rilis daftar emiten dengan kepemilikan terkonsentrasi tinggi (HSC). Artinya? Saham emiten ini dikuasai 95-99% oleh segelintir orang. Yang beneran beredar di market yang kamu dan aku main tiap hari? Sisa 1-5% aja. Kamu pikir lagi trading di pasar terbuka. Padahal kamu rebutan remah-remahnya. 9 emiten masuk daftar: BREN, DSSA, AGII, SOTS, ROCK, IFSH, MGLV, LUCY, RLCO. Detail lengkap di slide.",2026-04-05T13:13:11.000Z,https://www.threads.com/@alfindigitalcom/post/DWwFEQOiepF,IHSG,2026-05-05T17:04:52.808963
pinconecorner,"SELAMAT SORE RItel ritel unyu🥰🥰
Kalian kok pada panik sih? Kemarin kemarin kayaknya banyak “Orang Jenius” pas lagi Bullish kemana kah orang orang yang pamer porto tersebut? Untung saya sudah stop trading di bulan Desember. Gimana rasanya nyangkut atau malah jadi tukang cuci piring orang lain di bursa. Sekali lagi jangan fomo di bursa kalo ga mau jadi tukang cuci piring orang lain. INI INVESTASI BUKAN BERJUDI!!",2026-03-06T09:00:53.000Z,https://www.threads.com/@pinconecorner/post/DViYWHck0Zr,IHSG,2026-05-05T17:04:52.910622
dechristianpoer,"Kalau pintar dianggap salah, mungkin memang lebih aman jadi bodoh tapi ramai pengikut.
Istirahat saja bu,
IHSG pun kecewa,
Di hormati bank dunia, dijarah di tanah sendiri,",2025-09-08T22:22:01.000Z,https://www.threads.com/@dechristianpoer/post/DOW5vL5EuWR,IHSG,2026-05-05T17:04:53.028369
yohanespeterr,"Proud, saksi sejarah pertama kali terjun market. Tetap tenang dan biarkan hari berjalan
Minggu ini keras bgt
2 hari market IHSG crash
2 kali trading halt
Petinggi BI dan OJK mundur
Gold turun banyak
Silver turun banyak
Btc turun banyak
Eth turun banyak",2026-01-31T04:24:24.000Z,https://www.threads.com/@yohanespeterr/post/DUKVrY4EWYJ,IHSG,2026-05-05T17:04:53.349077
natamodal,"Dampaknya:
Harga Oil turun signifikan📉
IHSG Rebound 3%📈
Donald J. Trump setuju dengan genjatan senjata selama 2 minggu.",2026-04-08T06:30:12.000Z,https://www.threads.com/@natamodal/post/DW3FVWREvCE,IHSG,2026-05-05T17:04:53.469294
jurnaltrader.id,"Track IHSG sudah pernah aku info sebelumnya. Check aja di TL ku... 🙏
Portoku udah clear. Tadi dikasih kesempatan buat sell higher. Sekarang sudah tenang. Mau nyuksruk ambles ya silahkan... ☺
Chart-nya kamu bisa baca sendiri. Biarkan dia yg bercerita.
Pantauan IHSG hari ini. Kamis 5 Maret 2026 jam 09,32.",2026-03-05T02:36:18.000Z,https://www.threads.com/@jurnaltrader.id/post/DVfHidhkkOM,IHSG,2026-05-05T17:04:53.617976
irwanbstrd_,"Senin gimana nih😂,Ritell jangan pada Pensiun dulu 😂",2026-04-03T07:37:39.000Z,https://www.threads.com/@irwanbstrd_/post/DWqVFB1k6eU,IHSG,2026-05-05T17:04:53.743370
hilyaken01,"Meskipun ga punya disaham2 yg masuk HSC , tp ikut deg2 an sih liat IHSG Senin nanti",2026-04-03T07:42:51.000Z,https://www.threads.com/@hilyaken01/post/DWqVrDCD2W_,IHSG,2026-05-05T17:04:53.839474
ekky1995_,"BEI :
""8.232,2 gak sih? 😂""
WNI (Threads) :
""IHSG itu aslinya cuma di angka 5.000 s/d. 6.000-an doang""",2026-01-30T10:04:39.000Z,https://www.threads.com/@ekky1995_/post/DUIX0lJE5fv,IHSG,2026-05-05T17:04:53.947001
ekjlifestory,"Note:
- Find ur style. Have a little faith.
- Tujuannya cuan, bkn terlihat pintar.
- Utk cuan perlu action. TP dan SL.
- Belajar melepaskan atau sabar.
Entah kenapa ada keyakinan emiten mereka bs bounce-back “paling kuat” dan “paling cepat”. Ini keykinan sy. Kalo analisa, banyak lah yg lbh jago.
IHSG ditarik dr 9K ke 7K. Banyak emiten konglo ngerem mendadak. Fase resting jd lbh lama. Dunia sedang uncertain juga.",2026-04-30T15:30:20.000Z,https://www.threads.com/@ekjlifestory/post/DXwsomvCJNV,IHSG,2026-05-05T17:04:54.077016
emirparengkuan,"#BREN #DSSA #saham #IHSG
Menurut kalian BREN & DSSA bakal gimana nasibnya? 🥲",2026-04-02T18:47:27.000Z,https://www.threads.com/@emirparengkuan/post/DWo87k2j8IM,IHSG,2026-05-05T17:04:54.189076
maranatasianturi,"Bren dan dssa auto nyungsep besok Senin, tentu IHSG punya beban yang berat untuk memasuki area hijau kalau gak ada buying power dari smart money di hari Senin atau beberapa hari kedepan,
maranatasianturi",2026-04-02T20:39:13.000Z,https://www.threads.com/@maranatasianturi/post/DWpJueLE-cB,IHSG,2026-05-05T17:04:54.292381
anggadwipea,Stockbit = komunitas marah marah,2026-03-09T09:03:34.000Z,https://www.threads.com/@anggadwipea/post/DVqHCbYEt1S,IHSG,2026-05-05T17:04:54.395105
akhmadamaanullah,"Semakin nyata adanya ☝️😉📉
""Sudah jatuh, tertimpa tangga,
durian runtuh, busuk buahnya,
dijual tak laku, pejabat masih kaya""
Walau tak bisa kita tampik peran Donald Bebek sangat besar dalam krisis kali ini, namun juga tak dapat dipungkiri bahwa kecerobohan rezim Prabowo di atas legalnya korupsi Jokowi membuat pepatah:
akhmadamaanullah",2026-03-10T01:08:56.000Z,https://www.threads.com/@akhmadamaanullah/post/DVr1g59E4VG,IHSG,2026-05-05T17:04:54.526076
ijal_idn,"Jakarta, Indonesia
#ipo #IHSG #wbsa #rlco #fyp
1 SID = 1 KTP dan bisa punya beberapa sekuritas
Yosh kembali lagi dikonten edukasi
Kali ini kita akan edukasi perbedaan jumlah antrian dan Sid yang berpartisipasi pesan ipo",2026-04-22T16:12:52.000Z,https://www.threads.com/@ijal_idn/post/DXcLI5Wk42L,IHSG,2026-05-05T17:04:54.644258
logika.saham,IHSG 17 Maret 2026 ditutup hijau di level 7106,2026-03-17T12:46:37.000Z,https://www.threads.com/@logika.saham/post/DV_G7FYEYA6,IHSG,2026-05-05T17:04:57.618086
queennakey7,"Porto merah membara. Jangan lupa makan manteman. Jangan udah mah saham minus, asam lambung naik pula. Biaya rumah sakit mahal. 😂",2026-01-28T04:34:50.000Z,https://www.threads.com/@queennakey7/post/DUCofLhDzgh,IHSG,2026-05-05T17:04:57.718635
tonnikho,"Indah betul IHSG hari ni 🥰
Ijo semuaaaaaaa...😭",2026-04-08T08:50:36.000Z,https://www.threads.com/@tonnikho/post/DW3VZscklSB,IHSG,2026-05-05T17:04:58.123639
dramauang,"IHSG naik.
IPO makin rame.
Tapi kenapa banyak orang gak ikut cuan? 🤔",2026-04-01T04:10:09.000Z,https://www.threads.com/@dramauang/post/DWkzvhBD0Cu,IHSG,2026-05-05T17:04:58.212739
hengky.lim.9,"seperti yg sudah di bahas tadi pagi soal IHSG, semua saham yg terdampak drop kemarin saat ini, mempunyai range resistance dan support yg sangat lebar, artinya kita harus siap2 dengan jarak support yg lebar tsb, dan utk posisi entry pun harus di sesuaikan kembali risknya, krn rata2 risk di atas 10% , jgn sampai nanti kita entry ALL IN tnpa menghitung risk nya 😒
Update 13 Januari 26",2026-01-13T07:10:27.000Z,https://www.threads.com/@hengky.lim.9/post/DTcSXwXgbua,IHSG,2026-05-05T17:04:58.340233
andrinstein,"Ketika IHSG ijo, beranda gua mulai banyak utas porto berseliweran 😂",2026-04-10T05:41:12.000Z,https://www.threads.com/@andrinstein/post/DW8JUKwkQRx,IHSG,2026-05-05T17:04:58.430283
theferdians,"Semua tesis di atas akan dicoret kalau ASING TIBA-TIBA MAU INFLOW 1 T per HARI.
View gue masih sama :
1. Belum ada divergence di chartnya.
2. Belum ada inflow yang masif.
3. Ya karena emang masih fase downtrend.
((MANA YANG KATANYA IHSG KE 5000))???
No debate ya, keliatan dari struktur marketnya kok.
IHSG MASIH DOWNTREND.",2026-04-08T15:44:39.000Z,https://www.threads.com/@theferdians/post/DW4EyOtFAhj,IHSG,2026-05-05T17:04:58.580627
theferdians,"Beberapa saham big caps bahkan IEP-nya deket harga ARA ketika pre-opening.
Bahasa awamnya, IHSG diangkat kemudian diganjel di harga atas. Selebihnya, kalau mau naikin, tinggal haka dengan modal yang nggak ""terlalu besar"".
Jadi gini, IHSG hari ini gap up hampir 3%. Kalau buat yang nggak tau, bisa terjadi gap up karena pembentukan harga ketika pre-opening, orang cenderung antri beli jauh di atas harga closing kemarin.
+ 4.42%, volume transaksi 22 T, Foreign inflow 573 Milyar.",2026-04-08T15:44:46.000Z,https://www.threads.com/@theferdians/post/DW4EzLBlJI6,IHSG,2026-05-05T17:04:58.711944
maulanahr_,"Meskipun guncangan AS IRAN masih panas, posisi Trump saat ini lagi kejepit. Berdasarkan data dari Bloomberg, approval trump terus turun. Ketika tekanan politik terus meningkat, ada potensi Trump mengeluarkan kebijakan yang Pro Market. Sehingga peluang naik semakin besar.
Harga terendah bulan ini sudah sama dengan harga IHSG di bulan Juni 2025. IHSG naik kenceng setelah bulan Juni tahun kemarin. Akankah momentum ini akan terulang kembali ?
Update Indeks Harga Saham Gabungan ( IHSG ).",2026-04-13T02:43:18.000Z,https://www.threads.com/@maulanahr_/post/DXDjV52AUFs,IHSG,2026-05-05T17:05:01.630788
randy_af30,"Ihsg mulai rebound, apakah akan terus up nihh🔥",2026-04-14T15:32:43.000Z,https://www.threads.com/@randy_af30/post/DXHgMFlgTY4,IHSG,2026-05-05T17:05:01.724552
jir_sky_cz,"Saat ihsg berdarah, ttp hrs bs cuan💪🔥🚀😆🤣",2026-04-23T09:22:38.000Z,https://www.threads.com/@jir_sky_cz/post/DXeA_dXAWZS,IHSG,2026-05-05T17:05:01.821999
yudhaniagara,"Jumat kmrn sudah keliatan tandanya, hari ini disaat IHSG full merah BUKA msih up +2% 👍",2026-03-16T09:30:00.000Z,https://www.threads.com/@yudhaniagara/post/DV8LoLLkTyl,IHSG,2026-05-05T17:05:02.003996
yudhaniagara,IHSG,2026-03-13T13:22:07.000Z,https://www.threads.com/@yudhaniagara/post/DV03zlqk9a6,IHSG,2026-05-05T17:05:02.125456
frhndf,"IHSG ditutup di 7.000-an di penutupan hari ini. Antara seneng dan sedih, sedihnya aku yang sambil belajar ini langsung dihajar dengan right issue, asing sell, perang Iran start di weekend kemarin. Senengnya, mental serasa direset, tau mana yang harus dilakukan, mana yang jangan, mana yang harus ditahan. Semoga bisa nemenin IHSG rebound Amin",2026-03-30T12:54:29.000Z,https://www.threads.com/@frhndf/post/DWgmKGVj4Md,IHSG,2026-05-05T17:05:02.233839
agungpharm,"Sektor yang bersinar tahun depan sepertinya akan sama.
Hedge Fund besar punya kesempatan untuk persiapan windows dressing akhir tahun.
Sebagian Indeks di pasar Asia seperti Nikkei dan Hangseng juga mengalami penurunan di perdagangan hari ini karena ketidakpastian pemangkasan suku bunga oleh The Fed di bulan Desember.
Bitcoin sudah menembus harga 90.000$
Emas berjangka di 4.000$ per Troy Ounce
Indeks S&P 500 di 6.635
IHSG di 8.390
Market posisi siang ini dalam kondisi Bearish",2025-11-18T04:26:10.000Z,https://www.threads.com/@agungpharm/post/DRLzDixAZ16,IHSG,2026-05-05T17:05:02.376936
sin_dau,"ga jago gambar .
kalo pakai chart Daily sedikit dag dig dug serr .
kalo pakai chart Weekly udah bagus sih ,
tapi kalo chart Monthly , sekilas akan membentuk pola Head Shoulders .. dan wajib hati2 .
semangat para ritel unyu unyu macam saya 🔥🔥🔥
Masih nyangkut di KAQI , MINA , DEWI sama PJHB 🤣
2 minggu lalu sempet iseng gambar IHSG ,, besok lihat mau kemana dulu atau makin nyungsep ke 6.600 😅😅",2026-04-28T13:47:13.000Z,https://www.threads.com/@sin_dau/post/DXrXPtkkx3R,IHSG,2026-05-05T17:05:02.540656
sin_dau,"ga jago gambar .
kalo pakai chart Daily sedikit dag dig dug serr .
kalo pakai chart Weekly udah bagus sih ,
tapi kalo chart Monthly , sekilas akan membentuk pola Head Shoulders .. dan wajib hati2 .
semangat para ritel unyu unyu macam saya 🔥🔥🔥
Masih nyangkut di KAQI , MINA , DEWI sama PJHB 🤣",2026-04-15T08:41:41.000Z,https://www.threads.com/@sin_dau/post/DXJV8byk8Qt,IHSG,2026-05-05T17:05:02.640794
firnandositanggang,"IHSG diskon. Serokkkkk woiii
firnandositanggang",2026-01-28T02:09:16.000Z,https://www.threads.com/@firnandositanggang/post/DUCX0-1CdvF,IHSG,2026-05-05T17:05:02.848649
stockholic.idn,"Optimisme ini disampaikan di tengah berbagai tantangan global, termasuk pelemahan rupiah yang sempat
Dengan santai, ia menegaskan keyakinannya bahwa IHSG bisa tembus level 10.000 dalam jangka panjang. Alasannya sederhana namun fundamental, “Ekonomi kita kuat""
Cuanholic, di tengah IHSG yang masih berjuang di level 7.000-an pasca koreksi besar akibat perang Iran-AS, Menteri Keuangan Purbaya Yudhi Sadewa tetap menunjukkan optimisme yang luar biasa.",2026-04-05T04:44:38.000Z,https://www.threads.com/@stockholic.idn/post/DWvK3eOD_3O,IHSG,2026-05-05T17:05:06.218184
raja_mamank_dalam_bacotnya,"Saya begitu amat kuat keyakinan dgn Net Foreign Buy Midday..
Mungkin yg pegang ANTM dan NCKL sempat panik dan CL, di situlah saya malah nambah lot..
Yang kasihan adalah COIN karena saya tersandera dari kemarin 🤣
Not bad, IHSG -1.95 tetapi Portfolio saya -0.17
raja_mamank_dalam_bacotnya",2025-10-14T10:42:49.000Z,https://www.threads.com/@raja_mamank_dalam_bacotnya/post/DPyWVnSkQL9,IHSG,2026-05-05T17:05:06.329476
officialsamuel,"The market panicked & reacted violently🩸
It announced a temporary freeze among other measures citing concerns on ""lack of transparency in shareholding structures and free float (shares available for public trading)"" saying that without improvement by May it will potentially downgrade the country from an emerging market to a frontier market.
The IHSG (Indonesia Stock Exchange Composite Index) plunged after MSCI warned about transparency issues in the Indonesian capital market on Jan 27, 2026.",2026-03-05T14:33:09.000Z,https://www.threads.com/@officialsamuel/post/DVgZk4OkyxW,IHSG,2026-05-05T17:05:06.438951
wizeka_saputro,Seperti nya otw ke area 6880 dan rebound atau malah makin berlanjut ke 6746? Wait n See dulu,2026-03-16T02:43:07.000Z,https://www.threads.com/@wizeka_saputro/post/DV7dD9hiSO1,IHSG,2026-05-05T17:05:06.548447
vierfoundation,"MELEMAH DALAM SEPEKAN | IHSG Terus tertekan dan melemah, Mau dibawa kemana",2026-03-07T06:14:31.000Z,https://www.threads.com/@vierfoundation/post/DVkqGbzk-9H,IHSG,2026-05-05T17:05:06.638010
andriandavinta_,"Kuncinya Value + Time 😃.
Gambar 2 & 3 chart menunjukkan Spring, momentum yg pas utk entry & hargai ""Time"".
Sekarang? BNBR naik ~100% & CUAN naik ~30%.
Tgl 7 April aku ada share BNBR & CUAN yang sedang kejadian ""Spring"".
Disaat ada yg nunggu IHSG 6000, aku tau klo BNBR diharga 100an = ""Value"".
Apa sih Wyckoff? Secara singkat digunakan utk identifikasi siklus pasar suatu saham. Kuncinya entry di fase accum, cari kejadian ""Spring"" (Harga turun sbntr di bawah support lalu mantul kembali).",2026-04-16T11:48:47.000Z,https://www.threads.com/@andriandavinta_/post/DXMQJxIFMnB,IHSG,2026-05-05T17:05:06.788463
agungpharm,"Di Amerika Serikat Indeks S&P 500 mencapai All Time High, sedangkan IHSG baru rebound sudah mau turun lagi mendekati 7.000.
Turut berduka untuk Indeks kita hari ini, saham konglomerat dan big bank kompak turun bersamaan.",2026-04-24T05:31:13.000Z,https://www.threads.com/@agungpharm/post/DXgLTXUAQgm,IHSG,2026-05-05T17:05:06.912866
firnandositanggang,"Sudah semiskin apa klen dibuat IHSG?
firnandositanggang",2026-03-09T13:34:55.000Z,https://www.threads.com/@firnandositanggang/post/DVqmF3ciSSG,IHSG,2026-05-05T17:05:07.020843
aldieysh,"semangat belajar ya semangat improve diri kita. selalu belajar dari segala market crash ini saya masih junior kaya kalian masih sneng senengnya belajar saat market crash gini,
sisanya konglomerat
$SUPA contoh nya 😁 beli pas senin, saya masih ada dana darurat untuk nambah amunisi jaga jaga buat nambah amunisi. 😇😊 extrem ya? krena saya tahu arahnya kemana ☺
kalian amati ya, pas IHSG bursa turun kaya gini karena geopolitik, ada saham saham yang turun tapi akumulasi tetap dijaga sama asing",2026-03-13T17:09:45.000Z,https://www.threads.com/@aldieysh/post/DV1R2yJkzro,IHSG,2026-05-05T17:05:10.523746
mahardika.31,IHSG Bakal Kemana selanjut nya?,2026-04-29T04:40:06.000Z,https://www.threads.com/@mahardika.31/post/DXs9bU3Eixr,IHSG,2026-05-05T17:05:10.616060
rizal.mrf,"Hanupis Maret, Porto dibuat makin merah merona, setidaknya masih ada yg ke jual
April semoga dunia makin stabil, apa yg dicari trump ini, coba belajar dari
@alditaher.official
semua burger milik Allah, semua di dunia ini milik Allah",2026-03-31T22:41:59.000Z,https://www.threads.com/@rizal.mrf/post/DWkOL9WE0pu,IHSG,2026-05-05T17:05:10.714698
todiradenajeng,"Deputi Gubernur BI menegaskan BI akan memperkuat intervensi melalui NDF offshore, transaksi spot, DNDF domestik, serta pembelian SBN untuk menjaga stabilitas rupiah dan menarik aliran modal asing.
Rupiah ditutup melemah ke level 17,295.
Investor asing ramai-ramai melepas kedua saham tersebut merespons rencana MSCI yang akan menghapus emiten dengan kepemilikan saham terkonsentrasi dari indeks globalnya
IHSG merosot tajam lebih dari 2 persen ke level 7.378 (bahkan lebih) akibat keluarnya arus dana asing dan kejatuhan saham BREN serta DSSA.
Market HIGHLIGHT on whats going on and whats the impact",2026-04-24T09:14:04.000Z,https://www.threads.com/@todiradenajeng/post/DXgkzgVEVFS,IHSG,2026-05-05T17:05:10.915311
todiradenajeng,"Deputi Gubernur BI menegaskan BI akan memperkuat intervensi melalui NDF offshore, transaksi spot, DNDF domestik, serta pembelian SBN untuk menjaga stabilitas rupiah dan menarik aliran modal asing.
Rupiah ditutup melemah ke level 17,295.",2026-04-24T05:12:15.000Z,https://www.threads.com/@todiradenajeng/post/DXgJIetEYw1,IHSG,2026-05-05T17:05:11.034267
rizkamaghfur,"Akhirnya
Langkah logis saya
Saya kembalikan ke posisi psikologis
Yang saya kuat ndak ngarep2
Ndak usah maksa
Level kita masih di sini
Tp Jujur sering gagal dan sangkut dalam
Ati ngarep2 cuan, full mantengin satu saham
Tp cuan tak kunjung datang
Biasanya bisa tenang itu klo nominalnya
kita anggap kecil
Saya sendiri sebenarnya sering mencoba scale up 200 lot
Trading itu enak klo atinya tenang,
pas beli d bawa Merah gpp
Ijo alhamdulillah
Santai
4-2-2026
IHSG masih kembang kempis 🤣🙏",2026-02-04T10:23:15.000Z,https://www.threads.com/@rizkamaghfur/post/DUVR7FiEcck,IHSG,2026-05-05T17:05:11.189385
aldieysh,"#fyp #tradingsaham #bursasaham #ihsg #investasisaham
Anyone can enter a trade.
very few can control themselves.
Trading isn’t just charts and strategies.
It’s discipline, patience, and controlling your emotions when it matters most.",2026-04-23T00:42:24.000Z,https://www.threads.com/@aldieysh/post/DXdFdB2jyga,IHSG,2026-05-05T17:05:11.295665
yannnrizz,"Ihsg 10.000
Apa yang kalian harapkan dengan berkumpulnya para naga ?",2026-02-11T02:44:23.000Z,https://www.threads.com/@yannnrizz/post/DUme-YykgCI,IHSG,2026-05-05T17:05:14.367497
dayoneinvesting.id,"Entah apa masih ada peminatnya dengan tipe “heavy” seperti ini, karena menurutku, dalam hal investasi memang ga ada yang mudah, dan lagipula.. saham bukanlah instrumen investasi yang cocok buat semua orang.
dayoneinvesting.id",2026-03-09T03:32:17.000Z,https://www.threads.com/@dayoneinvesting.id/post/DVphH9zkfGC,IHSG,2026-05-05T17:05:14.473575
kimura.academy,"#IHSG #saham
Hijau bukan berarti sehat. Cek mesinnya.
1. Foreign flow: masih buang bank (BBCA/BMRI/BBRI) atau muter ke energi?
2. Sektor lead: kalau industri & energi yang gas, narasinya oil, bukan growth.
3. Volume: naik tipis dengan volume tipis = bull trap.
IHSG kemarin tutup 7.101 (+0.41%), asing tetap net sell Rp 1,19 T. Hari ini cek 3 hal:
Semalam 2 narasi tabrakan: Trump tolak proposal Iran soal Selat Hormuz, minyak melonjak. Tapi Alphabet & Amazon beat earnings, S&P futures +0.4%.",2026-04-30T01:59:36.000Z,https://www.threads.com/@kimura.academy/post/DXvP2r_lIGe,IHSG,2026-05-05T17:05:14.592607
mnaufal.a,ini tandanya apa ya kak? merah seperti naga atau apa? #ihsg,2026-04-25T01:59:08.000Z,https://www.threads.com/@mnaufal.a/post/DXiX04gkjw9,IHSG,2026-05-05T17:05:14.678192
robinhoodstocks,"Apakah kami tahu PASTI IHSG akan turun lagi? Sama sekali tidak, kami hanya trade dengan probabilitas, anggap aja kali ini probabilitas berpihak pada kami. Komen dibawah kalau kalian mau tau thought process kami!
Saat market rebound ke 8400, kami harus tetap percaya data kami dan tidak FOMO ditambah para naga dipanggil Presiden Prabowo dan sahamnya sampai ARA.
Di market ga ada jaminan 100%
Waktu kami prediksi bahwa IHSG akan buat lower low, kami hanya menggunakan data dan probabilitas.",2026-03-19T04:36:56.000Z,https://www.threads.com/@robinhoodstocks/post/DWDYeTkCZla,IHSG,2026-05-05T17:05:14.787936
ilmu_saham_cuan,"Ternyata masuk pasar saham butuh ilmu ya,,.
Coba dari SMK itu ada jurusan Market IHSG, lulus kyknya gak perlu cari loker betul gak?",2026-01-15T13:32:07.000Z,https://www.threads.com/@ilmu_saham_cuan/post/DTiHo44kgaG,IHSG,2026-05-05T17:05:14.872395
agungpharm,"JUST IN: 🇺🇸 $2,000,000,000,000 wiped out from the US stock market in the past month.
Sampai market rebound, hindari saham-saham konglo dulu sementara.
Saat ini di market US, saham sektor utilitas dan telekomunikasi lumayan tahan sedangkan sektor teknologi dan perbankan US lagi dalam tekanan.
Melihat penutupan market US hari ini secara weekly maka potensi IHSG hari senin melanjutkan penurunan dibawah 7.000 sangat besar. Saham-saham perbankan masih jadi prioritas untuk dijual asing.",2026-03-13T21:18:09.000Z,https://www.threads.com/@agungpharm/post/DV1uSIkk2oJ,IHSG,2026-05-05T17:05:15.030841
watcher.guru,"JUST IN: 🇺🇸 $2,000,000,000,000 wiped out from the US stock market in the past month.",2026-03-13T20:49:52.000Z,https://www.threads.com/@watcher.guru/post/DV1rCU2muTz,IHSG,2026-05-05T17:05:15.118956
rizkamaghfur,"Alhamdulillah hari ini masih d beri cuan
Semoga tahun depan nol nya bisa tambah 1 atau 2 d belakang
Amiin ...
Saya masih belajar juga
Jd peluang saya salah juga besar
🙏🙏🙏
Juga klo diri ini bisa bermanfaat bagi yg lain
Rasanya senang sekali
Tp sekira nya tidak cocok dengan pengalaman saya
Skip aja ya ...
Maaf ya saya upload setiap hari ya untuk kenang2an 🤣🙏
IHSG +0.50%
Cuma secara trading masih enak kmrin
Hahaha",2026-02-25T09:47:33.000Z,https://www.threads.com/@rizkamaghfur/post/DVLSiFXElHq,IHSG,2026-05-05T17:05:15.422209
rizal.mrf,"Kejar kejaran turun sama IHSG dari bulan Februari 🥲
Kapan bisa normal lagi ?",2026-03-13T09:49:49.000Z,https://www.threads.com/@rizal.mrf/post/DV0fgqoiaeX,IHSG,2026-05-05T17:05:21.301931
evantax,"minggu ini jualan lumayan bagus dapat cuan 1,8 juta beberapa gorengan kena harga atas, alhamdulillah semoga Maret bisa lebih baik lagi, kondisi porto YTD lumayan bisa beat market semoga konsisten
$JAYA $BNII $BBRI
catatan trading (target 500 ribu/minggu)
februari week 4",2026-02-28T14:05:59.000Z,https://www.threads.com/@evantax/post/DVTefdOk7R7,IHSG,2026-05-05T17:05:21.413004
investophoenix,"Jakarta, Indonesia
#ihsg #saham #stockmarket #sahampemula #investasisaham
Kata CEO
@sucorsekuritas
ko
@bernardwijaya17
IHSG masih berpotensi masuk fase bullish, asalkaaan...
IHSG siang ini lanjut merah? Ngga perlu khawatir!!",2026-04-20T07:07:49.000Z,https://www.threads.com/@investophoenix/post/DXWDLIFkt-C,IHSG,2026-05-05T17:05:21.530247
liyumina,"sudah banyak yang diberikan oleh IHSG kepada ekonomi keluarga kami, mulai dari bantu lunasin rumah, beli mobil cash pertama kali dll
sebagai pecinta IHSG, ini special moment untuk saya, 10 tahun sudah berada di sini, di tengah gempuran robotrading (yg akhirnya rungkad 🫣), crypto, saham US dan instrumen investasi lainnya, saya tetap setia dan percaya dengan IHSG
kemarin sore bela2in jalan kaki ke kantor IDX untuk mendokumentasikan sejarah baru IHSG, finally closing di 9000 !",2026-01-15T00:58:51.000Z,https://www.threads.com/@liyumina/post/DTgxb0rk_NF,IHSG,2026-05-05T17:05:21.646254
daraainda,"March 2035, tahun lau
Market bearish.. dan ini terjadi kembali di march 2026..",2026-03-06T04:42:07.000Z,https://www.threads.com/@daraainda/post/DVh6u1dASax,IHSG,2026-05-05T17:05:21.753343
sahamsheet,"IHSG turun lagi.
Dan kali ini… bukan karena MSCI.
Ada faktor yang lebih struktural
yang lagi dibaca pasar.",2026-02-06T08:11:58.000Z,https://www.threads.com/@sahamsheet/post/DUaMfT8kWVN,IHSG,2026-05-05T17:05:21.964163
seroksaham,"dapet diharga ini tinggal diamkan tunggu hingga matang 🚀🔥
entry ideal
-brms gap di 775
-ptro 5200-5150
-cuan 1275
-buva 950
saat ihsg 7200 saya udah ksih tau arahnya kemana bahkan harga sahamnya pun mendekati,banyak sekali di thread orang sok jago yg komentar hujat sgala mcem,klo jgo minimal bermanfaat buat orang lain,sya hanya bagiin analisa secara gratis untuk bahan pembelajaran diri saya aja. cukup pantau dan riset sendiri lagi,mau ikutin silahkan engga jga gpapa gkada untungnya buat saya 🙏😊",2026-05-01T01:14:15.000Z,https://www.threads.com/@seroksaham/post/DXxvdZ7Eyvx,IHSG,2026-05-05T17:05:22.150129
seroksaham,"dapet diharga ini tinggal diamkan tunggu hingga matang 🚀🔥
entry ideal
-brms gap di 775
-ptro 5200-5150
-cuan 1275
-buva 950",2026-04-28T03:07:18.000Z,https://www.threads.com/@seroksaham/post/DXqOA0Qk7Xd,IHSG,2026-05-05T17:05:22.258921
voiceofmib,"IHSG gak jadi tutup gap 7000 kah?
Hari ini market merah tipis. Kepikiran, apa mungkin IHSG akan diiris tipis2 ya setiap hari?
Anyway, kalau punya ESSA atau mau masuk, hati2 ya.
Buva dan Ptro akan menarik kalau bisa tes support. Saham 3rd liner dominan lagi hari ini.",2026-04-27T11:23:06.000Z,https://www.threads.com/@voiceofmib/post/DXoh4BIAc9b,IHSG,2026-05-05T17:05:22.367340
raja_mamank_dalam_bacotnya,": P/E target:
Murah = 8x (2.470)
Netral = 10x (3.090)
Wajar Optimis = 12x (3.705)
Ekpektasi tinggi = 15x (4.630)
Sementara harga penutupan 29/10/25: 3.890
Artinya kita bisa mempersepikan BBRI harusnya mampu mencapai 4.490 ke depannya.
Anggaplah P/E 8x (murah), 10x (netral), 12x (wajar), 15x (optimisme).
Misal EPS BBRI saat ini 374,31 berarti:
Murah: 374,31 x 8 = 2.990
Netral: 374,31 x 10 = 3.740
Wajar: 374,31 x 12 = 4.490
Optimisme: 374,31 x 15 = 5.610
Cara mencarinya?
raja_mamank_dalam_bacotnya
Semakin rendah pengalinya maka semakin cepat balik modal, semakin murah harga sahamnya menurut persepsi investor.
Contoh:
P/E = 10 berarti investor rela bayar 10 rupiah untuk tiap 1 rupiah laba perusahaan/thn.
Artinya, butuh 10 thn laba utk “balik modal” jika laba konstan.
Ini bukan angka absolut atau sebuah koefisien, tapi sebuah bahasa sederhana bahwa rata-rata perusahaan di IHSG akan balik modal antara 8-15 tahun berdasarkan laporan laba tahunannya.
Dari mana angka P/E 8x, 10x, 12x, 15x?
raja_mamank_dalam_bacotnya",2025-10-30T00:59:50.000Z,https://www.threads.com/@raja_mamank_dalam_bacotnya/post/DQagVuYEyx8,IHSG,2026-05-05T17:05:22.606820
raja_mamank_dalam_bacotnya,": P/E target:
Murah = 8x (2.470)
Netral = 10x (3.090)
Wajar Optimis = 12x (3.705)
Ekpektasi tinggi = 15x (4.630)
Sementara harga penutupan 29/10/25: 3.890
Artinya kita bisa mempersepikan BBRI harusnya mampu mencapai 4.490 ke depannya.
Anggaplah P/E 8x (murah), 10x (netral), 12x (wajar), 15x (optimisme).
Misal EPS BBRI saat ini 374,31 berarti:
Murah: 374,31 x 8 = 2.990
Netral: 374,31 x 10 = 3.740
Wajar: 374,31 x 12 = 4.490
Optimisme: 374,31 x 15 = 5.610
Cara mencarinya?
raja_mamank_dalam_bacotnya",2025-10-29T11:12:56.000Z,https://www.threads.com/@raja_mamank_dalam_bacotnya/post/DQZBtUOiW_N,IHSG,2026-05-05T17:05:22.739590
jehanamifs_,"Intinya: jangan cuma screenshot profit, cut loss disiplin, dan jaga mental. 📈
Sejak itu saya ubah strategi:
Swing ambil profit ±30%, scalping TP 10–20%, disiplin cut loss -5/-10%.
Hasilnya profit lebih konsisten dan mental lebih aman.
Saya kenal saham sejak 2017–2018, tapi baru mendalami lagi di Juni 2025. Oktober 2025 sempat profit besar, tapi cuma screenshot, tidak diambil. Beberapa minggu kemudian IHSG crash, profit hilang dan portofolio minus.
Sedikit cerita, semoga bermanfaat.",2026-01-10T04:10:04.000Z,https://www.threads.com/@jehanamifs_/post/DTUPV_jEy4z,IHSG,2026-05-05T17:05:25.638464
rudiraind,"Tips : hindari saham konglo sementara, kalau mau serok BBCA mungkin bisa dipertimbangkan
Sementara itu yang saya tau, jika teman-teman ada info lain silahkan 🙏
DSSA yang paling membebani, berikut semua saham konglo lainnya
Faktor utama karena kurangnya tranparasi data struktur kepemilikan saham..
MSCI bekukan rebalancing index saham Indonesia, ini isu utama yang bikin IHSG drop hari ini..",2026-01-28T02:39:00.000Z,https://www.threads.com/@rudiraind/post/DUCbOu5krn4,IHSG,2026-05-05T17:05:25.799434
notesbymaru,"Tjoe Ay balik ke podcast Leon Hartono setelah 6 bulan ga muncul. Langsung buka soal MSCI dan IHSG, ga ada sugarcoat.",2026-03-31T22:32:21.000Z,https://www.threads.com/@notesbymaru/post/DWkNC2IEyGp,IHSG,2026-05-05T17:05:25.901038
wedi.arp,"#saham
#ihsg
#sahamindonesia
Saham mini tapi pegang project Triliunan!!!
Calon Bagger kah ???",2026-04-07T01:50:54.000Z,https://www.threads.com/@wedi.arp/post/DW0Ak0BEvbO,IHSG,2026-05-05T17:05:26.011731
terima.kisah,"Gue mau ajak lo time travel ke momen di mana Nabi Muhammad SAW juga pernah ngalamin fase mumet dan galau ini.
Malam ini ada Cheat Code dari Allah buat Reset dan pivot nasib lo, ada hidden gem message tentang Nifsyu Sya’ban yang jarang orang ngeh.
Yang mau menyerah, TAHAN DULU.
IHSG nyungsep, Emas makin nggak kebeli, liat kelakuan dan kebijakan pejabat bikin asam lambung, blm Epstein files, isu Perang Dunia yang bikin overthinking tiap malem.
Asli mumet banget liat berita semingguan ini.",2026-02-02T10:00:53.000Z,https://www.threads.com/@terima.kisah/post/DUQFxlUCdsb,IHSG,2026-05-05T17:05:26.155812
imamyogaaa,"SESI 1 IHSG DONE ☕️
NZIA +25%
BAIK +16%
AIMS +8%
ASPR +6%
JAYA +11%
ZATA +4%
CYBR +14%
BDKR +3%
ENRG +2%
DFAM +15%
WMPP +10%
By Modul Screener Ultimate. 📦",2026-03-30T05:43:24.000Z,https://www.threads.com/@imamyogaaa/post/DWf00r5EYhL,IHSG,2026-05-05T17:05:26.273279
diki.mulijanto,"Liat di stream stockbit ngeri2 pamer portonya, byk yg sampai minus diatas 50%
Emng sih kebykan saham2 gorengan ditambah gonjang ganjing IHSG tambah nyungsep
Semoga bisa balik lg deh",2026-02-06T06:48:56.000Z,https://www.threads.com/@diki.mulijanto/post/DUaC_MKknxH,IHSG,2026-05-05T17:05:26.381077
sitimarlina.jp,"Semangat belajar...
Banyak yang ingin uninstall app nya.
Saya harus lebih banyam belajar lagi, karna feb sebenernya saya mau swing aja, apakah masih mungkin dengan kondisi IHSH yang seperti ini??
Setelah halt ternyata, ruang gerak makin sempit.
Sampe akhirnya dikenalin sama yang namanya HALT 2 hari...
Karna saya masih new banget di market.
Awal jan mulai belajar dan praktek jual beli, dan rasanya mudah banget.
belajarsahampemula",2026-02-06T05:38:52.000Z,https://www.threads.com/@sitimarlina.jp/post/DUZ699emlrs,IHSG,2026-05-05T17:05:29.487680
ssamuel_rp,"Saham Pom² INAI
*Saham volatil kelas bulu (bisa Ara-Arb) potensi msh perform :
GOLF, HDIT, RMKO, ESIP, UANG, ESTI, CHEM, KIOS, NATO, MKAP, WINE, SCNP, PUDP
*Saham volatil dng volume besar kemarin : PSKT, OASA, BELL, COAL
*Saham2 yg dapat di perhatikan hr ini:
ANTM, MDKA
Perkiraan IHSG akan bergerak pada Kemis (22/1) antara 8900-9100",2026-01-22T01:54:22.000Z,https://www.threads.com/@ssamuel_rp/post/DTy5Wl_AW2H,IHSG,2026-05-05T17:05:29.624945
vencettia,"Gua punya salah satu screener yang cukup oke tapi masih gua back test terus menerus, dan kebetulan hari ini IHSG merah tapi gua cukup seneng karena screener BPJS ini 100% hijau yaa, kita liat besok apakah screener ini ampuh lagi. Follow for more!",2026-04-21T15:33:11.000Z,https://www.threads.com/@vencettia/post/DXZhWmJkiBX,IHSG,2026-05-05T17:05:29.731729
hengky.lim.9,"CLOSING SESI 2 tepat di garis support benteng terakhir nya seperti yg sudah di bahas dr awal bulan yaa , luar biasa 😆 , besok rebound lah ya 😜 , kasian yg uda babak belur semuanya
Update 04 Maret 26",2026-03-04T13:06:12.000Z,https://www.threads.com/@hengky.lim.9/post/DVdq1IZgVqj,IHSG,2026-05-05T17:05:29.860030
vierfoundation,"TIDAK PERKASA LAGI | Koreksi IHSG semakin mengkhawatirkan, Apakah akan menuju 6000 ? Kita lihat saja kenapa semakin melemah",2026-03-13T06:32:23.000Z,https://www.threads.com/@vierfoundation/post/DV0I6jvkwvw,IHSG,2026-05-05T17:05:29.947724
laluwahyu369,"Rupiah tembus 17.347,20 per 1 USD 😓
IHSG Merah 😓",2026-04-30T12:22:57.000Z,https://www.threads.com/@laluwahyu369/post/DXwXMReAetN,IHSG,2026-05-05T17:05:30.128659
eenriani,IHSG merah bagusnya ambil yg mana dulu utk pemula ?,2026-04-20T09:12:41.000Z,https://www.threads.com/@eenriani/post/DXWRd8DmNl0,IHSG,2026-05-05T17:05:30.218396
diianpermataa,"Rasanya seperti mendapatkan energi baru ✨✨
Makanya ketika kawan kawan sekolah, temen sekampung ngajakin jumpa dan pengen belajar saham aku antusias mengiyakan
Kok agak mewek ya buat konten ini 🥹
Karena aku jadi keinget kaya mana sulitnya aku dulu belajar tentang saham krn aku tinggal di kampung dan engga ada teman diskusi ngerasa kaya tersesat sendiri di belantara IHSG",2025-09-21T02:56:09.000Z,https://www.threads.com/@diianpermataa/post/DO2SpPakldQ,IHSG,2026-05-05T17:05:33.090146
hengky.lim.9,"IHSG
Dengan kenaikan minyak dunia yg break resistance hari ini, menembus di atas $ 94 dan berpotensi menuju resistance selanjutnya di $120 , maka Jika IHSG gagal bertahan di area support saat ini, maka peluang drop ke support selanjutnya di 7.200-7.100 ( kotak merah) , dan support selanjutnya di area 6.816 , dengan kenaikan minyak yg loncat seperti ini sangat rawan sekali drop tiba2 jadi jgn trlalu agresif yaa guys
Update 09 Maret 26",2026-03-09T00:26:15.000Z,https://www.threads.com/@hengky.lim.9/post/DVpL1erAWRO,IHSG,2026-05-05T17:05:33.312360
davidcornelism,"OJK sekarang menaikkan batas minimum free float dari 7,5% jadi 15%. Emiten wajib buka data pemegang saham di atas 1%. Dan ada kewajiban baru: pelaporan Ultimate Beneficial Owner, siapa sebenarnya yang punya saham itu di balik layar.
FTSE Russell sudah merespons positif dan mempertahankan status Indonesia.
Tapi ujian besarnya masih di depan: review MSCI di Mei-Juni 2026.",2026-04-16T07:40:17.000Z,https://www.threads.com/@davidcornelism/post/DXLztrDlCac,IHSG,2026-05-05T17:05:33.408381
davidcornelism,"Ini bukan reformasi kosmetik yang cuma buat pencitraan.
Ini respons terhadap ancaman yang nyata. Kalau Indonesia terus di-freeze MSCI, kita pelan-pelan keluar dari radar investor global. Dana triliunan yang harusnya masuk ke IHSG akan dialihkan ke India, Vietnam, atau pasar lain yang datanya lebih bersih.
Yang dipertaruhkan bukan cuma angka di layar. Tapi kepercayaan institusional yang butuh bertahun-tahun untuk dibangun.",2026-04-16T07:40:20.000Z,https://www.threads.com/@davidcornelism/post/DXLzuEZFI7j,IHSG,2026-05-05T17:05:33.494391
annstwr,"Dear para suhu saham dithreads, menurut kalian apakah invest disaham US lebih stabil dan menguntungkan?jika saya bandingkan dengan IHSG yang sering crash. Iseng coba ke saham US th 2026 ini tiap cek alhamdulillah lebih stabil, walau naik turun tp masih tetap ijo. Sangat berbeda dengan IHSG sering cek tapi sering juga jadi FL. Nuhun🙏🏼 #Saham #Investasi2026 #IHSG #USStock #FinancialTalk #BelajarInvestasi",2026-02-20T18:54:28.000Z,https://www.threads.com/@annstwr/post/DU_ZJXWEyBo,IHSG,2026-05-05T17:05:33.622103
hengky.lim.9,"BIG BANK tulang punggung IHSG yg kian renta ketika masuk ke area 5000an , kalau kita lihat penurunan saat ini masih belum akan selesai sampai muncul area konsolidasi kuat, jadi area support kuat BBCA selanjutnya ada di 5.400 - 5.425 yg merupakan support di akhir September 2020 artinya BBCA sampai ke harga terendah 6th lalu , jadi buat yg mau masuk BBCA bisa tunggu dlu yaa, jgn habis2kan peluru dlu 😁
Update 01 Mei 26",2026-05-01T00:57:07.000Z,https://www.threads.com/@hengky.lim.9/post/DXxtf3kAXm-,IHSG,2026-05-05T17:05:33.838911
sasanotes_,"saat ihsg lagi lesu, bursa korea malah rally terus🤔",2026-05-01T12:49:22.000Z,https://www.threads.com/@sasanotes_/post/DXy_An-k-kr,IHSG,2026-05-05T17:05:33.940415
sahamcuan1,"#saham #scalping #trading #sahamindonesia #viral SemuaOrang_
VKTR
B:1296-1310
T:1350-1400
GTSI
B: 384-388
T:392-400
BKSL
B:180-182
T:186-190
Jika IHSG hijau dan Open Hijau Gas...",2026-01-28T01:16:13.000Z,https://www.threads.com/@sahamcuan1/post/DUCRwUWktif,IHSG,2026-05-05T17:05:34.275971
kuntoajiw,Iya iya Indonesia cerah.,2026-04-30T06:25:26.000Z,https://www.threads.com/@kuntoajiw/post/DXvuRunkUfD,IHSG,2026-05-05T17:05:34.377444
hikhman,Aamiin secerah ihsg,2026-04-30T08:47:21.000Z,https://www.threads.com/@hikhman/post/DXv-hK6ml0M,IHSG,2026-05-05T17:05:34.467650
rivan.kurniawan,"#ptro #ihsg #sahampemula #fyp #valueinvesting
Dengan adanya kontrak tambang 17T, apakah ini awal babak baru PTRO? Coba komen dibawah guys",2026-01-13T05:05:41.000Z,https://www.threads.com/@rivan.kurniawan/post/DTcEF8GiU-a,IHSG,2026-05-05T17:05:37.443119
seroksaham,"Bumi pemecah rekor sepanjang masa,belum pernah ada valuasi 9T dalam 1 hari, duit ihsg muter disitu smua 😁🔥🚀 pagi” haka 12jt lot bukan main",2025-12-22T13:39:51.000Z,https://www.threads.com/@seroksaham/post/DSkVcoNE_Dy,IHSG,2026-05-05T17:05:37.551503
1ce_jo,"Awalnya emang agak kagok sih, terutama soal waktu. Jam buka market sana kan malam hari waktu kita (sekitar jam 20.30 WIB atau 21.30 WIB).
Tapi dipikir-pikir, justru ini enak. Siang kita bisa fokus kerja/kegiatan lain tanpa pusing liat porto, malamnya baru ngopi sambil mantau market US pas udah nyantai.",2026-04-26T15:32:28.000Z,https://www.threads.com/@1ce_jo/post/DXmZsuSk9p8,IHSG,2026-05-05T17:05:37.679072
1ce_jo,"Terus, berarti ninggalin IHSG dong bang?
Ya nggak lah! Gw tetep cinta IHSG. Ini murni strategi diversifikasi & adaptasi kondisi market aja. Pas nanti IHSG udah confirm bottoming, bikin base yang cakep, dan asing mulai masuk lagi... peluru gw udah siap buat serok bawah!",2026-04-26T15:32:27.000Z,https://www.threads.com/@1ce_jo/post/DXmZstGky1m,IHSG,2026-05-05T17:05:37.772930
nandaels,Perubahan MCI bikin market hancur. Terpantau IHSG -6% 🥺😭,2026-01-28T02:04:35.000Z,https://www.threads.com/@nandaels/post/DUCXSsBknqu,IHSG,2026-05-05T17:05:37.883869
salimjaw,"Pertama, mari bicara jujur tentang Rupiah.
Kita sering menyalahkan The Fed dan kebijakan ""Higher for Longer"" mereka. Memang benar, Dolar AS sedang perkasa. Tapi, menyalahkan eksternal terus-menerus adalah cara mudah untuk menutup mata pada defisit transaksi berjalan kita yang mulai melebar kembali.",2026-04-30T14:40:07.000Z,https://www.threads.com/@salimjaw/post/DXwm46EEcL0,IHSG,2026-05-05T17:05:37.995942
salimjaw,"Kedua, fenomena Net Sell asing di IHSG.
Asing tidak keluar hanya karena mereka ""jahat"". Mereka keluar karena kalkulasi risiko. Ketika isu independensi Bank Indonesia mulai terseret ke ranah politik, smart money adalah yang pertama kali mencium bau risiko. Kepercayaan pasar dibangun bertahun-tahun, tapi bisa runtuh dalam satu kebijakan yang prematur.",2026-04-30T14:40:07.000Z,https://www.threads.com/@salimjaw/post/DXwm41MEXSc,IHSG,2026-05-05T17:05:38.102494
muhammad_rinandar,"Yassalam 🥹🥹
Sedangkan Indonesia, 2026 sudah berdarah2
- Rupiah anjlok ke 17.3xx/Usd
- IHSG Rontok ke 7.378
- Utang jatuh tempo Rp.833 T
- Bunga utang 2026 Rp. 559 T
- Total utang otw 10.000T
- Cadangan kas negara Rp. 120 T
Puncak ataupun titik didih Geopolitik diprediksi banyak pengamat adalah di tahun depan (2027).
muhammad_rinandar",2026-04-24T01:04:24.000Z,https://www.threads.com/@muhammad_rinandar/post/DXfsxJ8Eye6,IHSG,2026-05-05T17:05:38.209860
rivan.kurniawan,"#ihsg #investasi #fyp #belajarsaham #goto
Holder GOTO ada disini? Coba absen siapa yang cuan nih guys
Coba komen dibawah yaa",2026-04-29T05:53:25.000Z,https://www.threads.com/@rivan.kurniawan/post/DXtF0XNiSLH,IHSG,2026-05-05T17:05:38.309125
kholis.id,"1. Utang konsumtif makin mudah, cicilan iPhone terasa enteng
2. Deposito makin ga menarik, pensiunan diam-diam kehilangan “uang jajan”.
3. Developer properti happy, harga rumah makin naik
4. Bank kasih bunga rendah
5. Investor asing masuk → IHSG naik → tapi duitnya gampang kabur lagi.
6. UMKM bisa dapet modal lebih murah, tapi jarang tahu cara aksesnya.
7. Rakyat kecil tetap struggle, karena cabe, beras, bensin ga peduli suku bunga.
📉 Fakta Tersembunyi di Balik Turunnya Suku Bunga BI ke 4,75%",2025-09-17T12:17:59.000Z,https://www.threads.com/@kholis.id/post/DOs_xA_k3ir,IHSG,2026-05-05T17:05:38.512255
hengky.lim.9,Congratulations pendarahan nya berhenti 😃,2026-02-03T09:25:24.000Z,https://www.threads.com/@hengky.lim.9/post/DUSmcICgZu-,IHSG,2026-05-05T17:05:41.564067
pit_stock_,"Materi video study case bid offer, link nya di bio.
Karena harga juga gak di jaga sempurna, mau ga mau BRPT false break, kita jadiin pembelajaran aja study case kali ini.
Walaupun mostly match saat dimakan, tapi karena market gaada power & seller gede, akhirnya BRPT ikut keseret IHSG turun.
Ga semua break bagus pasti naik, walaupun beberapa poin bagus salah satu nya:
- Bid offer oke
- Cara makan 2100 pun bagus lanjut ke 2120
- Ada penjagaan lot setelah break
Dari BRPT gua belajar bahwa…",2026-04-27T12:12:13.000Z,https://www.threads.com/@pit_stock_/post/DXonlClEvaJ,IHSG,2026-05-05T17:05:41.695149
hengky.lim.9,"Pembukaan di awal Februari 26 , hampir semua sektor bergerak negative ❎😅 , cutloss bersih porto deh ketendang smua nya",2026-02-02T04:14:10.000Z,https://www.threads.com/@hengky.lim.9/post/DUPd9Xpgcyv,IHSG,2026-05-05T17:05:41.888092
sulhandin,Setelah kejadian market crash di IHSG. Mungkin banyak ritel terutama yang pemula akan lebih banyak belajar untuk menjadi swing trader di saham yang berfundamental baik. Yang masuk di kelompok LQ45 dan Kompas100 tentunya.,2026-02-02T06:25:12.000Z,https://www.threads.com/@sulhandin/post/DUPtF2TjuhW,IHSG,2026-05-05T17:05:42.088784
happytradesaham,"#investasi #sahamindonesia #investorindonesia #Invest #saham BelajarSaham
🔎 Disclaimer: Keputusan pembelian/penjualan saham sepenuhnya ada di tangan investor.
Rupiah makin tertekan, menyentuh level Rp17.335 hari ini. Sejalan dengan itu, IHSG turut melemah 2,03% pada penutupan sesi II Kamis, 30 April 2026. Tekanan pasar masih terasa—asing keluar, sentimen global belum kondusif.",2026-04-30T09:21:05.000Z,https://www.threads.com/@happytradesaham/post/DXwCYJWCZ2T,IHSG,2026-05-05T17:05:42.192180
muhammad.danan,"Meski IHSG merah
Saham FORE saya masih hijau
Dapat bonus kopi gratis lagi
Terima kasih FORE
@fore.coffee",2026-04-30T13:17:45.000Z,https://www.threads.com/@muhammad.danan/post/DXwddjvD6a7,IHSG,2026-05-05T17:05:42.408382
abang_oek,"Di Amerika Serikat Indeks S&P 500 mencapai All Time High, sedangkan IHSG baru rebound sudah mau turun lagi mendekati 7.000.
Turut berduka untuk Indeks kita hari ini, saham konglomerat dan big bank kompak turun bersamaan.
cm ihsg yg parah koreksi bbrp hr ini.
index asia ""aman2"" aja.",2026-04-24T06:37:49.000Z,https://www.threads.com/@abang_oek/post/DXgS7GKCXI5,IHSG,2026-05-05T17:05:42.582919
ahmdasrful_,"⚠️ This is a critical area it will determine whether the index forms a base or continues its downtrend.
📊 IHSG closed at 7,026 (-2.19%) and is currently testing a key demand zone at 6,800–7,100.
In line with the previous outlook, IHSG showed a precise reaction from the 6,800–7,100 demand zone, confirming it as key support in absorbing selling pressure.
Since the initial publication, IHSG has gained around +7.98%, supported by increased buying interest. Price has moved back above the 200 EMA, reflecting an improvement in short-term structure.
As long as it holds above this level, the potential move toward the daily gap remains open, with further confirmation needed for trend validation.",2026-04-10T15:48:19.000Z,https://www.threads.com/@ahmdasrful_/post/DW9Oy4VE04X,IHSG,2026-05-05T17:05:45.531724
ahmdasrful_,"⚠️ This is a critical area it will determine whether the index forms a base or continues its downtrend.
📊 IHSG closed at 7,026 (-2.19%) and is currently testing a key demand zone at 6,800–7,100.",2026-04-05T14:25:58.000Z,https://www.threads.com/@ahmdasrful_/post/DWwNZUWk5w9,IHSG,2026-05-05T17:05:45.637684
harimerdeka_epecs,"*rpst HariMerdeka Drecpecs nGondes ✊️🇮🇩
Ini saran Ketua PMI kalo diturutin, ya bisa bikin masyarakat chaos - muncul demo2 lagi, yang pasti ditunggangi kepentingan2 pihak 'nganu' .
Pantes aja, pak SBY & pak Jokowi ogah ngajak beliau 2 periode.
Hapsoro Hadinoto
Pemerintah ga ikutin saran ajaib ini, dus IHSG mulai menghijau lagi, Rupiah menguat terhadap USD 😃
JeKa :
Pemerintah harus naikkan harga BBM, supaya APBN ngga jebol, ekonomi Indonesia selamat.
harimerdeka_epecs",2026-04-01T14:17:52.000Z,https://www.threads.com/@harimerdeka_epecs/post/DWl5Sg2ldRV,IHSG,2026-05-05T17:05:45.780181
ivan_pippo,Silahkan koar2 ttg ihsg klo pemeritah bs bikin ihsh kyk gini naiknya dlm setahun,2026-04-01T15:16:32.000Z,https://www.threads.com/@ivan_pippo/post/DWmAAMUke4a,IHSG,2026-05-05T17:05:45.880801
md.nursalim,"Bukan ajakan jual beli. Tetep objektif
Dyor
Hari ini pantauan saya :
PPRE
Kondisi: breakout kuat + volume ekspansi tinggi
Dikarenakan kemarin IHSG merah jadi mungkin wait see dulu. Liat chart IHSG ada bearish engulfing. bukan mau nge-fear tapi ya be prepare aja. yang punya barang dan niat trading siap sama
tradeplan nya masing-masing.",2026-02-24T22:49:46.000Z,https://www.threads.com/@md.nursalim/post/DVKHQSXE5po,IHSG,2026-05-05T17:05:46.009278
reptrad21,"#IHSGbullish
RECAP HARI INI (SCALPING LIVE MARKET)
ENZO +11%
KOTA +21%
BIPP +14%
BIPI +4%
REPUBLIK TRADER (FREE)
Pilihan menu trading mulai dari BSJP, Scalping LIVE market , Swing trading hingga fasttrade , LENGKAP !!
PROFIT APA HARI INI?
KALO BELUM BISA PROFIT COBA CEK TELEGRAM KALIAN DAN JOIN DENGAN KAMI",2026-04-21T11:30:10.000Z,https://www.threads.com/@reptrad21/post/DXZF_teEm6v,IHSG,2026-05-05T17:05:46.139482
priceaction.id,IHSG mau kemana hari ini? 😄🫢,2026-02-27T02:01:40.000Z,https://www.threads.com/@priceaction.id/post/DVPmzhxjwBo,IHSG,2026-05-05T17:05:46.433839
apulpd,"jaman dulu kalau crash ekspresinya bisa ketangkap media , kalau sekarang cuma bisa pada bersedih sendiri2 di stream :)) #ihsg",2026-01-28T08:08:19.000Z,https://www.threads.com/@apulpd/post/DUDA6srD4kk,IHSG,2026-05-05T17:05:47.114272
algoresearch,"But now, the government is still pushing for higher spending on programs such as free meals (MBG) and village cooperatives (Kopdes) just as fiscal space gets tighter.
Higher oil prices could pressure fiscal capacity similar to 2022 when total energy compensations (including to PLN and Pertamina) surged by around IDR400tn even after increasing subsidized and non-subsidized fuel (BBM) prices.
One of the biggest concerns is fiscal credibility.",2026-04-25T10:00:24.000Z,https://www.threads.com/@algoresearch/post/DXjO5xWEzys,IHSG,2026-05-05T17:05:50.342250
algoresearch,"- Portfolio outflows have intensified with foreign net outflows in IHSG and government bonds reaching IDR42tn and IDR21tn, respectively, this year.
At the current trend, investors are increasingly pricing the risk of a wider deficit, weaker fiscal discipline, or more policy uncertainty. The impact is already visible, foreign confidence is falling:
That is why the market is watching the 3% fiscal deficit limit closely.",2026-04-25T10:00:24.000Z,https://www.threads.com/@algoresearch/post/DXjO5u0E63L,IHSG,2026-05-05T17:05:50.794921
crisliung,"IHSG hampir berada di titik bottom terkuat yakni: 7400 Jika titik ini jebol, IHSG berpotensi anjlok ke 7200, jika titik ini juga jebol maka IHSG akan turun tajam ke 6800 (garis merah)
Just personal analysis ✌🏻 DYOR!
Skenario 2: Sesudah lebaran IHSG turun ke area 7200, paling jelek ke 6800 diikuti rebound kuat dari area bottom.
Skenario 1: Sebelum lebaran IHSG mantul ke area 7900-8000
IHSG punya 3 titik support yakni:
3. 6800 (paling kuat)
Update arah IHSG 3 Minggu kedepan.",2026-03-06T13:41:43.000Z,https://www.threads.com/@crisliung/post/DVi4fCZkTNM,IHSG,2026-05-05T17:05:51.144568
crisliung,"IHSG hampir berada di titik bottom terkuat yakni: 7400 Jika titik ini jebol, IHSG berpotensi anjlok ke 7200, jika titik ini juga jebol maka IHSG akan turun tajam ke 6800 (garis merah)",2026-03-06T05:03:11.000Z,https://www.threads.com/@crisliung/post/DVh9JL3EZK4,IHSG,2026-05-05T17:05:51.264621
jurnaltrader.id,"Jadi kamu termasuk golongan yg mana???
Tapi kalau aku sih gampang. Liat aja book value dari saham bank utama. Kaya BBCA, Mandiri, dsb. Pasti kamu langsung paham.
Menurutku sih semua pilihan bebas ya. Itu kan pakai uang masing2. Resiko dan keuntungan ditanggung sendiri.
Trader pengalaman banyak yg menahan diri. Mau wait and see dulu. Bottom belum terbentuk.
Trader saham pemula siap2 serok besok. Tanpa alasan. Karena IHSG sudah turun dalam katanya.
Jadi trader indo kebagi 2 kubu.",2026-03-24T11:18:36.000Z,https://www.threads.com/@jurnaltrader.id/post/DWQ-alJksIW,IHSG,2026-05-05T17:05:51.418170
cookie_manis,"IHSG #Saham #Investasi
IHSG kemarin hijau (+1,22%).
Namun asing jual bersih Rp721 M.
Anehnya, ANTM, BUVA, DEWA jadi incaran utama.
Sektor energi, barang baku, properti kencang.
Asing net sell ratusan M, tapi borong ANTM?",2026-02-21T02:13:45.000Z,https://www.threads.com/@cookie_manis/post/DVALaZEEy0D,IHSG,2026-05-05T17:05:51.546713
aryaarifin48,"Semoga lanjut utara, semoga IHSG merestui😍😍
Saya spill 1 menu screener swing",2025-12-21T13:08:22.000Z,https://www.threads.com/@aryaarifin48/post/DShtDKiknvM,IHSG,2026-05-05T17:05:51.667589
seroksaham,ihsg jebol 7500 ada potensi tutup gap lagi 7300an ?,2026-04-23T03:05:27.000Z,https://www.threads.com/@seroksaham/post/DXdV02pE_yO,IHSG,2026-05-05T17:05:51.758846
kokobuncis,Reversal tuh jd merah atau jd ijo kak?,2026-05-01T15:23:53.000Z,https://www.threads.com/@kokobuncis/post/DXzQsWRlFzX,IHSG,2026-05-05T17:05:51.859440
saham_diskon,"IHSG Movers 💸
BBRI diskon +20%
BMRI mahal -17%
BBCA mahal -35%
BBNI diskon +5,6%",2025-12-10T08:01:56.000Z,https://www.threads.com/@saham_diskon/post/DSE1PDIk0qr,IHSG,2026-05-05T17:05:52.084648
ehnovv,"Top 5 Best Horror Movies:
1. Rupiah 17.300
2. $BBCA 5,975
3. IHSG Gap 6108
4. War Iran AS
5. Losing Myself",2026-04-30T05:26:29.000Z,https://www.threads.com/@ehnovv/post/DXvnh3pgAsQ,IHSG,2026-05-05T17:05:52.177311
sahamstockidn,"Berdasarkan data Bloomberg sejak 2000, penurunan dari peak ke bottom (drawdown) sebesar -23% pada kali ini berada di kisaran yang SAMA dengan saat ‘Taper Tantrum 2013’ (-24%), ‘China Scare 2015’ (-25%), dan ‘selloff Liberation Day 2025’ (-25%).",2026-04-04T00:30:35.000Z,https://www.threads.com/@sahamstockidn/post/DWsI_7ok4Lf,IHSG,2026-05-05T17:05:55.045541
sahamstockidn,"Jika pola yang sama terjadi, hal ini mengindikasikan bahwa IHSG sudah BERADA/MENDEKATI area bottom.",2026-04-04T00:30:35.000Z,https://www.threads.com/@sahamstockidn/post/DWsI_99E5Da,IHSG,2026-05-05T17:05:55.139810
benekrisna,Bagaimana pergerakan IHSG saat ada konflik/perang? Baca selengkapnya di suar.id/ihsg…,2026-03-03T15:03:31.000Z,https://www.threads.com/@benekrisna/post/DVbTdhzEjRA,IHSG,2026-05-05T17:05:55.249067
dayoneinvesting.id,"2 “kaki” kuat yang menopang IHSG.
Modal yang cukup untuk rebound ke cluster resistance 7.224-7.268 dan selanjutnya ke level 7.608-7.675.
dayoneinvesting.id",2026-04-01T03:31:22.000Z,https://www.threads.com/@dayoneinvesting.id/post/DWkvTbQkZCU,IHSG,2026-05-05T17:05:55.375513
agungpharm,"Menarik untuk IHSG besok utamanya saham konglo yang tehnikalnya juga berada di fase bearish.
Yang paling parah adalah Bitcoin yang mengalami kejatuhan lebih dari 7% dan saat ini berada di area 67.586$
Indeks S&P500 juga turun di area 6.800.
XAUUSD turun hampir 3% setelah tadi siang naik diatas 5.000$",2026-02-05T15:46:43.000Z,https://www.threads.com/@agungpharm/post/DUYbvGcgexf,IHSG,2026-05-05T17:05:55.503697
alfhadnur,"Di IHSG, PT Petrindo Jaya Kreasi Tbk menjadi satu-satunya emiten besar yang sudah masuk ke bisnis pasir silika, meskipun bukan sebagai bisnis utama. Melalui anak usahanya (tidak langsung), CUAN mulai mengembangkan tambang silika sebagai bagian dari strategi diversifikasi dari batu bara menuju mineral masa depan. Namun hingga saat ini, kontribusi pendapatan dari silika masih sangat kecil dan belum menjadi penopang utama kinerja perusahaan.",2026-03-25T17:21:24.000Z,https://www.threads.com/@alfhadnur/post/DWUMulnk33W,IHSG,2026-05-05T17:05:55.603858
halalflow.id,"Kalo kalian nyerok apa tadi saat crash? Reply dibawah yaa 😁🙆‍♀️
Untung td sempet avg down di BRMS.
Astaga ndar, ngeri banget ndar, kok bisa seluruhan bandar TP saat IHSG 9000 🤪",2026-01-12T11:53:28.000Z,https://www.threads.com/@halalflow.id/post/DTaN9zckSLc,IHSG,2026-05-05T17:05:55.724229
novstories,MSCI dan IHSG hari ini 🫣,2026-01-28T11:50:06.000Z,https://www.threads.com/@novstories/post/DUDaTJpkS7g,IHSG,2026-05-05T17:05:55.825055
faiz.kur,"Screener ini cocok buat copet ketika ihsg tidak mendukung, malah banyak yg ara ara 🔥",2025-11-13T09:45:50.000Z,https://www.threads.com/@faiz.kur/post/DQ_fqeJEt_X,IHSG,2026-05-05T17:05:55.940462
senius.creative,"Thread ini buat lo yang capek bayar admin fee 15-20% tiap transaksi. Yuk, gue kasih tips ROI 10x! 👇
Guys, pagi ini IHSG turun tajam gara-gara saham BBCA & CDIA goyang pasar. Seller Shopee/Tokped/TTS pada panik, GMV drop! Gue Rara Spark
@senius.creative
, liat banyak yang margin jebol cuma krn tergantung platform.
🔥 IHSG Anjlok Lagi, Tokohmu Masih Stagnan? 😱",2026-04-25T02:00:15.000Z,https://www.threads.com/@senius.creative/post/DXiX7Z4E9pK,IHSG,2026-05-05T17:05:56.048663
jiaxsia,"Baru terjun belajar saham Indonesia minggu lalu, pagi ini senyum sumringah liat PGAS dan ACES ☺️🫶🏻",2026-04-22T03:12:37.000Z,https://www.threads.com/@jiaxsia/post/DXax2gxkzh4,IHSG,2026-05-05T17:05:56.148644
m.hilmansal,"Optimis besok IHSG membaik, jangan lupa DYOR.
Pantauan BSJP, karena hari ini mulai rebound IHSG:
- BUMI
- CPRO
- TRUE
- ELSA",2026-02-03T08:03:41.000Z,https://www.threads.com/@m.hilmansal/post/DUSdKDJE-aZ,IHSG,2026-05-05T17:05:56.248345
suamimilenial,"Baru mulai lagi trading saham di oct 2025.
Sekarang porto gw lebih buruk dari penurunan IHSG.
Mau gw uninstall aja ini aplikasi.
Wahai para suhu2 apa yg harus kulakukan di peperangan ini",2026-04-02T12:15:36.000Z,https://www.threads.com/@suamimilenial/post/DWoQF1HEvzj,IHSG,2026-05-05T17:05:56.362383
briandrianto,"IHSG besok 😂😂😂😂 Yang besok bangun jam 9:00:01 pasti kalah dan nangis. 8.55 pagi udah siap sedia ya, pastikan internet cepat. #ww3",2026-03-01T02:12:00.000Z,https://www.threads.com/@briandrianto/post/DVUxk_KEtPf,IHSG,2026-05-05T17:05:56.513313
eginanjar,"Ini bukan fase nyaman untuk agresif.‼️
Ciri-cirinya:
✔ Lower high beruntun
✔ EMA semua mengarah turun
✔ RSI masuk zona bearish
✔ Support psikologis mulai diuji
Market saat ini dalam fase:
DOWNWARD MOMENTUM + PANIC DISTRIBUTION
⚠️ KONDISI MARKET SEKARANG",2026-05-01T08:58:51.000Z,https://www.threads.com/@eginanjar/post/DXykoMvGae3,IHSG,2026-05-05T17:05:56.844896
kertas_digital_,"Buset, IHSG libur dari 18-24 maret 🤦🏻",2026-03-12T00:16:28.000Z,https://www.threads.com/@kertas_digital_/post/DVw5GeOk2HH,IHSG,2026-05-05T17:05:57.684995
charlessugianto,"IHSG gimana gaes? Kabar terbaru ""peace talk"" Amerika-Iran di Pakistan tidak sepakat 😭🙏",2026-04-12T03:30:42.000Z,https://www.threads.com/@charlessugianto/post/DXBD-M5Eibg,IHSG,2026-05-05T17:06:01.483486
r_h_m_trade,"Saya selalu bilang sama orang-orang yang kenal saya, seturun-turunnya IHSG pasti selalu ada kesempatan, selalu ada saham yang reboundnya paling cepat. Arus dana itu ga pernah bohong😌",2026-04-30T23:27:02.000Z,https://www.threads.com/@r_h_m_trade/post/DXxjMEhEm0T,IHSG,2026-05-05T17:06:01.575349
taritali.indonesia,"Sumber : CNBC Indonesia
Catatan Perdagangan:
Rekor transaksi tertinggi: Rp68,18 triliun (tanpa transaksi negosiasi), mengalahkan rekor sebelumnya Rp69,48 triliun.
Sentimen Positif:
✅Pernyataan OJK mengenai penyesuaian free float Indonesia untuk memenuhi standar MSCI, serta komitmen transparansi dalam data kepemilikan saham.
Jumat (30/1/2026), IHSG dibuka +1,06% ke 8.319, namun penguatan terpangkas setelah aksi jual mulai muncul.
taritali.indonesia",2026-01-30T03:01:09.000Z,https://www.threads.com/@taritali.indonesia/post/DUHnWvakfSZ,IHSG,2026-05-05T17:06:01.705307
icqnic_15,"WHOOWW HIDUP JOKOWI
IHSG anjlok, dolar tembus 17rb, gaji guru ga naik, investor asing keluar, utang negara 9.000T, dan di situasi begini lu bilang ""kita temenan aja ya""....??",2026-05-01T07:12:04.000Z,https://www.threads.com/@icqnic_15/post/DXyYaHXGe73,IHSG,2026-05-05T17:06:01.809683
hendracipta_surg,"Terpantau status legend IHSG.... masih tetap senyum , mereka pasti punya manajemen risk yang baik.
Yang penting slide terakhirrrr..... makanlah sikittttt
hendracipta_surg",2026-01-28T05:20:04.000Z,https://www.threads.com/@hendracipta_surg/post/DUCtqX0k6f6,IHSG,2026-05-05T17:06:01.921065
dinnadiana__,"Kalau kelihatannya semua naik…
kenapa banyak orang justru ngerasa hidup makin berat?
Emas ATH.
IHSG ATH.
Tapi rupiah lagi lemah.",2026-01-18T23:32:56.000Z,https://www.threads.com/@dinnadiana__/post/DTq6yEMErZl,IHSG,2026-05-05T17:06:02.040230
bondankinasih,"Padahal ihsg lagi merah, tp seharian alhamdulilah mode scalping lancar cuannya
Apa iya rejekinya pas ihsg merah? 😅",2026-04-21T12:09:45.000Z,https://www.threads.com/@bondankinasih/post/DXZKhqqk4jg,IHSG,2026-05-05T17:06:02.139444
widipardiyawan,"Prediksi IHSG dan menu besok akan di upload jam 8 WIB di website ya
Sudah kita udpate ya prediksi IHSG besok beserta menunya
koraninvesta.netlify.app",2026-04-28T15:10:39.000Z,https://www.threads.com/@widipardiyawan/post/DXrgytylAWN,IHSG,2026-05-05T17:06:02.331854
widipardiyawan,Prediksi IHSG dan menu besok akan di upload jam 8 WIB di website ya,2026-04-28T12:05:41.000Z,https://www.threads.com/@widipardiyawan/post/DXrLn8xFL7V,IHSG,2026-05-05T17:06:02.448951
widapuspitosari,"Saya pikir jawabannya malah lebih rumit dari keduanya - karena yang terjadi adalah pemerintah sudah memperhitungkan, bahwa stabilitas palsu itu lebih murah ongkos politiknya.
Rupiah mengalami devaluasi, IHSG terjun bebas. Ini salah siapa? Pemerintah yang santai atau rakyat yang terlalu diam? Pertanyaan di atas semakin sering saya jumpai di media sosial.",2026-04-24T21:59:57.000Z,https://www.threads.com/@widapuspitosari/post/DXh8dCKjZ2f,IHSG,2026-05-05T17:06:02.718341
alditama,"Yang hold BBCA, masih semangat serok atau dah lah auk amat?",2026-04-27T10:50:43.000Z,https://www.threads.com/@alditama/post/DXoeQBcmjuC,IHSG,2026-05-05T17:06:05.726612
onniechi,"Coba testing market, kurang enak, keluar dulu. Nanti kita hunting lagi
Hari ini belum beli apa-apa. Tadi cuma testing market dan jualan TP yang dibeli kemaren dan yang kubeli pas crashed bulan lalu. Dapat >15% not bad lah walau target gw lebih dari ini, cuman akhirnya ku putuskan TP dulu aja karna market lagi lucu-lucunya.",2026-03-03T03:03:59.000Z,https://www.threads.com/@onniechi/post/DVaBHankk2J,IHSG,2026-05-05T17:06:05.839831
elshanumelzayn,"DYOR
Diskon saatnya berburu 😎.",2026-02-26T07:42:26.000Z,https://www.threads.com/@elshanumelzayn/post/DVNpAh5k_nF,IHSG,2026-05-05T17:06:05.959653
putrad23040,"kita lihat chart #IHSG yang mana sudah mendekati pattern top linenya yang juga fibo 0.5..klo ada rejection disitu maka IHSG potensi balik ke 7200. namun kalau breakout maka akan kembali ke 7900..kita doakan market kuat. Para penopang bursa terutama grup PP so far positif, dan grup Pak Hashim, Bakrie dan Happy H sudah golden cross dan diatas MA200....kita optimis tapi siap bereaksi kalo kepentok pattern line.. apapun skenarionya bisa tetep cuan asal disiplin.
t.me/snipe…",2026-04-11T11:30:56.000Z,https://www.threads.com/@putrad23040/post/DW_WIlyjR2c,IHSG,2026-05-05T17:06:06.080916
yudhaniagara,"Pesan untuk hari ini : jangan lihat IHSG, jangan buka stockbit !!",2026-03-12T22:08:30.000Z,https://www.threads.com/@yudhaniagara/post/DVzPQEzEw12,IHSG,2026-05-05T17:06:06.215088
novstories,IHSG masih downtrend. Kita harus gimana? Aku rangkumin pendapat analis disini ➡️,2026-03-30T09:53:14.000Z,https://www.threads.com/@novstories/post/DWgRafUEdnD,IHSG,2026-05-05T17:06:06.324401
farisalbqy,Di kala ihsg junam Alhamdulillah Machine Learning @quansight.pro tetap profit,2026-04-23T12:22:03.000Z,https://www.threads.com/@farisalbqy/post/DXeVhdMlJeW,IHSG,2026-05-05T17:06:06.420916
journalprimestock,"Daftar Tanggal Trading Halt di BEI:
1. 8 Oktober 2008 – Krisis Keuangan Global.
2. 12 Maret 2020 – Awal Pandemi COVID-19
3. 13 Maret 2020 – Pandemi COVID-19 Berlanjut
4. 17 Maret 2020 – Gelombang Volatilitas Lanjutan
5. 19 Maret 2020 – Market Squeeze Saat Pandemi
6. 23 Maret 2020 – Pandemi Tak Kunjung Reda
7. 18 Maret 2025 – Tekanan Pasar Tajam
8. 8 April 2025 – Penurunan Tajam Pasca Libur
9. 28 Januari 2026 – Tekanan Pasar dari Sentimen Global MSCI
IHSG TRADING HALT
journalprimestock",2026-01-28T08:16:09.000Z,https://www.threads.com/@journalprimestock/post/DUDB0DaidKb,IHSG,2026-05-05T17:06:06.544256
divideninvesting.id,"Percayalah
Itu biasanya yang hold saham-saham sampah
Saya sedang floating loss banyak
divideninvesting.id",2025-10-28T22:31:29.000Z,https://www.threads.com/@divideninvesting.id/post/DQXqkP2EtWm,IHSG,2026-05-05T17:06:06.702355
giovan.prd,"IHSG punya 2 level utk nahan yg bagus. Jadi ada 2 skenario bullish.
[A THREAD]
Menurut keyakinan saya",2026-02-26T11:01:22.000Z,https://www.threads.com/@giovan.prd/post/DVN_xjbD6zm,IHSG,2026-05-05T17:06:06.797069
stockflow.id,"3. Bond yield Indonesia sudah di 6.878%.
Artinya investasi paling aman di Indonesia adalah obligasi pemerintah yang sudah kasih return hampir 7% per tahun. Tanpa risiko.
2. Rupiah melemah bikin investor asing hitung ulang return mereka. Ujungnya mereka jual saham Indonesia dan keluar.
Bukan salah satu faktor. Tapi tiga sekaligus.
1. Kondisi global lagi tidak baik investor global dalam mode jual aset berisiko. Emerging market seperti Indonesia selalu kena duluan.
Kenapa IHSG Susah Naik?",2026-04-28T03:52:21.000Z,https://www.threads.com/@stockflow.id/post/DXqTKrAkwrT,IHSG,2026-05-05T17:06:07.162686
saham.suksesberkah,"Mau Profit Konsisten di saham? Pastikan IHSG lagi layak trading atau tidak. Pakai rumus yang saya berikan ya.
saham.suksesberkah",2026-04-21T10:43:41.000Z,https://www.threads.com/@saham.suksesberkah/post/DXZArAjj2C0,IHSG,2026-05-05T17:06:07.289355
saham_diskon,"IHSG Highest Dividends 💸
DMAS yield 22,31%
LPFF yield 18,4%
CFIN yield 15,53%
ADRO yield 15,37%
PTBA yield 14,71%
RALS yield 14,53%",2025-12-13T07:40:55.000Z,https://www.threads.com/@saham_diskon/post/DSMhNx1id3P,IHSG,2026-05-05T17:06:07.935053
raahady_,"#ihsg #saham #investasi #analisateknikal
Menariknya penurunan IHSG sudah mulai mendekati area krusial 7100 dan hari ini berhasil sedikit rebound selama tertahan tidak turun kebawah 6800 IHSG masih valid berada dalam corrective wave 4 yang mana fase wave ABC sudah hampir selesai.
Ditengah ketegangan geopolitik pasar saham dunia cenderung melemah termasuk IHSG yang terkena imbasnya.",2026-03-09T12:08:42.000Z,https://www.threads.com/@raahady_/post/DVqcOJxkjXs,IHSG,2026-05-05T17:06:08.450331
kokoteknikal,"EMA10 yang jadi resistance jangka pendek IHSG juga mulai menyempit, harusnya mulai kelihatan arahnya dalam beberapa hari ke depan.
IHSG so far rejection terus dan bertahan di support area 6120-7020.",2026-04-07T03:35:29.000Z,https://www.threads.com/@kokoteknikal/post/DW0Miw7ie8k,IHSG,2026-05-05T17:06:11.842788
sahamstockidn,"Lalu kita hitung:
Saya meyakini bottom IHSG mengacu support terdekat ada di area 6.900an dan the worstnya di 6.600an.
Pertanyaannya: Kapan kita harus masuk? Berapa bottom IHSG?",2026-04-03T06:23:53.000Z,https://www.threads.com/@sahamstockidn/post/DWqMorAE-mx,IHSG,2026-05-05T17:06:11.972981
sahamstockidn,"Kalau masuk sekarang di area 6900-7000an:
1. Risiko IHSG akan anjlok ⬇️ sekitar 6%an lagi jika mencapai 6,600an.
2. Potensi IHSG akan naik ⬆️ sekitar 30%an jika mencapai ATH 9,100an.",2026-04-03T06:23:53.000Z,https://www.threads.com/@sahamstockidn/post/DWqMoqEk3Ib,IHSG,2026-05-05T17:06:12.075100
kinakinu97,Hari kesekian IHSG belum kunjung membaik 🥶🥶🥶,2026-02-02T07:04:44.000Z,https://www.threads.com/@kinakinu97/post/DUPxndLkZml,IHSG,2026-05-05T17:06:12.271416
ivn88s,"Sy jg setuju kalau saham2 ""konglo"" overvalue, tapi jangan lupa, ada resiko yg perlu dihadapi juga pada saham2 fundamental yg sudah ada di dalam MSCI
Padahal jika Indonesia turun grade ke frontier, yg paling beresiko terkena outflow itu saham2 fundamental big caps
Hari ini banyak sekali yg bahas penurunan saham ""konglo"" akibat freeze msci",2026-01-28T13:50:31.000Z,https://www.threads.com/@ivn88s/post/DUDoFFNEk_-,IHSG,2026-05-05T17:06:12.398896
maulanahr_,"Sept 24 s/d April 25 market mengalami koreksi perlahan selama kurang lebih 8 bulan (IHSG -25,57%). Tidak jatuh sekaligus, tapi turun bertahap. Setelah itu, dari April 25 hingga Januari 26, pasar justru mengalami fase bullish sekitar 10 bulan ( IHSG +56% ).
2026 sepertinya jadi tahun floating loss berjamaah di pasar saham. Hampir semua trader dan investor kemungkinan pernah merasakannya, entah itu sekadar melihat portofolio merah (floating loss), atau bahkan sampai harus cut loss.",2026-03-13T13:30:06.000Z,https://www.threads.com/@maulanahr_/post/DV04uDeAa_V,IHSG,2026-05-05T17:06:12.493413
agungpharm,"Pelemahan dipimpin saham konglomerat dan perbankan. Bahkan BBRI sempat jebol level psikologis 3.000 sebelum ditutup naik lagi ke 3010.
Kurs Rupiah terhadap dollar sekarang berada di 17.385, sedikit lagi menembus level 17.400.
Indeks Harga Saham Gabungan (IHSG) turun 2,46% menembus level support 7.000 dan sekarang berada di 6.926
Kondisi market sesi 1.",2026-04-30T05:14:39.000Z,https://www.threads.com/@agungpharm/post/DXvmLQugaHF,IHSG,2026-05-05T17:06:12.619039
fitpost.id,"#FitpostNews #BUKA #SahamTeknologi #IHSG #Investasi
Cek insight lengkap: lynk.id/fitst…
📊 Apakah ini fase akumulasi jangka panjang atau warning signal?
Ini menunjukkan fase ekspansi masih agresif, namun belum efisien secara bottom line.
PT Bukalapak.com Tbk mencatat rugi Rp425 miliar di Q1 2026, berbalik dari laba tahun lalu. Meski pendapatan tumbuh 62%, lonjakan beban dan rugi investasi jadi penekan utama profitabilitas.
📉 $BUKA Kembali Rugi, Growth Tinggi Belum Berbuah Profit",2026-04-29T04:11:58.000Z,https://www.threads.com/@fitpost.id/post/DXs6NMnkY6W,IHSG,2026-05-05T17:06:12.952101
mafiasaham.id,"#mafiasaham
Sumber : cnbcindonesia.com
Pada awal sesi dua, IHSG tercatat berada di level 6.887,36, turun 214 poin (-3,01%) dan menjadi titik terendah IHSG sepanjang tahun 2026. Bahkan, sejak awal tahun IHSG tercatat telah terkoreksi 20%.
Indeks Harga Saham Gabungan (IHSG) tertekan cukup dalam pada perdagangan sesi kedua Kamis (30/4/2026), dengan penurunan lebih dari 3%.",2026-05-01T05:40:57.000Z,https://www.threads.com/@mafiasaham.id/post/DXyN-qAEYuJ,IHSG,2026-05-05T17:06:13.665993
yannnrizz,"Ini sebenernya salah siapa guys ?
Rupiah pun turun
IHSG turun
Crypto turun
Gold turun
Silver turun
Big Banks indo juga turun",2026-02-02T05:36:48.000Z,https://www.threads.com/@yannnrizz/post/DUPnjTfEt8F,IHSG,2026-05-05T17:06:16.577011
agungpharm,"Semoga titik recovery IHSG di harga 7.000. Buat yang pegang saham konglo, ini waktu yg tepat untuk take prodit atau cut loss.
Saatnya fokus ke saham fundamental yang akan membagikan dividen di bulan Mei-Juni.
Ketika dividen yield sudah lewat 10% dihitung dari EPS (TTM dan Annual) tahun 2025 apalagi yang kinerjanya meningkat tahun lalu dan saat ini di harga diskon
Trading Halt hari kedua berlanjut padahal market baru buka 26 menit.",2026-01-29T02:30:43.000Z,https://www.threads.com/@agungpharm/post/DUE_E8xgagV,IHSG,2026-05-05T17:06:16.709164
tumpengcibinong_,"-nyemplung saham 6 Bln pertama udh loss 17 jt dan membaik di awal April udh tgal 7 jt lagi eh skrng Porto udh minus 12 jt lg hadeh ihsg ini lama lama ciyutt juga nyali gue 😩
tumpengcibinong_",2026-04-29T12:47:20.000Z,https://www.threads.com/@tumpengcibinong_/post/DXt1L8fkwa0,IHSG,2026-05-05T17:06:16.823610
jessicaakp,"Happy si lagi gedebak gedebuk urus renov ,liat 80% org d threads post ihsg hijau 🥹🫶🏻Penyemangat ya pas unhealthy gini,Yuk bs saham2 konglo 🗿.Coba spill2 kalian serok apa aja dan udh cuan berapa persen .",2025-12-12T15:55:25.000Z,https://www.threads.com/@jessicaakp/post/DSK1AtgE50h,IHSG,2026-05-05T17:06:16.917279
widipardiyawan,"Prediksi IHSG 29 April 2026
di upload pukul 08.55 wib | 29 April 2026
Gacor emg, hanya akun ini yang ngasih prediksi IHSG besok dengan akurat",2026-04-29T08:49:08.000Z,https://www.threads.com/@widipardiyawan/post/DXtZ7QKlPu3,IHSG,2026-05-05T17:06:17.079872
widipardiyawan,"Prediksi IHSG 29 April 2026
di upload pukul 08.55 wib | 29 April 2026",2026-04-29T01:54:57.000Z,https://www.threads.com/@widipardiyawan/post/DXsqhwvFELV,IHSG,2026-05-05T17:06:17.177153
sobatporto,"Point penting yg perlu diperhatikan apakah benar ceasefire ini berujung dengan selesainya perang. Sampai saat ini ceasefire masih dilaksanakan. Harga minyak masih stabil di $93/brl.
Sudah terlihat kalau market mulai euphoria dan ihsg sudah mendekati resistancenya. Kemungkinan ada dua skenario, IHSG menembus resistancenya lalu breakout atau kepentok resistance dan koreksi dulu ke area 7300-7500 (koreksi sehat).
Market Update 17 April 2026",2026-04-17T03:46:12.000Z,https://www.threads.com/@sobatporto/post/DXN9uA-kTL1,IHSG,2026-05-05T17:06:17.298353
rintoyak28,Sepertinya porto di hari senin bakal hijau. Amin 😂😂😂 #visualisasi dulu ya kan aca yang deg degan ga nih? Yuk kumpul!,2026-04-03T04:38:13.000Z,https://www.threads.com/@rintoyak28/post/DWqAi0ykR8k,IHSG,2026-05-05T17:06:17.501977
halo_ijah,ihsg merah tetep bisa kok cuan tipis-tipis🤏🏻,2026-04-28T05:03:43.000Z,https://www.threads.com/@halo_ijah/post/DXqbVZ9jyqb,IHSG,2026-05-05T17:06:17.935393
titis_putri,MashaAllah IHSG nya naik trs🔥,2026-04-10T02:43:06.000Z,https://www.threads.com/@titis_putri/post/DW707wREe7D,IHSG,2026-05-05T17:06:18.303913
zhuanmologi,"#NCKL
Tertahan di MA200 menunjukan potensi uptrend. Short trend masih sideway dengan MA100 sebagai resistancenya, jika mampu melewati MA100 ini maka berpotensi menguji resistance selanjutnya di 1395
Buy 1220
Stoploss 1135
Take Profit @1395
#IHSG
#saham
#tradingidea
#stockpick",2026-04-17T06:31:50.000Z,https://www.threads.com/@zhuanmologi/post/DXOQrO0get1,IHSG,2026-05-05T17:06:21.223096
adelonnataa,"Semua informasi, pandangan, dan ide saham yang saya bagikan di sini bukan rekomendasi beli/jual.
Ini hanya untuk edukasi, diskusi, dan sharing insight.
Pantauan saham untuk 12 Feb 2026
~BBTN
~NCKL
~ MSIN
~PADI
~ PGEO
DISCLAIMER ⚠️",2026-02-11T18:13:23.000Z,https://www.threads.com/@adelonnataa/post/DUoJSqGDCXM,IHSG,2026-05-05T17:06:21.340486
happytrader.co,"Tapi kalau masih ada buangan dari BREN & DSSA mungkin seperti hari ini ✌️
Prediksi IHSG besok hijau pekat 🚀",2026-04-21T12:10:21.000Z,https://www.threads.com/@happytrader.co/post/DXZKmDJlI6J,IHSG,2026-05-05T17:06:22.041659
agungpharm,"Teman-teman bagaimana persiapan kalian hari ini di market?
Saya bukan buzzer pemerintah, bahkan lebih sering mengkritik kebijakan yang tidak efisien.
Sebaiknya kita beri ruang dan kesempatan menteri keuangan baru bekerja. Rasa optimis dia terhadap ekonomi semoga berefek baik.
Semoga market menerima dengan penerimaan yang lapang menteri keuangan kita yang baru.
Doa terbaik untuk Indeks Harga Saham Gabungan (IHSG) hari ini dan saham kita. Semoga bisa rebound dari penurunan kemarin.",2025-09-09T00:59:57.000Z,https://www.threads.com/@agungpharm/post/DOXLz4egf-i,IHSG,2026-05-05T17:06:22.422176
hengky.lim.9,"sempat menghijau sentuh resistance 7.154 namun gagal break high, kemungkinan saat ini IHSG akan bergerak flat di area kotak merah ini, saham2 akan bergerak dgn volatilitas zig zag dlu ni
Update 31 Maret 26",2026-03-31T06:43:59.000Z,https://www.threads.com/@hengky.lim.9/post/DWigjSfgWyL,IHSG,2026-05-05T17:06:22.700163
ianbeats99,"Punya dooh, Jumat malah junam ketahan di avg 180 😭",2026-04-26T12:41:01.000Z,https://www.threads.com/@ianbeats99/post/DXmGFCNEjn5,IHSG,2026-05-05T17:06:22.805993
taraonecapital,IHSG Effect ya Mas. Semoga besok bisa rebound Mas 🙏 #JagaIHSG #JagaRupiahKita #JagaIndonesia Jaga Market kita Tetap stabil dan Tangguh di kawasan ASEAN 🚀🇮🇩🙏,2026-04-26T12:51:48.000Z,https://www.threads.com/@taraonecapital/post/DXmHT-Nk7ag,IHSG,2026-05-05T17:06:22.899441
rifqiatt_,"Welcome to the jungle🔥
Petualangan awal bulan ini dimulai dari prediksi ihsg merah, Trump mulai petakilan, flash dump, recover dari saham yang ditadahin sampai 2 hari terakhir IHSG merah membara
Kalau gak merah ya gimana mau belajarnya, ya kan?
Kenapa? Agar orang-orang (termasuk saya) yang baru terjun di market ini bisa belajar sesuatu
Awal tahun 2026 disuguhkan dengan volatilitas, justru saya suka",2026-01-23T05:03:10.000Z,https://www.threads.com/@rifqiatt_/post/DT1zwUkE4nM,IHSG,2026-05-05T17:06:23.041617
sahampedia.id,"AI Summary Finansipedia detect 4 saham conviction HIGH hari ini — ARTO, WIIM, WINS, MIDI. Semua score 100.
MIDI paling menarik: akumulasi asing agresif, net flow 5 hari Rp26.4M.
Tapi hati-hati SRSN — distribution trap. BIG WHALE TS lagi jualan besar-besaran di situ.
Data ini update tiap hari di app.finansipedia.com.",2026-04-30T01:30:11.000Z,https://www.threads.com/@sahampedia.id/post/DXvMfPWEQJa,IHSG,2026-05-05T17:06:23.258787
ayahpiky,"Salahsatu pertimbangan sy ga jadi ambil tu bagian itunya pak..
Udh dpet jatah FF cm 3-5lot, blom lg pusing UW nya gmn dgn tipikal MG ne.. pdh profit ga sberapa..
Gutlak bang...
Oya indeks luar pada ATH smua bang..
Hehe... Udh cek neh?",2026-04-18T04:09:06.000Z,https://www.threads.com/@ayahpiky/post/DXQlImakcXU,IHSG,2026-05-05T17:06:23.358230
agungpharm,"Terima kasih. Semoga dapat 1000 perlembar WBSA.
Iya S&P 500 sudah ATH. Harusnya IHSG bakal segera rally lagi tapi yang jadi sandungan ini kurs rupiah dan pengumuman bulan Mei dari MSCI.",2026-04-18T04:27:21.000Z,https://www.threads.com/@agungpharm/post/DXQnOTigdTn,IHSG,2026-05-05T17:06:23.439024
irwandiferry,"Investor asing masuk 1,44 T, IHSG ke 9000, terus kenapa rupiah malah menuju 17 ribu? nah semua karena hedging, apa itu hedging, begini penjelasannya 🥰",2026-01-19T09:08:09.000Z,https://www.threads.com/@irwandiferry/post/DTr8m7rkdNz,IHSG,2026-05-05T17:06:26.198848
fii_asm,"random hastag : #BREN #BRMS #MSCI
Analisa by ChatGPT
Trend utama masih bullish (post IH&S breakout).
Short-term risk meningkat karena wedge sempit + mendekati target 8,860.
Area 8,070–8,100 jadi pivot penting → jika tembus ke bawah, koreksi bisa terjadi.
Jika breakout 8,860 valid, target lanjutan = 9,400–9,500 (Fib 2.618).
random tag #ihsg #saham
10 Bulan yang lalu hasil analisa teknikal dengan chatgpt
sayang sekali tidak mampu mencapai ke titik fibo 2.16 atau 9.400an IHSG
tapi IHSG susah mencapai bahkan melewati pattern ny yaitu IHnS di 8.860..
next coba kita konsul lagi dengan mbah gpt ya sampai mana ihsg kita akan junam dan reversal? 😂",2026-03-04T15:12:32.000Z,https://www.threads.com/@fii_asm/post/DVd5SaNk6zH,IHSG,2026-05-05T17:06:26.415244
fii_asm,"random hastag : #BREN #BRMS #MSCI
Analisa by ChatGPT
Trend utama masih bullish (post IH&S breakout).
Short-term risk meningkat karena wedge sempit + mendekati target 8,860.
Area 8,070–8,100 jadi pivot penting → jika tembus ke bawah, koreksi bisa terjadi.
Jika breakout 8,860 valid, target lanjutan = 9,400–9,500 (Fib 2.618).",2025-11-05T00:10:23.000Z,https://www.threads.com/@fii_asm/post/DQp3csgE3lw,IHSG,2026-05-05T17:06:26.560570
hendracipta_surg,"Bursa Korea kemarin turun 18 persen, hari ini naik 11%.... wow , bursa efek loh ini. Kayak saham gorengan aja ya......
IHSG kembali hijau kah?
>>> Likely
hendracipta_surg",2026-03-05T01:25:55.000Z,https://www.threads.com/@hendracipta_surg/post/DVe_e7CEwtJ,IHSG,2026-05-05T17:06:26.671525
susanasrihandayani,"Happy cuan hari ini 😇😇
Emiten swing
RATU entri di 6.735
RAJA
ANTM ARCI
INCO NCKL
MINA
TEBE
GTSI - HUMI
Saham2 pak PP
BULL
DEWA BUMI
susanasrihandayani",2026-04-14T08:55:13.000Z,https://www.threads.com/@susanasrihandayani/post/DXGysu6idef,IHSG,2026-05-05T17:06:26.781225
nanirsv,"Alhamdulillah, hari ini ihsg bersinar, inet rmke masih merah, ngekos 3 bln 🤣🤣",2026-04-14T09:18:04.000Z,https://www.threads.com/@nanirsv/post/DXG1UE0kgfw,IHSG,2026-05-05T17:06:26.872515
saham_diskon,"IHSG Top Loser 📉
BUVA diskon ☺️
FORU mahal -1.7k%
HDIT mahal -1,3k%
SAFE mahal -23,6%
ENRG mahal -73,9%
FPNI mahal -88,7%",2025-12-15T12:59:57.000Z,https://www.threads.com/@saham_diskon/post/DSSPUQ8AYYi,IHSG,2026-05-05T17:06:26.996859
the_greatman77,"Jir naiknya ratusan rupiah doang berasa Indonesia mau kiamat 😭🤣 bbm subsidi kemarin gak dinaikin pemerintah tapi gak ada kaum lu yg memuji. Malah pengen bbm dinaikkan, kata si caplin",2026-04-30T17:30:46.000Z,https://www.threads.com/@the_greatman77/post/DXw6au2EzLV,IHSG,2026-05-05T17:06:27.099946
trisnsani,lah ini kan lagi bahas ekspor sawit tiap hr tp kenapa minyak goreng ttp naik? lu malah bahas ke bbm? nih bahas juga dong dolar sama IHSG sekarang zer buzzer greatman 😘😘,2026-05-01T00:49:18.000Z,https://www.threads.com/@trisnsani/post/DXxsmm_gXFj,IHSG,2026-05-05T17:06:27.202143
rizkamaghfur,"Gmn trading kalian temen2 hari ini ?
Semoga cuan banyak ya
Ngarep2 untung tinggi
Malah zonk
Mending 2-3% bungkus
Klo yakin naik , tinggal beli lagi
Klo nyangkut ya berarti analisa kita salah
Tapi sudah aman
setidak ndak zonk2 bgt
Sudah ada yg d bungkus 😁🙏
Memang klo trading itu ndak boleh ngarep2
Hari ini trading sesi 1 aja
Kmrin ngarep ihsg ngacir ke 10k
Realitanya minus 1.7%an 🤣🤣🙏",2026-03-26T09:51:40.000Z,https://www.threads.com/@rizkamaghfur/post/DWV-DhYkjHF,IHSG,2026-05-05T17:06:27.322548
intaaaaaaaaannnn,"Wargaaaa tolong ucapin ultah dong😁 hari ini aku ultah😆
intaaaaaaaaannnn",2026-04-30T17:12:24.000Z,https://www.threads.com/@intaaaaaaaaannnn/post/DXw4UMqk5uL,IHSG,2026-05-05T17:06:27.510259
belimbingstock,Selamat ulang tahun ya kak semoga IHSG panjang umur & sehat selalu,2026-04-30T17:21:45.000Z,https://www.threads.com/@belimbingstock/post/DXw5Yp2Eivr,IHSG,2026-05-05T17:06:27.603816
handierawan,"mau buktinya? lihat kondisi market sekarang.
dua ini kaya bandul, kalau salah satu tidak ada yang ngecounter, maka arahnya akan ikut yang arahnya kenceng.
Bluechip dan Konglo (mostly Barito Group)
IHSG itu ditopang dua type saham:",2026-01-25T02:18:47.000Z,https://www.threads.com/@handierawan/post/DT6qiF3k1XI,IHSG,2026-05-05T17:06:27.739720
nuramalaaa,"Tolongin, uda kecebur malah beli lagi buat nurunin avg. IHSG mengamuk kayaknya 😭🤛🏻",2026-04-24T05:04:02.000Z,https://www.threads.com/@nuramalaaa/post/DXgIMNWk4QJ,IHSG,2026-05-05T17:06:27.824059
tiaraputh,"ada tambahan?
1. Cash is king
2. beli disaat Turun -3%
3. jangan taruh di saham gorengan lebih dari 50lot
4. CL dibawa -5%
5. funda kurang kokoh TP full klo udah ijo, pindah ke yg kokoh buat jaga2 klo crash turunnya cuma 1-3 hari aja ga sampe berbulan-bulan
hal yg harus diperbaiki kedepan terkait market 2026 ini adalah",2026-03-16T08:48:00.000Z,https://www.threads.com/@tiaraputh/post/DV8G0hgkZzT,IHSG,2026-05-05T17:06:27.960002
wennyanggono,IHSG + US = merah x2 🔥,2026-01-31T06:00:35.000Z,https://www.threads.com/@wennyanggono/post/DUKgr1hEswm,IHSG,2026-05-05T17:06:28.173525
junismine,"Hai! Adakah disini pemegang saham BBCA dan BBRI, dalam kondisi stuck dan minus super banyak?
Kenapa memutuskan tidak cut loss?
Sedang butuh masukan optimis ditengah ketidakjelasan pemerintah🥺😔",2026-04-30T16:16:26.000Z,https://www.threads.com/@junismine/post/DXwx6SHE5Ul,IHSG,2026-05-05T17:06:28.281635
shella88maya,"Tujuan keuangan awalnya apa.. Krn emank untuk jangka panjang.. Apa skrng butuh uang untuk dicairkan n dipakai.. Msh percaya dgn kinerja BBCA krn rek tab hari"" juga yg dipakai BCA, RDN juga BCA, bank digital juga Blu by BCA. Pakai BCA juga udah dari sedari kecil. Good service n good trust. Kayaknya hampir semua posisi saham indo di ihsg down n merah. BBCA n BBRI msh termasuk saham blue chip sampai saat ini.",2026-05-01T00:01:37.000Z,https://www.threads.com/@shella88maya/post/DXxnJV6k2u5,IHSG,2026-05-05T17:06:28.375386
priceaction.id,"Saham sejuta ummat,BUMI.
Kemarin dia break ma 20, nah ini poin yang gw bilang menarik.
Ditambah laporan Q1 yang oke ✅
Gw punya memory bagus di emiten ini pake strategi ma 20 sebelum rally💸💴💰
strategi gw selalu konsisten, acuan ma 20.
Dibawah ma 20 = skip, diatas ma 20 = pantau dulu mengingat IHSG lagi drop.",2026-04-30T23:44:24.000Z,https://www.threads.com/@priceaction.id/post/DXxlLXQk44J,IHSG,2026-05-05T17:06:28.971797
andriandavinta_,"Yuk kita sama-sama cermati beberapa hal yang jadi penyebab di thread selanjutnya!
Kenapa Saham Banking Indonesia sekarang malah makin nyungsep? padahal fundamentalnya tidak jelek.
IHSG menjelang penutupan berhasil naik ke 7307.59 tapi asing malah outflow 1.77T dimana 1.1T di sektor Banking.
Volara IHSG Daily Brief 9 April 2026
Hari ini saham pak PP carry IHSG dengan volume 2-3x dari avg volume rata-rata. Bisa dilihat di Smart Money Screener
Sentimen negatif yg berpengaruh sdh aku share di thread bawah sebelumnya.
Realistically? Fundamentals banking masih solid. Spread OK, asset quality OK.
Perspektif:
Retail panic selling, institutional stay quiet, asing terus outflow. Tapi valuasi mulai menarik. Dividend yield naik ke 5-11% at these prices.
Volume tinggi (BBRI 428M), jadi ini bukan cuma noise tapi conviction selling. Support levels being tested serius.
Banking lagi bad day. BBCA -5,8%, BMRI -2.8%, BBRI -2.8%. Semuanya merah.",2026-04-24T12:46:43.000Z,https://www.threads.com/@andriandavinta_/post/DXg9JB2FD90,IHSG,2026-05-05T17:06:32.775990
andriandavinta_,"Yuk kita sama-sama cermati beberapa hal yang jadi penyebab di thread selanjutnya!
Kenapa Saham Banking Indonesia sekarang malah makin nyungsep? padahal fundamentalnya tidak jelek.
IHSG menjelang penutupan berhasil naik ke 7307.59 tapi asing malah outflow 1.77T dimana 1.1T di sektor Banking.
Volara IHSG Daily Brief 9 April 2026
Hari ini saham pak PP carry IHSG dengan volume 2-3x dari avg volume rata-rata. Bisa dilihat di Smart Money Screener",2026-04-09T12:22:40.000Z,https://www.threads.com/@andriandavinta_/post/DW6SdxblLna,IHSG,2026-05-05T17:06:32.983884
andriandavinta_,"#BankingStocks #IHSG #saham
Kamu hold, cut, atau buy dip hari ini?
BBCA jadi barometer. Kalau dia hold 6000, market stabilize. Kalau break, persiapkan worse.
Kalau kamu:
• Scalper: Jangan force it. Trend masih down.
• Value play: DCA mulai, ini entry point mulai bagus.
• Dividend focus: Yield terlalu juicy, gak bisa skip.",2026-04-24T12:46:43.000Z,https://www.threads.com/@andriandavinta_/post/DXg9JBfFCpR,IHSG,2026-05-05T17:06:33.112524
baypiero_,"Hati-hati yang sedang pegang emiten konglomerasi yang udah rally naik dari tahun lalu, saat ini mungkin saatnya koreksi. 2025 IHSG naik di dorong emiten konglo. Sedangkan emiten big bank atau fundamental yang lain masih stuck. Apakah saatnya rotasi sektor? Bulan 3 dan 4 bulannya emiten berdeviden 🥰🐉🔥👀",2026-01-22T09:24:44.000Z,https://www.threads.com/@baypiero_/post/DTzs5I_kmeF,IHSG,2026-05-05T17:06:33.212578
muhammad_tohaaaa,"Btw jangan lupa join komunitas saham di bio atau chat admin 082364418541
Berikut adalah rangkuman pantauan saham tersebut yang telah dirapikan berdasarkan sektor dan grup konglomerasi:
Memang saat IHSG rebound, saham-saham grup konglomerasi sering kali menjadi ""bahan bakar"" utama karena kapitalisasi pasar dan likuiditasnya. Memperhatikan free float di atas 15% juga langkah krusial untuk menghindari risiko suspensi atau kurangnya likuiditas saat ingin exit.
Beberapa saham menarik utk kedepan
muhammad_tohaaaa",2026-04-08T07:43:54.000Z,https://www.threads.com/@muhammad_tohaaaa/post/DW3NxG-lDHg,IHSG,2026-05-05T17:06:33.332785
susanasrihandayani,"Saham Silver , gold , copper US turun
Apakah IHSG akan ikutan di senin
Mari kita cari data dan berita 😁
susanasrihandayani",2026-03-15T01:23:50.000Z,https://www.threads.com/@susanasrihandayani/post/DV4vMasCciU,IHSG,2026-05-05T17:06:33.435037
anotherof.meh,"Ihsg down, rupiah melemah, daya beli masyarakat menurun, banyak phk, bahan baku naik terus.
Ternyata ini yg bikin gajiku jg makin kerasa dikit😭",2026-04-30T04:02:20.000Z,https://www.threads.com/@anotherof.meh/post/DXvd5j0j1a6,IHSG,2026-05-05T17:06:33.526804
imamyogaaa,"Jgn menyerah ihsg masih kasih cuan
Valid ya PMJS ARA",2026-04-07T08:16:26.000Z,https://www.threads.com/@imamyogaaa/post/DW0sskekb3w,IHSG,2026-05-05T17:06:33.631206
halo_ijah,ihsg oh ihsg🔥,2026-03-04T07:17:12.000Z,https://www.threads.com/@halo_ijah/post/DVdC5AfDw5H,IHSG,2026-05-05T17:06:33.728991
kimura.academy,"#IHSG #saham #trading #perbankan
Full thesis + saham lain di VVIP pagi tadi 📊
Foreign 6/6 align bullish, Apr 27 +20.2B continue. Smart money average 3,735 jadi level kunci. Tier A setup, kalau IHSG bearish sizing cut 30%.
🎯 BBNI — BUY
Entry: 3,700-3,770
TP: 4,012 / 4,200 / 4,480
SL: 3,400
R:R: 1 : 0.83
Rotation big-4 ke non-big-4 banking lagi panas. Foreign +Rp 536B 3.5 minggu, ZP lead +172B siklus.",2026-04-30T02:15:49.000Z,https://www.threads.com/@kimura.academy/post/DXvRtbYlNz_,IHSG,2026-05-05T17:06:33.875123
nyolinyol,"Kalau komoditas tidak lagi jadi penyangga, Indonesia dipaksa hidup dari produktivitas domestik.
Masalahnya: produktivitas, manufaktur high value, human capital, dan daya beli kita belum cukup kuat untuk menggantikan shock itu dengan cepat.
Ini bukan paranoid, tp kerentanan Indonesia modern.
Buzzer bangsad mengira yg terkena dampak hanya para oposisi 🖕🏼",2026-04-28T12:49:40.000Z,https://www.threads.com/@nyolinyol/post/DXrQqMnGRVM,IHSG,2026-05-05T17:06:34.148895
justjack.na,"Long way to go,long way to go.Jangan terlalu ngarep kita bisa masuk service industry, manufacture aja kita berat (beda sama 90an). Saya gak terlalu pusing sama siapa numero uno nya.Yang penting jangan goblok aja,ini udah kelewatan masalahnya, anggaran di buang2 sampe2 reserve nya aja di pake.All I'm concern about is currency.Itu yang real bakal sampe ke dunia nyata sehari2.Tapi terlalu naive kalo kita dichotomy fiscal sama monetary. Intinya MBG stop dulu ini cancer nya yang ngerembet ke IHSG,DLL",2026-04-28T12:58:36.000Z,https://www.threads.com/@justjack.na/post/DXrRrhEH2qg,IHSG,2026-05-05T17:06:34.235673
yusqiibrilliant,"Era fundamental mulai ambil alih?!
Bursa makin transparan, Era Saham gorengan pelan-pelan selesai sampai 6 bulan kedepan..",2026-02-05T12:36:27.000Z,https://www.threads.com/@yusqiibrilliant/post/DUYF9iNk_Ii,IHSG,2026-05-05T17:06:37.028679
tifarie,Mau nyerok eeh semua langsung disuspend 😅 Emang mengerikan kebakaran hari ini,2026-01-28T06:54:05.000Z,https://www.threads.com/@tifarie/post/DUC4bE6Eekl,IHSG,2026-05-05T17:06:37.130897
stockscreen.id,"IHSG Closing 20 April 2026
@stockscreen.id
for more updates! ""Clear insight for better investing""
#IHSG #idx #saham #stockscreenid",2026-04-20T11:36:08.000Z,https://www.threads.com/@stockscreen.id/post/DXWh4SxEuts,IHSG,2026-05-05T17:06:37.224309
bimbimisme,"sektor apa yang akan jadi next rising star ?! tahun-tahun ke depan?!
tahun 2005-2008 saham tambang
tahun 2008-2016 bumn karya terbang (tambang amblegh)
tahun 2016-2024 perbankan terbang (bumn karya amblegh, tambang bangkit pelan2)
tahun 2025-??? apakah perbankan amblegh???
semua ada masanya...",2026-03-13T08:08:03.000Z,https://www.threads.com/@bimbimisme/post/DV0T3NlE7K6,IHSG,2026-05-05T17:06:37.349152
pang3rann,"Yang beli emas setahun lalu, sekarang senyum-senyum sendiri. Yang baru mau beli, gigit jari mikir kapan turun. Emas lagi naik bro, Rp3.106.000/gram! Siapa masih hold? 😅🪙",2026-03-11T04:59:19.000Z,https://www.threads.com/@pang3rann/post/DVu0rMCEaaz,IHSG,2026-05-05T17:06:37.447618
evantax,"minggu ini jualan 3 hari dikasih lebih oleh market, yg g nyangka bfin bisa mantul
$BFIN $PSAB $BBRI
catatan trading (target 500 ribu/minggu)
februari week 3",2026-02-21T08:46:41.000Z,https://www.threads.com/@evantax/post/DVA4YtUk7Qs,IHSG,2026-05-05T17:06:37.568439
rizal.mrf,"Hari ini hijau, besok gimana?",2026-03-25T09:49:02.000Z,https://www.threads.com/@rizal.mrf/post/DWTY9ZTCYV5,IHSG,2026-05-05T17:06:37.800851
ervihidayah,"Jujur sih masih trauma masuk lagi ke market, belum bisa berpikir jernih dan belum ke trigger masuk walopun udah hari ini IHSG hijau",2026-03-25T05:02:22.000Z,https://www.threads.com/@ervihidayah/post/DWS4J1zmXa0,IHSG,2026-05-05T17:06:38.034274
pangeran_gareng,"jadi yield div final juga sudah cukup besar
370,45/4600 = 8,05%
tapi untuk yg baru beli jangan lupa kemaren januari BMRI udah bagikan div interim 100
Di harga sekarang 470,45/4600 = 10,22%
Div : 603,15 x 78% = 470,45
Semisal tahun ini pake angka dpr tahun
EPS 2025 : 603,15
Coba kita prediksi berapa total dividen yg dibagikan
Sini ane jelasinn
Nanti tanggal 28 April 2026 RUPS BMRI
Dividen BMRI 10,64% hampir 11% 🔥
Lanjut utas 2 ndak muatt ✌🏻😆
dari data yang dirangkum oleh stockbit, DPR BBRI ada kenaikan 6% yang mana menurut ane lumayan berdampak pada pembagian dividennya
tapi kemarin setelah rups emiten BBRI ane sempat mikir setelah baca hasil DPR nya
ayoo kita bedahh 💪
Di postingan sebelumnya, ane pernah pos bahwa hitungan prediksi dividen untuk emiten BMRI ane pakai atas DPR tahun buku 2024 sebesar 78%, tapi sepertinya bakal ada kenaikan di tahun ini 🔥💸
IHSG Hijau digendong Konglo, Banking Loyo 😆✌🏻",2026-04-13T05:33:50.000Z,https://www.threads.com/@pangeran_gareng/post/DXD223SEzy1,IHSG,2026-05-05T17:06:38.379483
pangeran_gareng,"jadi yield div final juga sudah cukup besar
370,45/4600 = 8,05%
tapi untuk yg baru beli jangan lupa kemaren januari BMRI udah bagikan div interim 100
Di harga sekarang 470,45/4600 = 10,22%
Div : 603,15 x 78% = 470,45
Semisal tahun ini pake angka dpr tahun
EPS 2025 : 603,15
Coba kita prediksi berapa total dividen yg dibagikan
Sini ane jelasinn
Nanti tanggal 28 April 2026 RUPS BMRI
Dividen BMRI 10,64% hampir 11% 🔥",2026-04-09T02:24:05.000Z,https://www.threads.com/@pangeran_gareng/post/DW5N9jdk6uX,IHSG,2026-05-05T17:06:38.582621
ssamuel_rp,"Saham Pom² NZIA
*Saham volatil kelas bulu (bisa Ara-Arb) potensi msh perform :
AHAP, PPRE, SMIL, MPIX, FIRE, YOII, LAJU, AYAM, DFAM, INOV, ASHA, ESTI, NZIA, CHEM, IKAN, ACRO, DSFI, ESIP
*Saham volatil dng volume besar kemarin : UNTR, AMMN, ENRG, INCO, ZATA, EMTK, COIN
*Saham2 yg dapat di perhatikan hr ini:
BMRI, TLKM
Perkiraan IHSG akan bergerak pada Senen (2/2) antara 8250-8400",2026-02-02T01:05:55.000Z,https://www.threads.com/@ssamuel_rp/post/DUPIjaNktYU,IHSG,2026-05-05T17:06:38.709390
neliminja,Sekuat tenaga saham2 Bakrie nopang IHSG 🤭,2026-04-06T02:23:21.000Z,https://www.threads.com/@neliminja/post/DWxffqvGQT1,IHSG,2026-05-05T17:06:38.809658
miuka_gallery,Porto ku di gendong nickel,2025-10-14T08:12:28.000Z,https://www.threads.com/@miuka_gallery/post/DPyFIW3EVge,IHSG,2026-05-05T17:06:38.932796
om_dapit,"Adakah yg bisa memberikan PENGHIBURAN 🤣
Floating Loss Hampir 300 Juta di BBCA dan BBRI",2026-04-26T02:30:25.000Z,https://www.threads.com/@om_dapit/post/DXlAM3xCfRv,IHSG,2026-05-05T17:06:39.055676
anton_ae86,Coba lihat astronaci prof gema kak kalau ga salah yang bahasa IHSG. Ada insight buat holder BBCA sm BBRi,2026-04-26T09:07:14.000Z,https://www.threads.com/@anton_ae86/post/DXltnTWCaxC,IHSG,2026-05-05T17:06:39.145218
thilalnafis,Kenapa tiba-tiba jadi banyak yg bahas saham? Bahkan yg nggak pernah punya latar belakang investasi saham pun ikut bahas saham.,2026-01-29T05:08:47.000Z,https://www.threads.com/@thilalnafis/post/DUFRKnGj9l6,IHSG,2026-05-05T17:06:39.824777
clarissacamelia,apa kabar besok IHSG?,2026-03-01T15:50:50.000Z,https://www.threads.com/@clarissacamelia/post/DVWPSTFE53v,IHSG,2026-05-05T17:06:39.929447
indahardht,Udah di tahap ngegalau makin menjadi dengan lagu Jawa.🤣 gpp galau yg penting IHSG ijo dulu🙏🏻,2026-04-10T02:31:54.000Z,https://www.threads.com/@indahardht/post/DW7zpxIkaLP,IHSG,2026-05-05T17:06:40.025456
chistymaryani,"Tapi… sektor energi justru diuntungkan
Ini bagian yang sering miss nih:
Harga LPG naik = refleksi harga energi global naik
Dampak:
Emiten energi → profit naik
Komoditas → bullish",2026-04-20T07:58:11.000Z,https://www.threads.com/@chistymaryani/post/DXWI8UBksDX,IHSG,2026-05-05T17:06:43.741232
chistymaryani,"Ini disebut: sector rotation
Jadi IHSG naik atau turun?
Jawabannya: tergantung sektor (rotasi)
Negatif:
Consumer goods, Retail, Transportasi
Positif:
Energy, Mining, Oil & gas services",2026-04-20T07:58:12.000Z,https://www.threads.com/@chistymaryani/post/DXWI8ViEj-W,IHSG,2026-05-05T17:06:43.861613
indrahw,"Sudah banyak flash sale yang terjadi di market, dan itu membuat saya makin bisa mengelola emosi dan ketakutan untuk tidak bereaksi berlebihan saat terjadi turbulensi di market.
Pertanyaannya, saat Flash Sale itu terjadi, posisi kita sebagai pembeli atau penjual?
Ternyata kemaren #IHSG hanya melakukan Flash Sale saja.",2026-01-30T04:29:02.000Z,https://www.threads.com/@indrahw/post/DUHxaV9kYqo,IHSG,2026-05-05T17:06:43.981949
latifsme23,"Damn, udah gampangnya mah foregin cuman pengen barang murah, foregin nett sell tapi broksumnya AK BK KZ akumulasi",2026-01-29T02:38:29.000Z,https://www.threads.com/@latifsme23/post/DUE_92Fk_od,IHSG,2026-05-05T17:06:44.084708
frissill,"Saham apa aja yg kalian incer hari Senin besok
Kira2 ihsg memerah atau gak nih efek imbas perang 😖😖",2026-02-28T12:58:39.000Z,https://www.threads.com/@frissill/post/DVTWyS2Cclu,IHSG,2026-05-05T17:06:44.164167
hendracipta_surg,"Setelah dijawab oleh waktu, jangan Denial ya. Let see the answer.
Anda Percaya yang mana ??? Biarkan waktu yang akan menjawab.
Slide 2 : prediksi pertumbuhan 3 % , IHsG crash, ekonomi akan crash
Slide 1 : prediksi pertumbuhan 6-8% , IHsG ke 10.000 , ekonomi to the moon
hendracipta_surg",2026-01-11T13:14:19.000Z,https://www.threads.com/@hendracipta_surg/post/DTXybE1k1hZ,IHSG,2026-05-05T17:06:44.264794
gayatriwulan2,"concentrated shareholding itu bukan hal ilegal. Saudi Aramco free floatnya cuma 1 persen dan masuk msci dengan aman damai sejahtera aja. it's a factor to consider but it is not a deciding factor to determine how ""well"" the stock is going to perform. jangan lupa #bren #dssa #rlco",2026-04-03T02:22:26.000Z,https://www.threads.com/@gayatriwulan2/post/DWpxATyiZxX,IHSG,2026-05-05T17:06:44.360864
notesbymaru,"Jarang ada pejabat ngomong segamblang itu.
menkeu barunya langsung ngomong IHSG bisa 16.000.
Alasannya simpel:
“Aku suka yang baru ini.”
Waktu banyak orang sedih Sri Mulyani turun, Ci Tjoe Ay malah bilang:",2025-11-02T22:59:24.000Z,https://www.threads.com/@notesbymaru/post/DQklsVXCNPu,IHSG,2026-05-05T17:06:44.485310
titis_putri,"Untung tadi sempet serok bawah pas minus 14juta, skrg IHSG rebound 😍",2026-01-29T07:44:16.000Z,https://www.threads.com/@titis_putri/post/DUFi9gakeWF,IHSG,2026-05-05T17:06:44.567864
auraakhman,"Kegagalan kelembagaan karena fungsi regulator paling dasar tidak berjalan: gatekeeping.-1-
Ini lebih tepat dibaca sebagai:
Jawaban yang paling masuk akal secara tata kelola bukan drama harian IHSG.
Banyak pertanyaan ramai di publik : “Kenapa OJK sampai mundur serempak ?”
=OJK Mundur Bersama: Sinyal Kegagalan Peran OJK Sebagai Gatekeeping Soal Siapa yang Boleh Masuk Pasar=",2026-01-31T03:41:35.000Z,https://www.threads.com/@auraakhman/post/DUKQxtfD-8_,IHSG,2026-05-05T17:06:44.693600
dirgaisman,Suhu serok di angka berapa nih hu?,2026-04-30T11:34:47.000Z,https://www.threads.com/@dirgaisman/post/DXwRrfkk3BD,IHSG,2026-05-05T17:06:44.784748
titis_putri,Perasaan kmrn masi +70% skrg dh +90% aja nih emas.. ihsg turun paling engga emas ku naik alhamdulillah 🥹,2026-01-29T06:37:17.000Z,https://www.threads.com/@titis_putri/post/DUFbS1_EUlN,IHSG,2026-05-05T17:06:44.964355
neliminja,"*IHSG 10.000 kayaknya cuma jd omon2, konglo jg males ngerek klo gini sih.
Setelah rilis pengumuman HSC IDX pasti banyak investor saham yg ketar ketir.
Yups kemungkinan terburuk hari Senin bisa aja halt.
Karna emiten2 yg punya bobot besar & sering ngerek IHSG kemungkinan bakal ARB, seperti DSSA & BREN.
Well.. jaga diri ya teman2 investor..",2026-04-02T14:17:36.000Z,https://www.threads.com/@neliminja/post/DWoeDYOmZou,IHSG,2026-05-05T17:06:45.072373
katherinetham22,Selamat pagi trader saham Indo. Kemana arah IHSG hari ini? Adakah cuan untuk kita weekend😁,2026-04-24T00:11:45.000Z,https://www.threads.com/@katherinetham22/post/DXfmveokiHW,IHSG,2026-05-05T17:06:45.159678
ffadley,ketik 1 agar IHSG hijau🥲,2026-03-09T02:29:08.000Z,https://www.threads.com/@ffadley/post/DVpZ5b5CZTq,IHSG,2026-05-05T17:06:45.246818
agungpharm,"Benar om, harusnya Indeks lain menyusul nih. Tapi rupiah kita jeblok.",2026-04-16T14:52:46.000Z,https://www.threads.com/@agungpharm/post/DXMlNNoAQ2q,IHSG,2026-05-05T17:06:45.415859
ayahpiky,"Monitoring indeks US ga trlalu byk faktor om... Sebaliknya, mantau IHSG stres ndiri. Terlalu byk kepentingan & faktor non teknis",2026-04-16T14:56:57.000Z,https://www.threads.com/@ayahpiky/post/DXMlr3Zkfyr,IHSG,2026-05-05T17:06:45.495828
bhktraharjo,"outflow inilah yang menyebabkan IHSG kembali turun didukung dengan perlemahan rupiah.
saya coba kalkulasi NET Foreign Transaction periode 1 April s/d 29 April 2026. Terjadi Outflow -14.65T
BBRI menjadi penyumbang outflow paling besar -8T, lebih dari 50% NET Sell berasal dari BBRI.
30 April 2026 IHSG sempat drop menyentuh -3%",2026-04-30T07:53:03.000Z,https://www.threads.com/@bhktraharjo/post/DXv4TcgD9YY,IHSG,2026-05-05T17:06:45.604702
rizkamaghfur,"Tetap tenang&sabar
Hari ini saham mini2 lagi pada tiarap
Saham besar2 sudah rebound
Semoga Besok IHSG 🚀
Dengan sisa modal seuprit
Main 10 lot an
Dapat sedikit gpp, d syukuri
Ini tanda kita tetep jalan
Dan pantang menyerah
walau badai datang menerjang
Dan harus kita hadapi dengan senyuman
Walaupun hati getir juga 🤣🤣🤣
Sebagai trader unyu2
Moment ini langka
29-1-2026
IHSG pagi Crash
Trading Halt lagi
Ketakutan d sebar ke seluruh media",2026-01-29T09:15:12.000Z,https://www.threads.com/@rizkamaghfur/post/DUFtXh2kRhY,IHSG,2026-05-05T17:06:45.758439
neliminja,IHSG ditarik naik guys (tf 3 menit),2026-04-30T07:55:15.000Z,https://www.threads.com/@neliminja/post/DXv4jfFmS-O,IHSG,2026-05-05T17:06:45.853584
tobenoo,"Lalu?
Anda tidak perlu pusing dengan kicauan lembaga pemeringkat global seperti MSCI, Goldman Sachs, Moody's, FTSE, atau lainnya.
Early warning harini, jika IHSG jatuh di bawah 7840 karena MA2OO akan jebol.
Namun, perlu diwaspadai bahwa DC MA20 dan 50 sudah terjadi kemarin. Ini pertama kali sejak rally berbulan-bulan yang lalu. Lihat lingkaran itu.
Kemarin IHSG naik 1.2% walalu belum mencapai level 7860 seperti yang di-share kemarin. Ini pertanda baik.",2026-02-10T01:52:52.000Z,https://www.threads.com/@tobenoo/post/DUj0SPPE2N-,IHSG,2026-05-05T17:06:48.709364
eginanjar,"Yang menarik:
Sudah muncul beberapa candle kecil
di area 7.000–7.100, Artinya buyer sudah mulai muncul dan masuk ke market.
Artinya:
➡️ Daily masih bearish
➡️ Tapi sudah masuk zona jenuh jual
Yang terlihat:
Harga masih di bawah EMA21 & EMA89
EMA21 turun tajam
RSI7 sekitar 34
RSI21 sekitar 33
Dari chart Daily:",2026-04-03T14:15:12.000Z,https://www.threads.com/@eginanjar/post/DWrCkuQmftN,IHSG,2026-05-05T17:06:48.846457
eginanjar,"Masih rawan turun lagi.
Tapi ini: rebound, bukan reversal.
Kemungkinan:
➡️ IHSG pantul ke 7.3xx — 7.5xx
Karena:
Weekly oversold ekstrem
Daily jenuh jual
Monthly mendekati support besar
SKENARIO 1 — REBOUND TEKNIKAL (PALING MUNGKIN)
KEMANA IHSG AKAN MELANGKAH?",2026-04-03T14:17:59.000Z,https://www.threads.com/@eginanjar/post/DWrC5JQmRq8,IHSG,2026-05-05T17:06:48.991554
stockflow.id,"#saham #ai #stockbit #bibit #investsi
Besok saham apa lagi?
Comment “AI” kalau mau ikut alertnya.
Dari 900+ saham di IHSG, AI bantu screening yang potensial.
Kemarin muncul CHEM & ASPR.",2026-04-03T13:14:21.000Z,https://www.threads.com/@stockflow.id/post/DWq7mwXEvBT,IHSG,2026-05-05T17:06:49.090797
mutiacut12,"Akhirnya w nemu alasan kenapa w harus investasi saham.
Agar duit dingin w gak kena inflasi.
semoga IHSG nih rebound di 9000 ya.",2026-02-27T12:13:46.000Z,https://www.threads.com/@mutiacut12/post/DVQs2wzEoKv,IHSG,2026-05-05T17:06:49.186845
hartinysri95,"Cerita sedikit,awal masuk dunia saham di bulan Januari hihi with no plan trading waktu itu bisa cuan tipis tipis tiap trading dan masih ngikut fomo Sampek masuk beberpa emiten di harga pucuk,sampai badai MSCI datang di bulan februari boom IHSG anjlok sampai trading halt seketika FL ku -39%😭 di susul perang nya kakek Trump 😤,panik dong iya pasti, sampai CL bbrp emiten mengamankan modal,masuk emiten lain lg dan nyangkut lagi😁.
Tp setlah ku ubah cara pelan2 bisa membaik di iringi IHSG yg rebound",2026-04-15T05:54:57.000Z,https://www.threads.com/@hartinysri95/post/DXJC3QFEeu2,IHSG,2026-05-05T17:06:49.290256
hengky.lim.9,"Moody pangkas outlook kredit INDONESIA dari stabil jadi negatif, kemungkinan hari ini IHSG akan bergerak dengan range 7.918 - 8.411 , dan skenario terburuk nya IHSG jebol di bawah area 7.900 menuju 7.529
Update 06 Februari 26",2026-02-05T23:52:23.000Z,https://www.threads.com/@hengky.lim.9/post/DUZTUSsEtor,IHSG,2026-05-05T17:06:49.523375
ruang.ibubercerita,"Sebab dia sudah cukup pusing mencari uang untuk bertahan hari ini 🥲
Beberapa orang tak ambil pusing dengan naiknya harga emas atau merahnya IHSG.
ruang.ibubercerita",2026-01-29T10:05:26.000Z,https://www.threads.com/@ruang.ibubercerita/post/DUFzHbFk2H_,IHSG,2026-05-05T17:06:49.632630
diskusicuanid,"saya holder EMAS RLCO IFSH HRTA🙌🏻🙌🏻
ada yg punya sahamnya di portofolio?
berharap 2 minggu ke depan market tetapi optimis dan kalo bisa ceasefire lanjut ya jangan hanya 2Minggu, biar ekonomi lebih stabil lagi.
alhamdulillah IHSG hari ini positif
dikasih nafas setelah beberapa hari koreksi.",2026-04-08T04:36:42.000Z,https://www.threads.com/@diskusicuanid/post/DW24WG4ETb3,IHSG,2026-05-05T17:06:49.761650
financially.id,"#BUMI #saham #investasi #conviction #IHSG
Sisanya? Bukan soal harga lagi, tapi psikologi lo sendiri 😎
Nih datanya, liat aja — big money pegang di harga berapa. Kalau lo udah punya di 134, itu udah termasuk murah.
Apalagi yang ""nyangkut"" di 108-an, udah posisi emas tuh 💰
🔥 Salah satu saham yang paling sering ditanyain pas live: BUMI",2025-10-16T08:46:21.000Z,https://www.threads.com/@financially.id/post/DP3SmR8EX7F,IHSG,2026-05-05T17:06:49.906196
bisniscom,"Sentimen negatif ini diperparah oleh rontoknya harga emas dunia ke level US$4.800 per troy ounce. Kombinasi antara ketidakpastian regulasi MSCI dan… instagram.com/p/DUP… ihsg #msci #bei
IHSG terpuruk dengan koreksi tajam melebihi 4% pada perdagangan Senin (2/2), didominasi oleh sikap wait and see pelaku pasar yang menanti kepastian komunikasi resmi antara BEI dengan penyedia indeks global, MSCI, terkait transparansi data pasar.",2026-02-02T04:16:14.000Z,https://www.threads.com/@bisniscom/post/DUPeOffDjXX,IHSG,2026-05-05T17:06:52.710349
investxsaham,"Kalau asing belum balik, jangan harap market langsung sehat.
Alhasil:
-Dana asing keluar
-Saham big caps ditekan
-IHSG susah naik
Kenapa?
-Global lagi risk-off
-US masih ketat
-Emerging market kena imbas Indonesia ikut kebagian
Pertama: Duit Asing Lagi Kabur,Investor asing lagi mode main aman.",2026-02-09T01:27:48.000Z,https://www.threads.com/@investxsaham/post/DUhMntnCdQ4,IHSG,2026-05-05T17:06:52.849947
investxsaham,"Ini masalah struktural, bukan harian.
Efeknya:
-Fund global kurangi exposure
-Jualan masif
-Market makin berat
Masalah utamanya apa?
1.Free float kecil
2.Saham mungkin dikontrol segelintir pihak
3.Likuiditas dianggap kurang sehat
MSCI itu “wasit” buat dana global.
Kalau mereka ribet soal pasar kita, dana besar ikut mikir ulang.
Kedua: Isu MSCI Itu Bukan Omon Omon
Ini serius.",2026-02-09T01:27:48.000Z,https://www.threads.com/@investxsaham/post/DUhMnuXia3G,IHSG,2026-05-05T17:06:52.990277
ssamuel_rp,"Saham Pom Pom : Bisa jadi masih NZIA
*Saham volatil kelas bulu (bisa Ara-Arb) potensi msh perform :
OILS, NZIA, RGAS, GSMF, AGII, ASPR, MSIN, BAIK, CGAS
*Saham volatil dng volume besar kemarin : BUMI, BRMS
*Saham2 yg dapat di perhatikan hr ini:
AADI, MEDC
Perkiraan IHSG akan bergerak pada Selasa (31/3) antara 7000-7400",2026-03-31T00:42:49.000Z,https://www.threads.com/@ssamuel_rp/post/DWh3OBmAQ8K,IHSG,2026-05-05T17:06:53.118299
abiwidasmara,"Awas aja langsung kepentok turun 🙄🤬🤬
IHSG Hijauuu Guysss 🤩🤩",2026-03-25T02:54:37.000Z,https://www.threads.com/@abiwidasmara/post/DWSpiFhEyuO,IHSG,2026-05-05T17:06:53.235696
tonnikho,"Hari terakhir perdagangan di IHSG
Semoga bisa ditutup diatas 7100",2026-03-17T03:04:01.000Z,https://www.threads.com/@tonnikho/post/DV-EP8bkr_i,IHSG,2026-05-05T17:06:53.328883
animeklipvid,"Lah loh bukannya kebijakan pemerintah sendiri yang bikin investor kabur ya? Wkwkwk... Yang udah invest mahal2 malah pemerintah hapus TKDN dan buat semua produk AS masuk tanpa tarif, ngapain ribet invest kalo impor lebih murah dan mudah 🤣
Belum lagi itu kebijakan kontroversial macam kepastian hukum yang nggak jelas kayak kasus Sitepu, penyiraman air keras aktivis, bahkan presidennya miara Ormas yang jadi biang kerok pungli di negeri ini 🤣",2026-04-06T07:47:14.000Z,https://www.threads.com/@animeklipvid/post/DWyEjzTGqXW,IHSG,2026-05-05T17:06:53.527685
dailyfact_ss,"kl kritik cuma karna ihsg dan kurs ya percuma, persoalanny kompleks dan banyak variabel yang gk bisa d kontrol purbaya. gk ush ngomong si bowo dah gk guna soalny
kritik itu perlu, tp kl kritikny gk bermutu buat apa? kritik yg bermutu lah, kasus penyiraman air keras perlu, keadilan hukum kita itu perlu.
bro, masalah ihsg, investor asing kluar masuk itu udh biasa. pemicu terbesarnya 2026 ini adalah perang iran israel dan msci.",2026-04-06T11:34:24.000Z,https://www.threads.com/@dailyfact_ss/post/DWyejr7E7jE,IHSG,2026-05-05T17:06:53.648901
tantimtsr,"anaknya goreng saham, bapaknya goreng ihsg 🫵🏻",2026-01-13T09:05:56.000Z,https://www.threads.com/@tantimtsr/post/DTcflm8gY3S,IHSG,2026-05-05T17:06:54.276895
tinywhinnybity,iya ga keliatan soalnya keliatannya nanyain mhss kmn kok dulu sering aksi skrg sepi🤪 kl speakup d medsos mah mhss seabrek-abrek kan situ bahasnya aksi,2026-05-01T09:38:24.000Z,https://www.threads.com/@tinywhinnybity/post/DXypJ4zEqtU,IHSG,2026-05-05T17:06:54.601564
octvwulandari,"Loh beda ya speak up ama aksi. Speak up kan bisa lwt mana aja medianya. Ini salah satunya. Kalau aksi turun ke jalan kan. Kamu ngomongnya tadi speak up. Ya saya bales lah sesuai pertanyaan mu🤪🤪🤪.
Jaman kuliah saya pernah aksi. Yg dl di tanemin di kampus, kita bagian dr rakyat. Bisa mewakilkan kalau ada issue penting.
Ga cuma masalah umkm aja sih, ihsg merah, rupiah makin melemah🫰🏻. Saya pribadi sih berharapnya semua orang. Ga cm umkm yg ngerasain hal yang sama, bisa demo mba.",2026-05-01T09:47:47.000Z,https://www.threads.com/@octvwulandari/post/DXyqOn8DxM8,IHSG,2026-05-05T17:06:54.695018
mamaber.uang,"Share di kom komentar yaa
Bye✨
Lo pilih mana:
A. Gas langsung All In biar ga ketinggalan
B. Wait and ses takut kena prank🥲🙏🏻
IHSG udah mulai menghijau🤩🤩",2026-04-11T16:00:21.000Z,https://www.threads.com/@mamaber.uang/post/DW_09eQEwtD,IHSG,2026-05-05T17:06:57.839232
stockwise.id,"IHSG sempet crash mencapai 3.7% namun kini perlahan rebound, beberapa saham konglo pun ikutan anjlok.
#ihsg #crash #konglomerat",2025-10-27T04:28:50.000Z,https://www.threads.com/@stockwise.id/post/DQTJ3uek6QA,IHSG,2026-05-05T17:06:57.934447
igitpermanasigart,""" GIMANA PORTOFOLIO Investasi Mu nak "" ? 🤣😂🤣
Pas LEBARAN nanti yg gw khawatirkan bukan pertanyaan KAPAN NIKAH ?? Tapi keluarga nanya :
igitpermanasigart",2026-03-12T09:37:22.000Z,https://www.threads.com/@igitpermanasigart/post/DVx5SgvoAVb,IHSG,2026-05-05T17:06:58.055687
jafar_raditya,"Karena sejak ada saham2 konglo naiknya ihsg itu cuma digoreng. Harusnya naik turunnya bisa kembali ke fundamental. itu yang terpenting sih, bukan athnya
Yang penting itu bukan ath nya atau angka ihsg, tapi apakah ihsg naik atau turun itu sehat atau tidak?",2026-04-14T11:31:13.000Z,https://www.threads.com/@jafar_raditya/post/DXHEjRLFHPu,IHSG,2026-05-05T17:06:58.258573
riyoirfans,"Yg penting itu dpt cuan, dari emiten apapun itu. Kalau mau nunggu funda silakan. Kalau trend nya skrg konglo, dpt cuan 50%++ apa gak happy gk perlu nunggu 6 bulan lebih.
Wah ini barisan banking sakit hati, yg funda gak ikutan naik wkwk. Mindset nya salah kalau berpikir begitu. Karena kita bukan insider alias ritel, kita cukup berpatokan pada angka ihsg. Inget news bakal keluar setelah teknikal. Jadi kalau nunggu news ya telat. Toh kalau konglo digoreng jg gpp, kita dpt cuannya.",2026-04-14T12:01:14.000Z,https://www.threads.com/@riyoirfans/post/DXHH_Jok3a2,IHSG,2026-05-05T17:06:58.352219
ivan_kokoipenk,Alhamdulillah ternyata portoku bertumbuh kebawah karena nanemnya kebalik 😁. Tetap semangat berharap minggu depan kembali normal 😇 #ihsg #saham #sahampemula,2026-04-26T02:19:02.000Z,https://www.threads.com/@ivan_kokoipenk/post/DXk-5ink2GU,IHSG,2026-05-05T17:06:58.477952
rivan.kurniawan,"Inilah alasan saya ngga pernah ninggalin market selama seminggu, yaa IHSG ditinggal ngopi dikit aja sempet minus 3%. Apalagi seminggu 😂",2026-01-12T12:00:37.000Z,https://www.threads.com/@rivan.kurniawan/post/DTaOyMRAcCs,IHSG,2026-05-05T17:06:58.681790
ferlyfraya,"Hancur banget rasanya 🥺
Tersisa cuma rumah yang saya tinggali ini bahkan uang cash saya pegang tidak sampai 50Jt
Semua bisnis tutup, sisa rumah 12M tapi cash flow macet total di angka 34 Juta. Ini adalah realita 'kiamat' kecil bagi seorang Owner. Kadang orang luar cuma lihat sisa asetnya, tapi nggak lihat mentalnya yang sudah hancur sampai titik darah terakhir.
Semua sudah habis Coach sekarang, saya tidak punya apa-apa lagi…",2026-03-21T12:00:42.000Z,https://www.threads.com/@ferlyfraya/post/DWJU2MTgvnn,IHSG,2026-05-05T17:06:58.943061
niaga676734her,"Saran saya , jual saja rumahnya. Beli saham2 bluechip saja , tunggu sampai IHSG paling bottom atau mulai rebound kencang baru beli.",2026-03-21T12:20:45.000Z,https://www.threads.com/@niaga676734her/post/DWJXJEdk_nu,IHSG,2026-05-05T17:06:59.063376
jurnal.investasi.asn,"IHSG merah kah hari ini?
XAU cetak all time high lagi.
Rupiah makin melemah dah mau 17 rb.
Bursa di US kompak merah semua.
S&P 500 VIX juga naik > 20.
Update makro dikit.
Geopolitik dunia makin memanas.
jurnal.investasi.asn",2026-01-20T21:46:45.000Z,https://www.threads.com/@jurnal.investasi.asn/post/DTv4OFXk6sZ,IHSG,2026-05-05T17:06:59.172332
dedi7setianto,"#ihsg
#bbca
bmw hrga avanza, apa mungkin bisa ke harga 4900 ?",2026-04-30T05:30:04.000Z,https://www.threads.com/@dedi7setianto/post/DXvn8JzEbox,IHSG,2026-05-05T17:06:59.278897
agungpharm,"Apakah ada harapan untuk market Asia di hari selasa dan IHSG di hari rabu?
Berita apa yang terjadi? Ternyata ada postingan terbaru dari Donald trump sehingga pasar merespon positif
Terjadi kenaikan tiba-tiba Indeks S&P 500 di timeframe 1 jam. Di pre market pasar saham US juga terjadi kenaikan diatas 1 persen saham-saham big caps.",2026-03-23T11:18:28.000Z,https://www.threads.com/@agungpharm/post/DWOZmpZAVaP,IHSG,2026-05-05T17:06:59.506736
sambilnyambil.id,"#sambilnyambilid
Market belum selesai volatile
Tapi juga bukan berarti gak ada peluang
Tapi di balik itu… Ada yang mulai: Nampung pelan-pelan
Ini fase tricky
Kalau lo gak hati-hati:
Bisa kejebak buy terlalu cepat Atau jual di bawah (classic mistake)
Market lagi “ramai”
Tapi arahnya turun artinya distribusi lagi jalan
Yang menarik justru ini:
Volume transaksi: NAIK +4,4%
Frekuensi: NAIK +1,1%
IHSG minggu ini: -6,7% ke 7.129
Kelihatannya serem.
Tapi… ceritanya gak sesederhana itu.
sambilnyambil.id",2026-04-27T17:09:36.000Z,https://www.threads.com/@sambilnyambil.id/post/DXpJnErkz4M,IHSG,2026-05-05T17:06:59.647813
gisel.evn,"kospi & nikkei hari ini hijau.
Ihsg hijau ga ya? uhmmmm..
kalian tim wait n see atau serok ??",2026-04-27T01:23:31.000Z,https://www.threads.com/@gisel.evn/post/DXndVuHEie4,IHSG,2026-05-05T17:06:59.850646
spacehsna,IHSG ada kemungkinan rebound ke 9k apa ga,2026-04-04T18:18:31.000Z,https://www.threads.com/@spacehsna/post/DWuDNvKk0xS,IHSG,2026-05-05T17:06:59.951586
latifsme23,"Tapi at the end, abis itu selalu ada rebound teknikal dari investor domstik walau sampai sekarang belum ada tanda tanda Foregin masuk lagi
Rusia pernah dicabut seluruh sahamnya dari indeksnya MSCI (MSCI Emerging Markets, MSCI ACWI, dll.) abis itu, MSCI mengklasifikasikan pasar Rusia sebagai “Uninvestable” — artinya tidak layak untuk investasi institusional global.
Diumumkan: Maret 2022
Berlaku efektif: 9 Maret 2022",2026-01-29T08:04:48.000Z,https://www.threads.com/@latifsme23/post/DUFlT06ExWY,IHSG,2026-05-05T17:07:03.571495
mojito696969,Halah sama aja. Keep copin'. Yang murah bisa tetap murah. Yang mahal bisa makin mahal. Gak selalu yang kemurahan harus naik dan yang kemahalan harus turun. Saham Tesla dari jaman 2015 dibilang kemahalan dan saham Ford dibilang kemurahan. Singkat cerita 2026 saham Tesla udah naik puluhan kali lipat sedangkan saham Ford malah tambah murah lagi🤭🤣🤪,2026-04-23T03:01:15.000Z,https://www.threads.com/@mojito696969/post/DXdVWH-oL09,IHSG,2026-05-05T17:07:08.801875
mocrama_10,"​Lagian lu nyangkut apa bro? Bilang aja banking ya makanya kek sebel gitu sm yg ""murah2""? Wkwk 🤣
Hahaha makin ngaco pembandingnya. Bro, kita lagi bahas indeks S&P 500 vs IHSG, lu malah bawa Rumah Tambun vs PIK terus Tesla vs Ford. Kalau logikanya yang mahal makin mahal, nggak bakal ada sejarahnya bubble pecah. Belajar lagi bedanya Individual Growth Stock sama Macro Rotation biar nggak fomo terus.",2026-04-23T04:41:30.000Z,https://www.threads.com/@mocrama_10/post/DXdg0X5ExB6,IHSG,2026-05-05T17:07:08.920073
carmentiffany26,"hari, minggu/ bulan?
share pendapat kalian dong 🥹
Hari ke 2 trading halt, kira-kira butuh berapa lama market untuk bisa recovery?",2026-01-29T04:08:12.000Z,https://www.threads.com/@carmentiffany26/post/DUFKO_sE8Ka,IHSG,2026-05-05T17:07:09.079241
sahampedia.id,"Pasar sedang mengajarkan bahwa support terkuat bukan di garis chart, tapi di mental dan cash yang tersedia. Jangan jadi pahlawan di tengah badai.
Ini bukan lagi koreksi sehat, ini adalah panic selling massal. Yang teriak ""serok bawah"" kemarin sore, pagi ini mungkin sedang sibuk cari tombol eject tapi antrian bid-nya sudah hilang.
IHSG pagi ini tidak pakai rem, langsung terjun bebas -6.48% ke level 8,398. Kalau sudah begini, biasanya mekanisme Trading Halt sedang bersiap menyapa.",2026-01-28T02:05:16.000Z,https://www.threads.com/@sahampedia.id/post/DUCXXotkjEn,IHSG,2026-05-05T17:07:09.212986
mang.amsi,IHSG ga jadi turun ya ?,2026-03-25T04:09:30.000Z,https://www.threads.com/@mang.amsi/post/DWSyGkWEeRJ,IHSG,2026-05-05T17:07:09.304261
ketahuilahaku,"apa kabar IHSG, pak?",2026-04-07T14:11:04.000Z,https://www.threads.com/@ketahuilahaku/post/DW1VR8oEwWH,IHSG,2026-05-05T17:07:09.405319
hanungthohir,Hari ini ditutup merah 🔥,2026-04-07T14:12:50.000Z,https://www.threads.com/@hanungthohir/post/DW1Ve6Xj1ri,IHSG,2026-05-05T17:07:09.502134
evajadoreva,"Rupiah assets = resilient assets dengan valuasi krisis
2026 menarik?
•Valuasi saham Indonesia murah ekstrem
•IDX30 diperdagangkan di bawah rata-rata historis
•Earnings yield saham > yield obligasi
•Banyak BUMN menawarkan dividen >8%
Kondisi 2025
•IHSG naik 20% (sangat kuat)
•Tapi saham blue-chip (LQ45, BUMN besar) tertinggal
•Investor asing masih net sell
DANANTARA
Pasar Modal: “Never Bet Against Indonesia”
RIP Sales Bond🍾🥂
Kidding?",2026-01-11T03:32:45.000Z,https://www.threads.com/@evajadoreva/post/DTWv3g4idqB,IHSG,2026-05-05T17:07:09.665129
spacehsna,IHSG Senin apakah masih merah?,2026-02-08T04:23:37.000Z,https://www.threads.com/@spacehsna/post/DUe78lIkyro,IHSG,2026-05-05T17:07:09.849562
jagosahamindonesia,"Zaman itu mulai ditutup pelan-pelan.
Bursa Efek Indonesia sekarang lagi “bersih-bersih” indeks… dan targetnya jelas: saham “gajah” berkedok ritel 🐘
Saham gede tapi susah dibeli?
jagosahamindonesia",2026-04-22T02:11:04.000Z,https://www.threads.com/@jagosahamindonesia/post/DXaqzmLiR5T,IHSG,2026-05-05T17:07:12.555243
dewiprihandini,"Wkwk influencer saham yg uda terjun belasan tahun juga pada bilang asing mundur krn ketidakpercayaan mrk thd pemerintah dalam mengelola apbn
Lah ini malah komen krn asing take profit, koreksi wajar 😅",2026-04-30T08:04:50.000Z,https://www.threads.com/@dewiprihandini/post/DXv5pvBEqjB,IHSG,2026-05-05T17:07:12.652260
altazaro,"Nih reality check buat lu berdua: Asing massive outflow dari IHSG (dan bursa Asia lainnya) itu karena Sentimen Makro Global. The Fed nahan suku bunga (Higher for Longer), Yield Obligasi US naik, ditambah tensi geopolitik. Duit asing ditarik balik ke US Dollar! Terus buat si Bapak yang bikin teori 'koreksi wajar cuma 1-2%': Belajar buku bandarmologi dari mana lu? Bulan April itu siklus beresnya pembagian Dividen gede (Ex-Date).",2026-04-30T10:00:53.000Z,https://www.threads.com/@altazaro/post/DXwG7sQEXpE,IHSG,2026-05-05T17:07:12.748858
yezhol,"Memasuki bulan ke 2 di tahun 2026
IHSG awal tahun sempat ATH ke 9xxx sekarang drop ke 7xxx wajar kah ? Ya wajar 🤭 karna semua bandar taking profit , & banyak banget bad news . Kalau seperti ini udah waktunya istirahat kumpulin cash tunggu, beli cicil jika kamu seorang investor , jika kamu trader harus Pinter baca moment
Karna segala sesuatu ada masa nya , “masa enak ada” tapi “masa gk enak nya juga ada” sekarang tinggal respon mu terhadap market bagaimana. Bukan market ngikutin respon mu 😅🤞",2026-02-09T02:49:40.000Z,https://www.threads.com/@yezhol/post/DUhV_VkkkxZ,IHSG,2026-05-05T17:07:12.849130
here.we.go.spirit,"Ptro 5600 gua 😭😂🤯
here.we.go.spirit",2026-04-28T06:58:56.000Z,https://www.threads.com/@here.we.go.spirit/post/DXqohRHk6R6,IHSG,2026-05-05T17:07:12.958909
seroksaham,"wkwk sya mlah cuan 3 sham pak pp hri ini ,krna liat ihsg blom tutup smpurna gap nya jdi jgn di hold dlu",2026-04-28T06:59:50.000Z,https://www.threads.com/@seroksaham/post/DXqon4oEzNK,IHSG,2026-05-05T17:07:13.061111
hengky.lim.9,"Video ini Untuk mengenang para pahlawan yg gugur di Medan bursa hari ini,termasuk saya jg harus cutloss 😂, entah berapa ribu milliar yg menguap dengan cutloss massal ini, kiranya kita semua akan semakin kuat ketika badai ini berakhir 🥰",2026-01-28T09:35:43.000Z,https://www.threads.com/@hengky.lim.9/post/DUDKuE7kf_w,IHSG,2026-05-05T17:07:13.178607
roy.prasetya,"Dikala Bandung hujan + IHSG merah membara, enaknya ngopi santuy di Coffee Shop baru d Bandung.
📍Bluewell Coffee
(Soekarno Hatta no 364)
Ada promo Soft Opening Discount 10% sampai 27 Feb!
Makanan dan minumannya enak: French White Coffee, Strawberry Matcha Latte, Salmon Alfredo Spaghetti.
Dapet compliment Donut krn makanannya lama keluar 👍",2026-01-23T07:38:40.000Z,https://www.threads.com/@roy.prasetya/post/DT2FjNEEZ3D,IHSG,2026-05-05T17:07:13.296517
laelatulkhasanah,"IHSG apa mau tutup ya? tiap hari diskonan mulu
laelatulkhasanah",2026-02-03T02:12:42.000Z,https://www.threads.com/@laelatulkhasanah/post/DUR0_XvAUOD,IHSG,2026-05-05T17:07:13.613942
mutiaralistyabudi,"Sakit pala woy liat IHSG 😭😭😭😭
mutiaralistyabudi",2026-04-25T00:24:42.000Z,https://www.threads.com/@mutiaralistyabudi/post/DXiNBRpk_3x,IHSG,2026-05-05T17:07:13.709322
dayoneinvesting.id,"Average down itu hanya teknik, dan investor besar seperti Buffett, Soros dan LKH pun pakai, selama bisa untung pakai teknik ini ya kenapa engga?
Dan soal “averaging down” yang kamu bilang salah besar, ini kamu belajar dari siapa..?
Justru sikon market sekarang ini, menjadi seorang kontrarian bisa memberikan hasil yang luar biasa. W. Buffett juga pernah bilang “be greedy when others are fearful”, aku yakin kamu pernah denger soal ini.
dayoneinvesting.id",2026-03-25T08:17:37.000Z,https://www.threads.com/@dayoneinvesting.id/post/DWTOfyWkZyV,IHSG,2026-05-05T17:07:13.831221
dayoneinvesting.id,"Banyak belajar lagi ya, semangat!!
Logikanya gini anak muda…, semisal kamu punya duit Rp. 300 miliar yang udah dialokasikan ke saham PTRO, masa iya harus hajar offer terus? V-Wap mu tinggi dong..?
Kan perlu ngatur dalam sehari bisa makan berapa lot, atau berapa % dari volume.
Besoknya, mau harga turun apa naik, makan lagi berapa % dari volume.
dayoneinvesting.id",2026-03-25T08:18:14.000Z,https://www.threads.com/@dayoneinvesting.id/post/DWTOkTGkaNA,IHSG,2026-05-05T17:07:13.942135
hanyajoshua,"Closing: zona merah. Udah, itu aja. -JO
Saya berkesimpulan, jatuhnya IHSG hari ini sejak opening bell ternyata tidak terbendung. Maka, Purbaya effect, Kiki Widyasari effect, dan Danantara effect, seluruhnya masih gagal total dalam memperbaiki kinerja bursa. Bahkan meleset dari prediksi Purbaya dan saya yang senada dengan dia.
Sesuai janji saya di utas tadi pagi, saya memantau pergerakan saham seharian ini sejak opening bell tadi pagi.
It's closing bell, dan saatnya membuat insight awal bulan!",2026-02-02T10:31:29.000Z,https://www.threads.com/@hanyajoshua/post/DUQJRq6E2RJ,IHSG,2026-05-05T17:07:14.096593
andi.wiratna,"Kalau bank merah lagi = IHSG berat naik.
1. Rupiah vs USD
2. Futures Asia
3. Foreign flow opening session 1
4. Big banks (BBCA/BMRI/BBRI) kuat atau tidak
5. Foreign geopolitic and policy
Sentimen Kunci yang Harus Dicek Senin Pagi",2026-04-27T00:43:58.000Z,https://www.threads.com/@andi.wiratna/post/DXnY0FqCXL6,IHSG,2026-05-05T17:07:14.213768
rif18383,"FTSE Russell per 7 April 2026 memutuskan klasifikasi equity country Indonesia masih masuk ke dalam status Secondary Emerging Market, belum ada perubahan ke status Frontier yg sempat ditakutkan oleh pasar...
Ada berita juga jika ada kesepakatan gencatan senjata 20 hari US - Iran, selat Hormuz mulai dibuka...
Market IHSG harusnya menghijau... aamiin",2026-04-08T02:01:40.000Z,https://www.threads.com/@rif18383/post/DW2mmk3kzZm,IHSG,2026-05-05T17:07:14.302037
diki.mulijanto,"Pagi ini IHSG dibuka langsung terbang
Bursa Asia lainnya juga ijo semua
Emiten2 Papi PP langsung ngegas lagi
Ga sia2 bulan Maret kemarin banyak nyerok bawah
Salam cuan semuanya 🚀",2026-04-14T02:24:49.000Z,https://www.threads.com/@diki.mulijanto/post/DXGGBU_kphG,IHSG,2026-05-05T17:07:14.484143
mibrahimsyarif,IHSG ini kenapa dah,2026-04-23T03:51:20.000Z,https://www.threads.com/@mibrahimsyarif/post/DXdbE2kkbGW,IHSG,2026-05-05T17:07:14.579479
aldiraputriii,"Lagi hamil, dunia perang, musim campak, IHSG lagi gak baik baik aja…
Tetap waras ya bumil😭",2026-03-06T14:49:03.000Z,https://www.threads.com/@aldiraputriii/post/DVjAMGziZxx,IHSG,2026-05-05T17:07:14.664190
whyurzky1,"31 maret vs 16 april
Mulai comeback, dan jujur gatau harus ngapain ke dewa, mau avgd takut koreksi lagi, mau cl ihsg bakal naik",2026-04-16T11:19:54.000Z,https://www.threads.com/@whyurzky1/post/DXMM2OlgW7_,IHSG,2026-05-05T17:07:14.761281
insinyur.saham,"Yang saya lihat sekilas ,Sepertinya sebentar lagi mengalami teknikal rebound di Fibo 0% support terkuatnya 0%, setealah koreksi tajam,sabar sebentar lagi area base support terkuatnya.semoga ini tanda yang bersangkutan lekas sembuh.Aamin",2026-04-11T10:14:06.000Z,https://www.threads.com/@insinyur.saham/post/DW_NV4Qkcwc,IHSG,2026-05-05T17:07:17.703304
drewjoess,Buset yg ini malah main ihsg😅,2026-04-11T12:37:46.000Z,https://www.threads.com/@drewjoess/post/DW_dyK1ksxC,IHSG,2026-05-05T17:07:17.796232
mbahdukunspiritual,"Sejak awal Th. 2026 sudah dapat segini Puji Tuhan banget saat IHSG longsor parah. Semoga target tercapai nggak muluk² minimal 100jt profit setahun dari saham. Apalagi cashflow gw udah merosot drastis gara² habis beli rumah cash. Agak nyesel, tapi daripada nilai Rupiah lu nanti anjlok kayak Iran apa nggak kalang kabut yg pegang cash banyak ye kan?
mbahdukunspiritual",2026-03-27T13:29:12.000Z,https://www.threads.com/@mbahdukunspiritual/post/DWY7vsWj78g,IHSG,2026-05-05T17:07:17.911505
laelatulkhasanah,"terharuu bisa kepala 8 lagi.. semoga…
laelatulkhasanah",2026-02-03T03:07:36.000Z,https://www.threads.com/@laelatulkhasanah/post/DUR7RdHEi9M,IHSG,2026-05-05T17:07:19.051549
evantax,"awal maret diawali dengan ihsg yang anjlok mau ga mau ada yang harus dicut dulu terutama saham properti,pebankan yang g perform
$PTBA $BNII $BBRI
catatan trading (target 500 ribu/minggu)
Maret week 1",2026-03-07T02:56:44.000Z,https://www.threads.com/@evantax/post/DVkTd1Tk8F1,IHSG,2026-05-05T17:07:19.179451
alditama,"TRUE, BIPI, BGTG 🥳🚀⭐",2026-01-06T03:23:38.000Z,https://www.threads.com/@alditama/post/DTJ22Z8k5iY,IHSG,2026-05-05T17:07:19.300078
rwbsn17,"Mau tanya, apakah memang seluruh bursa saham Asia akhir"" ini se-volatile IHSG? Atau ini cuma IHSG thing aja?
Baru naek sehari besoknya lgsg turun, berhari-hari pula.
Kalo lihat masing"" emiten polanya juga sama - yg hari ini naik, besok turun.
Ini belajar investasi atau gambling? 🙄",2026-04-02T04:39:39.000Z,https://www.threads.com/@rwbsn17/post/DWnb6cslCk1,IHSG,2026-05-05T17:07:19.413620
leo.sun.apollo,"Gagal MSCI = Bearish market dimulai hingga MSCI berikutnya di Mei 2026 hahaha 🤣
Mantap sekali.. untung saya sekarang type Dividen seeker..
selain Dividen wajib pasang SL.",2026-01-28T02:55:02.000Z,https://www.threads.com/@leo.sun.apollo/post/DUCdEOhAeAY,IHSG,2026-05-05T17:07:22.761100
invezgo.id,Gagal MSCI = Bearish market dimulai hingga MSCI berikutnya di Mei 2026 hahaha 🤣,2026-01-28T01:33:37.000Z,https://www.threads.com/@invezgo.id/post/DUCTvDbk7ll,IHSG,2026-05-05T17:07:22.852754
dayoneinvesting.id,"News lengkapnya disini:
reuters.com/world…
My POV:
1. Indonesia will continue to be classified as an emerging market;
2. Jika IHSG naik di minggu kedua, atau menjelang tanggal pertemuan IDX x MSCI. Ini jadi ""konfirmasi"" atas consensus market di point no. 1.
""We are optimistic"" adalah kata yang sangat mahal.
Kita tunggu bersama pertemuan IDX x MSCI di minggu ketiga April ini.
dayoneinvesting.id",2026-04-06T14:31:18.000Z,https://www.threads.com/@dayoneinvesting.id/post/DWyyzU6EQCQ,IHSG,2026-05-05T17:07:23.098937
luthfanm_,"Pelajaran yg didapat after crash kemaren di IHSG dan Gold Silver hari ini, kita harus berani ambil keputusan untuk CL ataupun TP sih.",2026-01-31T00:25:34.000Z,https://www.threads.com/@luthfanm_/post/DUJ6WEVEs1F,IHSG,2026-05-05T17:07:23.193159
jurnaltrader.id,"Ikuti terus akun ini ya Bestie. Ntar kita kasih kode lagi kalau ada apa2... 🙏🙏🙏
Makanya yg gw bisa lakukan adalah sejak Feb kemaren, gw udah kasih kode2. Udah info juga bhw gw sdh porto clearing. Buat kamu2 yg udah ngikutin dari awal pasti tau kan ya... ☺
Gw tau IHSG bakalan nyungsep. Tapi gw ga bisa dan ga boleh buka.",2026-03-16T04:00:22.000Z,https://www.threads.com/@jurnaltrader.id/post/DV7l5yJkoXu,IHSG,2026-05-05T17:07:23.326315
the_greatman77,Pengadaan motor listrik itu langkah tertolol,2026-04-30T17:26:06.000Z,https://www.threads.com/@the_greatman77/post/DXw54gWE2o4,IHSG,2026-05-05T17:07:23.432784
trisnsani,"ayo ayoo masa bacotnya sgtu aja kyk formalitas doang, bahas utang negara skrng yg udh sampe 800an T juga dong plus bunga2nya, keracunan mbg, jatah 6juta per hari buat sppg yg ditutup, ihsg udh dibawah 7000, ayoo dong masa sgtu doang bacotnya buzzer greatman😘😘",2026-05-01T01:15:58.000Z,https://www.threads.com/@trisnsani/post/DXxvqANgU4H,IHSG,2026-05-05T17:07:23.541530
feniiamyar,Wondering ya kenapa blm trading halt padahal udh -6%? Soalnya udah switch ke -8%🙏,2026-01-28T04:09:11.000Z,https://www.threads.com/@feniiamyar/post/DUCljRYD1al,IHSG,2026-05-05T17:07:23.643123
cuanology_id,"Post not available
Good newsnya, Senin IHSG berpotensi hijau/rebound jangka pendek jika dilihat dari time frame 5 menit dan ada peluang terbentuk pola double bottom. Semoga ini bisa menjadi awal rebound untuk IHSG💪
Februari–Maret jadi bulan yang lumayan berat untuk IHSG. Di Februari masih dikasih profit, tapi di Maret ini lebih baik perbanyak cash dan wait n see dulu. Jumat kemarin IHSG ditutup di level 7.585 dan sedang berada di area krusialnya apalagi jika support di 7.460 berhasil tertembus",2026-03-07T05:24:18.000Z,https://www.threads.com/@cuanology_id/post/DVkkWp6mJ__,IHSG,2026-05-05T17:07:23.760122
lavienreves,"Baru 20 menit bursa mulai, IHSG turun 7%, Trading halt part 2?",2026-01-29T02:21:46.000Z,https://www.threads.com/@lavienreves/post/DUE-DXYkT9F,IHSG,2026-05-05T17:07:23.861076
agungpharm,Izin memantau. Kalau habisnya bagus bisa ditiru.,2026-04-16T12:04:58.000Z,https://www.threads.com/@agungpharm/post/DXMSASXgdUk,IHSG,2026-05-05T17:07:23.949921
ayahpiky,"Silakan om...
Kalau ga work yaa anggep aja nyangkut lg 😅😅😅
Tp setidaknya saham fundamental semua itu + IHSG jg sedang sentimen positif..
Moga ga lama reboundny...",2026-04-16T12:06:43.000Z,https://www.threads.com/@ayahpiky/post/DXMSNFFkWY2,IHSG,2026-05-05T17:07:24.040833
istridarisurgamu,"Nangis ga itu yang hold saham konglo tanpa SL 🤣
istridarisurgamu",2026-01-28T02:32:34.000Z,https://www.threads.com/@istridarisurgamu/post/DUCafnykga6,IHSG,2026-05-05T17:07:24.135278
ad_dhe14,"Hari ini IHSG down lebih dari -5%, kok ngga Trading Halt?
Karena pada tanggal 8 April 2025 aturan Trading Halt telah dirubah dari sebelumnya 5% menjadi 8%",2026-01-28T02:13:39.000Z,https://www.threads.com/@ad_dhe14/post/DUCYVEHD1ur,IHSG,2026-05-05T17:07:24.238841
aprisnando,IHSG crash hari ini semoga bisa membungkam para ritel berisik dan toxic.,2026-01-28T10:06:19.000Z,https://www.threads.com/@aprisnando/post/DUDOa8eCUOf,IHSG,2026-05-05T17:07:24.446548
andithewow,"Dikeadaan seperti inilah kesempatan bagus buat nyerok atau DCA.
ini menandakan ekonomi kita masih kuat di tengah-tengah perang, harga minyak naik, dan IHSG turun parah.
Banyak orang yang berbelanja.
Tadi gua ke mall, dan penuh nya pake bangeeeet.",2026-03-14T17:08:24.000Z,https://www.threads.com/@andithewow/post/DV32fxiEhiI,IHSG,2026-05-05T17:07:24.571441
arwnle,Pertama kalinya bot screener sahamku dapat output buat BSJP. Saham yang dipilih cuman satu ini tapi gak disaranin beli karena IHSG merah. Abis ngecek stream Stockbit emang katanya mau ada RUPS ngebahas deviden. Mungkin senin nanti lanjut naik.,2026-05-01T08:55:37.000Z,https://www.threads.com/@arwnle/post/DXykQl2CbKV,IHSG,2026-05-05T17:07:24.671897
q.ismyname,"Nggak ngerti lagi bottom nya dimana, yaudahlah, my guts did the best! 😅, Welcome to 200 Club!",2026-03-16T02:42:05.000Z,https://www.threads.com/@q.ismyname/post/DV7c8a9mke0,IHSG,2026-05-05T17:07:25.538713
beginnersluck_id,"sedang retest ke area gap di minor trend dan kita lihat reaksi harga jika indeks udah meyentuh level 8336-8313 baru busa melaukan eksekusi pembelianihsg
lanjut ke pergerakan indeks kita yang tertahan di trendline dan bearish gap yang di tinggalkan pasca crash MSCI.
beginnersluck_id
sudah bisa mulai melakukan pembelian dan jangan lupa di area 8398 ada resistance trendline
harusnya sudah sesusai skenario walapun sempat jatuh lalu kembali lagi ke area 8336-8313.
lanjut ke pergerakan indeks,
beginnersluck_id",2026-02-25T08:56:23.000Z,https://www.threads.com/@beginnersluck_id/post/DVLMrQUCctt,IHSG,2026-05-05T17:07:29.503309
beginnersluck_id,"sedang retest ke area gap di minor trend dan kita lihat reaksi harga jika indeks udah meyentuh level 8336-8313 baru busa melaukan eksekusi pembelianihsg
lanjut ke pergerakan indeks kita yang tertahan di trendline dan bearish gap yang di tinggalkan pasca crash MSCI.
beginnersluck_id",2026-02-24T07:35:36.000Z,https://www.threads.com/@beginnersluck_id/post/DVIeor9id8X,IHSG,2026-05-05T17:07:29.619142
inoadjah,"Melemahnya IHSG dan RUPIAH apakah ada korelasi???
Apa mungkin IHSG naik RUPIAH makin melemah??? atau sebaliknya??",2026-04-30T15:08:37.000Z,https://www.threads.com/@inoadjah/post/DXwqJnDE91h,IHSG,2026-05-05T17:07:29.719974
ade_agung.n,"Ada tapi bukan dominan, lebih balik lg ke faktor fundamental perusahaan itu sendiri.....IHSG dominan di 4 BANK, kalo 4 BANK itu bisa cetak pertumbuhan Laba Bersih ""Double Digit"" IHSG 10rb mah bisa.....tapi bisnis bank itu sangat di pengaruhi suku bunga dan banyak faktornya",2026-04-30T15:21:53.000Z,https://www.threads.com/@ade_agung.n/post/DXwrqwPEYmd,IHSG,2026-05-05T17:07:29.808465
cnbcindonesia,"Nilai transaksi mencapai Rp 11,95 triliun, melibatkan 14,03 miliar saham dalam 928.900 kali transaksi. Kapitalisasi pasar tercatat sebesar Rp 13.659 triliun.
Per pukul 09.58 WIB, indeks turun 9,14% atau -760,76 poin ke level 7.559,8. Sebanyak 728 saham turun, 196 tidak bergerak, dan 34 naik.
IHSG melanjutkan koreksi setelah Bursa Efek Indonesia (BEI) melakukan trading halt atau penghentian perdagagan sementara selama 30 menit.",2026-01-29T03:10:51.000Z,https://www.threads.com/@cnbcindonesia/post/DUFDq3SE8bf,IHSG,2026-05-05T17:07:29.927647
reggifahreza07,Kata kata buat ritel,2026-02-10T08:17:52.000Z,https://www.threads.com/@reggifahreza07/post/DUkgWEkEvN5,IHSG,2026-05-05T17:07:30.046539
_patriciashannon,"bjirr kt aing mahh 🫠🫠🫠
yuhuu BEI, IDX
MSCI did warn kalian dr taun lalu lohhh
ini masih specific stock yg di-""punish""
almost 1 yr, kaga ngapa2in kalian dg warning ini??
dan kalian kan tau MSCI itu reguler rebalancing
_patriciashannon",2026-01-28T18:12:56.000Z,https://www.threads.com/@_patriciashannon/post/DUEGHDyExeo,IHSG,2026-05-05T17:07:30.174665
daniel.elliottician,"Gimana lihat ihsg ditutup cuma -0.08%, sudah mulai optimis lagi?
daniel.elliottician",2026-03-30T09:18:35.000Z,https://www.threads.com/@daniel.elliottician/post/DWgNcxaEmd5,IHSG,2026-05-05T17:07:30.272903
bennylovescoffee,"…… nilai tukar rupiah jeblok, IHSG terjerembab, bulutangkis keok di awal, lalu seorang menteri berucap …… sebaiknya gerbong khusus wanita ditempatkan di tengah.
Semangat selalu WNI !
Warga bantu warga !
bennylovescoffee",2026-04-29T06:45:16.000Z,https://www.threads.com/@bennylovescoffee/post/DXtLwHCEsMj,IHSG,2026-05-05T17:07:30.375592
aril.masri,"Hari ini IHSG close ijo, tapi porto tetap merah.",2026-02-09T11:27:45.000Z,https://www.threads.com/@aril.masri/post/DUiRR-eEWwT,IHSG,2026-05-05T17:07:33.324927
johan_sulianto,"Peace...
Biar ada distraksi dari harga saham
Kapan jadi Hijau?
Mungkin saat mendekati Lebaran yang identik warna Hijau...
Mengapa IHSG Merah?
Mungkin karena mendekati imlek yg identik warna merah...",2026-02-02T07:04:48.000Z,https://www.threads.com/@johan_sulianto/post/DUPxn7HESHc,IHSG,2026-05-05T17:07:33.573031
_______zp_________,"Tgl 9 april Selat Hormuz ditutup lagi guys..
Si kakek gila menolak 10point proposal iran...
Saham us tgl 8april hijo pekat efek dr gencatan senjata 2mgg tgl 7april dan saham asia ud rally terlebih dahulu...
Bagaimana respon ihsg hari ini tgl 9april ?
Klo menurutku kemarin IHSG top brokernya adalah AK dimana AK itu copeters jadi AK akan jualan lagi hari ini...klo menurut kalian gimn guys ???
_______zp_________",2026-04-09T00:20:40.000Z,https://www.threads.com/@_______zp_________/post/DW4_1rLD5DP,IHSG,2026-05-05T17:07:33.672052
fellowboba,Nunggu kabar baik Big Bank nich.,2026-04-08T04:25:15.000Z,https://www.threads.com/@fellowboba/post/DW23CPPj-vH,IHSG,2026-05-05T17:07:34.212730
beginnersluck_id,":
Besok seperti apa, saya tidak berani bicara apa pun karena memang saya tidak punya ilmunya.
Tapi poin nya ialah:
“Jangan sembunyikan kelemahanmu. Asah sampai jadi senjata terkuatmu.”
Lihat anomalinya, lihat celah nya, identifikasi, masukkan ke game plan, lalu eksekusi sesuai set up. Thats it.
Saya sendiri jujur tidak terlalu ter usik. tetap fokus pada mechanical structure, money flow, dan inefficiency di dalam market yang selalu jadi strategi saya.
Soal pemberitaan market yang beredar.
beginnersluck_id
This is what makes us stay in the capital market.”
Market structure - Order flow - Trading Strategy. Bukan trading koboy.
tapi kita ngasih tau soal gimana konsep kita dalam berfikir.
Ini nunjukin kalo yang nge bedain kita dari yang lain itu kita bukan sekedar pamer stock pick bener doang abistu kalian nyangkut.
Begitu juga yang lain nya paling tidak kembali lagi ke entry point (BEP) pasca crash.
Salah satu stock pick kita WIIM hari ini yang stay strong di tengah IHSG yang koreksi.
beginnersluck_id",2026-02-06T14:56:56.000Z,https://www.threads.com/@beginnersluck_id/post/DUa61VsCSb5,IHSG,2026-05-05T17:07:34.467011
beginnersluck_id,":
Besok seperti apa, saya tidak berani bicara apa pun karena memang saya tidak punya ilmunya.
Tapi poin nya ialah:
“Jangan sembunyikan kelemahanmu. Asah sampai jadi senjata terkuatmu.”
Lihat anomalinya, lihat celah nya, identifikasi, masukkan ke game plan, lalu eksekusi sesuai set up. Thats it.
Saya sendiri jujur tidak terlalu ter usik. tetap fokus pada mechanical structure, money flow, dan inefficiency di dalam market yang selalu jadi strategi saya.
Soal pemberitaan market yang beredar.
beginnersluck_id",2026-02-03T11:09:25.000Z,https://www.threads.com/@beginnersluck_id/post/DUSyaXxiQWc,IHSG,2026-05-05T17:07:34.602124
desta_setiaku,"Happy New Year 2026 Guys🥳
Hari Ini Saya Akan Memulai Membagikan Perjalanan Saya Di Market Saham Indonesia IHSG. Saya Memiliki Modal Kurang Lebih Rp.51.000.000 Yang Dibagi Menjadi 2 Akun Sekuritas Yaitu Stockbit Dan Ajaib. Saya Usahakan Setiap Hari Update Kegiatan Di Market. Semoga Kalian Enjoy Dengan Update Saya Di Market Saham Indonesia. Thanks Guys😁",2026-01-01T04:32:10.000Z,https://www.threads.com/@desta_setiaku/post/DS9Gt8CD6Y2,IHSG,2026-05-05T17:07:34.703966
andistwnw,kalo salah dikoreksi🙏,2026-01-18T14:22:56.000Z,https://www.threads.com/@andistwnw/post/DTp71ufktXY,IHSG,2026-05-05T17:07:34.805155
berryputra88,"1 USD udah 17.000 IDR aja, harga minyak naik, IHSG drop nyaris 5% (capital outflow besar besaran). Sebenernya, dengan situasi geopolitik saat ini sih wajar wajar aja kalau ekonomi kacau, yang mengerikan adalah, respons pemerintah terhadap situasi ini yang belum terlihat, kalau dibiarkan, bisa fatal… buckle up.
EconomicsThreads",2026-03-09T04:45:02.000Z,https://www.threads.com/@berryputra88/post/DVppc1xkaLG,IHSG,2026-05-05T17:07:34.914933
cecilliasantoso_,"IHSG Turun
Bitcoin Turun
Gold Turun
Silver Turun
Yang nggak turun cuma berat badan sama nafsu makan aja.
cecilliasantoso_",2026-02-02T07:30:33.000Z,https://www.threads.com/@cecilliasantoso_/post/DUP0kb6gCEy,IHSG,2026-05-05T17:07:35.016898
wiwikamran,"Sejak covid saya pelan-pelan kumpulkan beberapa emiten tambang untuk dividen investing.
Jadi IHSG merah tidak panik, IHSG hijau tidak FOMO.
Kadang yang membuat tenang di pasar saham bukan harga yang naik, tapi rencana yang sudah dibuat sejak awal.",2026-03-07T03:05:09.000Z,https://www.threads.com/@wiwikamran/post/DVkUbjtjxvY,IHSG,2026-05-05T17:07:35.119610
theferdians,"Tampilan update Project 1 Juta Bertumbuh saya buat berbeda saat ini untuk memperlihatkan pertumbuhan ekuitas porto project ini. Pernah hampir sentuh 900ribu (hampir -10% dari total modal), tapi memantul hingga saat ini +7.4%
Cuma mau mengingatkan, asing belum berhenti jualan, volume transaksi masih cukup kering (cuma 16 T) hari ini. Selalu pikirkan risk duluan, sisakan kemungkinan IHSG ke 6800 atau 6600 dulu.
Hello Ritel Unyu yang berbahagia karena IHSG yang menghijau hari ini.
Nggak lg main tebak-tebakan dan tebar fear ya, tapi datanya belum mendukung kok, makanya view gue masih cenderung ke selatan.
- utara : kalau tiba-tiba asing memutuskan inflow. Tapi ini gatau ya kapan
- selatan : asing seminggu kemarin konsisten outflow, belum ada tanda reversal, volume mengecil.
Nggak ya, gue ga lagi tebar fear. Lagi berusaha menjelaskan ke yang mau denger aja. Biar gampang dicerna, IHSG pasti mungkin ke 2 arah :
Masih ontrack target koreksi IHSG, terdekat ke 6800 dulu.",2026-04-02T09:58:01.000Z,https://www.threads.com/@theferdians/post/DWoAWOPFCKT,IHSG,2026-05-05T17:07:35.328908
theferdians,"Tampilan update Project 1 Juta Bertumbuh saya buat berbeda saat ini untuk memperlihatkan pertumbuhan ekuitas porto project ini. Pernah hampir sentuh 900ribu (hampir -10% dari total modal), tapi memantul hingga saat ini +7.4%
Cuma mau mengingatkan, asing belum berhenti jualan, volume transaksi masih cukup kering (cuma 16 T) hari ini. Selalu pikirkan risk duluan, sisakan kemungkinan IHSG ke 6800 atau 6600 dulu.
Hello Ritel Unyu yang berbahagia karena IHSG yang menghijau hari ini.",2026-04-01T16:38:39.000Z,https://www.threads.com/@theferdians/post/DWmJZq4Epsd,IHSG,2026-05-05T17:07:35.447995
izzan_perdana,"Yg bikin IhSG reboubd ya asing juga, Asing itu dananya gede. Selama investor lokal gak nambah2 ya gak bakal kemana2 IHSG tanpa fund asing.",2026-04-25T05:06:00.000Z,https://www.threads.com/@izzan_perdana/post/DXitNhYE3WO,IHSG,2026-05-05T17:07:35.563170
uzanresearch,"#investasi #saham #ihsg #ekonomi #marketcrash
Koreksi dari 8900 ke 8300 dalam sehari bisa jadi sinyal buruk bagi IHSG
Apakah IHSG akan Crash sangat dalam ?",2026-01-28T07:24:59.000Z,https://www.threads.com/@uzanresearch/post/DUC79ZKkisw,IHSG,2026-05-05T17:07:36.074854
makblash_,"Guys, kalo MBG dan Kopdes diilangin kira2 IHSG bisa tembus brp ya? jawab santuyyyy aja..",2026-04-20T12:59:07.000Z,https://www.threads.com/@makblash_/post/DXWrYV2lPG_,IHSG,2026-05-05T17:07:36.535750
agungpiniji,"Konsekuensi langsung:
➡️ Nilai portofolio investor menurun
➡️ Cost of capital perusahaan bisa meningkat
* Perubahan suku bunga global
* Pergerakan nilai tukar
* Arus modal asing (capital flow)
Faktor yang biasanya berkontribusi:
Dalam 1 tahun terakhir, IHSG bergerak dari kisaran ~9.100 ke ~7.100.
Secara teori pasar modal, ini mencerminkan penurunan valuasi agregat dan/atau perubahan ekspektasi investor terhadap pertumbuhan ekonomi ke depan.",2026-04-24T06:03:38.000Z,https://www.threads.com/@agungpiniji/post/DXgPAu0DR6x,IHSG,2026-05-05T17:07:40.346763
lucky_andriansyah,"👳‍♂️""hadirin sidang jum'at yang tidak berbahagia, kecuali holder WBSA""
lucky_andriansyah",2026-04-24T04:11:59.000Z,https://www.threads.com/@lucky_andriansyah/post/DXgCHnlALFO,IHSG,2026-05-05T17:07:40.565809
plainmarch,"Gaiss gimana keadaan kalian?
Please sharing yaa..",2026-03-06T03:16:49.000Z,https://www.threads.com/@plainmarch/post/DVhw-I2gdvU,IHSG,2026-05-05T17:07:40.673924
pinalpiin,"“Lagi lihat saham turun, aku panik 😅
Pak suami cuma bilang: ‘Namanya juga investasi, high risk high return.’
Yaudah… tarik napas, lanjut doa 🙏📉📈” 😁",2026-02-05T02:18:48.000Z,https://www.threads.com/@pinalpiin/post/DUW_R1bkiy7,IHSG,2026-05-05T17:07:40.999377
r.sedayuu,"Me: Nabung sejak EsDe
Jika kamu bisa balik ke masa lalu, apa yang bakal kmu lakuin?",2026-04-07T03:15:30.000Z,https://www.threads.com/@r.sedayuu/post/DW0KQccE438,IHSG,2026-05-05T17:07:41.112566
necky769,Beli saham astra internasional sewaktu ihsg di 300.....😉,2026-04-07T03:22:49.000Z,https://www.threads.com/@necky769/post/DW0LF_kCQjQ,IHSG,2026-05-05T17:07:41.207617
paulusihombing,"Ngulik dulu, cuan kemudian. ☕
​Untuk fast trade, ada yang screening pakai mata telanjang di Running Trade, ada yang pakai ""radar"" alias Alert.
​Saya sendiri sudah 3 bulan ini bereksperimen dengan alert DSI untuk deteksi kenaikan awal. Targetnya untuk cuan harian dan akurasi hari ini bikin senyum sendiri.
Next, tinggal mantau performanya saat IHSG merah sambil cari celah waktu untuk mulai scalping.
​Ingat, scalping tanpa sistem yang matang itu judi.",2026-01-20T09:06:30.000Z,https://www.threads.com/@paulusihombing/post/DTuhN52iQ8z,IHSG,2026-05-05T17:07:41.321209
galuhyudha,"sementara IHSG lagi kurang baik, agar lebih bijaksana, mari kita kembali kepada fundamental.
-EMTK
-ERTX
-HRUM
-INAI
-INOV
-KKGI
-PBRX
-SMDR
-SOCI
-WOOD
10 saham menarik yang layak untuk dipantau (jangan langsung dibeli ya) karena valuasinya yang masih murah dan laporan keuangannya bagus.",2026-03-14T22:38:34.000Z,https://www.threads.com/@galuhyudha/post/DV4cSDNk4Y2,IHSG,2026-05-05T17:07:44.978234
saham.university,"Komunitas yang sehat adalah komunitas yang bisa saling support baik di saat IHSG bullish maupun bearish
Mentor profesional adalah yang selalu setia menemani perjalanan para investor yang dimentorinya setiap saat, bukan yang hanya hadir di saat market bullish saja atau bahkan dighosting ketika ada hal yang belum dipahami malah tidak direspon bahkan diabaikan
Ada yang bilang ""Pak, apa tidak kemurahan membership life time atau seumur hidup biaya cuma Rp 500.000?""
Ikhlaskan karena Sang Pencipta saja
saham.university",2026-05-01T12:14:04.000Z,https://www.threads.com/@saham.university/post/DXy6-C6EThy,IHSG,2026-05-05T17:07:45.074760
yannnrizz,"Selamat cuan yang hari ini serok
Komunitas gw Serok PTRO👇🏼
Sc : IG luhut.pandjaitan
Almarhum Dr. Sjahrir, salah satu ekonom dan tokoh penting dalam proses perkembangan pasar modal Indonesia, pernah berkata bahwa pasar modal tidak boleh tumbuh hanya untuk sebagian pihak, tetapi harus menjadi sarana kemakmuran dan pemerataan ekonomi yang lebih luas.",2026-02-03T11:51:51.000Z,https://www.threads.com/@yannnrizz/post/DUS3RIcErxL,IHSG,2026-05-05T17:07:45.194410
yuka_arie,INDEKS yang selama ini bisa dikatakan menjadi patokan IHSG menghijau. Semoga besok pagi IHSG tetap menghijau. berapapun % kenaikan menjadi angin segar untuk ritel ritel unyu seperti kami. 💰💰💰,2026-04-01T17:38:42.000Z,https://www.threads.com/@yuka_arie/post/DWmQRfCk4ZQ,IHSG,2026-05-05T17:07:45.298958
tradingnesia.id,senin pada optimistis ga?,2026-02-01T11:11:38.000Z,https://www.threads.com/@tradingnesia.id/post/DUNpE6BkrOU,IHSG,2026-05-05T17:07:45.515543
tonnikho,Reaksi IHSG yang tetap stabil meski ada pengumuman penundaan dari FTSE menunjukkan bahwa isu tersebut memang sudah diprice in oleh market.,2026-02-10T03:56:39.000Z,https://www.threads.com/@tonnikho/post/DUkCcyskhIM,IHSG,2026-05-05T17:07:45.604441
erdeeldn,Hallo holder saham? How’s life? Masi kuat? WKWKWK,2026-03-04T05:10:38.000Z,https://www.threads.com/@erdeeldn/post/DVc0Z6JkdZg,IHSG,2026-05-05T17:07:45.715604
aryaarifin48,"Tetap Bersyukur berapapun🫰
lumayan bila yg liat 2040 by postingan ritel ini😅
ternyata dikasih lebih🤲",2026-04-01T08:56:22.000Z,https://www.threads.com/@aryaarifin48/post/DWlUfzskgcK,IHSG,2026-05-05T17:07:48.434514
aryaarifin48,Tetap Bersyukur berapapun🫰,2026-04-01T06:26:16.000Z,https://www.threads.com/@aryaarifin48/post/DWlDUdLEh1o,IHSG,2026-05-05T17:07:48.533251
dimasezaradityaa22,"Besok ihsg brp arya lanjut rally atau wns ?
dimasezaradityaa22",2026-04-01T08:58:35.000Z,https://www.threads.com/@dimasezaradityaa22/post/DWlUwCzGWi4,IHSG,2026-05-05T17:07:48.622545
asri_hmd,"Mapping Track IHSG 🇮🇩
Ihsg sempat menyentuh rasio 0,50 lalu langsung mantul dan sekarang lagi di rasio 0,382.
Semoga di rasio 0,50 menjadi penurunan terakhir IHSG dan tidak kembali lagi di rasio 0,50.😭😭",2026-02-08T16:35:53.000Z,https://www.threads.com/@asri_hmd/post/DUgPv5niYkX,IHSG,2026-05-05T17:07:48.729145
sin_dau,"IHSG mulai loyo ga ada bensin ,, tp goodnews nya IHSG jebol resist 8.410 tapi gagal menguat lagi , punya support baru di 8.335 .. time to serok saham fundamental bagus , tp di kasih merah hri ini ..
pergerakan BMRI udah jebol resist 5.275 , semoga menuju 5.425",2026-02-24T02:47:48.000Z,https://www.threads.com/@sin_dau/post/DVH9syTEzx6,IHSG,2026-05-05T17:07:48.842008
yosephyao,"Ada perpindahan kekayaan dari yang panik ke yang sabar. Ada ujian mental yang gak terasa waktu market naik. Ada momen di mana karakter asli investor mulai kelihatan. Dan buat yang siap, justru di kondisi seperti ini peluang jangka panjang mulai terbuka.
Padahal kalau dilihat dengan kepala yang lebih dingin, fase seperti ini hampir selalu membawa pola yang sama.
IHSG terus turun, saham blue chip berguguran, timeline sosmed penuh ketakutan. Banyak yang putus asa, seakan kiamat telah tiba.",2026-04-25T09:14:54.000Z,https://www.threads.com/@yosephyao/post/DXjJsgzjoyj,IHSG,2026-05-05T17:07:48.959769
wahid.musz_,"Fenomena konyol di akhir April ini:
1) Pembatalan laporan APBN Kita edisi April & Konpers KSSK;
2) IHSG anjlok dan meninggalkan zona 7.000-an;
3) Rp17.347/$1
Dari tiga indikasi ini saja, udah jelas ekonomi Indonesia memasuki masa memprihatinkan. Kalau tidak ada perubahan agresif atau bahkan radikal, jangan harap bulan-bulan selanjutnya aman.
Buat warga biasa seperti kita, jangan lupa makin kencangkan ikat pinggang.",2026-04-30T12:30:30.000Z,https://www.threads.com/@wahid.musz_/post/DXwYDgFlFzx,IHSG,2026-05-05T17:07:49.065102
nabung.dividen,"Diversifikasi dengan 30+ saham, metode dollar cost averaging, beginilah kinerjanya dalam 2 tahun. Disaat IHSG dalam 2 tahun ini malah minus 3,09%.",2026-03-27T09:55:09.000Z,https://www.threads.com/@nabung.dividen/post/DWYjQAdAbiv,IHSG,2026-05-05T17:07:49.161840
jurnaltrader.id,"Gua ngeliatin sambil ngakak2 liatin dia makan mukanya merah nahan marah.... 😁😅😂😁😅
Temen gw nyangkut miliaran.
Ada tukang tahu bulat lewat.
Dia beli dan makan sendirian 20 biji.",2026-01-29T10:07:37.000Z,https://www.threads.com/@jurnaltrader.id/post/DUFzXbsEkoy,IHSG,2026-05-05T17:07:49.609007
bedahsaham.idx,"Dear pakar finance macro, sebenarnya Rupiah melemah karena ada outflow di IHSG atau terjadi outflow karena Rupiah melemah? 🙋‍♂️
Sementara, USD/IDR sudah menyentuh 17.100 hari ini
Dari sesi 1 aja, asing outflow 1.38T 🚨
Outflow didominasi oleh BBRI BMRI ANTM dan CUAN. Outflow di 4 emiten ini udah hampir 800M sendiri 🤯",2026-04-07T09:14:49.000Z,https://www.threads.com/@bedahsaham.idx/post/DW0zYJJmPMQ,IHSG,2026-05-05T17:07:49.719564
sitimarlina.jp,"Saya cuma pakai volume, fibo,MA,MACD, stoch, foreign buy/sell, PC, BB, supertrend,RSI.
Indikator tuh gak bisa digunakan sendirian ya, mereka cuma alat bantu saja.
Jadi harus mix match gitu..
Yang penting kita tau apa fungsi masing2 indikator.
Kira kira besok IHSG hijau atau merah ya??
Terserah deh ya, kita gak bisa berbuat apa2 kok, jadi siap2 aja, kalau bisa trading sesuai plan ya trading, kalau gak bisa ya udah.
belajarsahampemula",2026-04-29T18:40:21.000Z,https://www.threads.com/@sitimarlina.jp/post/DXudleLioT-,IHSG,2026-05-05T17:07:49.873068
sinyalcuan_pro,"$RGAS Happy alert bot. walau IHSG sempat merah, setidaknya ada dana buat ngopi 😁
Yg Mau belajar DM aja",2026-03-30T11:26:43.000Z,https://www.threads.com/@sinyalcuan_pro/post/DWgcHN5AQe_,IHSG,2026-05-05T17:07:49.976842
cuanalarakyatjelata,"Wait n see 👀🤭
Yg relatif aman:
- Komoditas, defensive
Perkiraan yg paling berpotensi:
- Bank, BUMN, infrastruktur
Moody’s Ratings mengubah outlook Indonesia dr stabil menjadi negatif, tp mempertahankan peringkat kredit Baa2. Perubahan outlook disebabkan meningkatnya ketidakpastian kebijakan yg berpotensi melemahkan efektivitas kebijakan & tata kelola.
cuanalarakyatjelata",2026-02-05T23:57:14.000Z,https://www.threads.com/@cuanalarakyatjelata/post/DUZT33FEx6j,IHSG,2026-05-05T17:07:50.113450
divideninvesting.id,"Sabar dan tambah topup terus
Kalo sdh banyak yg optimis maka sebagai dividen investor kita melakukan apa?
Dan akhirnya isu2 optimisme kembali muncul
Dan ternyata bukan trading halt tapi malah naik
Prediksi hari pertama IHSG pasca lebaran adalah trading halt
divideninvesting.id",2026-03-25T17:49:56.000Z,https://www.threads.com/@divideninvesting.id/post/DWUP_pZEtd-,IHSG,2026-05-05T17:07:53.687992
sahamsetiapsaat,Ditengah IHSG yang rewel dan gempuran global,2026-03-06T03:18:25.000Z,https://www.threads.com/@sahamsetiapsaat/post/DVhxJ2Okggm,IHSG,2026-05-05T17:07:53.797711
arif.mp3,"Source: Goldman Sachs, Januari 2026.
Outflow pasif bisa $13 miliar (Rp 200 triliun+)
IHSG bisa cascade ke 5,800-6,300
Pemicu yang menentukan IHSG ke skenario mana:
1 keputusan di Mei 2026 yang akan menggerakkan triliunan rupiah:
→ Review MSCI bulan Mei
Kalau Indonesia di-downgrade ke ""Frontier Market"" (turun kelas):",2026-04-25T12:29:06.000Z,https://www.threads.com/@arif.mp3/post/DXjf67vmfN-,IHSG,2026-05-05T17:07:53.957234
arif.mp3,"Yang paling banyak orang nggak tahu:
Dari 8 bear market, delapan-delapannya pulih.
📌 1998 turun -65% → balik 2004
📌 2008 turun -50% → balik 2010
📌 2020 turun -38% → balik 2022
Long-term CAGR IHSG selama 43 tahun: 10.94% per tahun.
Belum pernah broken. Sekali pun.",2026-04-25T12:29:07.000Z,https://www.threads.com/@arif.mp3/post/DXjf69UmcD1,IHSG,2026-05-05T17:07:54.062313
agungpharm,2 portofolio merah semua. Tapi isinya saham bagus karena minusnya masing-masing dibawah 5% dan uang cash masih ada 25%. Mau all in setelah ada tanda-tanda IHSG rebound.,2026-05-01T09:13:54.000Z,https://www.threads.com/@agungpharm/post/DXymWZFAcyu,IHSG,2026-05-05T17:07:54.173454
ianprananda_,"Wah mantep ini mas, semoga bulan Mei IHSG udah bisa mulai rebound🤲🏻",2026-05-01T09:17:26.000Z,https://www.threads.com/@ianprananda_/post/DXymwRrkfyh,IHSG,2026-05-05T17:07:54.266994
hengky.lim.9,"IHSG masih belum terlihat ada rejection, jadi kemungkinan 1 - 2 hari akan bergerak ke area support yg pernah di bahas 7.918 ,lalu bergerak flat dlu, dengan catatan area 7.918 tidak di tembus, jikalau tembus maka IHSG akan bergerak ke area 7.865 - 7.712
Update 03 Maret 26",2026-03-02T23:44:46.000Z,https://www.threads.com/@hengky.lim.9/post/DVZqUYUkqVo,IHSG,2026-05-05T17:07:54.396111
fatwanaratama,"Nilai tukar dulu dari 2300 naik menjadi 16000 kalau dihitung naik 700%. Kalau 16800 ke 17000 itu cuma naik 1.7%. Korelasi antara IHSG dan nilai tukar yaitu semakin RP ke Dollar melemah makan IHSG akan cenderung naik. Namanya uang bukan cuma hasil dari bekerja keras. Tapi cerminan cara pribadi mengatur hidup. Kalau sebagai pribadi yang engga bisa handle uangmu, jangan harap nanti pasangan atau gaji lebih besar di atas rata-rata orang bisa selametin lifestyle. Risk first then return.",2026-04-13T11:09:25.000Z,https://www.threads.com/@fatwanaratama/post/DXEdQxsgXNj,IHSG,2026-05-05T17:07:54.496782
hengky.lim.9,"Besok ada 3 skenario :
1. bisa aja jemput utang yg 10 perak itu hbs itu mantul
2.bisa jg langsung lanjut retest support bawah di 6.917 & 6.816 😁
3. Bisa jg langsung rebound ke 7.154 & 7.260 mengingat area gap ""sudah di anggap tutup""",2026-04-30T00:27:45.000Z,https://www.threads.com/@hengky.lim.9/post/DXvFV7JAZ1j,IHSG,2026-05-05T17:07:55.636194
hengky.lim.9,"Besok ada 3 skenario :
1. bisa aja jemput utang yg 10 perak itu hbs itu mantul
2.bisa jg langsung lanjut retest support bawah di 6.917 & 6.816 😁
3. Bisa jg langsung rebound ke 7.154 & 7.260 mengingat area gap ""sudah di anggap tutup""",2026-04-28T09:52:06.000Z,https://www.threads.com/@hengky.lim.9/post/DXq8VpGgSmS,IHSG,2026-05-05T17:07:55.739089
pinepick.id,"#saham #IHSG #ipo #infosaham #PinePick
Kalau disuruh pilih mending saham kamu turun atau disuspen?",2026-04-24T07:38:32.000Z,https://www.threads.com/@pinepick.id/post/DXgZ3dcgc-H,IHSG,2026-05-05T17:07:55.843389
eginanjar,"▶️ INVESTOR
✅ Belum waktunya all-in, lebih aman ""Cicil bertahap"" dan tunggu konfirmasi weekly lebih kuat
Jangan Entry saat RSI 7 sudah di atas 70
karena rawan koreksi.
▶️ TRADER JANGKA PENDEK
✅ Market sekarang Cocok untuk trading cepat tapi Bukan untuk hold panjang dulu
Kalau baru mau masuk: harus selektif banget, fokus Saham yang sudah di atas EMA 89 dan RSI 21 di atas 50
▶️ SWING TRADER
✅ Tunggu break 7.900 baru agresif masuk.
STRATEGI UNTUK TRADER",2026-04-18T08:35:22.000Z,https://www.threads.com/@eginanjar/post/DXRDm1WGT27,IHSG,2026-05-05T17:07:58.782184
eginanjar,"Kalau gagal:
➡️ Risiko turun lagi masih terbuka
Kalau tembus:
➡️ Peluang bullish lanjut
‼️ Itu level penentu arah.
Area paling krusial: 🎯 7.900
IHSG saat ini:
➡️ Sedang rebound
➡️ Tapi belum masuk trend naik
KESIMPULAN BESAR",2026-04-18T08:36:27.000Z,https://www.threads.com/@eginanjar/post/DXRDuvdmd6J,IHSG,2026-05-05T17:07:58.933172
novifakhruddin,"Barang siapa yang portonya merah di malam lailatul qadar, artinya dia telah nyangkut 1000 bulan.",2026-03-16T17:06:45.000Z,https://www.threads.com/@novifakhruddin/post/DV8_5gJk2iV,IHSG,2026-05-05T17:07:59.041773
stockwise.id,"Indeks IHSG jadi yg terendah secara ytd se-ASEAN
#ihsg #asean #bursa",2026-04-18T08:15:32.000Z,https://www.threads.com/@stockwise.id/post/DXRBVkPGGii,IHSG,2026-05-05T17:07:59.131486
hengky.lim.9,"Hari ini berhasil menguat namun masih di tutup di bawah area support lama nya di 7.712 , jika besok IHSG gagal bertahan di atas area tsb maka IHSG akan bergerak kembali ke area negative dan berpotensi ke area support lama nya di 7.481 , semoga besok jadi Jumat berkah ya 😃 di topang oleh buying power yg positif
Update 05 Maret 26",2026-03-05T14:16:24.000Z,https://www.threads.com/@hengky.lim.9/post/DVgXqFogY7j,IHSG,2026-05-05T17:07:59.253831
wargaritelunyu,"#wargaritelunyu
Support biar saya terus konsisten? Link di bio
Konten gratis tiap hari. Follow biar nggak ketinggalan
Source: Bloomberg
Investor asing kabur massal Rp19 triliun dalam satu hari, outflow terbesar dalam 21 tahun terakhir. IHSG ambruk, rupiah melemah. Diduga dipicu block trade jumbo FAP Agri senilai Rp18 triliun plus kekhawatiran MSCI soal transparansi kepemilikan. Pasar RI kembali digoyang!",2026-03-27T06:07:58.000Z,https://www.threads.com/@wargaritelunyu/post/DWYJP7pkfC5,IHSG,2026-05-05T17:07:59.394381
dhinisastroatmodjo,"PAK PURBAYAAAAA?!!! PUNTEN INI IHSG UDH AMBROL. Kek mana idup rakyat ini pakkk?
dhinisastroatmodjo",2026-03-09T04:06:31.000Z,https://www.threads.com/@dhinisastroatmodjo/post/DVplCxJEmw8,IHSG,2026-05-05T17:07:59.597041
hive.magz,"Gue lihat banyak banget investor ritel yang panik luar biasa pas buka aplikasi saham minggu ini. Portofolio merah pekat di mana mana. IHSG tiba tiba rontok dan terjun bebas sampai ke level 7.200-an. Sebagian orang mikir ini cuma bandar yang lagi iseng nurunin harga buat serok di bawah. Pemikiran kayak gitu jelas terlalu naif. Kenyataannya pasar kita lagi kena hantaman tiga pukulan telak secara bersamaan.
IHSG anjlok April 2026 penyebab utama kenapa pasar saham kita berdarah parah. 📉🩸",2026-04-24T06:00:50.000Z,https://www.threads.com/@hive.magz/post/DXgOsMmAc-b,IHSG,2026-05-05T17:07:59.720299
hengky.lim.9,"saat ini penurunan IHSG kemungkinan akan tersisa sedikit lagi di area 7.000 , paling jeleknya di 6.800an ,dan akan di tandai dengan bergerak flat dahulu, jadi penurunan saat ini adalah kesempatan untuk mencari saham2 potensial , jadi pastikan peluru nya tetap ada untuk memulai pendakian baru IHSG 😎
Update 15 Maret 26",2026-03-15T14:00:51.000Z,https://www.threads.com/@hengky.lim.9/post/DV6F1DOAeBf,IHSG,2026-05-05T17:08:07.251003
lukmanul_1792,"Dan MBG masih jalan, ditambah pejabat masih totot wutwut.
IHSG turun lagi.
Dollar udah Rp 16.948
Utang luar negeri 9600T.
Harga dada ayam 55000/kg
Pertamax 12.300",2026-03-09T10:21:20.000Z,https://www.threads.com/@lukmanul_1792/post/DVqP77VEXVE,IHSG,2026-05-05T17:08:07.503864
inoowdj,"Pantesan asing rame2 buang saham bank himbara.
Asing kabur, IHSG -22% dari puncak",2026-04-26T11:40:59.000Z,https://www.threads.com/@inoowdj/post/DXl_NYyGe3-,IHSG,2026-05-05T17:08:07.621384
erikaparamisora,"Berani juga Siminvest ngeluarin analisis kayak gini 😅 Beberapa sekuritas cuma prediksi 7000an, ga sedalam ini",2026-04-04T11:04:55.000Z,https://www.threads.com/@erikaparamisora/post/DWtRl-bkdQo,IHSG,2026-05-05T17:08:07.734813
portalsaham,Ini bukan berarti IHSG akan turun sampai segitu kak. Hanya menjelaskan jika saham2 tersebut dikeluarkan dr IHSG saja. Saham2 tersebut memiliki bobot yg besar terhadap IHSG. Kan tidak mungkin jg saham2 tersebut turun sampai 0.,2026-04-04T11:10:15.000Z,https://www.threads.com/@portalsaham/post/DWtSNDiD_h9,IHSG,2026-05-05T17:08:07.840480
thoniriz,"Kalo IHSG itu Real Madrid, BUMI itu arda turan",2026-04-30T07:50:16.000Z,https://www.threads.com/@thoniriz/post/DXv3_DFFHVd,IHSG,2026-05-05T17:08:08.072056
cclarak,Kepikiran LB nya d’orsay,2026-04-25T12:40:54.000Z,https://www.threads.com/@cclarak/post/DXjhRXbCV11,IHSG,2026-05-05T17:08:08.169676
g0urmand__,ih tuhkan,2026-04-25T15:25:09.000Z,https://www.threads.com/@g0urmand__/post/DXj0ETHEigp,IHSG,2026-05-05T17:08:08.272422
verona.valencia99,"IHSG lagi merah, saat nya belanja?
verona.valencia99",2026-04-24T10:07:14.000Z,https://www.threads.com/@verona.valencia99/post/DXgq46LCYCa,IHSG,2026-05-05T17:08:08.372261
doctorfrst,"global.morningstar.com/en-ca…
Next time pakai lah tuh akun asli, I will respect you better. 🚶
Gw menolak dibodohin sama akun abal kek begini. 🤦
Btw lu ngerti YTD ga bro? Data gw per perang Iran mulai. 🫩",2026-04-06T09:34:19.000Z,https://www.threads.com/@doctorfrst/post/DWyQ0KBATDA,IHSG,2026-05-05T17:08:08.536406
cosmologicaldust,"Sekalipun pakai titik awal konflik iran 28 Februari - 6 April itupun IHSG turun 15%, angka ini tetap lebih buruk dari data mayoritas indeks global yang bapak kirim🤣
Hahaha statement lu malah memperkuat statement gua, YTD itu di hitung dari 1 Januari sampai sekarang artinya sebelum konflik iran di mulai IHSG sudah babak belur duluan.
cosmologicaldust",2026-04-06T10:11:17.000Z,https://www.threads.com/@cosmologicaldust/post/DWyVC0HE4AL,IHSG,2026-05-05T17:08:08.642692
pang3rann,"Harga emas $3.444/oz bikin tambang emas senyam-senyum. Eldorado Gold dapet upgrade rating, EBITDA naik drastis. Yang punya saham emas di Indo, semoga ikut kebagian cuan. 😅🔥",2026-03-13T23:53:26.000Z,https://www.threads.com/@pang3rann/post/DV2ADbxklqf,IHSG,2026-05-05T17:08:11.500573
rolandpaoleva,"Dikala IHSG anjlok dan asing banyak yang jual, justru emiten ini malah diborong asing.",2026-01-28T11:43:12.000Z,https://www.threads.com/@rolandpaoleva/post/DUDZgm_E7p4,IHSG,2026-05-05T17:08:11.608492
samuelariton,"Inilah nilai kekayaanmu jika beli BBCA 1 tahun lalu🥰✅💸
#dyor #saham #bbca #ihsg",2026-04-24T12:49:14.000Z,https://www.threads.com/@samuelariton/post/DXg9bMnk6Wi,IHSG,2026-05-05T17:08:11.695663
sutansiagian,"Kalau menurut kamu $BUMI 250 itu murah dan UNTR 24,400 mahal, saran saya kamu pikir2 dulu kalau mau investasi saham. Kecuali cuma mau “main” saham. Yah kalau main, jgn banyak2 namanya juga main.",2026-01-29T11:15:28.000Z,https://www.threads.com/@sutansiagian/post/DUF7IUCkobw,IHSG,2026-05-05T17:08:11.794199
ikhsan_riswanda,"Di awal kepemimpinannya.. dia bilang gak main saham.. gak perlu saham dsb.. sejak saat itu IHSG terus merosot, uang asing keluar dari indo makin lama makin besar.. sampai emitten sekelas bbca nyungsep...dan skrg rupiah jd korban.. apalagi ditambah perang dll... masih terang kita ini?",2026-04-30T14:38:52.000Z,https://www.threads.com/@ikhsan_riswanda/post/DXwmvo-k44f,IHSG,2026-05-05T17:08:11.983500
beupicta,"Kali ini gw bakal sharing tentang satu emiten yang cukup menarik menurut gw. Dikala IHSG anjlok 2 hari kemarin, saham PEHA ini tetep mencatat kenaikan. Perusahaan ini bergerak di sektor farmasi yang berhubungan dengan obat2an contohnya antimo. Perusahaan ini sudah konsisten TURUN sejak awal listing di bursa Efek wkwk, namun hal ini yang membuat saham ini menarik untuk dilirik. karena valuasinya yang semakin masuk akal.
Disclaimer - Not Financial Advice",2026-01-25T07:37:55.000Z,https://www.threads.com/@beupicta/post/DT7PDc2Ej9f,IHSG,2026-05-05T17:08:12.440851
skinnyjackfruit,"Next ->
Nah group yg gratis ini dipake untuk promo. Biasanya ada yg kasih bocoran stock pick gratis biar si target tertarik untuk beli membership
Rata rata mereka bikin group wa berbayar (untuk member) dan group yg gratis.
1 month membership sekian xxx
6 month membership sekian yyy
Lifetime membership sekian zzz
Saat IHSG bullish rally di 2025 kemarin, sebagian finfluencer dadakan yg jualan stock pick rajin sekali posting setiap hari mempromosikan dagangannya.",2026-03-31T14:47:38.000Z,https://www.threads.com/@skinnyjackfruit/post/DWjX5tTEUW3,IHSG,2026-05-05T17:08:12.704063
stockwise.id,"Meskipun IHSG perlahan rebound, kamu tetap harus perhatikan risiko dan manfaatkan momentum trading dengan menggunakan fitur Selected Stocks Konglomerasi dari
@indopremier
yaa guys!
#saham #investasi #sahamindonesia
Seperti yg kita ketahui, beberapa minggu terakhir ini IHSG sedang tidak baik-baik saja imbas konflik geopolitik. Namun, semenjak FTSE mempertahankan status market Indonesia, IHSG kembali membaik yg kenaikannya didukung oleh emiten Barito Group milik Prajogo Pangestu.",2026-04-15T02:56:00.000Z,https://www.threads.com/@stockwise.id/post/DXIuYp1GJeS,IHSG,2026-05-05T17:08:12.810650
dinirossi,"Keren Kak usia 28 aset udah lebih dari 100 juta 😃 congrats, Kalau saya liat, kakak suka di low risk investment which is gapapa banget in this economy pasar juga lagi berat IHSG ambruk & ga tau kapan rebound,,, tapi rasanya klo boleh saran : 1. Pelajari saham fundamental yg kasi deviden moncer 2. Dana deposito bisa dilarikan ke sukuk tabungan 😃🙏🏻 3. Tabungan mandiri klo saya cukup untuk 1 bulan pengeluaran aza 😃 sisanya invest 4. Bisa mulai liat liat invest non liquid ke depannya (tanah atau kos)",2026-04-12T11:52:33.000Z,https://www.threads.com/@dinirossi/post/DXB9Zx9jMTE,IHSG,2026-05-05T17:08:13.069760
nendenqurrotaa,"Maaf kak mau tanya (saya pemula blm paham saham) kata kk kan skrg ihsg ambruk, kalau buat yg baru mau inves di saham, cocok ga ya beli sekarang? Maksudnya ambruk itu lagi turun/murah kan? Hehe",2026-04-12T15:03:51.000Z,https://www.threads.com/@nendenqurrotaa/post/DXCTS7Tk7b1,IHSG,2026-05-05T17:08:13.167400
diimsaam,"Dalam kondisi seperti ini, apa yang sebaiknya dilakukan?
Kalau lihat seasonality IHSG, Maret sering jadi bulan koreksi karena tekanan jual mulai meningkat. Masuk April, pasar biasanya mulai rebound karena banyak yang mulai beli di harga yang sudah turun. Tapi biasanya kenaikan ini belum terlalu kuat, karena di Mei IHSG sering kembali koreksi. Setelah fase ini lewat, barulah pasar sering masuk ke fase rally di bulan-bulan berikutnya.",2026-03-13T00:56:06.000Z,https://www.threads.com/@diimsaam/post/DVzibk1E9vO,IHSG,2026-05-05T17:08:13.286909
jastipindik,"YANG SUKA STYLE MAMA GIGI, ini lagi ada preloved nya bertaburan TSO,ARTKEA,GUCCI,NASL harga seanjlokmm IHSG😭😭😭 in this economy belanja preloved artis aja yokkk😭😭😭 jastipin di aku tapi🙏🏻🙏🏻😭",2026-04-26T08:49:16.000Z,https://www.threads.com/@jastipindik/post/DXlrjqeEaX3,IHSG,2026-05-05T17:08:13.386900
kingdomsaham,"👉 Market juga dipengaruhi:
• IHSG
• kondisi makro
• sentimen global
⚠️ DISCLAIMER
• Screener ini bukan sinyal beli
• Tidak menjamin saham akan naik
• Tetap perlu:
• Analisis bisnis
• Cek industri
• Lihat catalyst
- Belilah Saham Perusahaan Yang PER Maks 9
- Price to Book Value Maks 1
- Beli Perusahaan Yang Bagus dan Murah
(Mercy Harga Bajaj)
- Beli Perusahaan Yang Membagikan Deviden Yield
Ilmu dari Bapak Lo Kheng Hong.
CUAN SERIES 22 : Value Investing SCREENER ⌚️",2026-03-26T05:50:40.000Z,https://www.threads.com/@kingdomsaham/post/DWVieaDEQpR,IHSG,2026-05-05T17:08:13.536661
indobagger,"#IHSG #sahamHUMI #HUMI #saham #sahamindonesia #analisisaham #belajarsaham #investasi #investasiindonesia #pasarmodal #stockmarket #maritim #energi #logistikenergi
HUMI lagi jadi salah satu saham yang paling banyak dibicarakan: ekspansi armada sampai target 10 kapal, fokus di angkutan LNG, minyak, dan petrokimia, plus peran penting di rantai logistik energi Indonesia. Secara fundamental, pendapatan 9M25 masih tumbuh dan laba tetap positif, tapi margin tertekan karena fase “tanam modal”.",2025-11-28T10:38:18.000Z,https://www.threads.com/@indobagger/post/DRmNl3BkWbu,IHSG,2026-05-05T17:08:16.439070
perjalanan.hidup40thn,"Alhamdulillah kak, trading saham ihsg kak? Atau trading forex?
perjalanan.hidup40thn",2026-04-13T16:07:02.000Z,https://www.threads.com/@perjalanan.hidup40thn/post/DXE_Uo0CU1A,IHSG,2026-05-05T17:08:16.540911
riaastt_,"Forex kk.
Pingin belajar IHSG tp belum ketemu mentor yg bisa ngajarin.
Mungkin disini ada yg paham ttg IHSG, kita bisa sharing ilmu & opportunity.",2026-04-15T11:15:19.000Z,https://www.threads.com/@riaastt_/post/DXJnhrOj8Q9,IHSG,2026-05-05T17:08:16.634310
mimin.sa,"Di obok obok dari akhir januari mulai dari MSCI, Moody's, Fitch, Perang AS - Iran, dan sekarang rupiah 17K
Jadi gimana gais mentalnya? Aman kan",2026-03-09T03:01:29.000Z,https://www.threads.com/@mimin.sa/post/DVpdmbRk21C,IHSG,2026-05-05T17:08:16.748035
bernad88,"Sampai kapan MU menang? Selam itu juga ihsg akan merah, yok voting MU degradasi liga depok aja!",2026-04-28T02:59:44.000Z,https://www.threads.com/@bernad88/post/DXqNJXjmaVb,IHSG,2026-05-05T17:08:16.839123
https4o2,"Akankah kejatuhan Nasdaq , Dow Jones, dan SP500 kali ini bisa membuat shock banyak orang?",2026-04-13T00:33:22.000Z,https://www.threads.com/@https4o2/post/DXDUeQME0ne,IHSG,2026-05-05T17:08:17.108198
wedi.arp,Jumat menyala abangku,2026-04-24T05:57:03.000Z,https://www.threads.com/@wedi.arp/post/DXgOQnBEmEl,IHSG,2026-05-05T17:08:17.212605
gymnastiarrem,"IHSG masih boring ya, Menu BSJP dishare nya di grup tele ya. Kadang lupa share kesini hehe",2026-04-07T06:30:21.000Z,https://www.threads.com/@gymnastiarrem/post/DW0gjoLD4tv,IHSG,2026-05-05T17:08:17.425665
denbagoesdenn,"MBG stop, pria nyawit lengser, koruptor dihukum mati. Dah itu aja kalau mau Rupiah menguat dan IHSG meroket.",2026-04-30T08:02:57.000Z,https://www.threads.com/@denbagoesdenn/post/DXv5b4RE35v,IHSG,2026-05-05T17:08:17.517870
jurnaltrader.id,"#sahampemula #sahamindonesia #saham #tradersaham
Besok saya rasa IHSG kalau bisa bertahan.close di atas 7,790 sih pertanda bagus... 😀
Malam ini bursa luar merah merona jambu air indah sekali... 😂",2026-02-09T15:21:33.000Z,https://www.threads.com/@jurnaltrader.id/post/DUisCWpEiU4,IHSG,2026-05-05T17:08:20.484992
agungpharm,"2. Performa mereka dari 1 Januari 2025 sampai 30 September 2025 masih minus 7,04%, bandingkan dengan Indeks Emerging Market yang sudah profit 27,53%.
1. Ada 18 perusahaan yang mereka pilih masuk dalam Indeks mereka, dengan market cap 85% dari total market cap IHSG.
Tolong koreksi kalau saya salah menginterpretasikan data dibawah ini. Sumber data saya ambil langsung di website MSCI.
Laporan kinerja Indeks Morgan Stanley terkait perusahaan yang mereka pilih di bursa saham kita.",2025-10-06T01:19:45.000Z,https://www.threads.com/@agungpharm/post/DPcvikggXIo,IHSG,2026-05-05T17:08:20.617268
ddewib,"Ada drama apa sih ini
Senin market panik ga ya?
Jgn panik ya ges, nanti halt lagi😌😅",2026-01-30T14:31:53.000Z,https://www.threads.com/@ddewib/post/DUI2ZwPk4xE,IHSG,2026-05-05T17:08:20.731269
jurnaltrader.id,"Wish you all the best IHSG... ☺
Support berikutnya : 7,233.
Kalau sampai ke level ini, pasti sudah diwarnai dengan FEAR atau trust issue. Semoga tidak terjadi ya.
Kisaran area 7,500 itu nilai harga yang masih sexy. Kecuali kalau alasan-nya fundamental banget. Seperti misalnya harga BBM naik tinggi. Atau perangnya meluas.
Kalau kena tembus... Ada support lagi di : 7,481. Ini benteng pertahanan yang cukup kuat. Semoga jangan sampai level ini.
Besok IHSG bakalan testing support lagi 7,616.",2026-03-05T12:35:26.000Z,https://www.threads.com/@jurnaltrader.id/post/DVgMGlqkjpz,IHSG,2026-05-05T17:08:20.878507
usmanfauzi_10,Pandangan mengenai IHSG. kalau jebol bakal uji RBS 7245. Serok apa kalian?,2026-03-06T05:30:14.000Z,https://www.threads.com/@usmanfauzi_10/post/DViAPNdks5B,IHSG,2026-05-05T17:08:20.978207
seroksaham,"ihsg masih ada hutang gap di 7530 jdi jgn asal beli"" serok syang duitnya klo msih turun , klo besok merah tunggu di 7530
sesuai analisa saya ya ihsg bakal tutup gap dulu dan baru lanjut naik pullback ,kmaren asing sudah netbuy .harusnya hari ini hijau ya gaes 🚀🤭",2026-04-22T00:40:20.000Z,https://www.threads.com/@seroksaham/post/DXagbF_kypd,IHSG,2026-05-05T17:08:21.156719
seroksaham,"ihsg masih ada hutang gap di 7530 jdi jgn asal beli"" serok syang duitnya klo msih turun , klo besok merah tunggu di 7530",2026-04-15T12:20:11.000Z,https://www.threads.com/@seroksaham/post/DXJu8yHE7_H,IHSG,2026-05-05T17:08:21.261672
___wambar.id,"Wah berani2nya ini admin
@toshibatv.indonesia
ini.
Saham retail
@stockbit
digeprek market.
Ini admin Toshiba apa mau digeprek sama retail XL/SB nih??",2026-02-02T06:04:55.000Z,https://www.threads.com/@___wambar.id/post/DUPqxQZEdV0,IHSG,2026-05-05T17:08:21.796767
tradingnesia.id,"Jangan salah parkir. NFA. DYOR.
Jangan jadi pahlawan konyol. Jadilah survivor. Di grup saham Kita, alokasi defensif ini di-update tiap minggu sesuai data makro.
USD/Stablecoin: Hedge terbaik saat Rupiah lemas. Posisi short implisit.
Emas: Aset ribuan tahun yg selalu dicari saat panik melanda.
Obligasi (SBN): Lo dibayar buat nunggu badai reda. Yield aman dijamin negara.
3 Parkiran duit aman versi Kita:
IHSG di ambang badai lo cuma pasrah? Fatal. Saatnya rotasi ke Safe Haven.
miraclestrategy.id
kalo diliat memang naik tanpa asing dna volume, tapi uniknya kemarin (11 februari 2026) nilai transaksi nya sudah mirip dengan transaksi sebelum crash(11 Desember 2026) tapi outflow asing sangat besar, kemungkinan mereka risk off?",2026-02-11T23:28:06.000Z,https://www.threads.com/@tradingnesia.id/post/DUotTsiE2r6,IHSG,2026-05-05T17:08:22.345898
miraclestrategy.id,"Jangan salah parkir. NFA. DYOR.
Jangan jadi pahlawan konyol. Jadilah survivor. Di grup saham Kita, alokasi defensif ini di-update tiap minggu sesuai data makro.
USD/Stablecoin: Hedge terbaik saat Rupiah lemas. Posisi short implisit.
Emas: Aset ribuan tahun yg selalu dicari saat panik melanda.
Obligasi (SBN): Lo dibayar buat nunggu badai reda. Yield aman dijamin negara.
3 Parkiran duit aman versi Kita:
IHSG di ambang badai lo cuma pasrah? Fatal. Saatnya rotasi ke Safe Haven.
miraclestrategy.id",2026-02-11T11:09:24.000Z,https://www.threads.com/@miraclestrategy.id/post/DUnYxPggU3a,IHSG,2026-05-05T17:08:22.489681
jurnaltrader.id,"Kamu udah clearing porto kan...???
Besok hari Jumat pula.
IHSG sepertinya cukup tertekan.
Emas nyuksruk lagi.
Bitcoin amblesssss.
Bursa luar meraaaah.",2026-02-05T13:04:36.000Z,https://www.threads.com/@jurnaltrader.id/post/DUYJLxbEoHQ,IHSG,2026-05-05T17:08:26.346793
beupicta,"Satu hal yang perlu diperhatikan dari emiten ini adalah tingkat Debt To Equity ratio nya yang cukup tinggi.
SSMS menurut gw cukup bagus buat dipantau dengan beberapa alasan dari fundamental view.
1. Pertumbuhan laba yang cukup signifikan dengan size marketcap yang udah besar.
2. Telah masuknya Indonesia kedalam IEU-CEPA.
Disclaimer - Bukan ajakan jual ataupun beli saham",2026-01-13T10:07:30.000Z,https://www.threads.com/@beupicta/post/DTcmoiykhGi,IHSG,2026-05-05T17:08:26.476713
tradingnesia.id,"Ikuti saluran Saham Tradingnesia di WhatsApp: whatsapp.com/chann…
UNSUSPENSI
ELPI
ROCK
SINI
INDS",2026-02-03T01:11:04.000Z,https://www.threads.com/@tradingnesia.id/post/DURt7_9Ez8e,IHSG,2026-05-05T17:08:26.616497
jurnaltrader.id,"Tolong Repost biar nyampe ke yg lain. Abis itu follow dulu boleh ya...🙏
Menurutku minggu depan ini bakal bisa terjadi. Makanya sementara ini jangan serakah dulu. Asal udah untung lumayan, mending TP atau separo TP. Biar nggak nyesek kalau kejadian. Intinya waspada aja.
Biasa buat suatu saham yg habis turun dalem... Harganya akan naik dulu ke resisten terdekat. Abis itu dibebesin lagi ke bawah.
Jadi gaes... Di saham itu ada pola yg namanya FAKE REVERSAL.
STRATEGI MENGGUNTING DALAM LIPATAN",2026-01-31T12:48:08.000Z,https://www.threads.com/@jurnaltrader.id/post/DULPUvvEgzX,IHSG,2026-05-05T17:08:26.752918
yannnrizz,"Pelajarannya adalah jangan membeli sebuah saham tanpa adanya trading plan (TP,SL, dan RISK REWARD).
Contoh : kalian beli saham BUMI lalu loss 35% maka membutuhkan kenaikan sebanyak 54% untuk mencapai harga breakeven atau balik ke awal.
Semakin dalam saham kalian turun, maka semakin sulit untuk recovery.
Ini adalah tabel pesentase kerugian
Sedikit share buat teman-teman yang baru terjun di investasi saham, bukan menggurui ya hanya sharing",2026-01-31T12:43:36.000Z,https://www.threads.com/@yannnrizz/post/DULOzmDkhgu,IHSG,2026-05-05T17:08:26.895484
detikfinanceofficial,"#ihsg #saham #pasarmodal
Semua sektor saham melemah.
Sampai pukul 11.00 WIB, IHSG terpantau parkir di level 7.204 atau turun 173 poin (-2,36%).
Dibuka di level 7.380, IHSG kemudian perlahan melandai hingga ke level terendahnya pada pukul 10.30 WIB.
Pada sesi I hari ini, IHSG turun hingga ke level terendahnya di 7.193.
Indeks Harga Saham Gabungan (IHSG) hari ini kembali anjlok.
detikfinanceofficial",2026-04-24T04:01:53.000Z,https://www.threads.com/@detikfinanceofficial/post/DXgBE-gD71Q,IHSG,2026-05-05T17:08:27.038421
widipardiyawan,Update IHSG dan manu besok 24 April akan di upload jam 8 malam wib,2026-04-23T12:18:00.000Z,https://www.threads.com/@widipardiyawan/post/DXeVD4tFNSi,IHSG,2026-05-05T17:08:27.134903
andriandavinta_,"Cek data kepemilikan 1% (Update setiap bulan) secara lengkap di volara.id
Hari ini ada yang menarik, PADI heboh RI sempat naik ke 150 tetapi
PSP PADI jual 1.08% kepemilikan ditambah asing net sell dan malah di akum oleh ritel!! 😄
Apakah IHSG sudah priced in geopolitik perang iran, us, dan israel?
IHSG menolak koreksi dan bertahan di 7500.
Asing net buy sebesar 0.6T dan inflow ke sektor Bahan Baku dan Energi.
Foreign Flow IHSG 13 April 2026",2026-04-13T13:05:24.000Z,https://www.threads.com/@andriandavinta_/post/DXEqiTWFAqy,IHSG,2026-05-05T17:08:27.282515
yannnrizz,"Sc : IG luhut.pandjaitan
MSCI menegur indonesia ini adalah momentum regulator untuk mereformasi agar pasar modal kita tumbuh lebih kredibel, inklusif dan benar-benar memberi manfaat bagi perekonomian indonesia
Almarhum Dr. Sjahrir, salah satu ekonom dan tokoh penting dalam proses perkembangan pasar modal Indonesia, pernah berkata bahwa pasar modal tidak boleh tumbuh hanya untuk sebagian pihak, tetapi harus menjadi sarana kemakmuran dan pemerataan ekonomi yang lebih luas.",2026-02-03T11:44:15.000Z,https://www.threads.com/@yannnrizz/post/DUS2ZjFkliK,IHSG,2026-05-05T17:08:30.373382
jonathanvalerian,"Banyak trigger….. free float transparansi….. dll.
jonathanvalerian",2026-01-30T00:26:19.000Z,https://www.threads.com/@jonathanvalerian/post/DUHVorPE5BI,IHSG,2026-05-05T17:08:30.471878
sahampedia.id,"Kalau mau ya ikutin bandar aja disini 👉 finansipedia.com
Liat aja itu indikator di bawah chart, merah semua isinya. Asing jualan nonstop, yang nampung siapa? Ya investor lokal & ritel kayak kita ini yang sok-sokan jadi pahlawan bursa. 😅
Nih liat datanya. Dari pertengahan Januari sampe hari ini, Asing udah buang barang total 22 Triliun. Iya, 22 T duit keluar dari pasar kita cuma dalam 3 minggu.
Masih bingung kenapa IHSG longsor di 2 bulan pertama 2026? 🔥",2026-02-12T10:16:32.000Z,https://www.threads.com/@sahampedia.id/post/DUp3g-QkopC,IHSG,2026-05-05T17:08:30.592992
marulychristovel,"Penopang IHSG hari ini
marulychristovel",2026-04-28T05:31:56.000Z,https://www.threads.com/@marulychristovel/post/DXqekCalMAc,IHSG,2026-05-05T17:08:30.693849
alvinadjie,aku merindukan IHSG di level 9000,2026-03-10T14:02:54.000Z,https://www.threads.com/@alvinadjie/post/DVtOFq4k9Mo,IHSG,2026-05-05T17:08:30.811521
susanasrihandayani,"Memang udah bagus hari jum'at gak usah nengok IHSG 😁
susanasrihandayani",2026-03-13T02:09:18.000Z,https://www.threads.com/@susanasrihandayani/post/DVzqzuACcxk,IHSG,2026-05-05T17:08:30.896501
rizkamaghfur,"Tp tetep pilih2 dunk barang dagangannya
Biar cepat laku, untung bnyk, buat berangkat haji 🤣
Saham merah d anggap stok toko sembako
Jual nanti klo sudah ijo
Saham delisting berarti expired
Sesimple itu
Ini mah ala kadarnya aja, pokok dagang setiap hari , untung kecil d kumpulin, berharap suatu hari bisa pinter bisa buka supermarket 😎
Klo supermarket mah canggih, penuh perhitungan, sistem dll
IHSG keren +2%
Oya model saya ini toko sembako d pasar tradional ya
Bukan supermarket",2026-04-10T09:08:04.000Z,https://www.threads.com/@rizkamaghfur/post/DW8g_VQkbjC,IHSG,2026-05-05T17:08:31.048806
investbarengoei,"QUICK UPDATE :
#IHSG kembali minus dalam ke level 6900",2026-04-30T09:41:59.000Z,https://www.threads.com/@investbarengoei/post/DXwExDNjHUj,IHSG,2026-05-05T17:08:31.146764
tobenoo,"Jika Anda trader tipe buy on weakness maka saham-saham di bawah MA 200 bisa jadi watch list.
Kalau KOMPAS 100?
Hanya 36 dari 100 saham yang bertahan di atas MA 200.
Bagaimana dengan saham-saham LQ 45?
Terdapat 25 saham jatuh di bawah MA 200.
IHSG jauh dari pulih. Sejak jatuh di bawah MA 200 pada 3 Maret yang lalu, Indeks makin tertekan hingga drop 11% di bawahnya. Market baru bisa dikatakan kondusif jika kembali ke atas MA 200.
Selamat pagi traders,",2026-04-04T03:24:58.000Z,https://www.threads.com/@tobenoo/post/DWsc9H5k92P,IHSG,2026-05-05T17:08:31.296462
https4o2,"Maka yang perlu di perhatikan...
Sebetulnya kinerja IHSG tidak terlalu menggembirakan dibanding dengan tahun 2020 walaupun IHSG bisa mencetak rekor ATH. Bahkan valuasi IHSG sdh breakdown dari uptrend channelnya sejak 2024.
Coba perhatikan chart ini...
Ini adalah rasio valuasi IHSG terhadap emas.
Ini opini pribadi saya..",2026-01-22T00:39:03.000Z,https://www.threads.com/@https4o2/post/DTywu7IE9N0,IHSG,2026-05-05T17:08:31.435819
utettobing,Gimana ya perasaan pemilik saham BBRI yang AVG masih 4000an +++ keatas 🤔,2026-04-24T06:25:12.000Z,https://www.threads.com/@utettobing/post/DXgRevGGVBD,IHSG,2026-05-05T17:08:31.672346
wildaaeka,Cek IHSG terjun anjlok alias merah-merah cabe rawit,2026-04-30T04:51:41.000Z,https://www.threads.com/@wildaaeka/post/DXvjjEFgeS3,IHSG,2026-05-05T17:08:31.770437
bagus.revara,"Sesi 1
IHSG nya Lagi Galau, Pagi Ijo Siang Merah 😅",2026-03-11T05:49:49.000Z,https://www.threads.com/@bagus.revara/post/DVu6dD4jwwu,IHSG,2026-05-05T17:08:31.881005
langgg_eth,kata purbaya dia yakin ihsg 28.000 om,2026-04-28T01:56:55.000Z,https://www.threads.com/@langgg_eth/post/DXqF9NND5Uj,IHSG,2026-05-05T17:08:33.005851
columbusssssss,"Ihsg 28,000 yg gendong pak pp 🔥🔥",2026-04-28T06:01:11.000Z,https://www.threads.com/@columbusssssss/post/DXqh6XoEfpp,IHSG,2026-05-05T17:08:33.110702
akhmad_rifai02,"Sebuah perjalanan dimana ketika sudah masuk tidak ada kata kembali kecuali menang.
#Ihsg
#wbsa
#saham",2026-04-22T13:10:10.000Z,https://www.threads.com/@akhmad_rifai02/post/DXb2B61Cen7,IHSG,2026-05-05T17:08:35.990611
stocksphoenix,"Saham RMKE rmke.official
@bernardwijaya17
@sucorsekuritas
#SucorSekuritas #Investasi #SahamIndonesia #BeXpertWithSucor #ihsg
DYOR (Do Your Own Research) NFA (Not Financial Advice)
*Disclaimer On*",2026-04-01T18:28:12.000Z,https://www.threads.com/@stocksphoenix/post/DWmV7v9kxNi,IHSG,2026-05-05T17:08:36.088407
nengata,"Baru bisa nafas lg habis liat chart IHSG 2 hari terakhir.
Singkatnya... day-1 IHSG drop tu asing banyak cabut gara2 issue MSCI. Aku sempat avg down, tapi harga malah terus merosot. Akhirnya aku relakan aja, tutup aplikasi, tinggal tidur.
Day-2 menjelang makan siang aku liat volume transaksi dari domestik dah jauh lebih gede dari asing. Dari situ aku PD buat aksi.
Jual LPPF buat tambah modal, topup BMRI dan BBCA berharap cpt bounce back.
Keputusan tepat.
Sumpah ini moment terseru di saham.",2026-01-30T04:20:43.000Z,https://www.threads.com/@nengata/post/DUHwddTkvsu,IHSG,2026-05-05T17:08:36.194867
hellish_heaven_,"theeconomicinfluence.id
Perlu active management, buy low sell high, rotate. Kalo lu cuma cici beli rutin bertahun2, hari ini porto lo jalan di tempat (kalau gak minus).
Konten
@theeconomicinfluence.id
ini bikin gue makin yakin kita gak bisa cuma buy&hold di sebagian besar saham indo.
Lagi rame penyesalan investor saham bluechip indo.",2026-04-26T06:54:36.000Z,https://www.threads.com/@hellish_heaven_/post/DXlebyRCbp1,IHSG,2026-05-05T17:08:36.948704
hellish_heaven_,"theeconomicinfluence.id
Perlu active management, buy low sell high, rotate. Kalo lu cuma cici beli rutin bertahun2, hari ini porto lo jalan di tempat (kalau gak minus).
Konten
@theeconomicinfluence.id
ini bikin gue makin yakin kita gak bisa cuma buy&hold di sebagian besar saham indo.
Lagi rame penyesalan investor saham bluechip indo.",2026-04-24T13:20:43.000Z,https://www.threads.com/@hellish_heaven_/post/DXhBCGjCd2-,IHSG,2026-05-05T17:08:37.564252
naufalll.aj,"that's what i'm talking aboutttttt
, astaga ini orang bener bener gk paham. Gini lo amerika sendiri yang sahamnya aja udh bagusss active funds itu masih kalah sama s&p 500 apalagi IHSG yang isinya saham gorengan",2026-04-26T06:57:59.000Z,https://www.threads.com/@naufalll.aj/post/DXle0l9jprB,IHSG,2026-05-05T17:08:37.670643
andri.fitriyadi,IHSG - Innalillahi Habislah Saham Gue 😭,2026-01-29T03:24:22.000Z,https://www.threads.com/@andri.fitriyadi/post/DUFFN2Rj6Jm,IHSG,2026-05-05T17:08:37.910886
halo_ijah,"semoga aku dan portoku semakin bertumbuh🤏🏻
belum segede orang-orang yg bisa 100% lebih, alhamdulillah bisa survive dipasar modal sampe saat ini, melewati hijaunya ihsg road to 9000, sampe market crash kemaren dan sampe saat ini.",2026-02-12T04:43:35.000Z,https://www.threads.com/@halo_ijah/post/DUpRaVKD2BH,IHSG,2026-05-05T17:08:38.157822
sahamjamet,IHSG Anjlok Lagi - Rebalancing LQ45 & IDX30,2026-04-24T17:35:26.000Z,https://www.threads.com/@sahamjamet/post/DXheLd4kist,IHSG,2026-05-05T17:08:38.265549
suswantisussy,"Siapa yang gak kenal mereka...
Ayah ibunya genteng cantik...
Anak-anak nya juga sama ganteng dan cantik...",2026-02-05T05:30:46.000Z,https://www.threads.com/@suswantisussy/post/DUXVP1nEveD,IHSG,2026-05-05T17:08:41.178639
susanasrihandayani,"Maaf kak kita beda server kami warga tread RT IHSG kenalnya ellenmay, LKH, Andryhakim, michael yoh. Sandiaga uno, leon hartono, PP, HH, aburizal bakri dll😁
susanasrihandayani",2026-02-05T11:44:08.000Z,https://www.threads.com/@susanasrihandayani/post/DUX_-cNCcmO,IHSG,2026-05-05T17:08:41.283055
arifafi_,"Uang dingin si uang dingin, tapi bikin keringet dingin",2026-01-28T04:48:59.000Z,https://www.threads.com/@arifafi_/post/DUCqGwjgZut,IHSG,2026-05-05T17:08:41.402097
rosyidaayu,"Saya anti cut lose, semua akan naik pd waktunya, pengalaman dulu"" jg gtu, IHSG kebakaran parah, endingnya jg rebound. Yg penting sabar",2026-01-28T07:16:19.000Z,https://www.threads.com/@rosyidaayu/post/DUC691OEhHQ,IHSG,2026-05-05T17:08:41.508467
putra.aditia13,Kira kira kejadian gak? 🫣,2026-04-08T14:37:01.000Z,https://www.threads.com/@putra.aditia13/post/DW39C8WE7Ii,IHSG,2026-05-05T17:08:41.752886
lizizaenufar,"Karena kepo, saya nyari2 tuh dampak Tsunami Aceh 2004 terhadap IHSG Dan turis Bali dan Lombok. Ternyata walaupun ditetapkan bencana nasional tidak mempengaruhi ya.
#bencananasional Sumatera",2025-12-03T08:02:14.000Z,https://www.threads.com/@lizizaenufar/post/DRyztOCkgcN,IHSG,2026-05-05T17:08:41.848941
samuelariton,"Inilah transaksi 22 juta lembar saham😱‼️ | tgl 23 April 2026
#dyor #ihsg #saham #transaksi",2026-04-23T04:09:01.000Z,https://www.threads.com/@samuelariton/post/DXddGN8E6Mn,IHSG,2026-05-05T17:08:41.954667
theferdians,"Itung-itungan awam aja ini, pasti nggak akurat. Dengan modal untuk beli di harga atas kemarin, tentu tanpa gap up kan barang yang dibeli bisa lebih banyak pastinya.",2026-04-08T23:46:44.000Z,https://www.threads.com/@theferdians/post/DW479GZkmVH,IHSG,2026-05-05T17:08:42.075391
valnvl,"Momen kemarin itu shocking, pasti pada FOMO. Periode kemarin bukan momentum ngumpulin barang. Udh hampir semingguan ihsg sideways, harusnya nyari barangnya disitu.",2026-04-09T14:54:47.000Z,https://www.threads.com/@valnvl/post/DW6j36KEZvI,IHSG,2026-05-05T17:08:42.171926
valentinedarlin,Hari ini saham cemana ya?,2026-01-29T01:10:46.000Z,https://www.threads.com/@valentinedarlin/post/DUE17Ytj4zs,IHSG,2026-05-05T17:08:42.275859
qoyahcatty,IHSG turun terus. Yg naek cuma asam lambung 🤢,2026-02-02T06:49:35.000Z,https://www.threads.com/@qoyahcatty/post/DUPv4e6Ep-8,IHSG,2026-05-05T17:08:42.393172
bro.saham,"SGRO salah satu emiten yg tahan banting.
Crash IHSG cuma bikin dia turun dikit untuk nutup gap.
Broksum menarik. Foreign flow konsisten ijo.
Layak masuk watchlist 🤝",2026-01-29T16:20:10.000Z,https://www.threads.com/@bro.saham/post/DUGeAEUEyJu,IHSG,2026-05-05T17:08:42.497680
zenyou_id,Trading halt 30menit krna IHSG turun sedalam 8% hari ini,2026-01-28T07:09:26.000Z,https://www.threads.com/@zenyou_id/post/DUC6LeZkRpA,IHSG,2026-05-05T17:08:42.722700
hannda.07,"Menyala bgt ihsg. Apa kabar bris gua? Minus 500k. Semenjak ekonomi ga stabil, ga pernah beli saham lagi. Yaudah dah ngeliat merah gini banyakin doa, kencengan doanya....",2026-04-24T10:15:21.000Z,https://www.threads.com/@hannda.07/post/DXgr0alj6oT,IHSG,2026-05-05T17:08:42.839430
arip_1453,"NFA, DYOR.
Jadi, harga wajar $BBNI ada dikisaran 5.910,52 sampai 6.985,16
Harga Wajar = 537,32 × 11 = 5.910,52
Harga Wajar = 537,32 × 13 = 6.985,16
Misal $BBNI, punya EPS TTM = 537.32
PE IHSG = 11 - 13x (biar dapet range harga). Saya pakai angka ini biar hasilnya konservatif.
Harga Wajar = EPS x PE IHSG
Cara hitung harga wajar suatu saham, nggk semua saham bisa pakai metode ini. Hanya perusahaan yang sudah mature & profitable yang cocok dengan metode ini.
HARGA WAJAR - METODE EPS",2026-04-10T05:34:16.000Z,https://www.threads.com/@arip_1453/post/DW8IhaMD6UU,IHSG,2026-05-05T17:08:43.118006
amirahshodiqah,"IHSG anjlok, buy/ run?",2026-01-29T02:11:29.000Z,https://www.threads.com/@amirahshodiqah/post/DUE84GZGHot,IHSG,2026-05-05T17:08:43.222682
taritali.indonesia,"Sumber: Bloomberg
Reuters melaporkan Brent sempat melonjak sekitar 8% ke area US$103 setelah pembicaraan gagal, sementara dolar ikut menguat karena arus safe haven.
Pasar kembali khawatir karena risiko blokade Hormuz, kenaikan harga minyak, dan potensi eskalasi baru di Timur Tengah.
IHSG dibuka melemah di awal pekan, dengan tekanan datang dari memburuknya sentimen global setelah negosiasi AS-Iran di Pakistan berakhir tanpa kesepakatan.
taritali.indonesia",2026-04-13T03:59:29.000Z,https://www.threads.com/@taritali.indonesia/post/DXDsD3qEYp1,IHSG,2026-05-05T17:08:43.356967
86_stocks,"Just insight, Not financial advice, Dyor ✌
- As Expected, IHSG sedang koreksi kecil di 8160-8089.
Jika bisa Hold diatas support kecil 8089 dan Support 7863. Berpotensi untuk melanjutkan kenaikan ke target Support 8524 hingga Mengisi Gap 8595-8872.
- Daily tf juga terlihat IHSG breakout dari dobot kecil nya dan sedang melakukan retest kecil.
- Big Picture masih blm berubah, Expect akan sideways hingga menentukan arah selanjutnya.
Update : IHSG 18 Februari 2026 🤫",2026-02-17T09:29:59.000Z,https://www.threads.com/@86_stocks/post/DU2qKZnCQKh,IHSG,2026-05-05T17:08:43.472176
kayamendadak.official,"#IHSG #MSCI #MarketCrash #SahamIndonesia #fyp ​IHSG IHSGRed MarketCrash SahamGorengan Rungkad MarginCall FundamentalAnalysis
Yang portofolionya merah merona kena Margin Call, tolong absen dulu di kolom komentar. Kita mau data korban keganasan pasar hari ini. 👇📉 ​
Giliran saham gorengan diguyur bandar, baru sadar kalau New Fundamental Never Lie!😎
Pas IHSG longsor 5% begini, nangis dipojokan atau pura-pura hapus aplikasi?
Mana suaranya yang kemarin teriak ""Fundamental is Dead""? 🤡
market IHSG crash
kayamendadak.official",2026-01-28T02:37:27.000Z,https://www.threads.com/@kayamendadak.official/post/DUCbDb9ElQl,IHSG,2026-05-05T17:08:46.312948
tradingnesia.id,"Grup gratis(jika sampai 4500 suscriber kita adakan zoom teknikal gratis) : whatsapp.com/chann…
gimana effect AS serang venezuela ke IHSG besok? tenang jangan panik kita punya data historis saat AS serang IRAN bisa jadi besok malah naik tipis? bukan ajakan jual beli",2026-01-04T12:02:02.000Z,https://www.threads.com/@tradingnesia.id/post/DTFoldok8rP,IHSG,2026-05-05T17:08:46.424643
mang.amsi,IHSG TURUN 6% DALAM SEBULAN. INI WAKTUNYA PANIK ATAU JUSTRU BERPIKIR?,2026-03-04T05:28:29.000Z,https://www.threads.com/@mang.amsi/post/DVc2crpkTGw,IHSG,2026-05-05T17:08:46.532744
prameswari_indar,"Semenjak Feb 2026, semua kacau, IHSG dari 9rb ke 7rb today, padahal ada yg bilang 30rb & to the moon, bualan besar ternyata..
prameswari_indar",2026-04-03T14:14:43.000Z,https://www.threads.com/@prameswari_indar/post/DWrChK1iV2Y,IHSG,2026-05-05T17:08:46.634385
sahampedia.id,"Asing net sell Rp2.04T di sesi 28 April. Fokus jualan di BBCA (-896B), BMRI (-679B), BBRI (-200B).
Tapi IHSG tetap hijau 29 April. Yang nyerap? Domestik lagi.
Menariknya, asing malah masuk ke EMAS (+86B) dan INCO (+60B) — rotasi dari bank ke komoditas.
Sampai kapan domestik kuat nahan? Itu pertanyaan Rp2 triliun. 👀",2026-04-30T00:58:31.000Z,https://www.threads.com/@sahampedia.id/post/DXvI3U0EnuK,IHSG,2026-05-05T17:08:46.743303
stocksphoenix,"Saham BUMI & DEWA #SucorSekuritas #Investasi #SahamIndonesia #BeXpertWithSucor #ihsg #investasi #sucorphoenix
DYOR (Do Your Own Research) NFA (Not Financial Advice)
*Disclaimer On*",2026-01-18T17:05:32.000Z,https://www.threads.com/@stocksphoenix/post/DTqOcebkvYc,IHSG,2026-05-05T17:08:46.849460
wedi.arp,"Jangan lupa like & follow ya
Yuk kita bahas di komen..
👇👇👇
Bulan Mei selalu punya reputasi yang bikin investor deg-degan. Ada pepatah lama pasar: “Sell in May and Go Away.”
Tapi pertanyaannya: apakah Mei 2026 akan mengikuti sejarah, atau justru melawannya?
“Sell in May and Go Away”… masih relevan, atau justru jebakan klasik?",2026-05-01T04:46:52.000Z,https://www.threads.com/@wedi.arp/post/DXyHyrYErZw,IHSG,2026-05-05T17:08:46.984413
wedi.arp,"Bullish Surprise
Jika dana asing masuk, big caps rebound, dan sentimen domestik kuat, Mei justru bisa jadi momen akumulasi
Sideways Scenario
Kalau sentimen campur aduk, IHSG bisa bergerak terbatas sambil menunggu arah kebijakan global dan hasil kinerja emiten.
Bearish Scenario
Jika asing terus outflow, rupiah melemah, dan sentimen global memburuk, IHSG bisa masuk fase koreksi lanjutan.
Untuk IHSG Mei 2026, ada beberapa skenario yang layak dipantau:",2026-05-01T04:54:41.000Z,https://www.threads.com/@wedi.arp/post/DXyIr8Ckj1O,IHSG,2026-05-05T17:08:47.113601
stockwise.id,"Thanks to Pak Pur, respect🫡🫡🚀
#ihsg #saham #sahamindonesia",2026-01-08T03:08:56.000Z,https://www.threads.com/@stockwise.id/post/DTO-waIk0Kh,IHSG,2026-05-05T17:08:47.439954
jagosahamindonesia,"Ke mana aliran uang minggu ini?
Cek peta rotasi sektornya! 🗺️
jagosahamindonesia",2026-03-27T10:43:48.000Z,https://www.threads.com/@jagosahamindonesia/post/DWYo0TYCSLk,IHSG,2026-05-05T17:08:50.312569
jagosahamindonesia,"Tips Cepat:
1. Fokus ke sektor di zona Leading (Warna Hijau).
2. Pantau sektor di zona Improving (Warna Biru) buat potensi cuan lebih awal.
jagosahamindonesia",2026-03-27T10:43:47.000Z,https://www.threads.com/@jagosahamindonesia/post/DWYo0JKCVTn,IHSG,2026-05-05T17:08:50.420256
fitpost.id,"Ketidakpastian geopolitik terkait konflik antara Amerika Serikat dan Iran membuat investor cenderung lebih berhati-hati, apalagi dengan masih tertutupnya jalur energi penting seperti Selat Hormuz. Kondisi ini mendorong kenaikan harga minyak dan meningkatkan kekhawatiran inflasi global.",2026-04-28T16:36:52.000Z,https://www.threads.com/@fitpost.id/post/DXrqqRECU3b,IHSG,2026-05-05T17:08:50.525004
fitpost.id,"Buka & setor RDN Sucor, langsung dapat akses eksklusif untuk bantu kamu trading lebih terarah:
✅ Akses Fitstock AI (Discord)
✅ Tools AI berbasis machine learning
✅ Watchlist AI, Swing & Scalper Plan
✅ Trading bareng coach (text & voice)
Secara teknikal, IHSG juga menunjukkan tekanan lanjutan dengan indikator MACD yang masih negatif dan Stochastic RSI di area oversold, sehingga pergerakan diperkirakan masih cenderung sideways di kisaran 7.000–7.200 dalam waktu dekat.",2026-04-28T16:36:52.000Z,https://www.threads.com/@fitpost.id/post/DXrqqQuCSlY,IHSG,2026-05-05T17:08:50.630744
finplan.id,"IHSG
#saham emas",2026-01-27T03:09:48.000Z,https://www.threads.com/@finplan.id/post/DT_59fvku7u,IHSG,2026-05-05T17:08:50.741383
_michaelyeoh,IHSG hit the MYCD downside target,2026-01-29T10:58:41.000Z,https://www.threads.com/@_michaelyeoh/post/DUF5NdREQ3q,IHSG,2026-05-05T17:08:50.862545
sosiolognrl,"Mari kita baca dan cermati bersama☕
Meski sudah banyak yg tahu bahwa hari ini down 8% karena MSCI membekukan sementara sampai Mei 2026. Bukan sekadar fluktuasi teknis, melainkan sebuah bentuk Structural Pressure. MSCI menuntut transparansi free float dari BEI dan OJK sebagai syarat mutlak akses modal global dan bentuk intervensi pada sistem keuangan lokal.
Menerka Kejatuhan IHSG dalam Framing Sosiologi.😎",2026-01-28T07:51:30.000Z,https://www.threads.com/@sosiolognrl/post/DUC-_mCkcM4,IHSG,2026-05-05T17:08:51.105098
handierawan,"Jakarta, Indonesia
Anyway salam Tai dari kami para petinggi bursa periode sebelumnya. 🖕🏻
Mohon untuk selama 3 hari ini, makan yang enak, kumpullah sama keluarga dan jangan lupa ibadah sebelum senin besok tiba.",2026-04-02T13:25:06.000Z,https://www.threads.com/@handierawan/post/DWoYC70Erwu,IHSG,2026-05-05T17:08:51.234342
harriss77777,Berarti bener ihsg akan ke 4rb an 🙁,2026-04-02T15:43:11.000Z,https://www.threads.com/@harriss77777/post/DWon2OBkpY_,IHSG,2026-05-05T17:08:51.332150
pakdika79,"Still win For The Longterm Game 🌱🌱🌱
Nilai porto saat ini
Last 1 Month 🟢
Last 3 Month 🟢
Last 1 year 🔻
Last 3 year 🟢
Rekap Porto 2025
IHSG TUMBUH 20% lebih, but Porto Minus 🔥🔥🔥",2025-12-31T22:30:41.000Z,https://www.threads.com/@pakdika79/post/DS8dWbDjOYb,IHSG,2026-05-05T17:08:51.467399
widipardiyawan,"Kemarin IHSG turun 24% dari titik tertingginya. Sebagai pelaku pasar, saya mau sedikit bercerita dan menumpahkan keresahan. Banyak pemain saham baru yang sekarang mengeluh, kapok, bahkan trauma. Padahal sebelumnya mereka masuk pasar dengan iming-iming kaya cepat dari konten-konten profit yang berseliweran di media sosial.",2026-05-01T08:56:44.000Z,https://www.threads.com/@widipardiyawan/post/DXykYuslNAo,IHSG,2026-05-05T17:08:51.581114
naimaalkhoir,"Para sandwich gen, jangan biarkan crash IHSG hari ini melunturkan semangatmu bekerja. Ingat, tagihan SPP Adikmu itu masih terus berjalan 😂 apalagi in this economy, semangat kawan 🔥",2026-01-28T03:16:24.000Z,https://www.threads.com/@naimaalkhoir/post/DUCfgsNEVkU,IHSG,2026-05-05T17:08:51.688261
jagosahamindonesia,"Artinya?
Likuiditas jadi faktor utama.
Terus soal free float.
Sekarang bukan sekadar formalitas.
Semakin kecil porsi publik, makin besar risiko lo gak lolos screening.
jagosahamindonesia",2026-04-22T02:11:03.000Z,https://www.threads.com/@jagosahamindonesia/post/DXaqzhkifGy,IHSG,2026-05-05T17:08:54.640335
jagosahamindonesia,"Efek paling kerasa: rebalancing.
Kalau ada saham yang kelempar dari indeks…
Fund manager WAJIB jual.
Dan itu bisa bikin tekanan harga dalam jangka pendek.
Volatilitas naik 📉
jagosahamindonesia",2026-04-22T02:11:03.000Z,https://www.threads.com/@jagosahamindonesia/post/DXaqzheCVFS,IHSG,2026-05-05T17:08:54.742929
bnisekuritas46,"#bnisekuritas #bions #saham #sahamterbaik #rekomendasisaham
Swipe postingan ini untuk melihat rangkumannya, atau cek langsung melalui fitur 𝗧𝗿𝗮𝗱𝗶𝗻𝗴 𝗜𝗱𝗲𝗮𝘀 𝗱𝗶 𝗡𝗲𝘄 𝗕𝗜𝗢𝗡𝗦 📊
Tim Riset BNI Sekuritas telah merangkum review IHSG berdasarkan pergerakan market terakhir serta rekomendasi saham yang dapat menjadi referensi dalam mengambil keputusan investasi.
Saatnya kembali memantau pergerakan IHSG dan saham pilihan hari ini 👀
𝐓𝐫𝐚𝐝𝐢𝐧𝐠 𝐈𝐝𝐞𝐚𝐬 - 𝟐𝟎 𝐀𝐩𝐫𝐢𝐥 𝟐𝟎𝟐𝟔💡",2026-04-20T01:01:58.000Z,https://www.threads.com/@bnisekuritas46/post/DXVZTwnktIo,IHSG,2026-05-05T17:08:55.004740
jagosahamindonesia,"Bahlil Lahadalia bilang, RI & Rusia lagi buka peluang kerja sama luas:
– Pengembangan kilang minyak
– Perdagangan minyak
– Teknologi energi
Tujuannya simpel: jaga pasokan + tarik investasi.
jagosahamindonesia",2026-04-14T09:20:18.000Z,https://www.threads.com/@jagosahamindonesia/post/DXG1kcaidEe,IHSG,2026-05-05T17:08:55.121973
jagosahamindonesia,"Artinya?
Ini bukan obrolan basa-basi doang.
Momentum ini muncul pas Prabowo Subianto ketemu Vladimir Putin di Kremlin.
Pertemuannya lama banget, sampai 5 jam.
jagosahamindonesia",2026-04-14T09:20:18.000Z,https://www.threads.com/@jagosahamindonesia/post/DXG1kbrCaAi,IHSG,2026-05-05T17:08:55.231535
alvianwidyatama,IHSG anjlok gara-gara sentimen apa sih sampe 6%?,2026-01-28T02:09:12.000Z,https://www.threads.com/@alvianwidyatama/post/DUCX0hSgbG-,IHSG,2026-05-05T17:08:55.821777
zakyandikaa,"Nepobaby, menteri yang banyak bgt, bagi2 jabatan, bunted, blunder2 pejabat, pejabat korup, aparat salah tengkep, aparat nabrak ojol, RUU yang ugal2an, aktivis ditangkep2in, bencana dmn2, IKN, whoosh, MGB, pegawai MBG digaji negara, rupiah anjlok, ihsg anjlok bpjs subsidi dicabut & gong nya satu grup sama israel🤯 Indo hari ini🏳🏳",2026-02-12T22:37:14.000Z,https://www.threads.com/@zakyandikaa/post/DUrMSA1kpH0,IHSG,2026-05-05T17:08:56.040232
susanasrihandayani,"Makin turun -makin turun- makin turun😅
Tanda IHSG gak baik baik aja
Skrg sisa arci dan AADI yg hijau
Lainnya membara
ITMG swing udah TP
Sisa yg parkir menahun
susanasrihandayani",2026-03-14T02:37:29.000Z,https://www.threads.com/@susanasrihandayani/post/DV2S1Dlibhc,IHSG,2026-05-05T17:08:56.146566
hive.magz,"Coba lo geser ke Slide 3.
Waktu IHSG crash bulan ini dan harga BBCA ikut terseret turun, semua grup saham langsung rame. ""Wah BBCA lagi diskon gede! Sikat buat nabung saham!""
Valuasi Price-to-Book (PBV) BBCA memang turun dari 4.7x ke 2.8x. Kelihatannya kayak deal abad ini, kan? Padahal, kalau lo melek data global, lo bakal sadar kalau lo masih kena ""Pajak Ketakutan"".
""BBCA Turun = Diskon Murah? Kenapa Lo Sebenarnya Masih Bayar Kemahalan."" 📉🏦",2026-04-24T12:58:19.000Z,https://www.threads.com/@hive.magz/post/DXg-eC6AVbk,IHSG,2026-05-05T17:08:56.286548
dr.sultanhasanuddin,"Ternyata teori setiap Man United kalah IHSG kembali hijau terbukti benar lagi 😅
Manchester United
dr.sultanhasanuddin",2026-03-05T02:05:34.000Z,https://www.threads.com/@dr.sultanhasanuddin/post/DVfEBaWD-AQ,IHSG,2026-05-05T17:08:56.402951
windatriw,"Gak jadi dapat THR, semoga kamu jadi naga ya bulan Mei ✨🐉",2026-03-13T03:08:56.000Z,https://www.threads.com/@windatriw/post/DVzxodCE9b9,IHSG,2026-05-05T17:08:59.689400
hendrahenz22,"Sumber : Stockbit Sekuritas
IHSG sesi 1 turun 0,57% ke 8.218,57. Asing net sell Rp723 miliar (all market) di tengah transaksi Rp12,36 triliun. Top 3 net foreign sell: BUMI, GOTO, BBCA. Top 3 net foreign buy: VKTR, BULL, PADI. Sesi 2 jadi penentu arah selanjutnya.
Update Foreign Flow Sesi 1
Date : Jumat, 13 Februari 2026",2026-02-13T05:26:59.000Z,https://www.threads.com/@hendrahenz22/post/DUr7LCWEydi,IHSG,2026-05-05T17:08:59.807512
priceaction.id,Data real free float udah rilis di IDX ya gaes. Jangan malas baca.,2026-03-03T12:45:24.000Z,https://www.threads.com/@priceaction.id/post/DVbDp47j2-J,IHSG,2026-05-05T17:08:59.914032
traderkantoran_official,"#IHSG #BursaAsia #Saham #Investasi #MarketUpdate
Meski begitu, pergerakan IHSG menunjukkan ketahanan di tengah tekanan regional.
Sentimen pasar masih dipengaruhi dinamika global, terutama faktor geopolitik dan arah kebijakan ekonomi.
Pasar saham Asia bergerak campuran. Beberapa indeks seperti Kospi dan Topix melemah, sementara IHSG justru mampu bertahan di zona hijau dengan kenaikan sekitar 0,5%.
📊 Bursa Asia Mixed, IHSG Tetap Menguat
traderkantoran_official",2026-04-14T02:09:36.000Z,https://www.threads.com/@traderkantoran_official/post/DXGER4KjxyP,IHSG,2026-05-05T17:09:00.066657
titis_putri,"Alhamdulillah berita yg org"" prediksi IHSG crash, ternyata engga❤️❤️",2025-10-13T02:53:27.000Z,https://www.threads.com/@titis_putri/post/DPu708RkS0c,IHSG,2026-05-05T17:09:00.163918
belimbingstock,"#komunitas
#saham
#ihsg
Sebuah pembelajaran sekaligus reminder singkat,
untuk kita semua yang sedang berjuang di market.",2026-04-03T00:58:53.000Z,https://www.threads.com/@belimbingstock/post/DWpncYqD7Se,IHSG,2026-05-05T17:09:00.400032
divideninvesting.id,"Akibatnya uang yg beredar di masyarakat berkurang sehingga daya beli melemah
Mungkin enggak target pak Purbaya yg mencanangkan IHSG ke 9000 kemaren membuat masyarakat masuk ke bursa saham karena easy money
divideninvesting.id",2026-01-03T07:31:38.000Z,https://www.threads.com/@divideninvesting.id/post/DTCk2KfEtZv,IHSG,2026-05-05T17:09:00.514390
imamyogaaa,"Tapi di balik tekanan itu justru ada peluang yang sering dilewatkan banyak orang. 👇
Tekanan jual bisa signifikan terutama kalau IHSG masih merah dan sentimen belum pulih.
Artinya reksa dana indeks dan ETF harus jual saham-saham ini sebelum 4 Mei. ⚠️
BREN, CTRA, DSSA, HEAL, NCKL keluar dari LQ45.",2026-04-26T00:41:21.000Z,https://www.threads.com/@imamyogaaa/post/DXkzuFtk88E,IHSG,2026-05-05T17:09:00.660589
imamyogaaa,"CUAN, DEWA, HRTA masuk LQ45 ketiganya konglomerat. Bukan kebetulan. 👇
Saham konglomerat likuid, demand tinggi, dan jadi parkir duit institusi. 👀
Tapi yang sudah siap cash tinggal serok di bottom. 📊 Dan yang naik duluan setelah recovery?
Flashback ke Januari-Maret 2026:
Isu MSCI → market anjlok.
Isu HSC → market jebol 6.000.
Isu perang → semua orang panik.
IHSG merah bukan waktu untuk panik.
Ini waktu untuk siapkan watchlist.",2026-04-26T00:41:21.000Z,https://www.threads.com/@imamyogaaa/post/DXkzuEyE3_Y,IHSG,2026-05-05T17:09:00.804199
prdhna_,"IHSG sesi pertama naik 0,65% ke 7.175,62. Yang menarik, bank jumbo rame transaksinya, tapi justru saham tambang yg jadi penarik utama indeks hari ini.",2026-04-29T04:00:13.000Z,https://www.threads.com/@prdhna_/post/DXs42CTGLle,IHSG,2026-05-05T17:09:00.901455
kurniawan_anas,"Udah lah… mending buka dapur MBG aja kali ya 😁
Habis ini bakal ada “anomali” apa lagi ya di IHSG? 🫣
April 2026 ini bakal jadi penutup era MSCI play / konglomerasi gara-gara HSC High Shareholding Concentration) nggak ya?",2026-04-02T15:19:40.000Z,https://www.threads.com/@kurniawan_anas/post/DWolKB1kxLj,IHSG,2026-05-05T17:09:01.014006
jonathankeaneee,"Tanpa menyebut periode:
❌ Tidak jelas datanya dari kapan sampai kapan
❌ Tidak bisa direproduksi
❌ Secara statistik tidak valid
• Dihitung dari return historis
• Butuh serangkaian data harga (time series)
Beta tidak bisa berdiri sendiri tanpa periode waktu, karena:
1️⃣ Beta harus punya rentang waktu
📊 Kenapa di Stockbit hanya ada Beta (3Y)?
“Mengukur sensitivitas pergerakan harga saham terhadap pasar (IHSG).”
Screener Series 7 : Beta",2026-01-27T11:12:42.000Z,https://www.threads.com/@jonathankeaneee/post/DUAxOQ-EkoL,IHSG,2026-05-05T17:09:01.174863
libertaliann,"1. Harga minyak tinggi
2. Defisit APBN
3. Rating hutang turun
4. Rating IHSG turun
5. Tax ratio rendah
6. Pelemahan Rupiah
Badai ekonomi Indonesia sedang terbentuk:",2026-04-15T10:30:06.000Z,https://www.threads.com/@libertaliann/post/DXJiWiXknR8,IHSG,2026-05-05T17:09:01.279148
verona.valencia99,"Gambaran IHSG dan Emiten terbesar di indonesia seperti ini adalah gambaran riil kepercayaan asing maupun domestik terhadap indonesia saat ini. Sampai kpn pemerintah mau menutup mata dan telinga? Usaha2 apa aja yg sudah dilakukan utk mengembalikan kepercayaan tersebut?
verona.valencia99",2026-04-24T05:15:24.000Z,https://www.threads.com/@verona.valencia99/post/DXgJfdLCaSP,IHSG,2026-05-05T17:09:01.387425
fyi_timeline,"2025 - 8 april pernah ke 6rb , tp faktanya ihsg langsung ath ke 9rb dan skrg kita tetap survive sampe di titik anda posting ini, jd ya udah pasti bisa aja.",2026-04-24T15:33:54.000Z,https://www.threads.com/@fyi_timeline/post/DXhQRh7j-6M,IHSG,2026-05-05T17:09:01.486017
finaura.official,"Ingin belajar analisa saham bagger? join komunitas kami, link di bio!
Efek domino ini tidak hanya berdampak pada harga saham keduanya, tapi juga berisiko menyeret performa IHSG secara keseluruhan.
Pasar modal Indonesia sedang berada di ujung tanduk. Kabar mengenai rebalancing indeks MSCI Global Standard membawa sentimen negatif bagi dua raksasa, BREN dan DSSA. Analis memprediksi jika keduanya terdepak, potensi aliran dana keluar (passive outflow) bisa mencapai angka fantastis: Rp8 Triliun!
finaura.official",2026-04-06T04:49:55.000Z,https://www.threads.com/@finaura.official/post/DWxwRDGlDNx,IHSG,2026-05-05T17:09:01.600975
novstories,Agak shock ya pagi-pagi sama IHSG 🫣,2026-01-28T02:14:50.000Z,https://www.threads.com/@novstories/post/DUCYdyNk3sw,IHSG,2026-05-05T17:09:01.695951
robertadhiksp,Goldman Sachs turunkan peringkat saham Indonesia. Potensi dana asing keluar sebesar Rp 218 triliun.,2026-01-29T04:21:59.000Z,https://www.threads.com/@robertadhiksp/post/DUFLz5oEfF3,IHSG,2026-05-05T17:09:04.638930
divideninvesting.id,"Beda eksekusi beda hasil
Beda strategi beda eksekusi
Beda mindset beda strategi
Tapi buat pensiun dan pendidikan anak
Oh ya karena fokus kami kan bukan di capital gain
Komunitas kami malah serok2
Di saat IHSG gonjang ganjing
divideninvesting.id",2026-03-04T05:44:08.000Z,https://www.threads.com/@divideninvesting.id/post/DVc4PU2EkHk,IHSG,2026-05-05T17:09:04.816998
whprojectofficial,"Ogah tumbang client 1 ini 👊
whprojectofficial",2026-04-30T07:49:58.000Z,https://www.threads.com/@whprojectofficial/post/DXv381hjjL1,IHSG,2026-05-05T17:09:04.924121
eko_dok9,"bingung mau nyerok yg mana.
rekomendasinya dong ges.
mumpung IHSG lagi demam.",2026-04-20T06:44:56.000Z,https://www.threads.com/@eko_dok9/post/DXWAjwngWv6,IHSG,2026-05-05T17:09:05.032108
mirrorcrypto.id,"Penasaran target harga VKTR Ko Hengky 🤫
Temukan jawabannya di kelas Remora 100k, Cek Bio💡
#mirrorsaham #remoratrader #remora #ihsg #Capcut",2026-04-09T05:37:43.000Z,https://www.threads.com/@mirrorcrypto.id/post/DW4-0LbEwcG,IHSG,2026-05-05T17:09:05.126781
bang.jodd,"untung ihsg libur selama lebaran, jika tidak sudah pasti terjun bebas ke 6500",2026-03-19T16:47:47.000Z,https://www.threads.com/@bang.jodd/post/DWEsHN7mnHh,IHSG,2026-05-05T17:09:05.235854
taritali.indonesia,"Sumber: CNBC Indonesia
Tapi pasar tetap harus waspada.
IMF memangkas outlook global ke 3,1% tahun 2026, walau Indonesia masih diproyeksikan tumbuh 5,0%
Sentimen positif datang dari harapan deal AS-Iran
Reuters melaporkan AS masih optimistis pembicaraan bisa lanjut, sementara Pakistan terus dorong mediasi agar ceasefire tetap terjaga
✅Ada 400 saham hijau | 155 saham merah | 404 saham stagnan
✅Nilai transaksi Rp1,49 triliun dengan volume transaksi 3,59 miliar saham
IHSG naik 1,03% ke 7.702,37
taritali.indonesia",2026-04-16T02:53:36.000Z,https://www.threads.com/@taritali.indonesia/post/DXLS53uETiv,IHSG,2026-05-05T17:09:05.381187
ai_newsrecap,"Berikut ringkasan utama dari laporan Morning Equity – 22 April 2026: 📉 Pasar Global - Wall Street melemah: Dow Jones -0.6%, S&P 500 -0.6%, Nasdaq -0.6%. Tekanan muncul setelah kabar buntu negosiasi damai AS–Iran, meski sempat dibuka positif. - Sektor energi sempat menguat +1.3%, namun mayoritas sektor turun >1%. - Asia: KOSPI melonjak +2.7% ke rekor baru (AI chip rally), Nikkei +1.3%, Shanghai -0.3%. - Eropa: DAX -0.5%, FTSE 100 -1.1%, CAC 40 -1.1%. Investor waspada risiko geopolitik.",2026-04-22T01:39:34.000Z,https://www.threads.com/@ai_newsrecap/post/DXanM4VH_zb,IHSG,2026-05-05T17:09:05.482144
ai_newsrecap,"💹 Indonesia - IHSG ditutup turun -0.46% ke 7,559.38, sempat uji support MA10 di 7,511. - Pola konsolidasi sideways berpotensi menjadi Bullish Flag, dengan dukungan net buy asing Rp243 miliar. - Fokus hari ini: keputusan BI Rate & pernyataan Gubernur BI. - Resistance penting: MA50 di 7,690–7,773. 📊 Makroekonomi - AS: Retail sales Maret naik 1.7% (di atas ekspektasi 1.4%). - UK: Pengangguran turun ke 4.9% (vs 5.2%). - Jerman: Sentimen ZEW jatuh tajam ke -17.2, terendah sejak 2022.",2026-04-22T01:39:33.000Z,https://www.threads.com/@ai_newsrecap/post/DXanMzsnwP2,IHSG,2026-05-05T17:09:05.577779
ekky1995_,"Kalo keduanya anjlok macam kondisi April 2025, baru ini pertanda ekonomi negara benar² lesu.
Kalo nilai tukar Rupiah ke US Dollar turun, tetapi IHSG malah naik terus, maka kesimpulannya => Peredaran uang di dalam negeri memang lagi kencang-kencangnya.",2026-01-20T02:11:19.000Z,https://www.threads.com/@ekky1995_/post/DTtxtBfk01A,IHSG,2026-05-05T17:09:06.038433
bagus.revara,"*Note : Screener Hanya Tools, Tidak Ada Screener Dgn Probabilitas Yg Tinggi. Sesuaikan Dgn Pengalaman & Skill Trading Masing"".
Karena Kondisi IHSG Masih Merah.
Saya Hanya Share Di Sesi 1 Saja ( 09.01 - 11.30 )
Disini Ada 2 Formula Screener Yg Saya Gunakan.
Saya Hanya Rekap Saham Yg Muncul Paling Pertama Di Alert, Jika Saham Tsb Muncul Lagi Berikutnya Sya Skip Saja.
Analisa Simpel Yg Sya Gunakan Sebelum Entry Hanya Bid Offer & Buying Power Saja.
Rekap Trading Alert Screener Tgl 13 Maret 2026",2026-03-15T11:45:25.000Z,https://www.threads.com/@bagus.revara/post/DV52VA2j1U_,IHSG,2026-05-05T17:09:06.645934
acestocks.id,"Ada apa sebenarnya? Ini adalah efek domino dari kabar MSCI kemarin. MSCI resmi mengumumkan pembekuan (freeze) rebalancing untuk saham Indonesia. Buat investor asing, ini sinyal bahaya.
Pagi ini, lantai bursa bukan cuma merah, tapi ""berdarah"". Tepat pukul 09:30 WIB, Kamis (29/1/2026), IHSG ambrol 8% ke level 7.654,66. Saking kencangnya kejatuhan ini, Bursa Efek Indonesia (BEI) terpaksa mengambil langkah drastis: Trading Halt alias penghentian perdagangan sementara.
IHSG -8%. TRADING HALTED. 🛑",2026-01-29T03:34:31.000Z,https://www.threads.com/@acestocks.id/post/DUFGYOPDJv_,IHSG,2026-05-05T17:09:09.523145
rudiraind,"Yaitu..
Di sinilah masalahnya muncul.
Likuiditas Versi MSCI vs Likuiditas Versi Konglo, itu jauh beda..
Bagi indeks global, likuiditas bukan soal ada transaksi hari ini, tapi apakah dana raksasa bisa masuk dan keluar kapan pun tanpa merusak harga.
Bukan sebagai formalitas, tapi sebagai jaminan likuiditas setiap saat..
+ Free Float
+ Likuiditas
+ Ilusi Pasar
MSCI sejak awal selalu bicara free float..",2026-02-01T05:15:30.000Z,https://www.threads.com/@rudiraind/post/DUNAUd3kXbb,IHSG,2026-05-05T17:09:09.671545
wealthporto.id,"Update Laporan Keuangan 🤔 Jumat keramat IHSG merah, wait n see?",2026-04-24T03:24:43.000Z,https://www.threads.com/@wealthporto.id/post/DXf800EEVbm,IHSG,2026-05-05T17:09:09.786455
eginanjar,"Mari kita bedah pelan-pelan pakai DAY & WEEKLY chart
Lanjut ⬇️⬇️⬇️
Banyak yang nanya:
👉 “IDX bagaimana kak, apakah lanjut ke bawah atau akan rebound?”
UTAS : KONDISI IHSG BERDASARKAN ANALISA TEKNIKAL EMA 21 DAN RSI 7 dan RSI 21",2026-01-29T01:18:43.000Z,https://www.threads.com/@eginanjar/post/DUE21pDgUyc,IHSG,2026-05-05T17:09:10.729016
bisniscom,"Indeks harga saham gabungan (IHSG) tercatat melemah 6,94% pada level 8.329,60 dalam sepekan atau pada periode 26 Januari-30 Januari 2026. Kapitalisasi pasar bursa ikut menguap sebanyak Rp1.198 triliun sepekan.… instagram.com/p/DUZ… ihsg #rupiah #moodys #saham
Sejumlah analis memperkirakan pergerakan Indeks Harga Saham Gabungan (IHSG) hari ini berpeluang menguat dan memberi rekomendasi saham unggulan pada perdagangan, Senin (2/2/2026).",2026-02-06T04:33:16.000Z,https://www.threads.com/@bisniscom/post/DUZzWMXFJ3i,IHSG,2026-05-05T17:09:10.864001
sabiqfaizz,"#IHSG #MSCI #tradinghalt
IHSG turun -8% memicu trading halt selama 30 menit pada perdagangan 28 Januari 2026",2026-01-28T07:16:34.000Z,https://www.threads.com/@sabiqfaizz/post/DUC6_dRAKwx,IHSG,2026-05-05T17:09:10.989560
ristipawest,"Dibanting IHSG, tapi dengan sadar jajan popmart.",2026-04-24T04:24:55.000Z,https://www.threads.com/@ristipawest/post/DXgDtyRE64t,IHSG,2026-05-05T17:09:11.084283
mmmunight.14,"IHSG might be creating base. i dunno, bottom sign?",2026-04-07T04:22:42.000Z,https://www.threads.com/@mmmunight.14/post/DW0R8lQAUrP,IHSG,2026-05-05T17:09:11.178793
verona.valencia99,"Biasa itu pak
verona.valencia99",2026-04-28T11:25:10.000Z,https://www.threads.com/@verona.valencia99/post/DXrG_PCCWTD,IHSG,2026-05-05T17:09:11.286596
supriyadi75123,IHSG apakah hari ini Hijau,2026-04-28T11:28:01.000Z,https://www.threads.com/@supriyadi75123/post/DXrHUHeAW3I,IHSG,2026-05-05T17:09:11.380056
investophoenix,"Jakarta, Indonesia
#batubara #stock #marketcrash #ihsg #energy
Simak apa kata CEO
@sucorsekuritas
ko
@bernardwijaya17
tentang saham yang satu ini
Ini peluang… atau cuma noise sesaat?
Dari aturan baru truk batu bara yang bisa jadi katalis, hingga pola inverted head & shoulders yang kasih sinyal breakout—$RMKE lagi menarik untuk dicermati.
Sentimen + teknikal ketemu di satu titik 👀",2026-04-13T06:59:03.000Z,https://www.threads.com/@investophoenix/post/DXEAmv_EjZz,IHSG,2026-05-05T17:09:14.707264
jagosahamindonesia,"Menurut Sergey Tsivilev, Indonesia lagi serius cari pasokan yang lebih “aman & stabil”.
Apalagi kondisi global lagi gak pasti.
Yang menarik, Rusia nawarin kontrak minyak jangka panjang.
jagosahamindonesia",2026-04-14T09:20:18.000Z,https://www.threads.com/@jagosahamindonesia/post/DXG1kbrCd6e,IHSG,2026-05-05T17:09:14.836358
adtrsn,"Tunggu aja momentum rupiah makin melemah yg bikin APBN makin gak kuat nanggung semua subsidi.
Tunggu aja kak, tunggu.
Tandatandanya makin keliatan kok. Mikro ekonomi gak gerak sama sekali. Mentok di 4,6%",2026-04-25T00:41:25.000Z,https://www.threads.com/@adtrsn/post/DXiO7t2DxBj,IHSG,2026-05-05T17:09:14.928266
alfinrambe__,"Udah capek lihat narasi ini dari pasca covid sampe sekarang buktinya kita still fine mau IHSG jeblok rupiah turun pun ga ngaruh itu semua ulah Soros dkk kita semua dah ngerti kok, saya yakin pemerintahan Pak Prabowo punya solusinya tunggu aja",2026-04-25T01:34:11.000Z,https://www.threads.com/@alfinrambe__/post/DXiU-GFmXCW,IHSG,2026-05-05T17:09:15.011668
wedi.arp,"Pada kemane nih suhu2 analis? 🫣
Rebon rebon rebon !!!
Ayo sama2 berharap ada pantualan 😅",2026-01-29T02:25:58.000Z,https://www.threads.com/@wedi.arp/post/DUE-iGdkr7G,IHSG,2026-05-05T17:09:15.118998
stockwhisperer.id,"Tekanan jual masif terjadi akibat sentimen negatif global, khususnya terkait evaluasi MSCI terhadap pasar modal Indonesia. Isu transparansi data kepemilikan dan potensi penyesuaian bobot saham RI dalam indeks MSCI memicu panic selling, terutama dari investor asing dan institusi.
Indeks Harga Saham Gabungan (IHSG) hari ini (28/1) ditutup longsor 7,35% atau minus 659 poin ke level 8.320,55.
stockwhisperer.id",2026-01-28T11:26:53.000Z,https://www.threads.com/@stockwhisperer.id/post/DUDXpCfE0VN,IHSG,2026-05-05T17:09:15.236960
taritali.indonesia,"Sumber: CNBC Indonesia
Tapi Indonesia masih diproyeksikan tumbuh 5,0%, dan S&P tetap memberi rating BBB dengan outlook stabil
Reuters melaporkan Israel dan Lebanon sepakat gencatan senjata 10 hari, sementara jalur diplomasi terkait Iran masih dijaga hidup. Ini belum berarti aman total, tapi cukup memberi ruang buat sentimen risk-on
Ada 284 saham naik, hanya 55 turun, dan 620 belum bergerak. Nilai transaksi awal tercatat Rp176,1 miliar.
IHSG buka pagi ini di zona hijau, naik 0,32% ke 7.645,81
taritali.indonesia",2026-04-17T03:16:36.000Z,https://www.threads.com/@taritali.indonesia/post/DXN6VOfERzx,IHSG,2026-05-05T17:09:15.464797
hamzaini5604,Group Bakrie semuanya ARB.,2026-01-28T07:00:48.000Z,https://www.threads.com/@hamzaini5604/post/DUC5MRsEaeF,IHSG,2026-05-05T17:09:15.565217
susanasrihandayani,"Berikut jadwal libur Bursa Efek Indonesia (IHSG) :
Libur Utama (Maret 2026 - Nyepi & Lebaran):
Rabu, 18 Maret 2026: Cuti Bersama Nyepi
Kamis, 19 Maret 2026: Hari Suci Nyepi
Jumat, 20 Maret 2026: Cuti Bersama Idulfitri
Senin, 23 Maret 2026: Cuti Bersama Idulfitri
Selasa, 24 Maret 2026: Cuti Bersama
susanasrihandayani",2026-03-17T12:03:37.000Z,https://www.threads.com/@susanasrihandayani/post/DV_CAIHicmd,IHSG,2026-05-05T17:09:15.682439
yasril.imam,"Melihat kondisi pelemahan Rupiah terhadap USD yang hampir menyentuh 17.400 dan outflow dari asing
Saya memilih WNS terlebih dahulu dan “stay cash” dan saya berharap mantul di area 6900 dan membentuk DOBOTT
Kalau tembus bagaimana ?? Kemungkinan besar ke area 6600 sd 6400 an
Di TF 1D Confirm tutup gap di area 6900
Kemana arah IHSG setelah ini ??",2026-04-30T04:34:38.000Z,https://www.threads.com/@yasril.imam/post/DXvhmMnkdGd,IHSG,2026-05-05T17:09:15.800370
sahampedia.id,"IHSG ditutup Jumat kemarin di 7.129 — anjlok 3,38% dalam sehari.
Asing net sell Rp2 triliun. YTD outflow asing sudah tembus Rp35 triliun.
Rupiah di 17.310. Volume meledak karena panic selling.
Senin ini proyeksi rebound teknikal, tapi siapa yang berani duluan?
Disclaimer On & DYOR! 🙏",2026-04-27T00:04:35.000Z,https://www.threads.com/@sahampedia.id/post/DXnUTpxEgOu,IHSG,2026-05-05T17:09:15.911771
bkey2_,"[INDEX] IHSG (Jakarta) (^JKSE)
Last : 7,106.52
Change: -22.97 (-0.32%)
High : 7,230.03
Low : 7,106.52
Volume: 292.56M
RSI : 36.3
Trend : Bearish
Forecast: Cenderung Turun/Sideways",2026-04-29T00:39:12.000Z,https://www.threads.com/@bkey2_/post/DXsh292kn8M,IHSG,2026-05-05T17:09:16.018235
kevinranasidharta,"Alokasi sebagian porto ke algo ide brilian ditengah koreksi ihsg, crypto, US stocks, gold, silver!
kevinranasidharta",2026-04-26T15:52:47.000Z,https://www.threads.com/@kevinranasidharta/post/DXmcBkKEi4Q,IHSG,2026-05-05T17:09:16.121440
valensiapriska,Kira kira IHSG bakal beneran turun ke 6600 ga ya?,2026-03-26T15:44:46.000Z,https://www.threads.com/@valensiapriska/post/DWWmdvyj6Xc,IHSG,2026-05-05T17:09:16.378985
mbahdukunspiritual,"#saham #kripto #forex #judol
Itu namanya punishment dari Tuhan gara² serakah. Ampun My Lord Jesus 🙏
In this economy sebulan dapat profit segini lumayan bgt drpd lumanyun. Tapi gara² libur Imlek kemaren gabut bgt iseng main kripto eh boncos 10jt wkwkwk 😂
mbahdukunspiritual",2026-02-20T05:12:05.000Z,https://www.threads.com/@mbahdukunspiritual/post/DU97CIOj1Uu,IHSG,2026-05-05T17:09:19.449390
tumbuhbarenglucy,"jadi, apakah IHSG kita sedang di fase mark down guys? 😂#saham #sahampemula #sahamsyariah #stockmarket #ibuberdaya
tumbuhbarenglucy",2026-01-22T08:15:16.000Z,https://www.threads.com/@tumbuhbarenglucy/post/DTzk8ItEn4l,IHSG,2026-05-05T17:09:19.558308
dlquantbot,"IDX Deep Learning
youtu.be/SvX5z…
Ternyata perdanggan saham di IHSG hari senin , 2 Maret 2026 tidak sebegitu panic nya, mungkin sudah di antisipasi dengan pergerakan saham saham dengan sentiment positif maupun yang terdampak sentimen negatif. Tetapi kalau kita lihat sentimen belum berakhir.. perang bisa berlanjut menjadi perang ekonomi dengan pergerakan liar harga minyak dan energy lainnya
silahkan di tonton after market close analysis di bawah ini :",2026-03-02T15:18:51.000Z,https://www.threads.com/@dlquantbot/post/DVYwa7rEdfI,IHSG,2026-05-05T17:09:19.699074
diianpermataa,"Gimana temen temen rekan seperjuangan 🤧🤧
Masih kuat atau mulai menyerah dihantam gempuran net sell asing di IHSG sampai hari ini ?",2026-02-02T07:36:17.000Z,https://www.threads.com/@diianpermataa/post/DUP1ORbEqBE,IHSG,2026-05-05T17:09:19.799719
doctorfrst,"Kalau lu importir iya, makanya gw tanya dia beli pake dollar?
Kalau eksportir malah bagus.
Ada pros and cons juga, ga plenger tetiba gini juga",2026-05-01T07:24:27.000Z,https://www.threads.com/@doctorfrst/post/DXyZ0yIgQ8p,IHSG,2026-05-05T17:09:19.911143
steventandijaya,"Semua jangan dilihat dari sisi bisnis aja bang, usaha gw personally diuntungkan dari kenaikan dollar dan minyak karena industri plastik. Cuman liat dari segi sosialnya. Negara emg lagi gak sehat, bukan dollar , ihsg ancur investor kabur. Percuma lu banyak uang kalo gak negaranya chaos, semua nya naik bahan baku. Gak ada buying power jga percuma lu cuan 20rb gak ada yg beli bang. Ini bukan tetiba plenger, liat aja berita betapa lucunya kebijakan2 ini negara ya 👍",2026-05-01T11:20:28.000Z,https://www.threads.com/@steventandijaya/post/DXy01buk2nA,IHSG,2026-05-05T17:09:20.003621
deryanshaa,"Hari ini Dirut BEI sudah mengundurkan diri, lalu siapa nih kira-kira Dirut baru yang pantes ngegantiin agar bisa ngebalikin kepercayaan market supaya IHSG naik?
Artinya, hanya dalam 3 hari porto di kedua emiten gue dari 200 Jutaan udah minus -Rp76 Jutaan. Ini baru 2 emiten loh, apa kabar emiten lainnya? ☠️
100 Juta kemarin di RMKO turun, sekarang 100 Juta saya yang kedua untuk beli saham RMKE, malah tinggal 68 Jutaan gara-gara nyusul “adeknya”.",2026-01-30T07:01:47.000Z,https://www.threads.com/@deryanshaa/post/DUIC5JQk3Ss,IHSG,2026-05-05T17:09:20.125786
rihlahnhdh,"Dari tadi cuma komen banyak faktor dan nyalahin perang. Tapi ditanya dasarnya aja gak bisa kok mbak. Dia cuma yapping aja, biasa buzzer pemerintah mbak, cuma bikin publik kapok kritik pemerintah. Saya tanya dari tadi kenapa negara tetangga bisa stabil dan menguat disaat global panas aja doi gak bisa jawab kok 🙂
Hahahaha nah kebijakan pemerintahnya juga serampangan banget. Just fyi mbak, beliau gak ngerti soal IHSG dan nilai mata uang di posisi global.",2026-04-06T11:52:50.000Z,https://www.threads.com/@rihlahnhdh/post/DWygqqRk12G,IHSG,2026-05-05T17:09:20.246690
syahid.hm,"Spent ke saham/crypto modal segitu bisa dapatin divident yang lumayan, bangun usaha rill sekarang udh susah walaupun bisa tapi tetap balik modal nya lama bisa tahunan, ada saham, ada crypto manfaatin aja mba",2026-04-15T03:03:29.000Z,https://www.threads.com/@syahid.hm/post/DXIvPYjj6Cg,IHSG,2026-05-05T17:09:20.356837
jakaabuhafshoh,"IHSG lagi terjun bebas kak,kata orang gak kondusif sekarang",2026-04-15T03:05:57.000Z,https://www.threads.com/@jakaabuhafshoh/post/DXIvhfBk8FO,IHSG,2026-05-05T17:09:20.447886
stockalpha.id,"#saham #ihsg #bandarsaham #andryhakim
Raja Saham Indonesia Andry Hakim melepas penat dengan main gocar di track garansi sport car sendiri 👀😭
Bursa Saham libur panjang sesudah natal dan menjelang tahun baru!",2025-12-27T08:11:48.000Z,https://www.threads.com/@stockalpha.id/post/DSwn4EBgX-b,IHSG,2026-05-05T17:09:23.365206
swij_g9,"Karena memang selama ini BI dipimpin oleh oknum teknokrat pendukung barat.
Yang memang selalu mengambil kebijakan ekonomi yang merugikan atau menghambat kemajuan ekonomi bangsa.( tidak sinkron dengan arah kebijakan ekonomi negara )
Apakah ini kebetulan atau memang sesuatu yang disengaja oleh Barat ?
Tapi itu bertepatan dengan bergantinya deputi gubernur BI..
IHSG turun..
Katanya isu dari MSCI yang membuat IHSG Turun..",2026-01-28T13:52:29.000Z,https://www.threads.com/@swij_g9/post/DUDoTgVky4Z,IHSG,2026-05-05T17:09:23.499383
sahaminaja.id,"Data historis menunjukkan tidak ada aksi geopolitik besar yg terjadi di tahun World Cup berlangsung.
Yang jadi pegangan saya, Amerika harusnya tidak akan berani melakukan serangan besar, mereka harus menjaga citra dan keamanan karena World Cup sudah di depan mata, dan Amerika menjadi tuan rumah di Juni 2026 nanti.",2026-02-28T08:15:44.000Z,https://www.threads.com/@sahaminaja.id/post/DVS2aLNkz1g,IHSG,2026-05-05T17:09:23.614628
gdnandawrtyn,"Coba spill kalian aliran konglo mana, dan di aaham apa ajani?
BUMK (Badan Usaha Milik Konglomerat)
Minggu ini IHSG ditopang dan didorang oleh para konglo, udah ga zaman BUMN walu asing net buy gede di HIMBARA. Tapi berterima kasihlah dengan",2026-04-15T00:42:13.000Z,https://www.threads.com/@gdnandawrtyn/post/DXIfEwkk7jm,IHSG,2026-05-05T17:09:23.725669
chyocnox,"BEI Bertemu MSCI Senin Pekan Depan, Ini yang Dibahas
Nunggu hasilnya nanti sore, kalau hasil kurang memuaskan bisa jadi IHSG besok lanjut trading halt lagi
idxchannel.com/amp/m…",2026-02-02T04:26:08.000Z,https://www.threads.com/@chyocnox/post/DUPfdymk296,IHSG,2026-05-05T17:09:23.860770
investxsaham,Saham dengan PBV termurah se-IHSG?Serius segini murahnya BMTR?Mungkin ini kesukaan saham pak Lo Kheng Hong?,2025-11-12T14:01:49.000Z,https://www.threads.com/@investxsaham/post/DQ9YKc7iZ9J,IHSG,2026-05-05T17:09:24.046409
team_pur,"IHSG #Ekonomi #Kemenkeu #PurbayaYudhiSadewa
Menteri Keuangan Purbaya optimistis IHSG bakal melanjutkan penguatan 2026, peluang menembus 10.000 didukung kepercayaan investor terhadap kebijakan fiskal dan perbaikan sektor riil, dan prospek pertumbuhan mendatang.",2026-01-10T06:53:05.000Z,https://www.threads.com/@team_pur/post/DTUh_etjdAp,IHSG,2026-05-05T17:09:24.170418
berryputra88,"Wah ihsg 8300an, menarik",2026-01-28T03:34:08.000Z,https://www.threads.com/@berryputra88/post/DUChifZkb9m,IHSG,2026-05-05T17:09:24.268391
indahade,"Au aaah blebebbb 🥴
Helehhh gk slsi2 nih cobaan IHSG 😑",2026-02-28T11:14:37.000Z,https://www.threads.com/@indahade/post/DVTK4Vok7Wy,IHSG,2026-05-05T17:09:27.516857
linktari,Yang jelas BBRI gak ada harapan kak besok ke 4000 😩😅,2026-02-28T11:32:32.000Z,https://www.threads.com/@linktari/post/DVTM7jUEpvD,IHSG,2026-05-05T17:09:27.614976
apriaxa,"Gimana ngga klo liat IHSG Anjlok parah, Rupiah udah 17.300, Harga2 pada naik udah mulai 30%, BBM naik, chipset naik. MBG, Prabowo, Mayor Tedy. Udah pada ngaco semua. Krisis emang udah dimulai kan??
Tiap hari yg terlintas di pikiran “Apa bener kita menuju resesi?”",2026-04-25T08:06:02.000Z,https://www.threads.com/@apriaxa/post/DXjB0KUkcPh,IHSG,2026-05-05T17:09:27.721423
rikka.mulya,"Saat PS mengumumkan kabinetnya….saya berharap bu Retno dan Bu Sri masih ada di dalamnya….walaupun kecewa bu Retno gak terpilih lagi, masih agak tenang, masih ada Bu Sri Mulyani…..mentri lain….honestly…I dont care much….Sekarang bu Sri Mulyani udah gak ada di kabinet….patah hati saya, semerah IHSG yang langsung terjun bebas….
Saya yakin beliau mengundurkan diri karena rumahnya ikut dijarah, saya sendiri gak habis pikir, how come?? tidak bisakah negara ini melindungi mentri nya? out of mind",2025-09-09T11:51:59.000Z,https://www.threads.com/@rikka.mulya/post/DOYWbl0kjTF,IHSG,2026-05-05T17:09:27.816800
fyi_timeline,"Ya klo cm liat ijonya si bener ijo tp bukan jd penopang ihsg, kocokanny di pp hari ini jg lumayan",2026-04-07T11:38:45.000Z,https://www.threads.com/@fyi_timeline/post/DW1D2aZD2wB,IHSG,2026-05-05T17:09:27.926692
linktari,"Ya tapi kalau pp hari ini merah, IHSG juga pasti longsor dalam , makanya saya tulis disana tolong saham fundamental dibantuin buat naikin ihsg terutama big banks 🙏",2026-04-07T11:40:45.000Z,https://www.threads.com/@linktari/post/DW1EE9eErmP,IHSG,2026-05-05T17:09:28.020083
t4ndraa,"Parah suhu ini tuh apa ya,ngaruh ke ihsg ga atau cuma ke saham nya aja😌ini saham pak pp bukan sih?",2026-04-02T14:00:08.000Z,https://www.threads.com/@t4ndraa/post/DWocDiik4P6,IHSG,2026-05-05T17:09:28.267011
beupicta,"Selanjutnya silakan analisa sendiri😁
Disini gw mau sharing terkait satu emiten yang jika dilihat dari perspektif fundamental, valuasi nya murah buanget. Tapi kalo dilihat secara historis ke belakang harga saham nya emang ga kemana-mana. Namun terdapat satu katalis yang oke terkait emiten ini
1. Emiten ini bergerak di sekto real estate
2. Pemangkasan suku bunga memberikan sebuah narasi yang oke terkait lini bisnis emiten ini.
Disclaimer - bukan ajakan menjual, membeli, ataupun hold saham.",2026-01-10T19:00:40.000Z,https://www.threads.com/@beupicta/post/DTV1Q4Hk2yg,IHSG,2026-05-05T17:09:31.475030
stocksphoenix,"The fed dalam mode wait and see ahmadmikailzaini
@sucorsekuritas
@bernardwijaya17
#SucorSekuritas #Investasi #SahamIndonesia #BeXpertWithSucor #ihsg
DYOR (Do Your Own Research) NFA (Not Financial Advice)
*Disclaimer On*",2026-04-06T18:17:05.000Z,https://www.threads.com/@stocksphoenix/post/DWzMotXDkfX,IHSG,2026-05-05T17:09:31.586456
nominee44,"#IHSG #SahamBakrie
Mengingat BNBR lagi fokus di hilirisasi & EV lewat VKTR, apakah holding ini bakal jadi katalis kuat di Q2? Gimana menurut kalian? 🤔👇
PT DMS Investama. Holding ini mengamankan posisi di:
✅ MDIA (ANTV/VIVA) - Media
✅ BNBR - Infrastruktur & EV (VKTR)
✅ KOTA - Property
✅ MTFN - Energy
​Satu ekosistem, satu komando.
​Lagi merhatiin DMS Investama PT. Portofolionya 'Bakrie banget': ada BNBR dan MDIA di dalamnya.",2026-04-16T12:54:38.000Z,https://www.threads.com/@nominee44/post/DXMXsD8mgT-,IHSG,2026-05-05T17:09:31.728726
bedahsaham.idx,"Saham-saham ini terbukti kuat di kala penurunan IHSG hari ini, seharusnya minggu depan ketika rebound, mereka yang naiknya paling kenceng 🚀
1. MDKA
2. TINS
3. ANTM
4. MBMA
5. INDY
WATCHLIST MINGGU DEPAN",2026-02-27T12:01:04.000Z,https://www.threads.com/@bedahsaham.idx/post/DVQrZtXCkHd,IHSG,2026-05-05T17:09:31.865758
asri_hmd,"Alhamdulillah,,, Pentingnya TP
TP = Take Picture lalu Take Profit😁
Untung paginya sempat TP sebelum sorenya diguncang IHSG
Ada yang tau kenapa IHSG merah dalam?",2026-02-24T09:42:20.000Z,https://www.threads.com/@asri_hmd/post/DVItI-JickD,IHSG,2026-05-05T17:09:31.978703
trippynout,"Wah karna saya ngikutin makanya saya bs tau ada 5 akun dengan postingan dan kata2 yg sama hari ini 😂😂😂.
Terserah mau blg kodok dalam tempurung kek. Mau blg anak abah kek, cucu banteng kek antek asing kek. Yg saya pin adalah ""postingan pesanan"" yg sama persis 👍🏻",2026-04-23T12:44:55.000Z,https://www.threads.com/@trippynout/post/DXeYI8hEjKT,IHSG,2026-05-05T17:09:32.086853
jumintar_napitupulu_juna,"Trus nilai tukar dolar emang g benar segitu? Harga IHSG g benar anjlok segitu? Hutang LN dan deadline g bener segitu? Masalahnya hanya karena ada 5 postingan yang sama gitu??? Kalau yg di posting fakta, apa itu salah bro? 🤣🤣🤣
jumintar_napitupulu_juna",2026-04-23T12:47:30.000Z,https://www.threads.com/@jumintar_napitupulu_juna/post/DXeYb10E35C,IHSG,2026-05-05T17:09:32.183354
yudhaniagara,"Jakarta, Indonesia
Di akum sama AK dan MG selama 3 hari terakhir dari EOD 13 feb 2026, hari ini chart nya naik lumayan, PPRE punya key stats cukup bagus semoga bisa naik terus 🚀🚀",2026-02-18T03:06:07.000Z,https://www.threads.com/@yudhaniagara/post/DU4jBrNE1tt,IHSG,2026-05-05T17:09:32.295020
_michaelyeoh,"#ihsg #saham #buddhist #motivasi
May all beings have happy minds
Dimana sy tidak memiliki kapasitas unruk membahas itu karna sy blm sampai di tahap tersebut
Yg keempat adalah keseimbangan batin
Ada 4 ajaran dari Brahmavihara",2026-02-11T04:44:01.000Z,https://www.threads.com/@_michaelyeoh/post/DUmsqlnE65T,IHSG,2026-05-05T17:09:35.498035
fahmiahmadsanjaya_93,"Portfolio aman?
#ihsg #ojoltrader #tradingsaham #tradersaham #sahamindonesia
fahmiahmadsanjaya_93",2026-01-28T04:53:20.000Z,https://www.threads.com/@fahmiahmadsanjaya_93/post/DUCqmbPjPyr,IHSG,2026-05-05T17:09:35.610762
zhizhisiregar,Kok sepi di Indo ya soal ini? Lagi pada sibuk bahas apa? Beneran gada yang ngamuk? 🥲,2026-04-14T23:26:37.000Z,https://www.threads.com/@zhizhisiregar/post/DXIWbFagcfo,IHSG,2026-05-05T17:09:35.938017
gemintangkidung,"ywd la ya.. senormalnya wni aja..
kaum cendekia aja pd mingkem..
masa jelata yg dicerdaskan oleh embege malah sibuk?!
yg lain?
eksmud ngeluh macet gegara demo.
senator yg katanya wakil rakyat, malah bestiean sm eksekutif.
rakyat kesel fasum pd hancur.
konglo sebel cuan jd ga ngalir.
IHSG pun ikutan melemah.
mahasiswa gerak sendiri, luka sendiri, mati sendiri..
mana lg pd sus pula!
mo ngamuk, tp sendirian, gimana ceritanya, kak?!",2026-04-15T01:26:28.000Z,https://www.threads.com/@gemintangkidung/post/DXIkI5REy_x,IHSG,2026-05-05T17:09:36.074598
dgsantoso,"Sekali lagi yang dikorbankan kelas menengah; mayoritas pemilih kelas bawah dinyanyiin dijogetin, kasih duit, kasih makan gratis, nasi telor ayam murah, bensin motor subsidi terus. Yang penting cukup buat lumbung suara 2029, ga peduli IHSG merah, rupiah anjlok, bahan bahan mahal karena yang berasa ya middle class. Oh well. PM Wong, give me an EP and PR please.",2026-05-01T05:30:20.000Z,https://www.threads.com/@dgsantoso/post/DXyMw-bk_e2,IHSG,2026-05-05T17:09:36.169612
ameleeyyy,"Ga berani liat IHSG hari ini, aman ga gais?🥲",2026-04-06T04:11:39.000Z,https://www.threads.com/@ameleeyyy/post/DWxr44rkaRn,IHSG,2026-05-05T17:09:36.263694
valensiapriska,"Dari kemaren maju mundur mau beli Neo Noenya LV tapi ga beli beli, tiba tiba IHSG crash udah minus 2 tas Neo Noe. Tau gitu beli aja",2026-04-26T05:35:00.000Z,https://www.threads.com/@valensiapriska/post/DXlVUxwDgii,IHSG,2026-05-05T17:09:36.353821
rafael_bagus_yudhistira,"Apa diagnosis dan tatalaksana pasien diatas?
Pemeriksaan di IGD:
BP: 220/130 mmHg
HR: 108 x/menit
RR: 22 x/menit
Funduskopi: papilledema
Pasien mengaku sangat terkejut saat membuka melihat IHSG anjlok tajam. Semua portonya merah membara.
Timy seorang trader saham 46 tahun, datang ke IGD dengan keluhan pusing hebat, berdebar, dan pandangan agak kabur sejak pagi jam 9an
rafael_bagus_yudhistira",2026-03-09T03:08:40.000Z,https://www.threads.com/@rafael_bagus_yudhistira/post/DVpea_nj14q,IHSG,2026-05-05T17:09:36.494303
bisniscom,"Tekanan pasar terjadi bersamaan dengan rontoknya sejumlah saham emiten terafiliasi… instagram.com/p/DUC… ihsg #saham #konglomerat
Pada pembukaan perdagangan, IHSG terkoreksi hingga 6,69% atau turun 600,92 poin. Hingga pukul 10.00 WIB, indeks komposit masih bertahan di zona merah dengan pelemahan hingga 6%.
Indeks Harga Saham Gabungan (IHSG) sejak pagi ini dibuka melemah tajam seiring tekanan jual besar-besaran di pasar saham.",2026-01-28T04:57:12.000Z,https://www.threads.com/@bisniscom/post/DUCq71hjhKf,IHSG,2026-05-05T17:09:36.624345
batasambangimajinasi,"- kurs rupiah: 17.090 per dollar
- IHSG minus 24% selama Q1
- harga barang udah mulai pada naik
- investor pada cabut
- tiap hari hidup pake mode survival
batasambangimajinasi",2026-04-07T09:14:10.000Z,https://www.threads.com/@batasambangimajinasi/post/DW0zB3bD1JB,IHSG,2026-05-05T17:09:39.647722
notesbymaru,"Ini bukan spekulasi. Ini strategi bertahan.
Kak Seiya (Founder Kampus Saham) bongkar 3 sektor Alpha yang harus kamu pegang sampai Pesta Dividen Maret-April 2026.
Prediksi IHSG 9000? Itu cuma bonus. Target cuan yang WAJIB kamu incar ada di 2026!",2025-12-06T22:58:20.000Z,https://www.threads.com/@notesbymaru/post/DR8ImyvE2EJ,IHSG,2026-05-05T17:09:39.786566
jurnaltrader.id,"Menurutmu gimana sahabat???
Biar lebih jelas arahnya mau ke 7,500 atau ke 8,000.
Tapi kalau lihat chart, tekanan jualnya masih besar.
Kalau saya sih maunya balik ke level 7,882.
Pantauan IHSG siang ini di pergantian sesi.
Sementara masih tertahan di zona 8,018.
Sepertinya sengaja ada yang menahan supaya jangan masuk ke level 7 ribuan.",2026-03-03T06:27:59.000Z,https://www.threads.com/@jurnaltrader.id/post/DVaYdnBEoMk,IHSG,2026-05-05T17:09:39.917773
daffatham,"Gapapa namanya juga belajarrr 😂😂😂, anggep aja abis beli nasii 2 bungkuss
Oiya ditambah IHSG 📉📉📉📉
Awalnya sempet ijo 😂 tapi gatau cara sell (karna dari awal pas entry udah set SL & TP) ternyata hrs di cancel order dulu set TP nya baru sell sesuai harga market
DAY 1 main saham, mencoba peruntungan nyari cuan dari saham.",2026-01-12T16:15:31.000Z,https://www.threads.com/@daffatham/post/DTar9HsD4PW,IHSG,2026-05-05T17:09:40.065512
nurillairyani,"IHSG selalu rebound. But first, it will humble you. 🥲",2026-01-29T05:36:55.000Z,https://www.threads.com/@nurillairyani/post/DUFUYukj6EM,IHSG,2026-05-05T17:09:40.167165
smahdazahra,"Kenyataannya : IHSG naik, sahamku turun, giliran IHSG turun, sahamku makin turun, saham disimpan tambah turun, mau jual (Cut Loss) nggak ikhlas rugi, mau beli lagi buat averaging down uangnya sudah habis.
Teori : Investasi saham itu sederhana, beli saat murah, jual ketika naik.",2025-10-01T05:30:06.000Z,https://www.threads.com/@smahdazahra/post/DPQUNykjAQO,IHSG,2026-05-05T17:09:40.399284
rivan.kurniawan,"#ihsg #cpo #belajarsaham #fyp
Coba absen kalian ada yang ikut cuan dari kenaikan harga CPO ini ngga ?
Coba spill di komen yaa",2026-04-23T03:30:33.000Z,https://www.threads.com/@rivan.kurniawan/post/DXdYsrpiUDV,IHSG,2026-05-05T17:09:43.825574
invezgo.id,IHSG terlihat sama saja. Padahal katanya udah damai gak ada perang 😂,2026-04-20T02:42:49.000Z,https://www.threads.com/@invezgo.id/post/DXVk2fRE6OZ,IHSG,2026-05-05T17:09:43.942835
emapratama,"Selamat tanggal 28 Januari bahagiaaa!
Please selamatin saya karna saya lagi ulang tahun di hari rungkad nasional melihat IHSG 🥲❤️❤️",2026-01-28T11:23:01.000Z,https://www.threads.com/@emapratama/post/DUDXMzak8xs,IHSG,2026-05-05T17:09:44.078952
hendrasusanto22,"Sini gue share!
Lo mau tau ga kenapa BBCA dibuang asing? Gue barusan pikirin kalo gue jadi orang asing(gue ambil contoh amerika) gue bakal mikir gimana.",2026-04-24T18:11:44.000Z,https://www.threads.com/@hendrasusanto22/post/DXhiVkUks3I,IHSG,2026-05-05T17:09:44.194890
tz.tesla,"Pemikiran anda benar kok.
Moneyflow saat ini masuk ke US Bond 10Y. Saat ini blm cocok utk entry longterm di IHSG, tunggu nanti akhir oktober / nov 2026.",2026-04-25T06:22:15.000Z,https://www.threads.com/@tz.tesla/post/DXi18BJn-pq,IHSG,2026-05-05T17:09:44.287790
erwinsetyo92,"Hari ini IHSG jatuh lumayan dalam, saham sektor energy pun terkoreksi. Saya memantau beberapa emiten yang bisa masuk jika harga terus turun, saham perkapalan dan batu bara. Apa sahamnya ?",2026-03-04T09:47:52.000Z,https://www.threads.com/@erwinsetyo92/post/DVdUIanEpia,IHSG,2026-05-05T17:09:44.381872
hardyprayogo,"Semangat ya kalian yang nyangkut. ✊🏻
IHSG kmarin baru IJO, Hari ini udah MERAH lagi 😅 Tidak ada kepastian kah kepada RETAIL UNYU ini?.",2026-04-09T02:15:14.000Z,https://www.threads.com/@hardyprayogo/post/DW5M82eE61n,IHSG,2026-05-05T17:09:44.471992
sobatyepping,IHSG langsung terbang 4.42% usai pendekar satu ini melakukan kunjungan ke Bursa🙏,2026-04-09T00:15:05.000Z,https://www.threads.com/@sobatyepping/post/DW4_MwzjylN,IHSG,2026-05-05T17:09:44.640890
raja_mamank_dalam_bacotnya,"Sy mulai pelajari Bandarmology sehingga bisa balik modal dan mengalahkan IHSG.
Hingga pada akhirnya sy pikir lebih baik buang idealisme drpd melawan asing.
Perjalanan Portfolio ku..
Jadi saya baru setahun dan learning by doing..
Tentu saja saya pernah rugi banyak.
Menjadi Dividen Investing? Pernah dan saya “kalah”.
raja_mamank_dalam_bacotnya",2025-10-16T02:54:26.000Z,https://www.threads.com/@raja_mamank_dalam_bacotnya/post/DP2qUwBkQSy,IHSG,2026-05-05T17:09:47.841810
bapak2muslim,"Bukan ajakan jual atau beli.
Kalau cuan ga bagi-bagi.
Kalau loss jangan panggil polisi.
Mau beli sekarang untuk disimpan jual Senin bisa.
Dipilih aja dulu.
Mungkin bisa dipantau sesi 2.",2026-01-23T06:14:53.000Z,https://www.threads.com/@bapak2muslim/post/DT179kwCZx4,IHSG,2026-05-05T17:09:47.976647
yannnrizz,"Perbaikan paling signifikan terlihat dari total liabilitas yang turun drastis dari Rp13 triliun pada 2023 menjadi Rp7,28 triliun di 2024, lalu kembali turun menjadi Rp6,11 triliun pada Kuartal III 2025
PT Visi Media Asia Tbk (VIVA) sedang berada dalam fase pemulihan besar setelah sebelumnya mengalami tekanan keuangan berat pada 2023. Perusahaan berhasil membalikkan kondisi melalui restrukturisasi utang (PKPU), sehingga laba bersih melonjak pada 2024 dan posisi keuangan menjadi jauh lebih sehat.",2026-04-18T03:51:04.000Z,https://www.threads.com/@yannnrizz/post/DXQjEm8Gva5,IHSG,2026-05-05T17:09:48.192483
gunawanuha,"Dollar 17,845 kah kejutannya gendut 😋",2026-04-10T10:10:04.000Z,https://www.threads.com/@gunawanuha/post/DW8oFY9kyyb,IHSG,2026-05-05T17:09:48.318299
sangaji_maulana_,"sumpah yaa, dari semua bukti gagalnya pemerintah, IHSG dan nilai Rupiah menurun adalah bukti konkrit bahwa pemerintah gagal, fuck lah MBG, fuck lah Kopdes.
sangaji_maulana_",2026-04-10T15:15:53.000Z,https://www.threads.com/@sangaji_maulana_/post/DW9LFUIkamY,IHSG,2026-05-05T17:09:48.425651
valentinedarlin,"Ingin aku berkata kasar
Siapa fans MU? Saham IHSG hari ini juga nunjukin mereka fans MU sejati ta 🙂🫶",2026-01-28T06:21:17.000Z,https://www.threads.com/@valentinedarlin/post/DUC0qwBD7II,IHSG,2026-05-05T17:09:48.529865
drg.ratihana,"Gimana kabar harga alat dental dan bahan habis pakai?
Di saat dolar AS tembus Rp 17.300
IHSG anjlok ke 7.129
BBM non subsidi naik 40-60%
Gas LPG non subsidi +18%
Harga plastik >50%
Hai dokter gigi owner klinik/praktekan! pengen nanya alat dan bahan habis pakai pada naik gak ya saat ini?
dokter gigi owner klinik",2026-04-28T02:04:09.000Z,https://www.threads.com/@drg.ratihana/post/DXqGyPDnwSa,IHSG,2026-05-05T17:09:48.653506
jess_6605sg,Dah rugi brp Kak?,2026-04-24T10:26:56.000Z,https://www.threads.com/@jess_6605sg/post/DXgtJN4Cdwk,IHSG,2026-05-05T17:09:48.748888
mechapanda82,"Ihsg anjlok termasuk berita baik ya 😌
Udah cair neh dana buzzer",2026-04-24T14:58:00.000Z,https://www.threads.com/@mechapanda82/post/DXhMKlEk5Bc,IHSG,2026-05-05T17:09:48.840829
bernad88,"Area demand ihsg sudah dekat, volume buangan sudah berkurang, rebound soon?",2026-03-17T01:18:48.000Z,https://www.threads.com/@bernad88/post/DV94NHOD3Ba,IHSG,2026-05-05T17:09:51.898335
indranurfad,"Satu kata: refocusing anggaran.
Defisit APBN 2026 diproyeksikan di angka ~2,8% PDB — ruang fiskalnya tidak lebar. Pemangkasan program yang besar seperti MBG adalah salah satu cara paling cepat untuk longgarkan tekanan.
Kenapa pemerintah lakukan ini?
Makan Bergizi Gratis",2026-04-28T02:26:28.000Z,https://www.threads.com/@indranurfad/post/DXqJVq-Ergp,IHSG,2026-05-05T17:09:52.290653
indranurfad,"📈 Potensi positif: Berkurangnya tekanan fiskal bisa kasih sentimen positif ke nilai tukar rupiah — dan rupiah yang lebih stabil biasanya berdampak baik ke IHSG secara umum.
📉 Potensi negatif: Sektor yang selama ini dapat aliran dari program MBG bisa terdampak langsung. Dua sektor yang perlu diperhatikan: poultry (ayam & telur) dan dairy (susu & produk sapi perah).
Dampaknya ke pasar saham?
Makan Bergizi Gratis",2026-04-28T02:26:28.000Z,https://www.threads.com/@indranurfad/post/DXqJVqlkroA,IHSG,2026-05-05T17:09:52.411991
handokolie,"Hari liburnya banyak yaaaaa. Trader ihsg ga butuh libur, kami butuh cuan!! 🤣🤣",2026-02-12T15:28:23.000Z,https://www.threads.com/@handokolie/post/DUqbM8sE4h5,IHSG,2026-05-05T17:09:52.525533
rfaraa,IHSG reborn yoook🚀,2026-02-13T07:23:15.000Z,https://www.threads.com/@rfaraa/post/DUsIemXCYI1,IHSG,2026-05-05T17:09:52.628396
hoshiluizz,IHSG hari ini wkwkwkwk,2026-01-26T07:45:27.000Z,https://www.threads.com/@hoshiluizz/post/DT90tiJgb7i,IHSG,2026-05-05T17:09:52.882059
diannsriii_,si tukang ngekor IHSG🥲,2026-04-30T06:46:06.000Z,https://www.threads.com/@diannsriii_/post/DXvwpEWkytk,IHSG,2026-05-05T17:09:52.988341
brushed.byveena,"KENAPA SETIAP MAU LIBUR MARKET SELALU MERAH IHSG ???
ALWAYS PASTI GUA MINUS ANJIR HERAN😭😣",2026-04-30T17:31:11.000Z,https://www.threads.com/@brushed.byveena/post/DXw6duWD10d,IHSG,2026-05-05T17:09:53.088313
cuanbungkusdotcom,"SELAMAT!!!
Di-spill sejak awal, Based on data fresh setiap hari.
1 IOTF -JAS PAPI 9.5%
2 ADMR -SHOOTER 7.0%
3 BUMI -BIGPLAYER 6.8%
4 DEWA -SHOOTER 6.6%
5 BRRC -JAS PAPI 6.6%
6 WIRG -JAS PAPI 5.7%
NO. -CODE -KATEGORI MENU -HIGHEST GROWTH %
20/01/2026 16:24
REKAPITULASI Menu Hasil Deteksi RADAR
Explodes past 5% in a stunning one-day rally""
cuanbungkusdotcom",2026-01-20T09:26:26.000Z,https://www.threads.com/@cuanbungkusdotcom/post/DTujf5gD-_x,IHSG,2026-05-05T17:09:56.193782
tradingculture.lab,"Apakah ini cuma pantulan sementara,
atau sinyal emas mau lanjut tren naik lagi?
Harga Gold (XAU/USD) naik +1.5% ke level 4011.
Setelah koreksi beberapa hari terakhir,
hari ini muncul sinyal rebound dari area trendline support.
Hari ini IHSG kembali menguat,
dan salah satu motor utamanya datang dari saham-saham emas. ✨
EMAS REBOUND, SAHAM EMAS IKUT MELEDAK! 💥
tradingculture.lab",2025-10-29T09:02:09.000Z,https://www.threads.com/@tradingculture.lab/post/DQYyvbjErAM,IHSG,2026-05-05T17:09:56.426537
muhammadreza199,"#ihsg #dkhh #fire
hold sampe kiamat 😂",2026-01-24T07:55:06.000Z,https://www.threads.com/@muhammadreza199/post/DT4sOdAEgWM,IHSG,2026-05-05T17:09:56.669194
herman_fu,"Uda paling gk cocok aku invest di bursa saham ini, bertahun2 ya porto lbh byk merah nya, hari ini trading halt lg, kocak dah..
Cb info investasi lain apa yg bagus selain gold??",2026-01-28T07:00:04.000Z,https://www.threads.com/@herman_fu/post/DUC5G0zkbyB,IHSG,2026-05-05T17:09:56.783344
yantidewik16,"Komen lw template banget bang... lagi ngapain dibagi dlm bentuk uang kan udah ada BLT Keluarga PKH, Dan sejauh ini kurang berdampak... Udah bener sama pak Prabowo dikasih kail. Dan justru dengan MBG ini multiple effect nya banyak ka terutama di kalangan bawah, petani nelayan UMKM. Kalau gak ada MBG negara kita udah ikutan letoy. Justru krn MBG ekonomi kita bisa strong dg pertumbuhan ekonomi yg stabil. Kalau dikasih uang kebanyakan malah buat beli rokok, bayar pinjol , atau beli barang konsumtif",2026-04-21T09:50:14.000Z,https://www.threads.com/@yantidewik16/post/DXY6j2fiRMS,IHSG,2026-05-05T17:09:56.888839
annisarizumiii,"Imajiner sekali si ibuk nya sampe lupa realita lapangan, banyak umkm kolaps grgr mbg ini, baca tuh data inflasi bahan pangan di google, jangan males dan asbun, bpjs efisiensi, dana pendidikan di rampok, p3k di phk masal, bahkan ihsg aja junam salah satunya ya grgr kebijakan fiskal yg nyeleneh ini 🤣",2026-04-21T11:10:01.000Z,https://www.threads.com/@annisarizumiii/post/DXZDsNxE2f2,IHSG,2026-05-05T17:09:56.980765
theinvestor_id,"Tetap tenang ya semuanya, sikapilah dengan bijak dan evaluasi kembali portfolio yaa. Tetap semangat!🔥
IHSG I-nya Istigfar😊🙏",2026-03-06T04:00:30.000Z,https://www.threads.com/@theinvestor_id/post/DVh1-DSj2Fm,IHSG,2026-05-05T17:09:57.499914
jurnaltrader.id,"WASPADA di sekitar bulan Mei. Tolong dicatet, save, atau like atau screen shot. Nanti mei dibuka lagi.... 🙏
Palingan naik turun biasa. Buat take profit. Tapi sementara ini belum ada major issue.
Kalau buat sekarang semua trader saham tidak perlu kuatir. Saat ini sampai akhir April, semua parameter dan variabel dari trading cockpit terlihat masih kondusif.",2026-02-12T06:43:37.000Z,https://www.threads.com/@jurnaltrader.id/post/DUpfJe6Etxc,IHSG,2026-05-05T17:10:00.441934
thechartistlab,"#ihsg
#saham
#iamthechartist
#thechartistlab
Porti kalian masih aman atau udah gak nyaman? 🫣",2026-04-30T10:09:53.000Z,https://www.threads.com/@thechartistlab/post/DXwH9UvEmd7,IHSG,2026-05-05T17:10:01.185124
sahamsheet,"Eskalasi Konflik AS–Iran: Dampak ke IHSG
Kalau Selat Hormuz panas, jangan cuma lihat berita perang.
Lihat komoditasnya.
Lihat sahamnya, selalu ada peluang di tiap kejadian , cekidot 👇",2026-03-03T03:45:50.000Z,https://www.threads.com/@sahamsheet/post/DVaF57lkfiS,IHSG,2026-05-05T17:10:01.341355
happytradesaham,"#investasi #sahamindonesia #investorindonesia #Invest #saham pasarsaham happytradesaham BelajarSaham CUAN ipo Bursaefekindonesia bei sahamindonesia tipsinvestasi trading beritaterkini IHSG BUMN konglomerasi konglomerat
🔎 Disclaimer: Keputusan pembelian/penjualan saham sepenuhnya ada di tangan investor.
5 BIG BANKS kompak naik hari ini! 📈
Pasar kembali menyaksikan fenomena langka: saham-saham big banks rebound bersamaan.
Menurutmu, ini awal kebangkitan sektor perbankan atau cuma euforia sesaat?",2026-01-15T09:02:57.000Z,https://www.threads.com/@happytradesaham/post/DTho1bEiZLm,IHSG,2026-05-05T17:10:01.461545
bursasantai,"Bukan cuma IHSG rupiah juga ikut dapet angin segar, Mata uang kita menguat 0,65% ke Rp16.984/USD
Meredanya konflik AS-Iran langsung bikin sentimen pasar berubah total, IHSG hari ini melonjak +4,42% ke level 7.279 ini rebound paling kencang setelah market sebelumnya sempat ditekan tensi geopolitik global, Rencana dibukanya kembali Selat Hormuz usai kesepakatan gencatan senjata jadi pemicu utama karna jalur ini nih sangat penting buat arus energi dunia dan sempat bikin investor khawatir.",2026-04-08T12:14:32.000Z,https://www.threads.com/@bursasantai/post/DW3svV2kwgu,IHSG,2026-05-05T17:10:01.566437
belimbingstock,"#ihsg
#komunitas
#saham
The market is limitless for those who give unlimited consistency.",2026-04-16T12:01:21.000Z,https://www.threads.com/@belimbingstock/post/DXMRlyiDyu4,IHSG,2026-05-05T17:10:01.672484
novstories,"Pas portonya merah, bersedih.
Pas IHSG sedikit rebound, bersedih.
Itulah kenapa penting investasi sesuai dengan tujuan. Less pain untuk kedua hal diatas.",2026-01-29T11:45:46.000Z,https://www.threads.com/@novstories/post/DUF-mSCk3zV,IHSG,2026-05-05T17:10:01.775834
agungpharm,"Nah kebetulan ini ada previewnya.
Saya ketika melihat kode Emiten akan langsung mengecek keystats, kalau terlalu bagus saya akan download langsung laporan keuangan terakhirnya di web perusahaan tersebut
Emiten yang saya bedah ini juga dapatnya dari komentar tidak sengaja di komentar stream stockbit.
Terima kasih teman-teman yang komentar di postingan saya sebelumnya sambil menyebutkan nama emiten karena komentar tersebut saya mempunyai banyak daftar saham yang bisa saya jadikan watchlist.",2026-02-07T03:59:00.000Z,https://www.threads.com/@agungpharm/post/DUcUVXoAYjk,IHSG,2026-05-05T17:10:01.917908
uptrendtrading_,"Ini bisa jadi sinyal awal rebound teknikal.
Karena struktur candlenya bisa membentuk bullish harami.
itu sudah cukup bagus.
Kalau nanti penutupan hari ini tetap seperti ini
(bahkan candle hijau kecil saja),",2026-03-05T03:18:29.000Z,https://www.threads.com/@uptrendtrading_/post/DVfMXbpEhHV,IHSG,2026-05-05T17:10:05.594438
uptrendtrading_,"Market kemungkinan akan mencoba menguji area tersebut dulu.
Ini adalah area resistance dari range sebelumnya.
target kenaikan pertama IHSG ada di area:
Kalau skenario ranging ini berjalan,",2026-03-05T03:18:34.000Z,https://www.threads.com/@uptrendtrading_/post/DVfMYFbEn3x,IHSG,2026-05-05T17:10:05.741311
stockwhisperer.id,"✅ Hanya Shock Sesaat: Kejatuhan IHSG murni sentimen teknis akibat isu transparansi MSCI, bukan karena fundamental ekonomi RI yang hancur.
✅ Fundamental Kuat: Pemerintah & BI berkomitmen menjaga stabilitas ekonomi. Purbaya menegaskan, jika fundamental bagus, indeks otomatis akan naik kembali.
Setelah IHSG longsor parah hingga kena Trading Halt, Menteri Keuangan Purbaya Yudhi Sadewa membawa angin segar. Ia memprediksi pasar saham Indonesia akan pulih dan kembali ke zona hijau pada minggu depan.
stockwhisperer.id",2026-01-29T07:15:51.000Z,https://www.threads.com/@stockwhisperer.id/post/DUFftUqkzHY,IHSG,2026-05-05T17:10:05.862872
stockwhisperer.id,"Disclaimer on! Bukan ajakan jual-beli saham.
Klik link di bio untuk follow sosial media dan join grup diskusi saham kami!
""Ini kan masih shock. Besok kan flat. Minggu depan lah Anda lihat minggu depan (pulih),"" ujar Purbaya optimis.
✅ Basmi Gorengan: Purbaya juga menyoroti aksi para ""penggoreng saham"" yang memperparah volatilitas dan merugikan investor kecil.
stockwhisperer.id",2026-01-29T07:15:50.000Z,https://www.threads.com/@stockwhisperer.id/post/DUFftJ1k_9K,IHSG,2026-05-05T17:10:05.992828
alfhadnur,"Minyak Mentah
Brent sempat melonjak +12,6% sebelum terkoreksi. Arah harga selanjutnya tergantung durasi gangguan Hormuz. OPEC+ menambah kuota produksi untuk meredam tekanan suplai.
Emiten terkait:
MEDC – Medco Energi Internasional
RATU – Raharja Energi Cepu",2026-03-03T09:33:51.000Z,https://www.threads.com/@alfhadnur/post/DVatu9tk9HX,IHSG,2026-05-05T17:10:06.105668
alfhadnur,"🚢 LNG & Tarif Tanker
Risiko pengiriman dan kenaikan biaya asuransi menopang tarif tanker serta harga gas regional.
Emiten tanker/shipping:
SOCI – Soechi Lines
BULL – Buana Lintas Lautan
HUMI – Humpuss Maritim Internasional
GTSI – Wintermar Offshore M",2026-03-03T09:33:51.000Z,https://www.threads.com/@alfhadnur/post/DVatu-YE4lh,IHSG,2026-05-05T17:10:06.215619
ramatommys,"Better lah ya dripada kemarin
IHSG hari ini ditutup menguat +1.18%",2026-01-30T10:24:44.000Z,https://www.threads.com/@ramatommys/post/DUIaHlhERMj,IHSG,2026-05-05T17:10:06.331466
martianakusuma,"Jadi gini ya rasanya “berdiri di 2 kaki”😂😂😂
Punya dua akun sekuritas, yang satu isinya deviden investing, pas market bullish ya ijo tapi ngga royo-royo,tapi sekalipun tranding halt dua kali juga tetep ijo stabil ngga banyak terpengaruh, satunya lagi merah membara karena isinya setengah gorengan setengah fundamental.",2026-02-03T03:09:06.000Z,https://www.threads.com/@martianakusuma/post/DUR7cdyEos5,IHSG,2026-05-05T17:10:06.788011
donjuststare,takut bgt IHSG jadi masuk jurang ke 1000,2026-03-20T07:34:20.000Z,https://www.threads.com/@donjuststare/post/DWGRkcigeno,IHSG,2026-05-05T17:10:06.896618
aprisnando,Thread isinya marah-marah mulu perasaan. Apa karena IHSG udah ijo tapi porto masih floating loss 20%++?,2026-02-10T04:35:51.000Z,https://www.threads.com/@aprisnando/post/DUkG79TAS5K,IHSG,2026-05-05T17:10:06.989515
sahammasterid,"Ada cara baca perpindahan triliunan rupiah sebelum sektornya meledak. Ini strateginya. 👇🏼
Di tahun 2026 ini market IHSG makin brutal. Tapi ada satu pola *smart money* yang nggak pernah bisa disembunyikan: Siklus Rotasi Sektor.
Kalau kamu masih beli saham pas udah masuk top gainer dan dapet title primadona pasar, pantesan portfolio kamu isinya saham nyangkut semua.",2026-03-22T05:00:51.000Z,https://www.threads.com/@sahammasterid/post/DWLJlTjgW80,IHSG,2026-05-05T17:10:07.108269
jagosahamindonesia,"Kenapa?
Karena faktor harga + keamanan jalur pasokan jadi concern besar.
Selama ini RI banyak impor dari negara lain.
Sekarang mulai lirik Rusia sebagai alternatif.
jagosahamindonesia",2026-04-14T09:20:18.000Z,https://www.threads.com/@jagosahamindonesia/post/DXG1kdcCbQv,IHSG,2026-05-05T17:10:07.233379
jagosahamindonesia,"Di sini PJSC Rosneft Oil Company kerja bareng Pertamina. Ini proyek lama yang sekarang bisa “dipanasin” lagi.
Gak cuma beli minyak, ada juga proyek gede:
Kilang Tuban.
jagosahamindonesia",2026-04-14T09:20:18.000Z,https://www.threads.com/@jagosahamindonesia/post/DXG1kbuiUTG,IHSG,2026-05-05T17:10:07.344915
andri.fitriyadi,IHSG Lagi. InsyaAllah Harga Saham Gacor Lagi.,2026-01-30T02:31:06.000Z,https://www.threads.com/@andri.fitriyadi/post/DUHj6ltD3mE,IHSG,2026-05-05T17:10:07.460936
jagosahamindonesia,"Kenapa ini penting?
Karena indeks itu acuan dana besar.
ETF & index fund masuk ke saham-saham ini.
Kalau isinya “semu”, ya pergerakan indeks juga jadi bias.
jagosahamindonesia",2026-04-22T02:11:03.000Z,https://www.threads.com/@jagosahamindonesia/post/DXaqzkxiS2X,IHSG,2026-05-05T17:10:07.688819
jagosahamindonesia,"Dengan aturan baru ini, menurut kami BEI mau benerin satu hal krusial:
Price discovery.
Harga saham harus kebentuk dari transaksi yang sehat, bukan dari supply yang dikunci.
Ini upgrade kualitas market.
jagosahamindonesia",2026-04-22T02:11:03.000Z,https://www.threads.com/@jagosahamindonesia/post/DXaqzhcCY9g,IHSG,2026-05-05T17:10:07.800179
beni.katashi,Mana yg bilang mau recall2 kok menghilang dari lane,2026-03-16T09:51:13.000Z,https://www.threads.com/@beni.katashi/post/DV8ODg1j1Y8,IHSG,2026-05-05T17:10:08.039847
_haris.n,"rupiah ke dolar turun
Ihsg turun
emas turun
yg naik biaya hidup😭",2026-03-16T13:16:27.000Z,https://www.threads.com/@_haris.n/post/DV8lipHidCs,IHSG,2026-05-05T17:10:08.546084
astronacci,"Gimana nih reaksi kamu dengan kebijakan Trump yang berubah-ubah?😁
Untuk sekarang dampaknya masih terbatas ke sektor surya, belum cukup besar goyangin IHSG. Tapi kalau sampai melebar jadi perang tarif baru, market bisa langsung berubah arah.
Donald Trump resmi kenakan tarif tinggi untuk impor panel surya dari Indonesia. RI kena 104%+, bahkan ada perusahaan yang lebih tinggi lagi.
Drama tarif jilid baru 😅",2026-02-26T07:37:16.000Z,https://www.threads.com/@astronacci/post/DVNoarQk0fZ,IHSG,2026-05-05T17:10:09.204615
cecilliasantoso_,"Buka stockbit pagi ini... 🫠🫠🫠🫠
Emang 👇🏻 lah ya.
cecilliasantoso_",2026-04-06T03:29:37.000Z,https://www.threads.com/@cecilliasantoso_/post/DWxnE7CgSTc,IHSG,2026-05-05T17:10:09.297436
neliminja,"Tp ini dah bagus lho ce ga halt..
Ditahan sama Bakrie grup..
Tinggal nunggu bsk nih pengumuman FTSE.. klo bisa bertahan, ihsg bottom udah..
Semoga",2026-04-06T03:44:16.000Z,https://www.threads.com/@neliminja/post/DWxowQGGeW4,IHSG,2026-05-05T17:10:09.394273
amira.della,"Minggu kemarin sama minggu ini belom bisa trade soalnya masih ngakalin emiten yang di pegang sama ngerapiin. Masih ada aja gonjang-ganjingnya 🙂‍↔️🤡
Semoga kamu ga anjlok ya Geeee
Hari ini Jumat ditambah issue Moody’s Rating 🍀l🙃",2026-02-06T00:44:36.000Z,https://www.threads.com/@amira.della/post/DUZZSxhDzif,IHSG,2026-05-05T17:10:12.958532
ilhamasy,"IHSG sempet trading halt lagi, tapi pada saat close hari ini beberapa emiten perbankan dan pak PP bisa bangkit.
Ada yang tau faktornya kenapa?",2026-01-29T14:09:10.000Z,https://www.threads.com/@ilhamasy/post/DUGPAfTjzSE,IHSG,2026-05-05T17:10:13.261970
motherfather.ygy,"gak bisa gitu lah BRO, ini jelas² pemerintah nyuruh bank swasta & plat merah biayai MBG, lu kalo kalo liat foreign flow pasti paham, gacuma ritel yang cabut... IHSG jadi patokan asing buat direct investment juga, kalo turun terus menerus dan lu bilang solusinya ""cari pasar lain"", wah gua gakpaham jalan pikiran lu gimana BRO
motherfather.ygy",2026-04-26T15:23:04.000Z,https://www.threads.com/@motherfather.ygy/post/DXmYn8Vjxb5,IHSG,2026-05-05T17:10:13.370365
emirparengkuan,"#cuan #saham #IHSG
Pada cuan dari apa hari ini? 🤑",2026-04-08T11:06:06.000Z,https://www.threads.com/@emirparengkuan/post/DW3k512kldD,IHSG,2026-05-05T17:10:13.515360
linktari,"Syukurlah sempat HAKA MINA …
Kalian sempat beli apa aja nih tadi sebelum IHSG rebound 😂😂😂",2026-01-12T07:45:41.000Z,https://www.threads.com/@linktari/post/DTZxm9eklKP,IHSG,2026-05-05T17:10:13.626364
dr.anggakrishna,"Disaat IHSG ambruk seperti ini, bersyukur sudah diversifikasi portofolio sejak awal. Dan bersyukur dana pendidikan anak sudah dialihkan ke instrumen investasi yang cenderung lebih aman, walaupun returnnya standar.",2026-01-29T02:46:47.000Z,https://www.threads.com/@dr.anggakrishna/post/DUFA6p4E873,IHSG,2026-05-05T17:10:13.737542
jurnal.investasi.asn,"Tapi setelah naik segila ini...
masih layak pantau gak?
Listing di harga 168.
Sekarang udah 4.010.
Bahkan ngalahin $CDIA yang udah hype duluan.
Naik +2.286% sejak IPO...
$RLCO masih menarik gak sih?
jurnal.investasi.asn
Kalau ngga ARA? Tentu udah ada plannya doong
Kalau besok ARA lagi dan bagger, fix jadi saham non-ipo bagger tercepat si, hanya 6 hari bursa aja
5 hari bursa kemudian, si burung walet ini udah +80% ajaa
Kebetulan saat itu IHSG meriang dan banyak saham2 merah, saya coba deh spec buy
Setelah menulis analisa ini, besoknya tanggal 12 Januari 2026 saya beli $RLCO
jurnal.investasi.asn",2026-01-19T03:24:31.000Z,https://www.threads.com/@jurnal.investasi.asn/post/DTrVSQhiTHf,IHSG,2026-05-05T17:10:13.942855
jurnal.investasi.asn,"Tapi setelah naik segila ini...
masih layak pantau gak?
Listing di harga 168.
Sekarang udah 4.010.
Bahkan ngalahin $CDIA yang udah hype duluan.
Naik +2.286% sejak IPO...
$RLCO masih menarik gak sih?
jurnal.investasi.asn",2026-01-11T02:59:26.000Z,https://www.threads.com/@jurnal.investasi.asn/post/DTWsDinCZx3,IHSG,2026-05-05T17:10:14.053351
diki.mulijanto,Semoga ada good news dr TimTeng biar Senin bisa rebound krn kamis kemarin juga IHSG mantul di support kuatnya di 6.800an 😃,2026-05-01T12:47:07.000Z,https://www.threads.com/@diki.mulijanto/post/DXy-wEHkjL4,IHSG,2026-05-05T17:10:14.151980
jagosahamindonesia,"Tapi jangka panjangnya?
Market jadi lebih kredibel.
Investor institusi lebih percaya.
Dan ritel juga gak “ketipu” sama saham yang keliatannya gede doang.
jagosahamindonesia",2026-04-22T02:11:03.000Z,https://www.threads.com/@jagosahamindonesia/post/DXaqzhYCTdm,IHSG,2026-05-05T17:10:14.408616
jagosahamindonesia,"Intinya simpel:
BEI lagi naikin standar.
Bukan cuma soal size, tapi kualitas dan likuiditas.
Dan ini bakal ngerubah peta pemain di indeks utama.
jagosahamindonesia",2026-04-22T02:11:04.000Z,https://www.threads.com/@jagosahamindonesia/post/DXaqzqjCSse,IHSG,2026-05-05T17:10:14.498161
jurnaltrader.id,"#saham #sahampemula #tradersaham
Kalau bentuknya kaya gitu terus sampai penutupan... Jadinya bearish engulfing.
Jujur ya... Aku gak suka banget sama canddle IHSG hari ini... ☺",2026-02-10T04:59:30.000Z,https://www.threads.com/@jurnaltrader.id/post/DUkJpMfEiSB,IHSG,2026-05-05T17:10:14.626818
ariniwdyp,"Ditengah rupiah melemah , IHSG merah , saham saham pada anjlok . Masih aman ga ya nyimpen dana di RDPU ? 🙏 mohon inponya suhu",2026-04-25T13:18:42.000Z,https://www.threads.com/@ariniwdyp/post/DXjlmISCWrq,IHSG,2026-05-05T17:10:14.714564
khomsahns,Bantingan maut sesi 2,2025-11-04T07:25:18.000Z,https://www.threads.com/@khomsahns/post/DQoEbRYEy9X,IHSG,2026-05-05T17:10:14.808024
economicnotes,"#BUMI #Batubara #Saham #IHSG #economicnotes
Lonjakan produksi berhasil dorong laba $BUMI melesat hingga 35%. Kinerja ini bikin sektor batu bara kembali jadi perhatian investor di tengah harga komoditas yang masih kuat. 📈🔥
⛏️ $BUMI makin panas!",2026-05-01T07:20:43.000Z,https://www.threads.com/@economicnotes/post/DXyZZdokXow,IHSG,2026-05-05T17:10:14.910058
dr.sultanhasanuddin,"Terpantau IHSG menghijau
Semoga bukan april mop 🙄
dr.sultanhasanuddin",2026-04-01T02:08:09.000Z,https://www.threads.com/@dr.sultanhasanuddin/post/DWklx5ED7IW,IHSG,2026-05-05T17:10:14.991800
sambilnyambil.id,"#sambilnyambilid
Bank besar masih jadi sumber jual → rotasi sektor, bukan panic
Selama IHSG bertahan di atas 8.600, tema komoditas & second liner berfundamental momentum masih jadi playground utama.
IHSG +0,47% tutup 8.660, dekat ATH 8.680
Asing net buy +283,9 B → fokus ke BRMS, ARCI, ANTM, TINS
sambilnyambil.id",2025-12-14T12:19:12.000Z,https://www.threads.com/@sambilnyambil.id/post/DSPl2xvEwHs,IHSG,2026-05-05T17:10:15.109190
metavulus,"🔻 Isu Free Float & MSCI
MSCI menilai banyak saham di Indonesia memiliki free float rendah terlalu banyak saham dipegang oleh pihak terafiliasi. Akibatnya, likuiditas tipis dan harga mudah digerakkan. Ini sejalan dengan laporan MSCI terkait standar investability pasar berkembang.
IHSG sempat terkoreksi dalam, dan menurut Andry Hakim, ini bukan sekadar panic selling biasa.
Beberapa faktor utama yang disorot:
PASAR SAHAM INDONESIA LAGI DISKON BESAR? ATAU INI AWAL MASALAH BESAR? 🤔📉",2026-02-05T11:42:47.000Z,https://www.threads.com/@metavulus/post/DUX_0kzkT9i,IHSG,2026-05-05T17:10:15.559580
kisekinosenpai,"Ada yang berhasil masuk?
Selamat",2025-11-24T10:43:31.000Z,https://www.threads.com/@kisekinosenpai/post/DRb7AjNEtJJ,IHSG,2026-05-05T17:10:19.881137
harrisrahman_,bagaimana porto hari ini dan yang akan datang ?,2026-04-30T18:17:42.000Z,https://www.threads.com/@harrisrahman_/post/DXw_yftAZwg,IHSG,2026-05-05T17:10:20.108527
stockwhisperer.id,"Bursa Efek Indonesia (BEI) menerapkan trading halt IHSG di awal perdagangan sesi II hari ini (28/1). Trading Halt adalah penghentian sementara perdagangan saham atau instrumen keuangan lainnya di bursa efek.
stockwhisperer.id",2026-01-28T07:31:41.000Z,https://www.threads.com/@stockwhisperer.id/post/DUC8udIE11v,IHSG,2026-05-05T17:10:20.228120
stockwhisperer.id,"Trading halt selama 30 menit apabila:
1. IHSG mengalami penurunan hingga lebih dari 8%
2. Trading halt selama 30 menit apabila IHSG mengalami penurunan lanjutan hingga lebih dari 15%.
3. Trading suspend dilakukan apabila IHSG mengalami penurunan lanjutan hingga lebih dari 20% dengan ketentuan sampai akhir sesi perdagangan atau lebih dari 1 sesi perdagangan setelah mendapat persetujuan atau perintah OJK.
Jika terjadi penurunan IHSG dalam 1 hari bursa yang sama, Bursa melakukan beberapa tindakan.
stockwhisperer.id",2026-01-28T07:31:41.000Z,https://www.threads.com/@stockwhisperer.id/post/DUC8uYhEy7c,IHSG,2026-05-05T17:10:20.361191
lianmaulian,IHSG kalau mau menutup gapnya yok dipersilahkan 😆,2026-04-28T03:20:18.000Z,https://www.threads.com/@lianmaulian/post/DXqPf_LEuQh,IHSG,2026-05-05T17:10:20.459470
isminhaf,ini kalo duit dipake avgdown dengan IHSG yg kaya gini berasa buang buang duit ajasih,2026-03-30T02:45:17.000Z,https://www.threads.com/@isminhaf/post/DWfgcKuk5Oo,IHSG,2026-05-05T17:10:20.574010
junizardeanil,"IHSG udah di angka 8500an, sekarang harus apa?",2025-11-25T06:27:54.000Z,https://www.threads.com/@junizardeanil/post/DReCjO3E_Oe,IHSG,2026-05-05T17:10:20.687654
fokus.investasi,"Disclaimer on.
Hari seperti ini sering membuat pasar terasa berat. Banyak investor panik melihat layar merah. Namun dalam investasi, momen seperti ini justru sering menjadi waktu untuk menata ulang portofolio dengan lebih rasional.
Pada hari Senin, 9 Maret 2026 — IHSG turun -3,2% ke level 7.337.",2026-03-10T01:56:33.000Z,https://www.threads.com/@fokus.investasi/post/DVr69ucE46e,IHSG,2026-05-05T17:10:20.823016
jooovanca08,Asik IHSG Hijau nih🥰,2026-04-14T01:28:34.000Z,https://www.threads.com/@jooovanca08/post/DXF_lbFkrjp,IHSG,2026-05-05T17:10:20.931154
isminhaf,"gamau sombonggg takut besok porto ku kebakaran lagi, tp tadi siang happy karena IHSG merah tp porto ku ttp ijo😭🫰🏻",2026-04-06T15:21:24.000Z,https://www.threads.com/@isminhaf/post/DWy4iLOE96N,IHSG,2026-05-05T17:10:21.029378
jonathankeaneee,"🎯 Cocok untuk:
Swing 1–3 hari, saat IHSG ramai & agresif.
Risiko lebih tinggi, tapi potensi cuan cepat.
Fokus ke:
• Likuiditas & volume tinggi
• Harga sudah break / dekat resistance
• Mengikuti momentum market
Screener ini dibuat untuk mencari pergerakan cepat saat saham sudah kuat secara teknikal dan volume masuk.
📊 Swing Cuan Cepat (Momentum Swing)
Kemarin Ada Bikin 3 Konsep Screener Swing :",2026-01-09T04:17:29.000Z,https://www.threads.com/@jonathankeaneee/post/DTRrZaWEkqx,IHSG,2026-05-05T17:10:21.175151
uptrendtrading_,"Apakah ini tanda IHSG sudah bottom dan berhenti koreksi?
Yuk kita bahas lebih lanjut dari sisi teknikalnya...
IHSG berhasil memantaul didemand areanya dan menguji area 8100 sesuai dengan analisa yang dishare dicommunity kemarin .
IHSG KEMARIN BERHASIL MANTUL, APAKAH INI SUDAH BOTTOMNYA IHSG?",2026-02-03T22:31:11.000Z,https://www.threads.com/@uptrendtrading_/post/DUUAbzpkmJj,IHSG,2026-05-05T17:10:21.299956
bnisekuritas46,"#bnisekuritas #bions #saham #sahamterbaik #rekomendasisaham
Swipe postingan ini untuk melihat rangkumannya, atau cek langsung melalui fitur 𝗧𝗿𝗮𝗱𝗶𝗻𝗴 𝗜𝗱𝗲𝗮𝘀 𝗱𝗶 𝗡𝗲𝘄 𝗕𝗜𝗢𝗡𝗦 📊
Tim Riset BNI Sekuritas telah merangkum review IHSG berdasarkan pergerakan market terakhir serta rekomendasi saham yang dapat menjadi referensi dalam mengambil keputusan investasi.
Saatnya kembali memantau pergerakan IHSG dan saham pilihan hari ini 👀
𝐓𝐫𝐚𝐝𝐢𝐧𝐠 𝐈𝐝𝐞𝐚𝐬 - 𝟐𝟕 𝐀𝐩𝐫𝐢𝐥 𝟐𝟎𝟐𝟔💡",2026-04-27T00:57:23.000Z,https://www.threads.com/@bnisekuritas46/post/DXnaWZ7kr0D,IHSG,2026-05-05T17:10:21.433605
luthfi_mocker,"Ini mungkin ga banyak yg bahas saham indy yaa tp menurutku sangat menarik di harga sekarang karna dr price action, transaksi dan pemegang sahamnya cakep, solid akum, tinggal nunggu konfirmasi bid offer aja.
Disclaimer on bukan ajakan jual beli silakan analisa pribadi lebih dalam.",2025-12-11T21:43:17.000Z,https://www.threads.com/@luthfi_mocker/post/DSI4BxoE0PJ,IHSG,2026-05-05T17:10:21.540935
andrewbrian9989,"Cari kerja susah
Harga kebutuhan pokok naik
Gaji gak naik naik
Bisnis sepi
Dolar 17.300
Pemerintah sibuk ngurus embege
IHSG anjlok
Gerbong laki laki ditaroh paling belakang
Gini amat nasib jadi WNI",2026-04-29T05:27:25.000Z,https://www.threads.com/@andrewbrian9989/post/DXtC12RiTOU,IHSG,2026-05-05T17:10:21.771754
bimagalih6_,"Jadi, rupiah dipertahankan dulu meskipun pasar obligasi agak terabaikan. Lalu, apakah ini juga yang bikin pasar saham turun terus? Secara tidak langsung, iya. Hubungannya begini. Yield yang naik membuat opportunity cost pegang saham makin mahal. Capital outflow dari emerging market makin terasa karena US Treasury juga naik, dan wacana penerbitan SBN tambahan karena kebutuhan fiskal besar bikin obligasi makin kompetitif dibanding ekuitas.",2026-05-01T02:14:43.000Z,https://www.threads.com/@bimagalih6_/post/DXx2YMmEVTT,IHSG,2026-05-05T17:10:21.878903
bimagalih6_,"Aliran dana asing pun bergeser dari saham ke bonds atau malah keluar. Inilah salah satu alasan utama kenapa IHSG masih lesu. Logika intermarket-nya jelas: higher yields berarti pain for equities, apalagi saat ketidakpastian global masih tinggi. Katalis berikutnya ada di data inflasi April dan neraca dagang Maret. Kalau inflasi kembali naik atau surplus makin tipis, tekanan di pasar bisa makin kuat. Tetap waspada di tengah makro yang tricky. 🤝📊",2026-05-01T02:14:43.000Z,https://www.threads.com/@bimagalih6_/post/DXx2YNXkUyX,IHSG,2026-05-05T17:10:21.975448
astronacci,"#MarketMerahIngatAstronacci
Hari ini IHSG jebol -4%
Master Gema sudah memberikan outlooknya di video YouTube Astronacci pada 2 Maret 2026 lalu, yuk doakan bareng semoga outlooknya kejadian!",2026-03-04T04:29:18.000Z,https://www.threads.com/@astronacci/post/DVcvrRHkx0F,IHSG,2026-05-05T17:10:22.242687
stockholic.idn,"BWPT melesat +28,0%, LSIP terbang +34,8%, DSNG naik +36,6%, JARR menguat +37,0%, dan yang paling spektakuler TAPG melejit hingga +38,6%.
Saat banyak investor masih gamang, lima emiten sawit justru mencatatkan kenaikan gila-gilaan.
Cuanholic, di tengah IHSG yang masih berjuang untuk recovery pasca koreksi panjang, ada sektor yang bergerak tanpa banyak suara saham-saham kelapa sawit (CPO).",2026-04-02T14:40:07.000Z,https://www.threads.com/@stockholic.idn/post/DWogoUNj97O,IHSG,2026-05-05T17:10:25.095067
nectar_circle,IHSG merah Nectar kemana?,2026-02-20T05:24:47.000Z,https://www.threads.com/@nectar_circle/post/DU98fJGAe2-,IHSG,2026-05-05T17:10:25.342583
halalflow.id,"Absen dulu dong yg nyangkut 🙆‍♀️
IHSG merah, saham konglo kompak merah 🤣",2025-12-18T09:01:05.000Z,https://www.threads.com/@halalflow.id/post/DSZiXXSkZiF,IHSG,2026-05-05T17:10:25.471922
predict.addict,"IHSG
HIT BBCA",2026-01-28T06:43:59.000Z,https://www.threads.com/@predict.addict/post/DUC3RDjkl6t,IHSG,2026-05-05T17:10:25.583289
m._nur_rohman,"LK Q1 releaseeeeee,.......apakah 🚀 dengan koreksi yang sudah dalem banget 🌈",2026-04-29T16:25:13.000Z,https://www.threads.com/@m._nur_rohman/post/DXuOHs9kw5s,IHSG,2026-05-05T17:10:25.770532
daniel.tjeong,"*Estimation only (30T FFMC equivalent to 1% Weight to IHSG)
If minus 40% -> IHSG another minus 3,5%.
CUAN (1%)-> Most likely PSP udah nyerah karena FIF yg dihitung FIF periode sebelumnya. Jadi usaha crossing di Bulan ini ga dihitung oleh MSCI.
Likely:
GOTO (1%)-> Banyak Holding Corporate yg akan dihitung Non Freefloat. Di dalam Buffer range untuk overall market cap.
DELETE SECURITIES MSCI 12 May 2026
Most Likely: (*Weight to IHSG)
CPIN (1%)
AMRT (1%)
DSSA (2,5%)
BREN (2,5%)",2026-05-01T07:51:08.000Z,https://www.threads.com/@daniel.tjeong/post/DXyc4RcGVP8,IHSG,2026-05-05T17:10:26.661502
titimangsa90,To the moon ⭐🌝 🤣🤣,2026-04-23T18:13:16.000Z,https://www.threads.com/@titimangsa90/post/DXe9t2Hj8AT,IHSG,2026-05-05T17:10:26.959137
elshanumelzayn,Semoga gk breakdown,2026-03-06T05:07:16.000Z,https://www.threads.com/@elshanumelzayn/post/DVh9nCiE7lv,IHSG,2026-05-05T17:10:27.077622
vivikusuman,Tapi apakah mungkin bikin ATH baru,2026-04-24T05:03:25.000Z,https://www.threads.com/@vivikusuman/post/DXgIHrvmczD,IHSG,2026-05-05T17:10:27.185995
mmmunight.14,historical ihsg selalu bisa reaching ATH setelah crash. pertanyaannya memang selalu area bottom buat entry 🤷‍♂️,2026-04-24T05:18:30.000Z,https://www.threads.com/@mmmunight.14/post/DXgJ2N1AVtM,IHSG,2026-05-05T17:10:27.289619
irdhiansyahsiregar,"Harus ada indikator yang menyatakan Rapuh, bukan sekadar perasaan
irdhiansyahsiregar",2026-04-27T04:59:47.000Z,https://www.threads.com/@irdhiansyahsiregar/post/DXn2FvdCf61,IHSG,2026-05-05T17:10:31.418636
boge.ags,"Masih tanya indikator? Noh lihat IHSG, rupiah, pendidikan, daya beli, rencana anggaran, penggunaan anggaran, kepastian hukum. Alasannya selalu apa, alasannya faktor Luar. Justru karena faktor luar itu terlalu mudah mempengaruhi didalem. Artinya apa? RAPUH",2026-04-27T05:21:09.000Z,https://www.threads.com/@boge.ags/post/DXn4iR0kaWW,IHSG,2026-05-05T17:10:31.526213
edwina_meilani,"defisit anggaran melebar.
kepercayaan investor ke kondisi fiskal mulai goyah.
faktanya:
rupiah kita jatuh lebih dalam dibanding negara Asia lain. artinya? ada PR domestik yang belum beres.
well… ini bukan cuma soal perang di Timur Tengah. gue yakin lo juga sadar, masalahnya ada di dalam negeri kita sendiri.
apa sebenarnya yang terjadi dengan Indonesia?
rupiah terendah sepanjang masa. IHSG anjlok. saham-saham bank merah.",2026-04-25T00:00:14.000Z,https://www.threads.com/@edwina_meilani/post/DXiKOAYAvzO,IHSG,2026-05-05T17:10:31.702134
edwina_meilani,"bahkan di Jumat siang (setengah hari perdagangan aja),
BBCA sudah dijual Rp1,3 triliun.
23 April:
asing keluar dari pasar saham Indonesia hampir Rp1,4 triliun.
tapi realitanya?
artinya secara fundamental, rupiah kita seharusnya lebih kuat dari sekarang.
padahal, 10 April kemarin Bloomberg Intelligence bilang rupiah kita undervalued sekitar 8,4%. nilai wajarnya harusnya di Rp15.668/USD.
ini yang bikin rupiah & IHSG kita lebih rentan dibanding negara tetangga.",2026-04-25T00:00:34.000Z,https://www.threads.com/@edwina_meilani/post/DXiKQbIghAU,IHSG,2026-05-05T17:10:31.862775
algoresearch,"Selling pressure has intensified recently on the back of weakening currency (IDR), softening macro outlook amid rising oil prices, and tightening fiscal capacity as market is watching closely if the 3% budget deficit will be breached this year. 📊
This marks 4 consecutive months of decline🔻, with April 2026 performance down -1.3% MoM led by both conglomerate and fundamental stocks.
BREAKING: IHSG closed at 6,956, down -2.03% today to reach the lowest level since 9th July 2025. 📉",2026-04-30T09:12:55.000Z,https://www.threads.com/@algoresearch/post/DXwBca0k8a5,IHSG,2026-05-05T17:10:32.008592
offiziellned,"Jakarta, Indonesia
IHSG anjlok, Rupiah melemah, BEI Tumbang, OJK Reshuffle, BI Nepotisme, Program strategis dipegang TNI / POLRI, Realokasi dana pendidikan untuk MBG belum jelas outcome-nya. Terus kita menyalahkan asing ? 😃 Yang benar saja.",2026-03-16T05:06:15.000Z,https://www.threads.com/@offiziellned/post/DV7tcY1AOUr,IHSG,2026-05-05T17:10:32.133908
tradingnesia.id,"Klo ke depan:
- free float dibenahi
- likuiditas & governance membaik
Dannnnnn Indonesia justru bisa dapet positioning lebih sehat
Tujuan MSCI dsini cukup jelas yah:
- nurunin index turnover
- nurunin risiko investability
- kasih waktu buat perbaikan transparansi & free float
simple nya begini",2026-01-28T18:53:42.000Z,https://www.threads.com/@tradingnesia.id/post/DUEKxtYk9S6,IHSG,2026-05-05T17:10:32.334589
estivaniiii,"Klo ke depan:
- free float dibenahi
- likuiditas & governance membaik
Dannnnnn Indonesia justru bisa dapet positioning lebih sehat
Tujuan MSCI dsini cukup jelas yah:
- nurunin index turnover
- nurunin risiko investability
- kasih waktu buat perbaikan transparansi & free float",2026-01-28T03:54:31.000Z,https://www.threads.com/@estivaniiii/post/DUCj35MklYd,IHSG,2026-05-05T17:10:32.463819
andhikarioa,"Bakal rilis harian nanti tunggu aja 🤑🤑
Buat bikin justifikasi personal apakah hari ini masuk market atau wait and see.
Jadi kita bikin tools ini buat ngamatin upstream/narative yang beredar di latest hours.
Alasannya sederhana, tiap sebelum market open, gw paling males nebak2 ini market bakal ijo apa merah.
Berhubung kita trader, yang lagi gonjang ganjing ihsg duniawi, bikinlah tools ini.
Kita pakai screen: aktivitas global, market, ritel, dan index.
Ini project claude yang lain lagi 😂",2026-04-09T01:52:46.000Z,https://www.threads.com/@andhikarioa/post/DW5KYMMASFO,IHSG,2026-05-05T17:10:32.647620
bernad88,"Setelha mencapai target koreksi, waktu nya ihsg ganti kepala?",2026-01-12T09:35:34.000Z,https://www.threads.com/@bernad88/post/DTZ-LhaEoCo,IHSG,2026-05-05T17:10:32.764032
yannnrizz,"Isinya :
gob*l lu
Owner nya bangs*t
Ara kan ndar
ini saham yg bakal naik gw insider
Ayo cl ritel be*o gw mau serok (ss porto 5jt)
Sekarang agak shock setelah lama tidak buka
Dulu awal kenal stream stockbit saat masih berkerja sama dengan sekuritas sinarmas tahun 2020, vibes nya saat itu masih share-share hidden gem, teknikal analisis, dan komentar-komentar saat itu masih enak untuk di baca
Ini stream stockbit kenapa jadi gini sekarang? 😂",2026-02-05T01:15:20.000Z,https://www.threads.com/@yannnrizz/post/DUW4A-xEjrI,IHSG,2026-05-05T17:10:32.899369
tradingnesia.id,BSJP hari ini menarik juga 🤭 #ihsg #saham #bsjp,2025-10-22T02:29:21.000Z,https://www.threads.com/@tradingnesia.id/post/DQGEOUUEpEp,IHSG,2026-05-05T17:10:33.015643
stockwhisperer.id,"Saham-saham perbankan terpantau rontok seperti BMRI turun 0,40% menjadi Rp4.950, BBCA turun 0,93% menjadi Rp8.000, dan BBRI turun lebih dalam lagi 1,09% menjadi Rp3.620.
Indeks Harga Saham Gabungan (IHSG) ditutup melemah 0,92% ke level 8.620,48 pada akhir perdagangan Kamis (11/12/2025). Meski sempat dibuka pada level 8.764,09 dan menyentuh level tertingginya 8.776,97, IHSG juga mencapai level terendah di 8.560,10 hari ini.
stockwhisperer.id",2025-12-11T11:57:03.000Z,https://www.threads.com/@stockwhisperer.id/post/DSH07-9k8Rk,IHSG,2026-05-05T17:10:33.130616
_eddho,IHSG 2025 ditutup +22.51% Ytd yang merupakan pencapaian luar biasa. Adakah resolusi temen temen untuk IHSG 2026?,2026-01-01T10:00:34.000Z,https://www.threads.com/@_eddho/post/DS9sTSSDoC3,IHSG,2026-05-05T17:10:33.243595
nekerway,"Eh beneran pucuk sebelum IHSG dibanting kek gini.
Tanggal 14, 15, 16 saya full jualan. Feeling saya sudah ga enak.",2026-04-30T07:10:48.000Z,https://www.threads.com/@nekerway/post/DXvzeAxgfuG,IHSG,2026-05-05T17:10:33.595756
latifsme23,"Anomali banget, gwe reblance take profit di konglo - MSCI Play pindah ke sektor rill karena by makro liat liquiditas bertambah, lihat indeks penjualan rill, sentimen hari raya besar di Q4 2025, Q1 2026 harusnya naik signifikan, dan tiba tiba statment menkop bicara ngawur soal koperasi merah putih yang mau ngebatesin growth AMRT & DNET",2026-02-26T22:47:31.000Z,https://www.threads.com/@latifsme23/post/DVPQll2k9mG,IHSG,2026-05-05T17:10:34.138725
09_bangal,"#IHSG #BUMI #SahamIndonesia #SahamHariIni #SahamBatubara TradingSaham MarketMerah AnalisaSaham bangal analisasahambangal09
Sinyal kuat atau cuma jebakan?
Tapi BUMI justru melawan arah.
ENRG, ESSA, MEDC, BRMS, ANTM, ARCI ikut merah.
IHSG anjlok sekitar -2%, saham energi kompak turun…",2026-05-01T14:58:11.000Z,https://www.threads.com/@09_bangal/post/DXzNvz4k-zO,IHSG,2026-05-05T17:10:34.577671
iftahnuries,"Bagi saya ga rugi, masa utk negara sendiri merasa rugi, setidaknya saya bukan org yg menyebarluaskan berita DFK dan ujaran kebencian itu udah sumbangsih saya secara sukarela, jadi rakyat yg waras disituasi gini emg ga mudah. Menurut saya pekerjaan beliau saat ini sejalan dg apa2 yg beliau katakan saat pemilu, dan banyak program yg memang butuh perbaikan tapi gabisa tutup mata sama semua pencapaian yg beliau lakukan. Karena saya MELEK makanya saya bilang begini.",2026-04-14T15:47:19.000Z,https://www.threads.com/@iftahnuries/post/DXHh3BsiTud,IHSG,2026-05-05T17:10:34.692057
backtomyself.id,"Udah ga usah jauh2, masalah MBG gimana? Apbn defisit gimana? Utang menggunung gimana? Join board of peace gimana? Ihsg naik turun dan ilangnya kepercayaan investor gimana? Indo yg kalah industri ama vietnam gimana? Preman2 ormas2 merejalela yg buat pengusaha ogah invest di sini gimana? 19juta lapangan kerjaan gimana? Judol yg meresahkan gimana? MELEK MATAMU! Pendapatan buzzer ga sebanding buat rusak negara BLOG
Ohh gini ya narasinya, tinggal copy paste ya? Oke2 👍",2026-04-14T15:50:58.000Z,https://www.threads.com/@backtomyself.id/post/DXHiRv3kgyE,IHSG,2026-05-05T17:10:34.805899
jurnaltrader.id,"Semua Watchlist dan Portfolio kamu semoga lancar jaya ketarik naik. Happy cuan semua...
🤑🤑🤑
Besok IHSG zona HIJAU.",2026-02-18T15:57:04.000Z,https://www.threads.com/@jurnaltrader.id/post/DU57QRGkhKq,IHSG,2026-05-05T17:10:38.694585
ajaib_investasi,"#saham #investasi #stocks #wbsa #ihsg
Hari Jumat kemaren banyak berdukanya… udah WBSA suspend, IHSG juga lagi menangis 😔",2026-04-25T12:24:03.000Z,https://www.threads.com/@ajaib_investasi/post/DXjfVphAT9F,IHSG,2026-05-05T17:10:38.832990
christinstefaaa,"Wiii modal kita mirip2 kak, di angka 90an. Moga2 1 miliar pertama kita dari saham tembus tahun ini ya kakk. Semoga market kembali bullish dan IHSG bisa di 10.000++🙏😁",2026-04-11T06:32:58.000Z,https://www.threads.com/@christinstefaaa/post/DW-0CSpE2fh,IHSG,2026-05-05T17:10:39.086416
leo.wilkinsoon,"Kejadian trading halt IHSG ini udh sering terjadi, terakhir terjadi di maret, PTRO saat itu dari 4rb ke 2rb dalam beberapa hari. Minggu kmrin udh belasan ribu. Ga perlu panik. Kuatin mental aja, siapa tau besok lebih parah wkwkwk 🤪",2026-01-28T08:29:11.000Z,https://www.threads.com/@leo.wilkinsoon/post/DUDDTl0kvPQ,IHSG,2026-05-05T17:10:39.229395
ibnuato.illah,IHSG 7.100. buy or bye😅,2026-04-24T08:02:56.000Z,https://www.threads.com/@ibnuato.illah/post/DXgcqfdFE8t,IHSG,2026-05-05T17:10:39.824352
ega.fahrez,"IHSG rollercoaster! 🎢 Turun 7,34%, lalu naik 1,24%! 🚀 Saham Bumi dan BCA jadi sorotan. Siap-siap pantau terus ya! 👀💹 IHSG #Saham #Investasi #PasarModal #Trading",2026-02-11T02:00:12.000Z,https://www.threads.com/@ega.fahrez/post/DUmZ0B_CUmy,IHSG,2026-05-05T17:10:39.963334
dewamahesadirgantara,"5. Bid & Offer
Bid = antrean beli.
Offer = antrean jual.
Semakin tebal, makin rame yang minat.
4. Order Buy / Sell
Perintah buat beli atau jual saham di harga tertentu.
3. Lot
Satuan beli saham di Indonesia. 1 lot = 100 lembar.
2. Emiten
Perusahaan yang sahamnya diperdagangkan di bursa. Contoh: BBRI, TLKM, AMMN.
1. IHSG
Indeks yang ngasih gambaran naik turunnya seluruh saham di Indonesia. Kayak “nilai kesehatan” pasar.
Part 1 - Istilah Dasar Saham (Wajib Tahu)
dewamahesadirgantara",2025-11-17T00:44:52.000Z,https://www.threads.com/@dewamahesadirgantara/post/DRI072EkrYW,IHSG,2026-05-05T17:10:40.462943
bobby__ricardo,"Just Keep Buying
Too many good businesses are being sold like trash on the Indonesian stock exchange.
Porto saya ""minus"" setara 2-3 tahun dividen (proj.). Bodoh kalau saya panic selling dan overreacted.",2026-04-24T07:55:07.000Z,https://www.threads.com/@bobby__ricardo/post/DXgbxRjkQyl,IHSG,2026-05-05T17:10:40.609414
yudhaniagara,"Cuaca sendu, market runtuh 🥲",2026-01-23T02:12:14.000Z,https://www.threads.com/@yudhaniagara/post/DT1f-TsE0ij,IHSG,2026-05-05T17:10:40.907360
kokoteknikal,"Bottom dimana? Gak perlu tebak2an yang penting harus siap ketika market reversal.
IHSG cukup jelas chartnya, sudah patah uptrend dan sudah retest (Dead Cat Bounce) lalu lanjut turun dengan downtrend EMA10.",2026-04-01T01:40:50.000Z,https://www.threads.com/@kokoteknikal/post/DWkipyxieRQ,IHSG,2026-05-05T17:10:46.205523
egii_ibrashevaaa,"High leverage ke harga emas & copper, Banyak proyek → story growth kuat Tapi earnings fluktuatif 👉 Karakter: Cocok untuk trading momentum Risk tinggi, reward tinggi 2. PT Bumi Resources Minerals Tbk Lagi fase produksi naik (turnaround story), Earnings mulai meningkat, 👉 Karakter: Speculative gold play, Biasanya gerak agresif saat sentimen emas naik *3 . Mid–Small Cap (biasanya paling “liar” saat emas rally)* Ini sering jadi hidden gem saat market turun tapi emas naik: PT Archi Indonesia Tbk
egii_ibrashevaaa",2026-04-24T09:37:53.000Z,https://www.threads.com/@egii_ibrashevaaa/post/DXgnh8-kcnL,IHSG,2026-05-05T17:10:46.524919
egii_ibrashevaaa,"Pure gold producer Cadangan besar + produksi stabil 👉 Karakter: Lebih “pure gold exposure” Kurang hype dibanding MDKA/BRMS → kadang undervalued Insight Penting Saat Market Turun, Kenapa saham emas menarik? Emas = safe heaven global Saat suku bunga turun / fear naik → emas naik Otomatis saham emas ikut terdorong. *Strategi* Kalau IHSG lagi turun, biasanya skenario begini : ✅ Fase awal turun ANTM & AMMN lebih kuat (defensive) ✅ Fase panic / fear tinggi Emas rally → BRMS, MDKA, PSAB mulai “lari”
egii_ibrashevaaa",2026-04-24T09:37:53.000Z,https://www.threads.com/@egii_ibrashevaaa/post/DXgnh9kkTNF,IHSG,2026-05-05T17:10:46.622432
skinnyjackfruit,"Dibalik klaim pemerintah yang selalu memainkan narasi ""sukses"" dan ""baik baik saja"", ternyata global institution melihatnya justru berbeda
Setelah kemarin country's outlook direvisi jadi negative, hari ini keluar berita baru. Yup, outlook 5 big banks kita juga kena hajar 😅",2026-02-06T12:34:16.000Z,https://www.threads.com/@skinnyjackfruit/post/DUaqgbEkqzm,IHSG,2026-05-05T17:10:46.743862
alffkmlaaa,stabil kah kak?,2026-04-27T06:40:54.000Z,https://www.threads.com/@alffkmlaaa/post/DXoBqXkD5GA,IHSG,2026-05-05T17:10:46.838039
pictzuyu,"Reksadana yg kuambil sejauh ini rata2 diatas 4% sih kak. Kecuali tahun ini, karena ihsg ancur awal tahun wkwk",2026-04-27T07:26:42.000Z,https://www.threads.com/@pictzuyu/post/DXoG50hD4Nd,IHSG,2026-05-05T17:10:46.931794
09_bangal,"#IHSG #SahamIndonesia #ShortsSaham #AnalisaSaham #TradingSaham MarketUpdate BUMI BRPT RAJA BelajarSaham
Komentar di bawah 👇
💬 Kamu tim mana:
A. Koreksi
B. Lanjut turun
C. Sideways
BUMI, BRPT, RAJA juga ikut melemah— masih wajar atau sudah warning?
👉 ini masih koreksi sehat
atau mulai masuk fase turun?
IHSG sudah turun 3 hari beruntun…",2026-04-17T13:28:51.000Z,https://www.threads.com/@09_bangal/post/DXPAZQ0Ea38,IHSG,2026-05-05T17:10:47.064569
rwbsn17,"Kalo orang ngebahas saham konglo khususnya PP, percayalah mereka itu at least pernah CL, atau kesel karena gak kedapatan cuan
Jujur dan netral aja, banyak retail unyu"" sering koar"" kyk yg paling jago teknikal/fundamental di saat konglo digoyang itu benernya cuma cari waktu entry aja kok",2026-04-06T08:15:56.000Z,https://www.threads.com/@rwbsn17/post/DWyH2AYlLfe,IHSG,2026-05-05T17:10:47.147598
frendliang,"waktu IHSG sideways dan junam, saham PP malah perform dan ngangkat IHSG sampai bullrun
masa skrg IHSG junam lu bikin seakan-akan semua saham pak PP penyebabnya
not a fanatic
not also a hater of pak PP
be wise dan adult gak sih
setiap momen ada waktunya
setiap waktu ada momennya
dalihnya sih niat edukasi ya 🤣 tapi lama-lama kaya minta validasi. dia jg post terus tuh PP biar dapet traffic",2026-04-06T08:25:18.000Z,https://www.threads.com/@frendliang/post/DWyI6pODhX1,IHSG,2026-05-05T17:10:47.268355
munaray_79,"5 votes · Poll ended
Whats your opinion about market IHSG today
Crash or opportunity ?",2026-01-28T07:35:23.000Z,https://www.threads.com/@munaray_79/post/DUC9Jh8E-SO,IHSG,2026-05-05T17:10:47.507373
beginnersluck_id,":
Untuk skenario nya karna ada sell off dia akan ke 8118 ya tunggu di situ berati baru mulai melakukan trade lagi.
beginnersluck_id
Bisa mulai cicil pelan pelan untuk emiten pilihan temen temen.
Pergerakan indeks kita harus nya ada reversal jika mampu close di atas 8259.
Tepat ada pantulan di area Yaang saya tandai.
beginnersluck_id",2026-02-27T03:01:49.000Z,https://www.threads.com/@beginnersluck_id/post/DVPtsHticDC,IHSG,2026-05-05T17:10:47.947449
beginnersluck_id,":
Untuk skenario nya karna ada sell off dia akan ke 8118 ya tunggu di situ berati baru mulai melakukan trade lagi.
beginnersluck_id",2026-02-26T07:44:05.000Z,https://www.threads.com/@beginnersluck_id/post/DVNpMmZiZrT,IHSG,2026-05-05T17:10:48.070663
kokoteknikal,"Kalau kuat artinya downtrend selesai dalam jangka pendek 🚀🚀🚀
Hari ini IHSG so far berhasil main di atas EMA10.",2026-04-08T07:01:50.000Z,https://www.threads.com/@kokoteknikal/post/DW3I9DTiVSO,IHSG,2026-05-05T17:10:48.227585
sisagittarius_,Faktor cuaca apa yaa males nanjak doii😮‍💨,2025-10-17T05:14:14.000Z,https://www.threads.com/@sisagittarius_/post/DP5fHlFEYMC,IHSG,2026-05-05T17:10:48.716627
anggitanrni,Atur ajalahh ihsg,2026-03-30T02:10:26.000Z,https://www.threads.com/@anggitanrni/post/DWfcc5nGWHP,IHSG,2026-05-05T17:10:49.033610
danisetiawan.rsa,"Sejarah Chart Weekly IHSG sejak 1991-2025
danisetiawan.rsa",2025-12-19T04:20:39.000Z,https://www.threads.com/@danisetiawan.rsa/post/DSbnEOwkmS6,IHSG,2026-05-05T17:10:52.092329
aldieysh,"jangan lupa mampir ke profil🎯
$INDO $CINT $BIPI
tolong cari harga low nya dan cek lagi
cuma kita adain BSJP pasang SL ya 3% dari harga kita buy
IHSG kurang menarik",2025-11-21T08:31:22.000Z,https://www.threads.com/@aldieysh/post/DRT9gCKE0cO,IHSG,2026-05-05T17:10:52.239046
hengky.lim.9,"setelah kemarin gagal bertahan di atas resistance 8.408 , iHSG berpeluang mengalami koreksi minor ke area 8.170 dan skenario terburuk nya IHSG droo hingga area 7.900 lalu kembali rebound di area support kuat nya, jadi pastikan selalu untuk perhatikan area2 tsb, krn market bbrpa waktu ke depan akan bergerak cukup lebar range nya ketika drop dan naik pun jg sama, manfaatkan peluru untuk buy on support area 😎
Update 25 Februari 26",2026-02-25T00:18:32.000Z,https://www.threads.com/@hengky.lim.9/post/DVKRaYmkiJp,IHSG,2026-05-05T17:10:52.396607
kontan.vibes,"IHSG Anjlok 3,38% ke 7.129 Hari Ini (24/4), DSSA dan Grup Barito Jadi Top Losers LQ45",2026-04-24T10:59:48.000Z,https://www.threads.com/@kontan.vibes/post/DXgw55nE13p,IHSG,2026-05-05T17:10:52.499786
samuelariton,"wait n see.
jangan lupa do your own research.
tgl 28 April 2026
#bbca #stockbit #ihsg",2026-04-28T03:04:05.000Z,https://www.threads.com/@samuelariton/post/DXqNpKJGWYH,IHSG,2026-05-05T17:10:52.604520
princesssmayamulia,"Halt juga ini ihsg
princesssmayamulia",2026-01-28T06:45:22.000Z,https://www.threads.com/@princesssmayamulia/post/DUC3bKIkdF-,IHSG,2026-05-05T17:10:52.720261
sarasanisa,IHSG tadi mati lampu gaes🙃,2026-01-12T08:57:02.000Z,https://www.threads.com/@sarasanisa/post/DTZ5xlSkelo,IHSG,2026-05-05T17:10:52.817918
sobatporto,"Patokan IHSG Rebound :
• Harga Oil mulai stabil <$80
• Mempertahankan status Emerging Marketnya pada saat MSCI nanti.
Kemarin sempat kita bahas juga Gap Point yang tidak bisa di “iya” kan oleh US. Ternyata berujung negosiasi gagal dan harga oil kembali meroket >$105.
Satuan angkatan laut Amerika akan memblokade selat Hormuz, hasil akhir dari buntutnya negosiasi antara US dan Iran.
Update Market 13 April 2026",2026-04-13T01:34:27.000Z,https://www.threads.com/@sobatporto/post/DXDbdoTE-Aj,IHSG,2026-05-05T17:10:52.957576
isllahdiri,"8 votes · Poll ended
IHSG hari ini",2026-04-24T01:55:53.000Z,https://www.threads.com/@isllahdiri/post/DXfyqMgAT8t,IHSG,2026-05-05T17:10:56.070738
gadisrafidha,"Guyss harga emas anjlok bgt kah hari ini?? Pada beli ga? Takot makin turun harganya, ga tenang deh gegara ada yg bilang emas bisa balik ke 1,5jt/gram, nggak kan?? Yakannn???",2026-04-30T13:43:35.000Z,https://www.threads.com/@gadisrafidha/post/DXwgaxgD3q2,IHSG,2026-05-05T17:10:56.187796
wina_kurniawati,"Enggak mbak gadis, klo narasi bodong kyk gitu diturut in, yg ada malah kejadian. Emng ada kok orang yg dgn sengaja bkin gaduh makin gaduh makin ambyar kitanya. Tenang, jgn percaya akun dgn nama gk jelas profil gk jelas. Bisa lihat di CNBC mbak lengkap mulai dr investasi sampe IHSG tiap hari update",2026-05-01T00:20:54.000Z,https://www.threads.com/@wina_kurniawati/post/DXxpWpbAX1I,IHSG,2026-05-05T17:10:56.287749
baypiero_,"Target return portofolio utama saya cuman 30% pertahun. Tapi alhamdulillah baru tanggal 9 Januari sudah growth 16.37% IHSG 3.35%.
Jangan lupa untuk terus belajar 😇
Sudah setengah perjalanan, semoga konsisten terus setiap tahunnya 🐉🔥",2026-01-09T11:50:24.000Z,https://www.threads.com/@baypiero_/post/DTSfOvNkir5,IHSG,2026-05-05T17:10:56.384869
stocksphoenix,"Bond issue RATU
@sucorsekuritas
@rita_efendy
raharja.energi
@bernardwijaya17
#SucorSekuritas #Investasi #SahamIndonesia #BeXpertWithSucor #ihsg
DYOR (Do Your Own Research) NFA (Not Financial Advice)
*Disclaimer On*",2026-02-23T09:18:37.000Z,https://www.threads.com/@stocksphoenix/post/DVGFoC9iTec,IHSG,2026-05-05T17:10:56.490767
tradingnesia.id,"#UMA
#SUSPENSI
#UNSUSPENSI
UNSUSPENSI:
(NZIA)
SUSPENSI:
(LION)
PENGUMUMAN 10 Februari 2026",2026-02-10T01:45:25.000Z,https://www.threads.com/@tradingnesia.id/post/DUjzbsdE8-O,IHSG,2026-05-05T17:11:00.851745
jurnaltrader.id,"Cermati saham under 100 yg abis diakumulasi foreign secara masiv bbrp waktu ini.
Besok senen IHSG ijo lagi.",2026-02-06T10:53:07.000Z,https://www.threads.com/@jurnaltrader.id/post/DUae7oakk5J,IHSG,2026-05-05T17:11:01.671337
suluah.id,"Ingat krisis global 2008. IHSG jatuh lebih dari 60%, rupiah melemah tajam. Tapi ekonomi Indonesia tetap tumbuh 6,1% (2008) dan 4,5% (2009). Dunia krisis, Indonesia tetap bertahan.",2026-04-25T11:10:16.000Z,https://www.threads.com/@suluah.id/post/DXjW5hrkhu4,IHSG,2026-05-05T17:11:01.795476
suluah.id,"Di situ kita belajar satu hal penting: saat situasi buruk, kita masuk mode survive, bukan mode menuntut keadaan harus tetap bagus.",2026-04-25T11:10:16.000Z,https://www.threads.com/@suluah.id/post/DXjW5gZkhWV,IHSG,2026-05-05T17:11:01.901109
banggitw,"double pressure.
harga naik (inflasi)
daya beli turun
Di saat yang sama:
➡️ bisnis melambat
➡️ perputaran uang seret
➡️ ekonomi ikut slow
Kalau orang nahan belanja:",2026-04-26T11:35:48.000Z,https://www.threads.com/@banggitw/post/DXl-nYaj-Z5,IHSG,2026-05-05T17:11:02.046268
banggitw,"Karena mereka dapet benefit dari USD kuat.
Biasanya:
saham ekspor
komoditas (COAL, CPO, dll)
Yang masih bisa “tahan”?
Kemarin aja udah keliatan…
big banks ikut anjlok.
saham perbankan
consumer goods
Yang paling kena biasanya:
➡️ IHSG ditekan
➡️ capital outflow
➡️ investor asing keluar
Biasanya kena lagi.",2026-04-26T11:35:48.000Z,https://www.threads.com/@banggitw/post/DXl-nY2Dy89,IHSG,2026-05-05T17:11:02.221471
tapangumbara,"Kira-kira kemana larinya liquditas?
Saham, Forex, Kripto dan Komoditas anjlok semua hari ini..",2026-01-29T16:21:44.000Z,https://www.threads.com/@tapangumbara/post/DUGeLgcEog2,IHSG,2026-05-05T17:11:02.331140
anggi.afriani,"Saya sudah apply via Jobstreet/ Linkedin berbagai jenis loker yang sekiranya mirip dengan background saya, namun hasilnya masih nihil. Tahun lalu saya mengambil bootcamp Excel dan ingin sekali mencoba pekerjaan Remote sbg Data Entry, namun rasanya juga masih kurang percaya diri.",2026-04-23T19:20:43.000Z,https://www.threads.com/@anggi.afriani/post/DXfFb6FE-pt,IHSG,2026-05-05T17:11:02.552869
anggi.afriani,"Awalnya saya juga berniat jualan cheesecake secara online, namun suami bilang bahwa fasilitas perusahaan tidak bisa digunakan untuk usaha. Alhasil, mostly kegiatan saya yaitu melakukan pekerjaan rumah dan memantau IHSG untuk swing trade. Jujur, saya bingung menyikapi situasi saya saat ini karena rasanya semua menggantung.",2026-04-23T19:20:43.000Z,https://www.threads.com/@anggi.afriani/post/DXfFb8sEy61,IHSG,2026-05-05T17:11:02.662752
bobbyanggaras,"Inget ini!!!
Ilmu dasar sebelum masuk market itu memahami profil resiko & psikologi diri sendiri!
Padahal momentum IHSG crash gini itu momentum yg pas buat profit bagger & momentum ini sngat jrang trjadi
Padahal yang bener itu beli pas turun, jual pas naik. Sesimple itu. Tapi ya gimana lah yaa, emang mentalnya mental pengen cepat kaya tanpa resiko jadinya ya taunya beli pas market ijo aja
“Market turun jual, market naik beli”
Pelajaran yg gak prnah khatam oleh para investor pemula di bursa",2026-01-29T04:59:51.000Z,https://www.threads.com/@bobbyanggaras/post/DUFQJNEksyn,IHSG,2026-05-05T17:11:05.916055
taritali.indonesia,"Sumber : CNBC Indonesia
Intinya: IHSG menguat terbatas di awal pekan, tapi arah selanjutnya sangat dipengaruhi keputusan The Fed & dinamika geopolitik global
Pekan Krusial utk Pasar:
Investor menghadapi kombinasi sentimen besar sekaligus:
• Pelemahan dolar AS & risiko politik di Washington
• Isu independensi bank sentral kembali mencuat
• Keputusan suku bunga The Fed (Kamis, 29/1 dini hari)
Senin (26/1/2026), IHSG dibuka +0,19% ke 8.967,73
taritali.indonesia",2026-01-26T04:20:30.000Z,https://www.threads.com/@taritali.indonesia/post/DT9dQaDkZAu,IHSG,2026-05-05T17:11:06.048354
aagungrr,atur-atur ae dah darr😮‍💨,2026-04-20T05:22:22.000Z,https://www.threads.com/@aagungrr/post/DXV3HBQEyBs,IHSG,2026-05-05T17:11:06.180710
nanetfithia,pertama kalinya dlm hidup buka tabungan USD gegara liat rupiah dan ihsg dan obligasi kok kayaknya hopeless wkwk,2026-05-01T06:30:23.000Z,https://www.threads.com/@nanetfithia/post/DXyToy1Gjbd,IHSG,2026-05-05T17:11:06.281188
jagadnar,"mundur itu bukan kultur kita, apalagi barengan. Hmm.. apa krn emg trlalu ruwet atau tau bakal jadi scape goat?",2026-01-31T12:32:03.000Z,https://www.threads.com/@jagadnar/post/DULNfAuEpV7,IHSG,2026-05-05T17:11:06.384195
satryajaeger,"Dan ini sehat, gak ada ceritanya market itu naik terus, karena orang mau take profit, dan take profit massal menyebabkan market crash.
Setelah IHSG bullish berjilid-jilid sampai menyentuh 9.000, sekarang waktunya bearish. Wkwk",2026-01-28T04:13:26.000Z,https://www.threads.com/@satryajaeger/post/DUCmCaYgUkh,IHSG,2026-05-05T17:11:06.503426
erikopramana,"Go away and sell in may, apa kah ?",2026-04-27T13:55:45.000Z,https://www.threads.com/@erikopramana/post/DXozbQJFJa9,IHSG,2026-05-05T17:11:06.828459
yusufshid,"Dan perbedaan ini menentukan apakah kamu benar-benar SIAP PENSIUN atau hanya terlihat siap.
Saya membagi aset menjadi dua jenis:
1. Aset Akumulatif
2. Aset Generatif
Tapi soal STRUKTUR KEKAYAAN.
Bukan soal return.
Bukan soal timing.
Ada satu pembahasan yang menurut saya jauh lebih penting daripada soal IHSG, emas, atau Bitcoin.
ASET AKUMULATIF vs ASET GENERATIF",2026-02-13T01:00:07.000Z,https://www.threads.com/@yusufshid/post/DUrcog1ApCR,IHSG,2026-05-05T17:11:06.989411
radenorman,aman tel? wkwk,2026-01-28T06:21:37.000Z,https://www.threads.com/@radenorman/post/DUC0tPikgAk,IHSG,2026-05-05T17:11:07.099838
bahana_sekuritas,"#BahanaSekuritas #BahanaDXtrade #Investasi #Saham
Kalo kamu penasaran langsung simak pembahasan kita yaa🤩
Sebenarnya apa sih yang terjadi?🧐
IHSG anjlok, saham ARB bertebaran📉
bahana_sekuritas",2026-01-28T11:09:59.000Z,https://www.threads.com/@bahana_sekuritas/post/DUDVs9-E74o,IHSG,2026-05-05T17:11:07.235155
johan_sulianto,"Sepertinya harus hapus aplikasi dan baru di install ulang di imlek 3026...
Awalnya mengira bakal dapat Angpao Imlek tahun 2026. Naik hampir capai 9.200.",2026-01-29T01:25:29.000Z,https://www.threads.com/@johan_sulianto/post/DUE3nLakhJn,IHSG,2026-05-05T17:11:07.346439
pratiwiaryanti,Shock dikit tiba tiba ada notif match hahaha padahal ihsg lagi turun tapi FORE bisa araaaaa 🤣 Alhamdulillah lumayan bisa buat jajan kofey nya lageee 😚,2026-04-06T11:43:02.000Z,https://www.threads.com/@pratiwiaryanti/post/DWyfizsifjA,IHSG,2026-05-05T17:11:07.468352
fakhriarsy,"Berbenah lah
@idx_channel
kalian itu digaji pakai uang rakyat!
Hayo mau dibawa kemana ini? Kemarin happy IHSG Nembus 9,000 karna dipaksa kan? Kalau kek gini mau berbuat apalagi? Mau janji apalagi? Mau buat sistem apalagi?",2026-01-29T02:14:19.000Z,https://www.threads.com/@fakhriarsy/post/DUE9MzUk5Wj,IHSG,2026-05-05T17:11:07.579080
tris3050,"BREN sma DSSA kan market cap nya besar, kalau pada aksi jual ikut nyungsep IHSG",2026-04-24T13:52:40.000Z,https://www.threads.com/@tris3050/post/DXhEsFREgLF,IHSG,2026-05-05T17:11:07.689754
cadricad,"Today: IHSG performance is even worse and SGD has climbed up to 13.6k IDR. #DYOR
7 days later, 28/29 Jam IHSG crashed karena teguran MSCI. SGD was 13.1k IDR in late January.
Told my wife on 21 January (and, no we didn't do it karena kelupaan) 😅 to do a portfolio refresh",2026-04-26T03:00:08.000Z,https://www.threads.com/@cadricad/post/DXlDmhlEQL_,IHSG,2026-05-05T17:11:07.822211
indahade,"Kirain ipot lg eror 😣
Udh mantengin market dr jam 9, kok gk jalan? Ternyata beda jam dgn jakarta 🫩🤣",2026-04-06T01:02:29.000Z,https://www.threads.com/@indahade/post/DWxWPU9k3St,IHSG,2026-05-05T17:11:08.065906
mas_wito,Berharap IHSG ga nyungsep hari ini....,2026-04-06T01:14:49.000Z,https://www.threads.com/@mas_wito/post/DWxXprPDwPw,IHSG,2026-05-05T17:11:08.164532
arisasptia,"tips pdkt sama cowo artefak umur 35 ke atas dong, yg dibahas apaan yah? 😭🙏🏻",2026-04-30T06:51:19.000Z,https://www.threads.com/@arisasptia/post/DXvxPR5k1NW,IHSG,2026-05-05T17:11:08.267660
noviantoro_,IHSG yg luluh lantah,2026-04-30T10:04:59.000Z,https://www.threads.com/@noviantoro_/post/DXwHZqVEaMw,IHSG,2026-05-05T17:11:08.360496
dedy.syaputra,"Bursa Efek Indonesia (Indonesian Stock Exchange) Building, Jakarta
Source Referensi :
Main Saham untuk Karyawan kecil oleh M. Maksus Peter
-Untuk 13 ini masih saya cari referensinya, akan ditambahkan kemudian-
Pada awal nya ditetapkan nilai dasar 100
dan saham yang tercatat pada saat itu ada 13 saham.
Indeks ini mencakup pergerakan harga saham di BEJ (istilah sebelum BEI)
Diperkenalkan pertama kali 1 April 1983, dan Dasar untuk perhitungan IHSG dimulai tanggal 10 Agustus 1982
IHSG : Indeks Harga Saham Gabungan disebut juga sebagai Composite Index",2026-01-20T17:47:41.000Z,https://www.threads.com/@dedy.syaputra/post/DTvc3L_k6ac,IHSG,2026-05-05T17:11:11.373587
gaji.tigadigit,"Pagi gaes, 24 + 2 jam lagi menuju pembukaan ihsg. Pada mau haka ato haki nih?",2025-10-11T23:57:44.000Z,https://www.threads.com/@gaji.tigadigit/post/DPsC7FpEzoN,IHSG,2026-05-05T17:11:11.481842
ado_indonesia,"#AdoIndonesia
Langkah ini diambil karena adanya kekhawatiran terkait transparansi data free float dan akses pasar. Investor asing melakukan aksi jual masif pada saham-saham berkapitalisasi besar, terutama grup konglomerat, karena takut status pasar Indonesia turun kelas.
IHSG anjlok lagi, pemicu utamanya adalah keputusan MSCI yang memberlakukan interim freeze (pembekuan sementara) terhadap saham Indonesia dalam indeks global mereka.",2026-01-28T04:27:05.000Z,https://www.threads.com/@ado_indonesia/post/DUCnmY6E-a0,IHSG,2026-05-05T17:11:11.617574
lilyandriani,"spot jantung buka IHSG, BBCA 5975 banget ta ini, kmrin averagedown d harga 6600 merasa udah murah banget, tibatiba skrang 5975 🙂 menurut kalean gmn ni enaknya 😮‍💨",2026-04-27T14:50:51.000Z,https://www.threads.com/@lilyandriani/post/DXo5u3qD7zA,IHSG,2026-05-05T17:11:11.722421
berkahcuanbersamaa,"bit.ly/Dafta…
Lanjut sesi 2 ya, bagi yang mau ikutan segera merapat ya 👇
Mimin ambil 5% aja Alhamdulillah cuan 1,1 Juta.
IHSG merah, Alhamdulillah di Group VIP BCB masih bisa cuan dari saham LAND 10% ( Buy di 93 naik ke High 105 ).
berkahcuanbersamaa",2026-04-24T09:21:24.000Z,https://www.threads.com/@berkahcuanbersamaa/post/DXglpShk2UO,IHSG,2026-05-05T17:11:11.858794
ryo.kurniawan,Ath ke2 kok gak bagus ya pak 😅,2026-04-17T16:11:30.000Z,https://www.threads.com/@ryo.kurniawan/post/DXPTAwGGOsd,IHSG,2026-05-05T17:11:11.960441
dayoneinvesting.id,"Tenang, brother.. USDIDR sebentar lagi akan normalized, tanpa atau dengan intervensi dari Bank Indonesia. Tidak mengganggu roadmap IHSG yang akan ke 7.907-7.950
dayoneinvesting.id",2026-04-17T16:23:55.000Z,https://www.threads.com/@dayoneinvesting.id/post/DXPUbuKEg1G,IHSG,2026-05-05T17:11:12.061191
mawandwawan,"Sebagian besar “ilmu saham” yang kamu pegang…
mungkin justru bikin kamu miskin.
Teknik Terbaik Trading Saham? Mungkin Bukan Yang Selama Ini Kamu Percaya.",2026-02-06T08:18:16.000Z,https://www.threads.com/@mawandwawan/post/DUaNNeZk8hA,IHSG,2026-05-05T17:11:12.185116
smahdazahra,Udah tadi dan langsung aku belikan ADRO,2026-04-24T11:24:40.000Z,https://www.threads.com/@smahdazahra/post/DXgzwDODVYo,IHSG,2026-05-05T17:11:12.289256
saelsita,Lagi mengumpulkan dividen ya Bu... #IHSG,2026-04-25T03:57:55.000Z,https://www.threads.com/@saelsita/post/DXila5yEjD1,IHSG,2026-05-05T17:11:12.391780
thepitchbull,"Artinya apa?
• Market liat ruang negosiasi belum sepenuhnya tertutup.
• Lagian, puncak pesimisme perang juga udah lewat.
Jadi reaksinya gak selebay sebelumnya.
Sejak pagi, bursa-bursa Asia gak turun dalem. IHSG juga cuma koreksi sebentar. Sampe penutupan sore hari, penurunan bursa Asia dan indeks futures bursa AS gak sampe 1%.
Pertama: “NO DEAL YET”. bukan “THERE WILL BE NO DEAL”.",2026-04-13T11:10:27.000Z,https://www.threads.com/@thepitchbull/post/DXEdYUbGuet,IHSG,2026-05-05T17:11:12.519910
thepitchbull,"Saham konglo lanjut naik, artinya?
• Market makin optimis hasil pengumuman MSCI bakal positif, nyusul update FTSE kemaren.
• OJK sendiri bilang bakal ketemu MSCI minggu depan.
Kenaikan IHSG hari ini ditopang saham-saham konglo. Bluechip-nya sendiri pada turun.
Kedua: MSCI Play is Back?",2026-04-13T11:10:26.000Z,https://www.threads.com/@thepitchbull/post/DXEdYNXmqW7,IHSG,2026-05-05T17:11:12.639503
skinnyjackfruit,"Me? I am nobody. 18 years in the market and still learning. I went through many market crashes and survive 😎
Setelah msci crash kemarin, sebagian dari para badut itu tiba tiba sunyi. Entah lagi sibuk ngapain. Mungkin lagi mendekatkan diri pada Tuhan
Ketika ihsg bullish, selalu muncul finfluencer dadakan dengan segala jenis ilmu analisanya dan screenshot open porto / profit bertebaran dimana mana. Ada juga yg niat untuk capitalize the moment dengan sok nawarin stockpick dengan biaya tertentu.",2026-02-06T05:23:42.000Z,https://www.threads.com/@skinnyjackfruit/post/DUZ5O60Ecyc,IHSG,2026-05-05T17:11:15.766841
_smoment,"Betul koreksi wajar itu perlu wkwkwk tapi kalo ditambahin news aneh2, drama lagi IHSG🥲",2026-04-14T15:17:40.000Z,https://www.threads.com/@_smoment/post/DXHed5_k7QE,IHSG,2026-05-05T17:11:15.850762
ferylubis_,Udah mulai kuat IHSG. US Iran gagal mencapai kesepakatan ihsg malah stongggg. Tapi atap resist selanjutnya udah kelihatan hehe,2026-04-14T15:20:08.000Z,https://www.threads.com/@ferylubis_/post/DXHev-yD3-D,IHSG,2026-05-05T17:11:15.943560
thilalnafis,"Setelah baca beberapa berita soal aksi goreng-goreng saham, kok menarik ya. Yg diusut kasus lama, dengan kepemilikan si ""chef"" udh 0, bisa dibilang doi udh berhenti dari warung kaki lima. Ada juga ""chef"" bintang lima, tp nggak ada diungkit sama sekali soal masakannya. Atau belum ya?",2026-02-04T07:08:49.000Z,https://www.threads.com/@thilalnafis/post/DUU7rGVD7gK,IHSG,2026-05-05T17:11:16.035571
gheawangga,"Prabowo
Naik : 15.500
Sekarang : 17.000
% : melemah 9,7%
Jkw
Naik : 12.000/USD
Turun : 15.500
% : melemah 29 %
Fakta :
SBY
Naik : 8500/USD
Turun : 12.000/USD
% : melemah 41 %",2026-04-23T14:16:14.000Z,https://www.threads.com/@gheawangga/post/DXeilvvk7_-,IHSG,2026-05-05T17:11:16.158332
mohammadsyafik007,"Baik, sekarang bandingkan IHSG nya
mohammadsyafik007",2026-04-24T12:06:23.000Z,https://www.threads.com/@mohammadsyafik007/post/DXg4hmyktxF,IHSG,2026-05-05T17:11:16.236225
bellaalism,"YaAllah hari ini roller coaster bgt yaa IHSG, porto masih plus untungnya, tp ya plusnya tinggal sitik🥲",2026-03-04T15:26:20.000Z,https://www.threads.com/@bellaalism/post/DVd63c4kX1E,IHSG,2026-05-05T17:11:16.319439
mementomorileo,NICE THANK YOU PAK PP thank you IHSG,2026-04-14T11:24:34.000Z,https://www.threads.com/@mementomorileo/post/DXHDyqFmGuA,IHSG,2026-05-05T17:11:17.229837
hilmadistya,ihsg meraaah semua,2026-04-30T06:43:44.000Z,https://www.threads.com/@hilmadistya/post/DXvwXthGci9,IHSG,2026-05-05T17:11:17.326456
papaganbaa,"mari kita liburan, long weekend didepan mata, tutup segera stockbitmu kawan haahaha",2026-04-30T09:58:56.000Z,https://www.threads.com/@papaganbaa/post/DXwGta2kk9q,IHSG,2026-05-05T17:11:17.429196
koboystocksakademi,"Tunggu momentum terbaik
Hasil analisa Koboystocks
Bagi trader saham wait & see dulu..
Buat yg masih ada floating TP segera....
IHSG Bear Divergent
koboystocksakademi",2025-11-05T01:21:59.000Z,https://www.threads.com/@koboystocksakademi/post/DQp_pJEkgjD,IHSG,2026-05-05T17:11:21.123319
jagosahamindonesia,"Alias, sambil ngejar minyak… tetap siap transisi energi
Dan plot twist-nya:
Kerja sama ini gak cuma soal fosil.
Indonesia juga buka peluang kolaborasi energi bersih & teknologi baru.
jagosahamindonesia",2026-04-14T09:20:18.000Z,https://www.threads.com/@jagosahamindonesia/post/DXG1kcCiXSb,IHSG,2026-05-05T17:11:21.261194
teguhh_irawan,Tujuan dan intention postingan awal memang apa mas kalau boleh tau?,2026-04-06T21:10:31.000Z,https://www.threads.com/@teguhh_irawan/post/DWzgfN7k7DW,IHSG,2026-05-05T17:11:21.363043
febrilaarif,"Memantau movers IHSG, karena pergerakan grup prajogo jadi laggard utama sejak Januari. Tapi tiap post begitu selalu muncul orang2 seperti ini, biar sekalian jadi contoh barang.",2026-04-07T00:02:44.000Z,https://www.threads.com/@febrilaarif/post/DWz0MntE0PR,IHSG,2026-05-05T17:11:21.452067
virtual_cfo_online,"yang mau serok IHSG, jangan asal serok ya! terutama yang baru-baru aja main saham.
saya kasih tahapannya:
1. belajar akuntansi+matematika akuntansi
2. belajar analisa laporan keuangan
3. belajar logika rasio keuangan yg berkaitan dgn fundamental investasi
4. belajar fundamental makro, mikro & geopolitik
5. belajar chart & teknikal, kapan entry, kapan exit
6. selamat belajar!
virtual_cfo_online",2026-04-29T01:36:31.000Z,https://www.threads.com/@virtual_cfo_online/post/DXsoasRCVCw,IHSG,2026-05-05T17:11:21.583618
assianwhale,"IHSG sedang turun cukup dalam.
Sebagian orang melihat ini sebagai peluang investasi.
Sebagian lain mulai khawatir tentang kondisi ekonomi Indonesia.
Pertanyaannya:
apakah investasi saham masih worth it saat ini?",2026-03-09T17:59:08.000Z,https://www.threads.com/@assianwhale/post/DVrEVDRgafE,IHSG,2026-05-05T17:11:21.684673
retysetya,Kita hampir punya presiden yang peduli akan kualitas daycare di Indonesia 😭😭😭😭😭,2026-04-25T20:02:00.000Z,https://www.threads.com/@retysetya/post/DXkTv-gE0D4,IHSG,2026-05-05T17:11:21.796959
blomstlily,"yaampun komentarnyaaaa gemes bgt sampe nyangkut nyangkutin perang. itu perang juga jauh dari Indonesia, tp kita terdampak bgt lho. BBM non subsidi naik banget harganya, IHSG yang anjlok, bahkan sampai rupiah juga melemah. rupiah angka segini tuh posisi 98 lagi krismon lhooo. buset belain presiden udah kayak belain Nabi",2026-04-26T06:59:23.000Z,https://www.threads.com/@blomstlily/post/DXle-0oEd4_,IHSG,2026-05-05T17:11:21.889879
amira.della,"Kalau hapus app penasaran, kalau ga dihapus berasa mau ujian 😔. Mana kemarin belom sembuh dari efek trading halt🫠",2026-03-01T22:25:23.000Z,https://www.threads.com/@amira.della/post/DVW8cC6EyVi,IHSG,2026-05-05T17:11:22.116983
miftah.dn,Otw ihsg 6500,2026-04-12T13:09:27.000Z,https://www.threads.com/@miftah.dn/post/DXCGNAVk8j9,IHSG,2026-05-05T17:11:22.231953
ismurhadi_rizki,"#stock #saham #sahamsyariah #ihsg #investment
Live alert terkait update pasar dari mentor
@_michaelyeoh
🔥🔥🔥",2026-04-19T08:38:36.000Z,https://www.threads.com/@ismurhadi_rizki/post/DXToxPXD0TY,IHSG,2026-05-05T17:11:22.333673
suta.wuragil,"""Sebenernya Saya Lagi Coba - Coba... atau Investasi...""
Bukan lagi minus KECIL...
Tapi bikin mikir ulang :
Portofolio Lagi Merah?",2026-04-07T12:51:36.000Z,https://www.threads.com/@suta.wuragil/post/DW1ML3ogU5U,IHSG,2026-05-05T17:11:22.461649
suta.wuragil,"turun dikit,
banyak yang bilang koreksi sehat
IHSG 9000-an
terlihat masuk akal banget
Awal 2026, mungkin PD banget",2026-04-07T12:51:36.000Z,https://www.threads.com/@suta.wuragil/post/DW1ML8rgV3M,IHSG,2026-05-05T17:11:22.581639
enggi_me,"IHSG 2025
Q1 itu jelek, downtrend, geopolitik global panas, bottomnya itu di April Trump mengumumkan perang tarif, amburadul IHSG kena trading halt. Nah after dari itu IHSG dikerek terus 2 bulan tanpa koreksi sampai Mei. Biasanya ada istilah sell on may, kemudian after itu ditarik lagi ngejer HUT RI biar keliatan bagus pas Pidato Kenegaraan wkwk, ngerem ada demo makin jatuh, isi bensin, dikocok kocok, ditarik lagi, dikocok kocok ngga jelas dan di kerek pelan.",2026-01-22T15:03:18.000Z,https://www.threads.com/@enggi_me/post/DT0To55kqBS,IHSG,2026-05-05T17:11:22.682346
surya.setiadarma,"IHSG minggu ini sempat goyang… tapi mulai rebound.
Pertanyaannya:
👉 Ini awal kenaikan baru?
👉 Atau cuma bull trap sebelum turun lagi?
Save thread ini sebelum market buka!
IHSG Minggu Depan: Rebound Lanjut atau Bull Trap?
surya.setiadarma",2026-02-16T01:14:47.000Z,https://www.threads.com/@surya.setiadarma/post/DUzMsfwEtkQ,IHSG,2026-05-05T17:11:22.782427
yannnrizz,"“The only way to guarantee peace is by making the prospect of war seem hopeless” by Thomas Shelby
Pemotongan produksi ini bisa menaikkan harga batubara, dan tidak bisa di tolak oleh china untuk tidak membeli dari indonesia.
China tidak punya opsi untuk membeli batubara dari negara lain selain indonesia, kita unggul dari segi produksi, dan biaya transport
Kanda ini bukan hanya rapat-rapat saja tapi berhasil memaksa china.",2026-02-05T10:32:50.000Z,https://www.threads.com/@yannnrizz/post/DUX30Jtkm3D,IHSG,2026-05-05T17:11:23.026211
masih_como,"Rezim : ekonomi kita meroket sampe ke mars 🤣🤣🤣
IHSG mode brutal
Ambyar jiwa ragane",2026-03-31T06:47:20.000Z,https://www.threads.com/@masih_como/post/DWig73kkX_H,IHSG,2026-05-05T17:11:23.130831
kompascom,"~RK #IHSG #saham #koreksi
Baca selengkapnya: money.kompas.com/read…
IHSG dibuka menguat ke level 7.217 pada awal pekan, didorong dominasi saham yang naik. Namun, analis mengingatkan pasar masih rawan koreksi akibat tekanan eksternal.",2026-04-27T02:47:15.000Z,https://www.threads.com/@kompascom/post/DXnm7E2ga1C,IHSG,2026-05-05T17:11:24.279388
widipardiyawan,"Kita bayar Rp 17.130/USD buat perang orang lain.
Minyak naik → subsidi jebol → APBN defisit → Rupiah terjun → BI nggak bisa turunkan bunga → ekonomi melambat.
Indonesia = importir neto minyak.
→ ~1.000 drone Irak serang kilang Saudi
→ 2.000 kapal & 21 miliar liter minyak terjebak di Hormuz
→ Selat Hormuz sudah buka-tutup 3x dalam 50 hari
Yang bikin ini 10x lebih bahaya:",2026-04-22T13:00:26.000Z,https://www.threads.com/@widipardiyawan/post/DXb1Ht4FK3L,IHSG,2026-05-05T17:11:27.326441
widipardiyawan,"Yang defensif dari awal? Selamat.
Yang all-in IHSG?
Pola: komoditas & USD naik. IHSG & Rupiah hancur.
🟢 Emas → naik tajam
🟢 ADRO → +40,66%
🟢 RD Pasar Uang → +1,14%
🔴 IHSG → -11,71%
🔴 BUMI → -40,95%
🔴 Rupiah → rekor terendah
Siapa cuan, siapa nangis:",2026-04-22T13:00:26.000Z,https://www.threads.com/@widipardiyawan/post/DXb1HvxFACW,IHSG,2026-05-05T17:11:27.463393
juwonosugianto,"Disaat market sedang merah, disitulah peluang dan kita bisa masuk
Yuk serok pelan pelan
Kita pasti bisa
Bisa nangis 😂",2026-01-28T14:04:56.000Z,https://www.threads.com/@juwonosugianto/post/DUDpus-kqUd,IHSG,2026-05-05T17:11:28.212344
moekti77,"Hari ini IHSG turun 1,36% dan banyak banget saham big caps yang gap down.
Waspada kalo besok IHSG masih turun, kawal terus saham-saham kalian yang masih nyangkut di porto.
Selalu pasang auto TP dan CL untuk amankan profit atau modal kalian.
Ingat, IHSG masih ada gap di area 8960.",2026-01-21T15:10:52.000Z,https://www.threads.com/@moekti77/post/DTxvtaOk7dl,IHSG,2026-05-05T17:11:28.544289
ddewib,Trading halt?,2026-01-28T02:00:44.000Z,https://www.threads.com/@ddewib/post/DUCW2fqE3b-,IHSG,2026-05-05T17:11:28.640793
adelonnataa,"Situasi IHSG kita
Bikin gaya 69 🤭",2026-04-30T03:53:40.000Z,https://www.threads.com/@adelonnataa/post/DXvc6HejIwa,IHSG,2026-05-05T17:11:28.734185
ardhiraahh,"What theee 😱
Fix ihsg besok jebolll",2026-03-23T07:31:01.000Z,https://www.threads.com/@ardhiraahh/post/DWN_k0qibGw,IHSG,2026-05-05T17:11:29.022243
putriayu.t,"Aku duluan : menyalaaaaaa 🔥
Gimana porto kalian hari ini?",2026-03-04T14:55:14.000Z,https://www.threads.com/@putriayu.t/post/DVd3TsJkbbS,IHSG,2026-05-05T17:11:29.131143
saham_diskon,"Pikiran
Dompet
Kata kata",2026-04-12T12:21:33.000Z,https://www.threads.com/@saham_diskon/post/DXCAuOoCSXq,IHSG,2026-05-05T17:11:32.847436
xdonutz,Infokan saham diskon saat IHSG mulai rebound min,2026-04-12T23:50:49.000Z,https://www.threads.com/@xdonutz/post/DXDPmj8k9mo,IHSG,2026-05-05T17:11:32.942710
yogigautamayanas,"Halo para expert dan profesional sains ! Coba spill satu kebenaran atau fakta pahit dari bidang spesialisasi kalian yang sebenarnya publik perlu tahu, tapi jarang dibahas.
yogigautamayanas",2026-04-29T12:20:58.000Z,https://www.threads.com/@yogigautamayanas/post/DXtyKwYlKCP,IHSG,2026-05-05T17:11:33.306848
viviverlisya,"NO FINANCIAL ADVICE HERE!
Wins, losses, confusion — and everything in between
Post-COVID retail starting this thread to track my stock market journey.",2026-02-12T14:05:18.000Z,https://www.threads.com/@viviverlisya/post/DUqRsfikjKo,IHSG,2026-05-05T17:11:33.612427
jennyjusuf,"Selesai private langsung seger banget jiwa-raga sampe terharu WKWKWK. Akan kuhadapi MSCI dan Goldman Sachs tapi Pilates duluuu 🤡🤣
Ya Tuhan enak bangeeeeett Pilates waktu pikiran lagi butek gara-gara IHSG crash HAHAHA",2026-01-29T09:01:07.000Z,https://www.threads.com/@jennyjusuf/post/DUFrwXzkTig,IHSG,2026-05-05T17:11:33.710157
arhamhikam,"Tahun depan dia gabisa nyalahin SMI lagi karena arsiteknya adalah dia sendiri. Let see, apakah bisa dia capai growth 6% yg katanya gampang itu😇
Tinggal proyeksi pertumbuhan ekonomi Q4, dia bilang sangat easy untuk mencapai 5,4-5,5% kalau itu ga tercapai juga, hmm
- IHSG 8600 dari targetnya 9000
- Defisit APBN realisasi 2,9% dari target 2,7%
- Penerimaan Pajak 2100T dari target 2200T
- Pertumbuhan kredit masih rendah 8-12% pasca injeksi 270T ke Bank Himbara
Ke-PD an Purbaya yang tidak tercapai",2026-01-03T07:37:09.000Z,https://www.threads.com/@arhamhikam/post/DTClel_AV1Y,IHSG,2026-05-05T17:11:33.828686
tradingnesia.id,"#saham #ihsg #bursaefekindonesia #rightissue
Bursa bakal sibuk banget ini, ada emiten yang kamu hold? 🤔
8 EMITEN INI SIAP RIGHT ISSUE PERTENGAHAN TAHUN",2026-04-23T03:15:58.000Z,https://www.threads.com/@tradingnesia.id/post/DXdXB14D2iU,IHSG,2026-05-05T17:11:33.945852
susanasrihandayani,"Kalau dinas selalu di panggil pasien dokter
Pake baju di tulis gede2
Masih di panggil dokter
Mungkin Vibes2 pemegang saham IHSG nya kuat 😄 jadi di panggil dokter terus😅
susanasrihandayani",2025-12-11T00:55:07.000Z,https://www.threads.com/@susanasrihandayani/post/DSGpL6sk-e8,IHSG,2026-05-05T17:11:34.361571
indobagger,"#IHSG #PTPP #SahamPTPP #SahamIndonesia #SahamBUMN #SahamKonstruksi #Infrastruktur #BUMNKarya #KonsolidasiBUMN #IDX #BursaEfekIndonesia #InvestasiSaham #AnalisisSaham
PTPP tiba-tiba jadi sorotan di akhir 2025. Tapi sebelum ikut “cerita” saham PTPP, cek dulu hal yang benar-benar ngangkat harga secara berkelanjutan: progres konsolidasi BUMN Karya menuju Q1-2026, arah cashflow dan margin (bukan cuma omzet), pergerakan utang/leverage, sampai langkah portofolio seperti divestasi atau restrukturisasi.",2025-12-30T13:45:56.000Z,https://www.threads.com/@indobagger/post/DS48gFjkRoL,IHSG,2026-05-05T17:11:37.209977
johannesclinton_,"Mau nyerok jg bingung beli emiten apa 🤣
johannesclinton_",2026-01-28T05:53:23.000Z,https://www.threads.com/@johannesclinton_/post/DUCxecNEQ2_,IHSG,2026-05-05T17:11:37.601646
queennakey7,"Hahahaha. Sudah biasa tiba2 diajak kebakaran. Sans.
Market ga buka sehari aja.
Kalo bukan hari, ini mungkin besok, minggu depan, bulan depan, tahun depan.
Ahahahahahaha",2026-01-28T02:40:06.000Z,https://www.threads.com/@queennakey7/post/DUCbW1mjxUX,IHSG,2026-05-05T17:11:37.703642
bedrockcapital.id,"IHSG rebound pada maen dimana guys?
bedrockcapital.id",2026-02-03T03:14:10.000Z,https://www.threads.com/@bedrockcapital.id/post/DUR8Bj1Ewdj,IHSG,2026-05-05T17:11:37.804545
divideninvesting.id,"Jadi kaya semacam titik support
Kalo besok Rabu jam 14.00an IHSG turun lagi jadi ditandai nih....
divideninvesting.id",2026-01-13T08:02:46.000Z,https://www.threads.com/@divideninvesting.id/post/DTcYXAWElHY,IHSG,2026-05-05T17:11:37.918097
mang.amsi,"IHSG Hari Ini Ambruk -3,42%! Apa yang Terjadi?",2025-10-27T07:08:46.000Z,https://www.threads.com/@mang.amsi/post/DQTcLJ7ESQl,IHSG,2026-05-05T17:11:38.027636
kurnstd,"Buku yg sangat cocok dibaca value investor/ momentum trader. If, IHSG otw 30.000! Saham apa yg cocok utk long term? Komen.
Dari covernya, beruang & banteng, kita bisa sedikit menerka isinya. Selain dinamika ekonomi dari era 1776, great depression, hingga krisis 2008, jg terkait kebijakan makro ekonomi & kaitannya terhadap market (supply-demand).
Buku yang dibaca Pak Purbaya, karya Prof. Roger E.A. Farmer berjudul: “How the Economy Works: Confidence, Crashes, & Self-Fulfilling Prophecies”",2025-11-03T12:50:46.000Z,https://www.threads.com/@kurnstd/post/DQmE4OlkoX2,IHSG,2026-05-05T17:11:38.161431
dinadellyana,Sempet naik bentar IHSG lah turun lagi dong. Ada apa ya?,2026-01-29T08:12:02.000Z,https://www.threads.com/@dinadellyana/post/DUFmI38D_2H,IHSG,2026-05-05T17:11:38.250543
rifqiatt_,"Cr: Thanks Prof Jiang
Soon, apakah ceasefire dan IHSG rebound?
Alasan buat agresi semakin tipis
1. AS gagal picu kerusuhan dari dalam Iran
2. AS gagal untuk neken China dari penutupan selat Hormuz
3. AS mengeluarkan budget perang yang gak sebanding dengan Iran
4. Trump harus jaga inflasi, kalau enggak bahaya buat midterm election November
Perang atau setidaknya ketakutan perang sudah seharusnya mulai reda (semoga)",2026-03-04T14:53:19.000Z,https://www.threads.com/@rifqiatt_/post/DVd3FoRE4nP,IHSG,2026-05-05T17:11:38.392061
atlitsaham,"aduh.. plan penanggulanganya bingun...
tapi ini nyesek banget..
apa gara gara IRSX ku ya.. yang junam nya tiba tiba banget..
menurutku IHSG turunya sebenere biasa sih 3% doang..
nggak yang 8%..",2026-04-24T12:12:25.000Z,https://www.threads.com/@atlitsaham/post/DXg5NyDE0iL,IHSG,2026-05-05T17:11:38.498311
hengky.lim.9,"hari ini berhasil membuat GAP UP trendline resistance nya dengan di tutup mendekati resistance kuat di 7.712 & 7.918 , jika besok IHSG lanjut gaspoll maka kedua target resistance tersebut kemungkinan akan di capai, sebaliknya jika besok koreksi, maka IHSG berpotensi resting di atas area TRENDLINE RESISTANCE 7.527 sekaligus menutup GAP UP nya
Update 14 April 26",2026-04-14T12:32:26.000Z,https://www.threads.com/@hengky.lim.9/post/DXHLjniAaM4,IHSG,2026-05-05T17:11:38.644690
meddrdwn,"ihsg ijo monyet haka aja cuan
all green happy cuan
$SMRA $CTRA $DMAS",2026-01-14T09:24:10.000Z,https://www.threads.com/@meddrdwn/post/DTfGd_ck2zI,IHSG,2026-05-05T17:11:38.751951
kabarbursacom,"#ihsg #seroksaham #buynow
#purbayayudhisadewa #bei
“Yang ngerti, waktunya serok,” kata Purbaya.
Dirut BEI mundur, sentimen MSCI menekan—tapi bagi investor jeli, ini momen buy on weakness.
Pasar merah bukan selalu kabar buruk. Menkeu Purbaya menyebut anjloknya IHSG justru jadi peluang buat yang paham pasar.",2026-01-31T04:04:00.000Z,https://www.threads.com/@kabarbursacom/post/DUKTVqMkrqt,IHSG,2026-05-05T17:11:39.528817
tonnikho,"detikfinanceofficial
Mudah2an IHSG bisa ke 9000, bahkan 10000 🙏",2026-04-14T08:23:35.000Z,https://www.threads.com/@tonnikho/post/DXGvFFRkrKo,IHSG,2026-05-05T17:11:39.727910
imamairlangga,ihsg crash kenapa ni 🤯,2025-10-14T06:56:51.000Z,https://www.threads.com/@imamairlangga/post/DPx8ehAkXgn,IHSG,2026-05-05T17:11:39.837415
hamzaini5604,"Selamat Bagi Yang Cuan BRMS.
🛌🛌🛌 Tidur aja lah cari mimpi Yang lain Aja. 🤣😁🤣
Alamaaak eee, kok iso.
Aku Hanya Menatapi Saham BRMS waaak. 🤣🤣🤣🤣",2025-11-03T03:46:08.000Z,https://www.threads.com/@hamzaini5604/post/DQlGjPUEeP_,IHSG,2026-05-05T17:11:42.943154
_michaelyeoh,"#ihsg #purbaya #saham #stocks
Ambil lah itu sebagai cara mu melihat, then our eyes will be open
Energi never lies, mungkin org melihatnya sbgai keangkuhan, tapi dibalik itu, ada niat dan kepercayaan diri yg bersumber",2026-02-12T05:18:38.000Z,https://www.threads.com/@_michaelyeoh/post/DUpVbC4k-xb,IHSG,2026-05-05T17:11:43.071356
